onset	duration	nwb_table	train_duration	train_period	train_quantity	waveform_shape	run	pulse_duration	pulse_number	event_period	amplitude	contacts	contact_negative	contact_positive	polarity	notes	contact_negative_coord	contact_positive_coord
2669.2971333333335	4107.444866666667	epochs																
2669.2971333333335	2.0	trials	1.0	2.0	60.0	biphasic	0.0	100.0	1.0	10.0	-5.0	5r_12b	5.0	12.0	bipolar		[8428.0, 1138.0, 3303.0]	[8428.0, 1088.0, 3303.0]
2671.299273912713	2.0	trials	1.0	2.0	60.0	biphasic	0.0	100.0	1.0	10.0	-5.0	5r_12b	5.0	12.0	bipolar		[8428.0, 1138.0, 3303.0]	[8428.0, 1088.0, 3303.0]
2673.3011	2.0	trials	1.0	2.0	60.0	biphasic	0.0	100.0	1.0	10.0	-5.0	5r_12b	5.0	12.0	bipolar		[8428.0, 1138.0, 3303.0]	[8428.0, 1088.0, 3303.0]
2675.3031	2.0	trials	1.0	2.0	60.0	biphasic	0.0	100.0	1.0	10.0	-5.0	5r_12b	5.0	12.0	bipolar		[8428.0, 1138.0, 3303.0]	[8428.0, 1088.0, 3303.0]
2677.3052743037288	2.0	trials	1.0	2.0	60.0	biphasic	0.0	100.0	1.0	10.0	-5.0	5r_12b	5.0	12.0	bipolar		[8428.0, 1138.0, 3303.0]	[8428.0, 1088.0, 3303.0]
2679.3071	2.0	trials	1.0	2.0	60.0	biphasic	0.0	100.0	1.0	10.0	-5.0	5r_12b	5.0	12.0	bipolar		[8428.0, 1138.0, 3303.0]	[8428.0, 1088.0, 3303.0]
2681.3091	2.0	trials	1.0	2.0	60.0	biphasic	0.0	100.0	1.0	10.0	-5.0	5r_12b	5.0	12.0	bipolar		[8428.0, 1138.0, 3303.0]	[8428.0, 1088.0, 3303.0]
2683.3111	2.0	trials	1.0	2.0	60.0	biphasic	0.0	100.0	1.0	10.0	-5.0	5r_12b	5.0	12.0	bipolar		[8428.0, 1138.0, 3303.0]	[8428.0, 1088.0, 3303.0]
2685.3131	2.0	trials	1.0	2.0	60.0	biphasic	0.0	100.0	1.0	10.0	-5.0	5r_12b	5.0	12.0	bipolar		[8428.0, 1138.0, 3303.0]	[8428.0, 1088.0, 3303.0]
2687.3150666666666	2.0	trials	1.0	2.0	60.0	biphasic	0.0	100.0	1.0	10.0	-5.0	5r_12b	5.0	12.0	bipolar		[8428.0, 1138.0, 3303.0]	[8428.0, 1088.0, 3303.0]
2689.3170666666665	2.0	trials	1.0	2.0	60.0	biphasic	0.0	100.0	1.0	10.0	-5.0	5r_12b	5.0	12.0	bipolar		[8428.0, 1138.0, 3303.0]	[8428.0, 1088.0, 3303.0]
2691.318891450593	2.0	trials	1.0	2.0	60.0	biphasic	0.0	100.0	1.0	10.0	-5.0	5r_12b	5.0	12.0	bipolar		[8428.0, 1138.0, 3303.0]	[8428.0, 1088.0, 3303.0]
2693.321066666667	2.0	trials	1.0	2.0	60.0	biphasic	0.0	100.0	1.0	10.0	-5.0	5r_12b	5.0	12.0	bipolar		[8428.0, 1138.0, 3303.0]	[8428.0, 1088.0, 3303.0]
2695.323066666667	2.0	trials	1.0	2.0	60.0	biphasic	0.0	100.0	1.0	10.0	-5.0	5r_12b	5.0	12.0	bipolar		[8428.0, 1138.0, 3303.0]	[8428.0, 1088.0, 3303.0]
2697.3252422737787	2.0	trials	1.0	2.0	60.0	biphasic	0.0	100.0	1.0	10.0	-5.0	5r_12b	5.0	12.0	bipolar		[8428.0, 1138.0, 3303.0]	[8428.0, 1088.0, 3303.0]
2699.3270666666667	2.0	trials	1.0	2.0	60.0	biphasic	0.0	100.0	1.0	10.0	-5.0	5r_12b	5.0	12.0	bipolar		[8428.0, 1138.0, 3303.0]	[8428.0, 1088.0, 3303.0]
2701.3290666666667	2.0	trials	1.0	2.0	60.0	biphasic	0.0	100.0	1.0	10.0	-5.0	5r_12b	5.0	12.0	bipolar		[8428.0, 1138.0, 3303.0]	[8428.0, 1088.0, 3303.0]
2703.3312426647944	2.0	trials	1.0	2.0	60.0	biphasic	0.0	100.0	1.0	10.0	-5.0	5r_12b	5.0	12.0	bipolar		[8428.0, 1138.0, 3303.0]	[8428.0, 1088.0, 3303.0]
2705.332857204892	2.0	trials	1.0	2.0	60.0	biphasic	0.0	100.0	1.0	10.0	-5.0	5r_12b	5.0	12.0	bipolar		[8428.0, 1138.0, 3303.0]	[8428.0, 1088.0, 3303.0]
2707.3350333333333	2.0	trials	1.0	2.0	60.0	biphasic	0.0	100.0	1.0	10.0	-5.0	5r_12b	5.0	12.0	bipolar		[8428.0, 1138.0, 3303.0]	[8428.0, 1088.0, 3303.0]
2709.3370333333332	2.0	trials	1.0	2.0	60.0	biphasic	0.0	100.0	1.0	10.0	-5.0	5r_12b	5.0	12.0	bipolar		[8428.0, 1138.0, 3303.0]	[8428.0, 1088.0, 3303.0]
2711.3388568138766	2.0	trials	1.0	2.0	60.0	biphasic	0.0	100.0	1.0	10.0	-5.0	5r_12b	5.0	12.0	bipolar		[8428.0, 1138.0, 3303.0]	[8428.0, 1088.0, 3303.0]
2713.341033333333	2.0	trials	1.0	2.0	60.0	biphasic	0.0	100.0	1.0	10.0	-5.0	5r_12b	5.0	12.0	bipolar		[8428.0, 1138.0, 3303.0]	[8428.0, 1088.0, 3303.0]
2715.3430333333336	2.0	trials	1.0	2.0	60.0	biphasic	0.0	100.0	1.0	10.0	-5.0	5r_12b	5.0	12.0	bipolar		[8428.0, 1138.0, 3303.0]	[8428.0, 1088.0, 3303.0]
2717.3452102438287	2.0	trials	1.0	2.0	60.0	biphasic	0.0	100.0	1.0	10.0	-5.0	5r_12b	5.0	12.0	bipolar		[8428.0, 1138.0, 3303.0]	[8428.0, 1088.0, 3303.0]
2719.3470333333335	2.0	trials	1.0	2.0	60.0	biphasic	0.0	100.0	1.0	10.0	-5.0	5r_12b	5.0	12.0	bipolar		[8428.0, 1138.0, 3303.0]	[8428.0, 1088.0, 3303.0]
2721.349	2.0	trials	1.0	2.0	60.0	biphasic	0.0	100.0	1.0	10.0	-5.0	5r_12b	5.0	12.0	bipolar		[8428.0, 1138.0, 3303.0]	[8428.0, 1088.0, 3303.0]
2723.351	2.0	trials	1.0	2.0	60.0	biphasic	0.0	100.0	1.0	10.0	-5.0	5r_12b	5.0	12.0	bipolar		[8428.0, 1138.0, 3303.0]	[8428.0, 1088.0, 3303.0]
2725.353	2.0	trials	1.0	2.0	60.0	biphasic	0.0	100.0	1.0	10.0	-5.0	5r_12b	5.0	12.0	bipolar		[8428.0, 1138.0, 3303.0]	[8428.0, 1088.0, 3303.0]
2727.355	2.0	trials	1.0	2.0	60.0	biphasic	0.0	100.0	1.0	10.0	-5.0	5r_12b	5.0	12.0	bipolar		[8428.0, 1138.0, 3303.0]	[8428.0, 1088.0, 3303.0]
2729.357	2.0	trials	1.0	2.0	60.0	biphasic	0.0	100.0	1.0	10.0	-5.0	5r_12b	5.0	12.0	bipolar		[8428.0, 1138.0, 3303.0]	[8428.0, 1088.0, 3303.0]
2731.35882217716	2.0	trials	1.0	2.0	60.0	biphasic	0.0	100.0	1.0	10.0	-5.0	5r_12b	5.0	12.0	bipolar		[8428.0, 1138.0, 3303.0]	[8428.0, 1088.0, 3303.0]
2733.361	2.0	trials	1.0	2.0	60.0	biphasic	0.0	100.0	1.0	10.0	-5.0	5r_12b	5.0	12.0	bipolar		[8428.0, 1138.0, 3303.0]	[8428.0, 1088.0, 3303.0]
2735.363	2.0	trials	1.0	2.0	60.0	biphasic	0.0	100.0	1.0	10.0	-5.0	5r_12b	5.0	12.0	bipolar		[8428.0, 1138.0, 3303.0]	[8428.0, 1088.0, 3303.0]
2737.3648217861446	2.0	trials	1.0	2.0	60.0	biphasic	0.0	100.0	1.0	10.0	-5.0	5r_12b	5.0	12.0	bipolar		[8428.0, 1138.0, 3303.0]	[8428.0, 1088.0, 3303.0]
2739.3669666666665	2.0	trials	1.0	2.0	60.0	biphasic	0.0	100.0	1.0	10.0	-5.0	5r_12b	5.0	12.0	bipolar		[8428.0, 1138.0, 3303.0]	[8428.0, 1088.0, 3303.0]
2741.368966666667	2.0	trials	1.0	2.0	60.0	biphasic	0.0	100.0	1.0	10.0	-5.0	5r_12b	5.0	12.0	bipolar		[8428.0, 1138.0, 3303.0]	[8428.0, 1088.0, 3303.0]
2743.371145271559	2.0	trials	1.0	2.0	60.0	biphasic	0.0	100.0	1.0	10.0	-5.0	5r_12b	5.0	12.0	bipolar		[8428.0, 1138.0, 3303.0]	[8428.0, 1088.0, 3303.0]
2745.372966666667	2.0	trials	1.0	2.0	60.0	biphasic	0.0	100.0	1.0	10.0	-5.0	5r_12b	5.0	12.0	bipolar		[8428.0, 1138.0, 3303.0]	[8428.0, 1088.0, 3303.0]
2747.3749666666668	2.0	trials	1.0	2.0	60.0	biphasic	0.0	100.0	1.0	10.0	-5.0	5r_12b	5.0	12.0	bipolar		[8428.0, 1138.0, 3303.0]	[8428.0, 1088.0, 3303.0]
2749.3771456625745	2.0	trials	1.0	2.0	60.0	biphasic	0.0	100.0	1.0	10.0	-5.0	5r_12b	5.0	12.0	bipolar		[8428.0, 1138.0, 3303.0]	[8428.0, 1088.0, 3303.0]
2751.3789666666667	2.0	trials	1.0	2.0	60.0	biphasic	0.0	100.0	1.0	10.0	-5.0	5r_12b	5.0	12.0	bipolar		[8428.0, 1138.0, 3303.0]	[8428.0, 1088.0, 3303.0]
2753.3809666666666	2.0	trials	1.0	2.0	60.0	biphasic	0.0	100.0	1.0	10.0	-5.0	5r_12b	5.0	12.0	bipolar		[8428.0, 1138.0, 3303.0]	[8428.0, 1088.0, 3303.0]
2755.3829333333333	2.0	trials	1.0	2.0	60.0	biphasic	0.0	100.0	1.0	10.0	-5.0	5r_12b	5.0	12.0	bipolar		[8428.0, 1138.0, 3303.0]	[8428.0, 1088.0, 3303.0]
2757.3847538160967	2.0	trials	1.0	2.0	60.0	biphasic	0.0	100.0	1.0	10.0	-5.0	5r_12b	5.0	12.0	bipolar		[8428.0, 1138.0, 3303.0]	[8428.0, 1088.0, 3303.0]
2759.386933333333	2.0	trials	1.0	2.0	60.0	biphasic	0.0	100.0	1.0	10.0	-5.0	5r_12b	5.0	12.0	bipolar		[8428.0, 1138.0, 3303.0]	[8428.0, 1088.0, 3303.0]
2761.388933333333	2.0	trials	1.0	2.0	60.0	biphasic	0.0	100.0	1.0	10.0	-5.0	5r_12b	5.0	12.0	bipolar		[8428.0, 1138.0, 3303.0]	[8428.0, 1088.0, 3303.0]
2763.390753425081	2.0	trials	1.0	2.0	60.0	biphasic	0.0	100.0	1.0	10.0	-5.0	5r_12b	5.0	12.0	bipolar		[8428.0, 1138.0, 3303.0]	[8428.0, 1088.0, 3303.0]
2765.3929333333335	2.0	trials	1.0	2.0	60.0	biphasic	0.0	100.0	1.0	10.0	-5.0	5r_12b	5.0	12.0	bipolar		[8428.0, 1138.0, 3303.0]	[8428.0, 1088.0, 3303.0]
2767.3949333333335	2.0	trials	1.0	2.0	60.0	biphasic	0.0	100.0	1.0	10.0	-5.0	5r_12b	5.0	12.0	bipolar		[8428.0, 1138.0, 3303.0]	[8428.0, 1088.0, 3303.0]
2769.3971136326245	2.0	trials	1.0	2.0	60.0	biphasic	0.0	100.0	1.0	10.0	-5.0	5r_12b	5.0	12.0	bipolar		[8428.0, 1138.0, 3303.0]	[8428.0, 1088.0, 3303.0]
2771.3989333333334	2.0	trials	1.0	2.0	60.0	biphasic	0.0	100.0	1.0	10.0	-5.0	5r_12b	5.0	12.0	bipolar		[8428.0, 1138.0, 3303.0]	[8428.0, 1088.0, 3303.0]
2773.4009	2.0	trials	1.0	2.0	60.0	biphasic	0.0	100.0	1.0	10.0	-5.0	5r_12b	5.0	12.0	bipolar		[8428.0, 1138.0, 3303.0]	[8428.0, 1088.0, 3303.0]
2775.4029	2.0	trials	1.0	2.0	60.0	biphasic	0.0	100.0	1.0	10.0	-5.0	5r_12b	5.0	12.0	bipolar		[8428.0, 1138.0, 3303.0]	[8428.0, 1088.0, 3303.0]
2777.40471917938	2.0	trials	1.0	2.0	60.0	biphasic	0.0	100.0	1.0	10.0	-5.0	5r_12b	5.0	12.0	bipolar		[8428.0, 1138.0, 3303.0]	[8428.0, 1088.0, 3303.0]
2779.4069	2.0	trials	1.0	2.0	60.0	biphasic	0.0	100.0	1.0	10.0	-5.0	5r_12b	5.0	12.0	bipolar		[8428.0, 1138.0, 3303.0]	[8428.0, 1088.0, 3303.0]
2781.4089	2.0	trials	1.0	2.0	60.0	biphasic	0.0	100.0	1.0	10.0	-5.0	5r_12b	5.0	12.0	bipolar		[8428.0, 1138.0, 3303.0]	[8428.0, 1088.0, 3303.0]
2783.4107187883646	2.0	trials	1.0	2.0	60.0	biphasic	0.0	100.0	1.0	10.0	-5.0	5r_12b	5.0	12.0	bipolar		[8428.0, 1138.0, 3303.0]	[8428.0, 1088.0, 3303.0]
2785.4129	2.0	trials	1.0	2.0	60.0	biphasic	0.0	100.0	1.0	10.0	-5.0	5r_12b	5.0	12.0	bipolar		[8428.0, 1138.0, 3303.0]	[8428.0, 1088.0, 3303.0]
2787.4149	2.0	trials	1.0	2.0	60.0	biphasic	0.0	100.0	1.0	10.0	-5.0	5r_12b	5.0	12.0	bipolar		[8428.0, 1138.0, 3303.0]	[8428.0, 1088.0, 3303.0]
2861.2071333333333	2.0	trials	1.0	2.0	60.0	biphasic	1.0	100.0	1.0	10.0	5.0	5r_12b	5.0	12.0	bipolar		[8428.0, 1138.0, 3303.0]	[8428.0, 1088.0, 3303.0]
2863.2091333333333	2.0	trials	1.0	2.0	60.0	biphasic	1.0	100.0	1.0	10.0	5.0	5r_12b	5.0	12.0	bipolar		[8428.0, 1138.0, 3303.0]	[8428.0, 1088.0, 3303.0]
2865.2111333333332	2.0	trials	1.0	2.0	60.0	biphasic	1.0	100.0	1.0	10.0	5.0	5r_12b	5.0	12.0	bipolar		[8428.0, 1138.0, 3303.0]	[8428.0, 1088.0, 3303.0]
2867.212946665824	2.0	trials	1.0	2.0	60.0	biphasic	1.0	100.0	1.0	10.0	5.0	5r_12b	5.0	12.0	bipolar		[8428.0, 1138.0, 3303.0]	[8428.0, 1088.0, 3303.0]
2869.215133333333	2.0	trials	1.0	2.0	60.0	biphasic	1.0	100.0	1.0	10.0	5.0	5r_12b	5.0	12.0	bipolar		[8428.0, 1138.0, 3303.0]	[8428.0, 1088.0, 3303.0]
2871.2171	2.0	trials	1.0	2.0	60.0	biphasic	1.0	100.0	1.0	10.0	5.0	5r_12b	5.0	12.0	bipolar		[8428.0, 1138.0, 3303.0]	[8428.0, 1088.0, 3303.0]
2873.2192870585473	2.0	trials	1.0	2.0	60.0	biphasic	1.0	100.0	1.0	10.0	5.0	5r_12b	5.0	12.0	bipolar		[8428.0, 1138.0, 3303.0]	[8428.0, 1088.0, 3303.0]
2875.2211	2.0	trials	1.0	2.0	60.0	biphasic	1.0	100.0	1.0	10.0	5.0	5r_12b	5.0	12.0	bipolar		[8428.0, 1138.0, 3303.0]	[8428.0, 1088.0, 3303.0]
2877.2231	2.0	trials	1.0	2.0	60.0	biphasic	1.0	100.0	1.0	10.0	5.0	5r_12b	5.0	12.0	bipolar		[8428.0, 1138.0, 3303.0]	[8428.0, 1088.0, 3303.0]
2879.2251	2.0	trials	1.0	2.0	60.0	biphasic	1.0	100.0	1.0	10.0	5.0	5r_12b	5.0	12.0	bipolar		[8428.0, 1138.0, 3303.0]	[8428.0, 1088.0, 3303.0]
2881.2271	2.0	trials	1.0	2.0	60.0	biphasic	1.0	100.0	1.0	10.0	5.0	5r_12b	5.0	12.0	bipolar		[8428.0, 1138.0, 3303.0]	[8428.0, 1088.0, 3303.0]
2883.2291	2.0	trials	1.0	2.0	60.0	biphasic	1.0	100.0	1.0	10.0	5.0	5r_12b	5.0	12.0	bipolar		[8428.0, 1138.0, 3303.0]	[8428.0, 1088.0, 3303.0]
2885.2311	2.0	trials	1.0	2.0	60.0	biphasic	1.0	100.0	1.0	10.0	5.0	5r_12b	5.0	12.0	bipolar		[8428.0, 1138.0, 3303.0]	[8428.0, 1088.0, 3303.0]
2887.2329120291074	2.0	trials	1.0	2.0	60.0	biphasic	1.0	100.0	1.0	10.0	5.0	5r_12b	5.0	12.0	bipolar		[8428.0, 1138.0, 3303.0]	[8428.0, 1088.0, 3303.0]
2889.2350666666666	2.0	trials	1.0	2.0	60.0	biphasic	1.0	100.0	1.0	10.0	5.0	5r_12b	5.0	12.0	bipolar		[8428.0, 1138.0, 3303.0]	[8428.0, 1088.0, 3303.0]
2891.2370666666666	2.0	trials	1.0	2.0	60.0	biphasic	1.0	100.0	1.0	10.0	5.0	5r_12b	5.0	12.0	bipolar		[8428.0, 1138.0, 3303.0]	[8428.0, 1088.0, 3303.0]
2893.239255028597	2.0	trials	1.0	2.0	60.0	biphasic	1.0	100.0	1.0	10.0	5.0	5r_12b	5.0	12.0	bipolar		[8428.0, 1138.0, 3303.0]	[8428.0, 1088.0, 3303.0]
2895.2410666666665	2.0	trials	1.0	2.0	60.0	biphasic	1.0	100.0	1.0	10.0	5.0	5r_12b	5.0	12.0	bipolar		[8428.0, 1138.0, 3303.0]	[8428.0, 1088.0, 3303.0]
2897.243066666667	2.0	trials	1.0	2.0	60.0	biphasic	1.0	100.0	1.0	10.0	5.0	5r_12b	5.0	12.0	bipolar		[8428.0, 1138.0, 3303.0]	[8428.0, 1088.0, 3303.0]
2899.245066666667	2.0	trials	1.0	2.0	60.0	biphasic	1.0	100.0	1.0	10.0	5.0	5r_12b	5.0	12.0	bipolar		[8428.0, 1138.0, 3303.0]	[8428.0, 1088.0, 3303.0]
2901.247066666667	2.0	trials	1.0	2.0	60.0	biphasic	1.0	100.0	1.0	10.0	5.0	5r_12b	5.0	12.0	bipolar		[8428.0, 1138.0, 3303.0]	[8428.0, 1088.0, 3303.0]
2903.2490666666667	2.0	trials	1.0	2.0	60.0	biphasic	1.0	100.0	1.0	10.0	5.0	5r_12b	5.0	12.0	bipolar		[8428.0, 1138.0, 3303.0]	[8428.0, 1088.0, 3303.0]
2905.2510666666667	2.0	trials	1.0	2.0	60.0	biphasic	1.0	100.0	1.0	10.0	5.0	5r_12b	5.0	12.0	bipolar		[8428.0, 1138.0, 3303.0]	[8428.0, 1088.0, 3303.0]
2907.2528440590595	2.0	trials	1.0	2.0	60.0	biphasic	1.0	100.0	1.0	10.0	5.0	5r_12b	5.0	12.0	bipolar		[8428.0, 1138.0, 3303.0]	[8428.0, 1088.0, 3303.0]
2909.2550333333334	2.0	trials	1.0	2.0	60.0	biphasic	1.0	100.0	1.0	10.0	5.0	5r_12b	5.0	12.0	bipolar		[8428.0, 1138.0, 3303.0]	[8428.0, 1088.0, 3303.0]
2911.2570333333333	2.0	trials	1.0	2.0	60.0	biphasic	1.0	100.0	1.0	10.0	5.0	5r_12b	5.0	12.0	bipolar		[8428.0, 1138.0, 3303.0]	[8428.0, 1088.0, 3303.0]
2913.258843668044	2.0	trials	1.0	2.0	60.0	biphasic	1.0	100.0	1.0	10.0	5.0	5r_12b	5.0	12.0	bipolar		[8428.0, 1138.0, 3303.0]	[8428.0, 1088.0, 3303.0]
2915.261033333333	2.0	trials	1.0	2.0	60.0	biphasic	1.0	100.0	1.0	10.0	5.0	5r_12b	5.0	12.0	bipolar		[8428.0, 1138.0, 3303.0]	[8428.0, 1088.0, 3303.0]
2917.263033333333	2.0	trials	1.0	2.0	60.0	biphasic	1.0	100.0	1.0	10.0	5.0	5r_12b	5.0	12.0	bipolar		[8428.0, 1138.0, 3303.0]	[8428.0, 1088.0, 3303.0]
2919.265223389663	2.0	trials	1.0	2.0	60.0	biphasic	1.0	100.0	1.0	10.0	5.0	5r_12b	5.0	12.0	bipolar		[8428.0, 1138.0, 3303.0]	[8428.0, 1088.0, 3303.0]
2921.2670333333335	2.0	trials	1.0	2.0	60.0	biphasic	1.0	100.0	1.0	10.0	5.0	5r_12b	5.0	12.0	bipolar		[8428.0, 1138.0, 3303.0]	[8428.0, 1088.0, 3303.0]
2923.269	2.0	trials	1.0	2.0	60.0	biphasic	1.0	100.0	1.0	10.0	5.0	5r_12b	5.0	12.0	bipolar		[8428.0, 1138.0, 3303.0]	[8428.0, 1088.0, 3303.0]
2925.271	2.0	trials	1.0	2.0	60.0	biphasic	1.0	100.0	1.0	10.0	5.0	5r_12b	5.0	12.0	bipolar		[8428.0, 1138.0, 3303.0]	[8428.0, 1088.0, 3303.0]
2927.273	2.0	trials	1.0	2.0	60.0	biphasic	1.0	100.0	1.0	10.0	5.0	5r_12b	5.0	12.0	bipolar		[8428.0, 1138.0, 3303.0]	[8428.0, 1088.0, 3303.0]
2929.275	2.0	trials	1.0	2.0	60.0	biphasic	1.0	100.0	1.0	10.0	5.0	5r_12b	5.0	12.0	bipolar		[8428.0, 1138.0, 3303.0]	[8428.0, 1088.0, 3303.0]
2931.277	2.0	trials	1.0	2.0	60.0	biphasic	1.0	100.0	1.0	10.0	5.0	5r_12b	5.0	12.0	bipolar		[8428.0, 1138.0, 3303.0]	[8428.0, 1088.0, 3303.0]
2933.2788090313275	2.0	trials	1.0	2.0	60.0	biphasic	1.0	100.0	1.0	10.0	5.0	5r_12b	5.0	12.0	bipolar		[8428.0, 1138.0, 3303.0]	[8428.0, 1088.0, 3303.0]
2935.281	2.0	trials	1.0	2.0	60.0	biphasic	1.0	100.0	1.0	10.0	5.0	5r_12b	5.0	12.0	bipolar		[8428.0, 1138.0, 3303.0]	[8428.0, 1088.0, 3303.0]
2937.283	2.0	trials	1.0	2.0	60.0	biphasic	1.0	100.0	1.0	10.0	5.0	5r_12b	5.0	12.0	bipolar		[8428.0, 1138.0, 3303.0]	[8428.0, 1088.0, 3303.0]
2939.284808640312	2.0	trials	1.0	2.0	60.0	biphasic	1.0	100.0	1.0	10.0	5.0	5r_12b	5.0	12.0	bipolar		[8428.0, 1138.0, 3303.0]	[8428.0, 1088.0, 3303.0]
2941.2869666666666	2.0	trials	1.0	2.0	60.0	biphasic	1.0	100.0	1.0	10.0	5.0	5r_12b	5.0	12.0	bipolar		[8428.0, 1138.0, 3303.0]	[8428.0, 1088.0, 3303.0]
2943.2889666666665	2.0	trials	1.0	2.0	60.0	biphasic	1.0	100.0	1.0	10.0	5.0	5r_12b	5.0	12.0	bipolar		[8428.0, 1138.0, 3303.0]	[8428.0, 1088.0, 3303.0]
2945.291158417393	2.0	trials	1.0	2.0	60.0	biphasic	1.0	100.0	1.0	10.0	5.0	5r_12b	5.0	12.0	bipolar		[8428.0, 1138.0, 3303.0]	[8428.0, 1088.0, 3303.0]
2947.292966666667	2.0	trials	1.0	2.0	60.0	biphasic	1.0	100.0	1.0	10.0	5.0	5r_12b	5.0	12.0	bipolar		[8428.0, 1138.0, 3303.0]	[8428.0, 1088.0, 3303.0]
2949.294966666667	2.0	trials	1.0	2.0	60.0	biphasic	1.0	100.0	1.0	10.0	5.0	5r_12b	5.0	12.0	bipolar		[8428.0, 1138.0, 3303.0]	[8428.0, 1088.0, 3303.0]
2951.296966666667	2.0	trials	1.0	2.0	60.0	biphasic	1.0	100.0	1.0	10.0	5.0	5r_12b	5.0	12.0	bipolar		[8428.0, 1138.0, 3303.0]	[8428.0, 1088.0, 3303.0]
2953.2989666666667	2.0	trials	1.0	2.0	60.0	biphasic	1.0	100.0	1.0	10.0	5.0	5r_12b	5.0	12.0	bipolar		[8428.0, 1138.0, 3303.0]	[8428.0, 1088.0, 3303.0]
2955.3009666666667	2.0	trials	1.0	2.0	60.0	biphasic	1.0	100.0	1.0	10.0	5.0	5r_12b	5.0	12.0	bipolar		[8428.0, 1138.0, 3303.0]	[8428.0, 1088.0, 3303.0]
2957.3029666666666	2.0	trials	1.0	2.0	60.0	biphasic	1.0	100.0	1.0	10.0	5.0	5r_12b	5.0	12.0	bipolar		[8428.0, 1138.0, 3303.0]	[8428.0, 1088.0, 3303.0]
2959.3047406702644	2.0	trials	1.0	2.0	60.0	biphasic	1.0	100.0	1.0	10.0	5.0	5r_12b	5.0	12.0	bipolar		[8428.0, 1138.0, 3303.0]	[8428.0, 1088.0, 3303.0]
2961.3069333333333	2.0	trials	1.0	2.0	60.0	biphasic	1.0	100.0	1.0	10.0	5.0	5r_12b	5.0	12.0	bipolar		[8428.0, 1138.0, 3303.0]	[8428.0, 1088.0, 3303.0]
2963.3089333333332	2.0	trials	1.0	2.0	60.0	biphasic	1.0	100.0	1.0	10.0	5.0	5r_12b	5.0	12.0	bipolar		[8428.0, 1138.0, 3303.0]	[8428.0, 1088.0, 3303.0]
2965.311126387443	2.0	trials	1.0	2.0	60.0	biphasic	1.0	100.0	1.0	10.0	5.0	5r_12b	5.0	12.0	bipolar		[8428.0, 1138.0, 3303.0]	[8428.0, 1088.0, 3303.0]
2967.312933333333	2.0	trials	1.0	2.0	60.0	biphasic	1.0	100.0	1.0	10.0	5.0	5r_12b	5.0	12.0	bipolar		[8428.0, 1138.0, 3303.0]	[8428.0, 1088.0, 3303.0]
2969.3149333333336	2.0	trials	1.0	2.0	60.0	biphasic	1.0	100.0	1.0	10.0	5.0	5r_12b	5.0	12.0	bipolar		[8428.0, 1138.0, 3303.0]	[8428.0, 1088.0, 3303.0]
2971.3169333333335	2.0	trials	1.0	2.0	60.0	biphasic	1.0	100.0	1.0	10.0	5.0	5r_12b	5.0	12.0	bipolar		[8428.0, 1138.0, 3303.0]	[8428.0, 1088.0, 3303.0]
2973.3189333333335	2.0	trials	1.0	2.0	60.0	biphasic	1.0	100.0	1.0	10.0	5.0	5r_12b	5.0	12.0	bipolar		[8428.0, 1138.0, 3303.0]	[8428.0, 1088.0, 3303.0]
2975.3209333333334	2.0	trials	1.0	2.0	60.0	biphasic	1.0	100.0	1.0	10.0	5.0	5r_12b	5.0	12.0	bipolar		[8428.0, 1138.0, 3303.0]	[8428.0, 1088.0, 3303.0]
2977.3229	2.0	trials	1.0	2.0	60.0	biphasic	1.0	100.0	1.0	10.0	5.0	5r_12b	5.0	12.0	bipolar		[8428.0, 1138.0, 3303.0]	[8428.0, 1088.0, 3303.0]
2979.324706033548	2.0	trials	1.0	2.0	60.0	biphasic	1.0	100.0	1.0	10.0	5.0	5r_12b	5.0	12.0	bipolar		[8428.0, 1138.0, 3303.0]	[8428.0, 1088.0, 3303.0]
3035.9827333333333	2.0	trials	1.0	2.0	60.0	biphasic	2.0	100.0	1.0	10.0	-25.0	5r_12b	5.0	12.0	bipolar		[8428.0, 1138.0, 3303.0]	[8428.0, 1088.0, 3303.0]
3037.984733333333	2.0	trials	1.0	2.0	60.0	biphasic	2.0	100.0	1.0	10.0	-25.0	5r_12b	5.0	12.0	bipolar		[8428.0, 1138.0, 3303.0]	[8428.0, 1088.0, 3303.0]
3039.986535417543	2.0	trials	1.0	2.0	60.0	biphasic	2.0	100.0	1.0	10.0	-25.0	5r_12b	5.0	12.0	bipolar		[8428.0, 1138.0, 3303.0]	[8428.0, 1088.0, 3303.0]
3041.988733333333	2.0	trials	1.0	2.0	60.0	biphasic	2.0	100.0	1.0	10.0	-25.0	5r_12b	5.0	12.0	bipolar		[8428.0, 1138.0, 3303.0]	[8428.0, 1088.0, 3303.0]
3043.9907333333335	2.0	trials	1.0	2.0	60.0	biphasic	2.0	100.0	1.0	10.0	-25.0	5r_12b	5.0	12.0	bipolar		[8428.0, 1138.0, 3303.0]	[8428.0, 1088.0, 3303.0]
3045.9925350265275	2.0	trials	1.0	2.0	60.0	biphasic	2.0	100.0	1.0	10.0	-25.0	5r_12b	5.0	12.0	bipolar		[8428.0, 1138.0, 3303.0]	[8428.0, 1088.0, 3303.0]
3047.9947333333334	2.0	trials	1.0	2.0	60.0	biphasic	2.0	100.0	1.0	10.0	-25.0	5r_12b	5.0	12.0	bipolar		[8428.0, 1138.0, 3303.0]	[8428.0, 1088.0, 3303.0]
3049.9967333333334	2.0	trials	1.0	2.0	60.0	biphasic	2.0	100.0	1.0	10.0	-25.0	5r_12b	5.0	12.0	bipolar		[8428.0, 1138.0, 3303.0]	[8428.0, 1088.0, 3303.0]
3051.9989320311806	2.0	trials	1.0	2.0	60.0	biphasic	2.0	100.0	1.0	10.0	-25.0	5r_12b	5.0	12.0	bipolar		[8428.0, 1138.0, 3303.0]	[8428.0, 1088.0, 3303.0]
3054.0007	2.0	trials	1.0	2.0	60.0	biphasic	2.0	100.0	1.0	10.0	-25.0	5r_12b	5.0	12.0	bipolar		[8428.0, 1138.0, 3303.0]	[8428.0, 1088.0, 3303.0]
3056.0027	2.0	trials	1.0	2.0	60.0	biphasic	2.0	100.0	1.0	10.0	-25.0	5r_12b	5.0	12.0	bipolar		[8428.0, 1138.0, 3303.0]	[8428.0, 1088.0, 3303.0]
3058.0047	2.0	trials	1.0	2.0	60.0	biphasic	2.0	100.0	1.0	10.0	-25.0	5r_12b	5.0	12.0	bipolar		[8428.0, 1138.0, 3303.0]	[8428.0, 1088.0, 3303.0]
3060.0067	2.0	trials	1.0	2.0	60.0	biphasic	2.0	100.0	1.0	10.0	-25.0	5r_12b	5.0	12.0	bipolar		[8428.0, 1138.0, 3303.0]	[8428.0, 1088.0, 3303.0]
3062.0087	2.0	trials	1.0	2.0	60.0	biphasic	2.0	100.0	1.0	10.0	-25.0	5r_12b	5.0	12.0	bipolar		[8428.0, 1138.0, 3303.0]	[8428.0, 1088.0, 3303.0]
3064.0107	2.0	trials	1.0	2.0	60.0	biphasic	2.0	100.0	1.0	10.0	-25.0	5r_12b	5.0	12.0	bipolar		[8428.0, 1138.0, 3303.0]	[8428.0, 1088.0, 3303.0]
3066.012500389811	2.0	trials	1.0	2.0	60.0	biphasic	2.0	100.0	1.0	10.0	-25.0	5r_12b	5.0	12.0	bipolar		[8428.0, 1138.0, 3303.0]	[8428.0, 1088.0, 3303.0]
3068.0147	2.0	trials	1.0	2.0	60.0	biphasic	2.0	100.0	1.0	10.0	-25.0	5r_12b	5.0	12.0	bipolar		[8428.0, 1138.0, 3303.0]	[8428.0, 1088.0, 3303.0]
3070.0167	2.0	trials	1.0	2.0	60.0	biphasic	2.0	100.0	1.0	10.0	-25.0	5r_12b	5.0	12.0	bipolar		[8428.0, 1138.0, 3303.0]	[8428.0, 1088.0, 3303.0]
3072.018866667895	2.0	trials	1.0	2.0	60.0	biphasic	2.0	100.0	1.0	10.0	-25.0	5r_12b	5.0	12.0	bipolar		[8428.0, 1138.0, 3303.0]	[8428.0, 1088.0, 3303.0]
3074.020666666667	2.0	trials	1.0	2.0	60.0	biphasic	2.0	100.0	1.0	10.0	-25.0	5r_12b	5.0	12.0	bipolar		[8428.0, 1138.0, 3303.0]	[8428.0, 1088.0, 3303.0]
3076.0226666666667	2.0	trials	1.0	2.0	60.0	biphasic	2.0	100.0	1.0	10.0	-25.0	5r_12b	5.0	12.0	bipolar		[8428.0, 1138.0, 3303.0]	[8428.0, 1088.0, 3303.0]
3078.0246666666667	2.0	trials	1.0	2.0	60.0	biphasic	2.0	100.0	1.0	10.0	-25.0	5r_12b	5.0	12.0	bipolar		[8428.0, 1138.0, 3303.0]	[8428.0, 1088.0, 3303.0]
3080.0266666666666	2.0	trials	1.0	2.0	60.0	biphasic	2.0	100.0	1.0	10.0	-25.0	5r_12b	5.0	12.0	bipolar		[8428.0, 1138.0, 3303.0]	[8428.0, 1088.0, 3303.0]
3082.0286666666666	2.0	trials	1.0	2.0	60.0	biphasic	2.0	100.0	1.0	10.0	-25.0	5r_12b	5.0	12.0	bipolar		[8428.0, 1138.0, 3303.0]	[8428.0, 1088.0, 3303.0]
3084.0306666666665	2.0	trials	1.0	2.0	60.0	biphasic	2.0	100.0	1.0	10.0	-25.0	5r_12b	5.0	12.0	bipolar		[8428.0, 1138.0, 3303.0]	[8428.0, 1088.0, 3303.0]
3086.0326666666665	2.0	trials	1.0	2.0	60.0	biphasic	2.0	100.0	1.0	10.0	-25.0	5r_12b	5.0	12.0	bipolar		[8428.0, 1138.0, 3303.0]	[8428.0, 1088.0, 3303.0]
3088.0346666666665	2.0	trials	1.0	2.0	60.0	biphasic	2.0	100.0	1.0	10.0	-25.0	5r_12b	5.0	12.0	bipolar		[8428.0, 1138.0, 3303.0]	[8428.0, 1088.0, 3303.0]
3090.036633333333	2.0	trials	1.0	2.0	60.0	biphasic	2.0	100.0	1.0	10.0	-25.0	5r_12b	5.0	12.0	bipolar		[8428.0, 1138.0, 3303.0]	[8428.0, 1088.0, 3303.0]
3092.038834637945	2.0	trials	1.0	2.0	60.0	biphasic	2.0	100.0	1.0	10.0	-25.0	5r_12b	5.0	12.0	bipolar		[8428.0, 1138.0, 3303.0]	[8428.0, 1088.0, 3303.0]
3094.0406333333335	2.0	trials	1.0	2.0	60.0	biphasic	2.0	100.0	1.0	10.0	-25.0	5r_12b	5.0	12.0	bipolar		[8428.0, 1138.0, 3303.0]	[8428.0, 1088.0, 3303.0]
3096.0426333333335	2.0	trials	1.0	2.0	60.0	biphasic	2.0	100.0	1.0	10.0	-25.0	5r_12b	5.0	12.0	bipolar		[8428.0, 1138.0, 3303.0]	[8428.0, 1088.0, 3303.0]
3098.0448350289607	2.0	trials	1.0	2.0	60.0	biphasic	2.0	100.0	1.0	10.0	-25.0	5r_12b	5.0	12.0	bipolar		[8428.0, 1138.0, 3303.0]	[8428.0, 1088.0, 3303.0]
3100.0466333333334	2.0	trials	1.0	2.0	60.0	biphasic	2.0	100.0	1.0	10.0	-25.0	5r_12b	5.0	12.0	bipolar		[8428.0, 1138.0, 3303.0]	[8428.0, 1088.0, 3303.0]
3102.0486333333333	2.0	trials	1.0	2.0	60.0	biphasic	2.0	100.0	1.0	10.0	-25.0	5r_12b	5.0	12.0	bipolar		[8428.0, 1138.0, 3303.0]	[8428.0, 1088.0, 3303.0]
3104.0506333333333	2.0	trials	1.0	2.0	60.0	biphasic	2.0	100.0	1.0	10.0	-25.0	5r_12b	5.0	12.0	bipolar		[8428.0, 1138.0, 3303.0]	[8428.0, 1088.0, 3303.0]
3106.0526333333332	2.0	trials	1.0	2.0	60.0	biphasic	2.0	100.0	1.0	10.0	-25.0	5r_12b	5.0	12.0	bipolar		[8428.0, 1138.0, 3303.0]	[8428.0, 1088.0, 3303.0]
3108.0546	2.0	trials	1.0	2.0	60.0	biphasic	2.0	100.0	1.0	10.0	-25.0	5r_12b	5.0	12.0	bipolar		[8428.0, 1138.0, 3303.0]	[8428.0, 1088.0, 3303.0]
3110.0566	2.0	trials	1.0	2.0	60.0	biphasic	2.0	100.0	1.0	10.0	-25.0	5r_12b	5.0	12.0	bipolar		[8428.0, 1138.0, 3303.0]	[8428.0, 1088.0, 3303.0]
3112.0583973920316	2.0	trials	1.0	2.0	60.0	biphasic	2.0	100.0	1.0	10.0	-25.0	5r_12b	5.0	12.0	bipolar		[8428.0, 1138.0, 3303.0]	[8428.0, 1088.0, 3303.0]
3114.0606	2.0	trials	1.0	2.0	60.0	biphasic	2.0	100.0	1.0	10.0	-25.0	5r_12b	5.0	12.0	bipolar		[8428.0, 1138.0, 3303.0]	[8428.0, 1088.0, 3303.0]
3116.0626	2.0	trials	1.0	2.0	60.0	biphasic	2.0	100.0	1.0	10.0	-25.0	5r_12b	5.0	12.0	bipolar		[8428.0, 1138.0, 3303.0]	[8428.0, 1088.0, 3303.0]
3118.0648029990107	2.0	trials	1.0	2.0	60.0	biphasic	2.0	100.0	1.0	10.0	-25.0	5r_12b	5.0	12.0	bipolar		[8428.0, 1138.0, 3303.0]	[8428.0, 1088.0, 3303.0]
3120.0666	2.0	trials	1.0	2.0	60.0	biphasic	2.0	100.0	1.0	10.0	-25.0	5r_12b	5.0	12.0	bipolar		[8428.0, 1138.0, 3303.0]	[8428.0, 1088.0, 3303.0]
3122.0686	2.0	trials	1.0	2.0	60.0	biphasic	2.0	100.0	1.0	10.0	-25.0	5r_12b	5.0	12.0	bipolar		[8428.0, 1138.0, 3303.0]	[8428.0, 1088.0, 3303.0]
3124.0706	2.0	trials	1.0	2.0	60.0	biphasic	2.0	100.0	1.0	10.0	-25.0	5r_12b	5.0	12.0	bipolar		[8428.0, 1138.0, 3303.0]	[8428.0, 1088.0, 3303.0]
3126.0725666666667	2.0	trials	1.0	2.0	60.0	biphasic	2.0	100.0	1.0	10.0	-25.0	5r_12b	5.0	12.0	bipolar		[8428.0, 1138.0, 3303.0]	[8428.0, 1088.0, 3303.0]
3128.0745666666667	2.0	trials	1.0	2.0	60.0	biphasic	2.0	100.0	1.0	10.0	-25.0	5r_12b	5.0	12.0	bipolar		[8428.0, 1138.0, 3303.0]	[8428.0, 1088.0, 3303.0]
3130.0765666666666	2.0	trials	1.0	2.0	60.0	biphasic	2.0	100.0	1.0	10.0	-25.0	5r_12b	5.0	12.0	bipolar		[8428.0, 1138.0, 3303.0]	[8428.0, 1088.0, 3303.0]
3132.0785666666666	2.0	trials	1.0	2.0	60.0	biphasic	2.0	100.0	1.0	10.0	-25.0	5r_12b	5.0	12.0	bipolar		[8428.0, 1138.0, 3303.0]	[8428.0, 1088.0, 3303.0]
3134.0805666666665	2.0	trials	1.0	2.0	60.0	biphasic	2.0	100.0	1.0	10.0	-25.0	5r_12b	5.0	12.0	bipolar		[8428.0, 1138.0, 3303.0]	[8428.0, 1088.0, 3303.0]
3136.0825666666665	2.0	trials	1.0	2.0	60.0	biphasic	2.0	100.0	1.0	10.0	-25.0	5r_12b	5.0	12.0	bipolar		[8428.0, 1138.0, 3303.0]	[8428.0, 1088.0, 3303.0]
3138.0843623642995	2.0	trials	1.0	2.0	60.0	biphasic	2.0	100.0	1.0	10.0	-25.0	5r_12b	5.0	12.0	bipolar		[8428.0, 1138.0, 3303.0]	[8428.0, 1088.0, 3303.0]
3140.086566666667	2.0	trials	1.0	2.0	60.0	biphasic	2.0	100.0	1.0	10.0	-25.0	5r_12b	5.0	12.0	bipolar		[8428.0, 1138.0, 3303.0]	[8428.0, 1088.0, 3303.0]
3142.088566666667	2.0	trials	1.0	2.0	60.0	biphasic	2.0	100.0	1.0	10.0	-25.0	5r_12b	5.0	12.0	bipolar		[8428.0, 1138.0, 3303.0]	[8428.0, 1088.0, 3303.0]
3144.0905333333335	2.0	trials	1.0	2.0	60.0	biphasic	2.0	100.0	1.0	10.0	-25.0	5r_12b	5.0	12.0	bipolar		[8428.0, 1138.0, 3303.0]	[8428.0, 1088.0, 3303.0]
3146.0925333333334	2.0	trials	1.0	2.0	60.0	biphasic	2.0	100.0	1.0	10.0	-25.0	5r_12b	5.0	12.0	bipolar		[8428.0, 1138.0, 3303.0]	[8428.0, 1088.0, 3303.0]
3148.0945333333334	2.0	trials	1.0	2.0	60.0	biphasic	2.0	100.0	1.0	10.0	-25.0	5r_12b	5.0	12.0	bipolar		[8428.0, 1138.0, 3303.0]	[8428.0, 1088.0, 3303.0]
3150.0965333333334	2.0	trials	1.0	2.0	60.0	biphasic	2.0	100.0	1.0	10.0	-25.0	5r_12b	5.0	12.0	bipolar		[8428.0, 1138.0, 3303.0]	[8428.0, 1088.0, 3303.0]
3152.0985333333333	2.0	trials	1.0	2.0	60.0	biphasic	2.0	100.0	1.0	10.0	-25.0	5r_12b	5.0	12.0	bipolar		[8428.0, 1138.0, 3303.0]	[8428.0, 1088.0, 3303.0]
3154.1005333333333	2.0	trials	1.0	2.0	60.0	biphasic	2.0	100.0	1.0	10.0	-25.0	5r_12b	5.0	12.0	bipolar		[8428.0, 1138.0, 3303.0]	[8428.0, 1088.0, 3303.0]
3183.6109333333334	2.0	trials	1.0	2.0	60.0	biphasic	3.0	100.0	1.0	10.0	25.0	5r_12b	5.0	12.0	bipolar		[8428.0, 1138.0, 3303.0]	[8428.0, 1088.0, 3303.0]
3185.6129333333333	2.0	trials	1.0	2.0	60.0	biphasic	3.0	100.0	1.0	10.0	25.0	5r_12b	5.0	12.0	bipolar		[8428.0, 1138.0, 3303.0]	[8428.0, 1088.0, 3303.0]
3187.6149333333333	2.0	trials	1.0	2.0	60.0	biphasic	3.0	100.0	1.0	10.0	25.0	5r_12b	5.0	12.0	bipolar		[8428.0, 1138.0, 3303.0]	[8428.0, 1088.0, 3303.0]
3189.6169	2.0	trials	1.0	2.0	60.0	biphasic	3.0	100.0	1.0	10.0	25.0	5r_12b	5.0	12.0	bipolar		[8428.0, 1138.0, 3303.0]	[8428.0, 1088.0, 3303.0]
3191.6189	2.0	trials	1.0	2.0	60.0	biphasic	3.0	100.0	1.0	10.0	25.0	5r_12b	5.0	12.0	bipolar		[8428.0, 1138.0, 3303.0]	[8428.0, 1088.0, 3303.0]
3193.6209	2.0	trials	1.0	2.0	60.0	biphasic	3.0	100.0	1.0	10.0	25.0	5r_12b	5.0	12.0	bipolar		[8428.0, 1138.0, 3303.0]	[8428.0, 1088.0, 3303.0]
3195.6231080483794	2.0	trials	1.0	2.0	60.0	biphasic	3.0	100.0	1.0	10.0	25.0	5r_12b	5.0	12.0	bipolar		[8428.0, 1138.0, 3303.0]	[8428.0, 1088.0, 3303.0]
3197.6249	2.0	trials	1.0	2.0	60.0	biphasic	3.0	100.0	1.0	10.0	25.0	5r_12b	5.0	12.0	bipolar		[8428.0, 1138.0, 3303.0]	[8428.0, 1088.0, 3303.0]
3199.6269	2.0	trials	1.0	2.0	60.0	biphasic	3.0	100.0	1.0	10.0	25.0	5r_12b	5.0	12.0	bipolar		[8428.0, 1138.0, 3303.0]	[8428.0, 1088.0, 3303.0]
3201.629108439395	2.0	trials	1.0	2.0	60.0	biphasic	3.0	100.0	1.0	10.0	25.0	5r_12b	5.0	12.0	bipolar		[8428.0, 1138.0, 3303.0]	[8428.0, 1088.0, 3303.0]
3203.6309	2.0	trials	1.0	2.0	60.0	biphasic	3.0	100.0	1.0	10.0	25.0	5r_12b	5.0	12.0	bipolar		[8428.0, 1138.0, 3303.0]	[8428.0, 1088.0, 3303.0]
3205.6329	2.0	trials	1.0	2.0	60.0	biphasic	3.0	100.0	1.0	10.0	25.0	5r_12b	5.0	12.0	bipolar		[8428.0, 1138.0, 3303.0]	[8428.0, 1088.0, 3303.0]
3207.6348666666668	2.0	trials	1.0	2.0	60.0	biphasic	3.0	100.0	1.0	10.0	25.0	5r_12b	5.0	12.0	bipolar		[8428.0, 1138.0, 3303.0]	[8428.0, 1088.0, 3303.0]
3209.6368666666667	2.0	trials	1.0	2.0	60.0	biphasic	3.0	100.0	1.0	10.0	25.0	5r_12b	5.0	12.0	bipolar		[8428.0, 1138.0, 3303.0]	[8428.0, 1088.0, 3303.0]
3211.6388666666667	2.0	trials	1.0	2.0	60.0	biphasic	3.0	100.0	1.0	10.0	25.0	5r_12b	5.0	12.0	bipolar		[8428.0, 1138.0, 3303.0]	[8428.0, 1088.0, 3303.0]
3213.6408666666666	2.0	trials	1.0	2.0	60.0	biphasic	3.0	100.0	1.0	10.0	25.0	5r_12b	5.0	12.0	bipolar		[8428.0, 1138.0, 3303.0]	[8428.0, 1088.0, 3303.0]
3215.6428666666666	2.0	trials	1.0	2.0	60.0	biphasic	3.0	100.0	1.0	10.0	25.0	5r_12b	5.0	12.0	bipolar		[8428.0, 1138.0, 3303.0]	[8428.0, 1088.0, 3303.0]
3217.6448666666665	2.0	trials	1.0	2.0	60.0	biphasic	3.0	100.0	1.0	10.0	25.0	5r_12b	5.0	12.0	bipolar		[8428.0, 1138.0, 3303.0]	[8428.0, 1088.0, 3303.0]
3219.6468666666665	2.0	trials	1.0	2.0	60.0	biphasic	3.0	100.0	1.0	10.0	25.0	5r_12b	5.0	12.0	bipolar		[8428.0, 1138.0, 3303.0]	[8428.0, 1088.0, 3303.0]
3221.649076409445	2.0	trials	1.0	2.0	60.0	biphasic	3.0	100.0	1.0	10.0	25.0	5r_12b	5.0	12.0	bipolar		[8428.0, 1138.0, 3303.0]	[8428.0, 1088.0, 3303.0]
3223.650866666667	2.0	trials	1.0	2.0	60.0	biphasic	3.0	100.0	1.0	10.0	25.0	5r_12b	5.0	12.0	bipolar		[8428.0, 1138.0, 3303.0]	[8428.0, 1088.0, 3303.0]
3225.652866666667	2.0	trials	1.0	2.0	60.0	biphasic	3.0	100.0	1.0	10.0	25.0	5r_12b	5.0	12.0	bipolar		[8428.0, 1138.0, 3303.0]	[8428.0, 1088.0, 3303.0]
3227.6548333333335	2.0	trials	1.0	2.0	60.0	biphasic	3.0	100.0	1.0	10.0	25.0	5r_12b	5.0	12.0	bipolar		[8428.0, 1138.0, 3303.0]	[8428.0, 1088.0, 3303.0]
3229.6568333333335	2.0	trials	1.0	2.0	60.0	biphasic	3.0	100.0	1.0	10.0	25.0	5r_12b	5.0	12.0	bipolar		[8428.0, 1138.0, 3303.0]	[8428.0, 1088.0, 3303.0]
3231.6588333333334	2.0	trials	1.0	2.0	60.0	biphasic	3.0	100.0	1.0	10.0	25.0	5r_12b	5.0	12.0	bipolar		[8428.0, 1138.0, 3303.0]	[8428.0, 1088.0, 3303.0]
3233.6608333333334	2.0	trials	1.0	2.0	60.0	biphasic	3.0	100.0	1.0	10.0	25.0	5r_12b	5.0	12.0	bipolar		[8428.0, 1138.0, 3303.0]	[8428.0, 1088.0, 3303.0]
3235.6628333333333	2.0	trials	1.0	2.0	60.0	biphasic	3.0	100.0	1.0	10.0	25.0	5r_12b	5.0	12.0	bipolar		[8428.0, 1138.0, 3303.0]	[8428.0, 1088.0, 3303.0]
3237.6648333333333	2.0	trials	1.0	2.0	60.0	biphasic	3.0	100.0	1.0	10.0	25.0	5r_12b	5.0	12.0	bipolar		[8428.0, 1138.0, 3303.0]	[8428.0, 1088.0, 3303.0]
3239.666833333333	2.0	trials	1.0	2.0	60.0	biphasic	3.0	100.0	1.0	10.0	25.0	5r_12b	5.0	12.0	bipolar		[8428.0, 1138.0, 3303.0]	[8428.0, 1088.0, 3303.0]
3241.668622287199	2.0	trials	1.0	2.0	60.0	biphasic	3.0	100.0	1.0	10.0	25.0	5r_12b	5.0	12.0	bipolar		[8428.0, 1138.0, 3303.0]	[8428.0, 1088.0, 3303.0]
3243.670833333333	2.0	trials	1.0	2.0	60.0	biphasic	3.0	100.0	1.0	10.0	25.0	5r_12b	5.0	12.0	bipolar		[8428.0, 1138.0, 3303.0]	[8428.0, 1088.0, 3303.0]
3245.6728	2.0	trials	1.0	2.0	60.0	biphasic	3.0	100.0	1.0	10.0	25.0	5r_12b	5.0	12.0	bipolar		[8428.0, 1138.0, 3303.0]	[8428.0, 1088.0, 3303.0]
3247.6748	2.0	trials	1.0	2.0	60.0	biphasic	3.0	100.0	1.0	10.0	25.0	5r_12b	5.0	12.0	bipolar		[8428.0, 1138.0, 3303.0]	[8428.0, 1088.0, 3303.0]
3249.6768	2.0	trials	1.0	2.0	60.0	biphasic	3.0	100.0	1.0	10.0	25.0	5r_12b	5.0	12.0	bipolar		[8428.0, 1138.0, 3303.0]	[8428.0, 1088.0, 3303.0]
3251.6788	2.0	trials	1.0	2.0	60.0	biphasic	3.0	100.0	1.0	10.0	25.0	5r_12b	5.0	12.0	bipolar		[8428.0, 1138.0, 3303.0]	[8428.0, 1088.0, 3303.0]
3253.6808	2.0	trials	1.0	2.0	60.0	biphasic	3.0	100.0	1.0	10.0	25.0	5r_12b	5.0	12.0	bipolar		[8428.0, 1138.0, 3303.0]	[8428.0, 1088.0, 3303.0]
3255.6828	2.0	trials	1.0	2.0	60.0	biphasic	3.0	100.0	1.0	10.0	25.0	5r_12b	5.0	12.0	bipolar		[8428.0, 1138.0, 3303.0]	[8428.0, 1088.0, 3303.0]
3257.6848	2.0	trials	1.0	2.0	60.0	biphasic	3.0	100.0	1.0	10.0	25.0	5r_12b	5.0	12.0	bipolar		[8428.0, 1138.0, 3303.0]	[8428.0, 1088.0, 3303.0]
3259.6868	2.0	trials	1.0	2.0	60.0	biphasic	3.0	100.0	1.0	10.0	25.0	5r_12b	5.0	12.0	bipolar		[8428.0, 1138.0, 3303.0]	[8428.0, 1088.0, 3303.0]
3261.6888	2.0	trials	1.0	2.0	60.0	biphasic	3.0	100.0	1.0	10.0	25.0	5r_12b	5.0	12.0	bipolar		[8428.0, 1138.0, 3303.0]	[8428.0, 1088.0, 3303.0]
3263.6907666666666	2.0	trials	1.0	2.0	60.0	biphasic	3.0	100.0	1.0	10.0	25.0	5r_12b	5.0	12.0	bipolar		[8428.0, 1138.0, 3303.0]	[8428.0, 1088.0, 3303.0]
3265.6927666666666	2.0	trials	1.0	2.0	60.0	biphasic	3.0	100.0	1.0	10.0	25.0	5r_12b	5.0	12.0	bipolar		[8428.0, 1138.0, 3303.0]	[8428.0, 1088.0, 3303.0]
3267.694979407225	2.0	trials	1.0	2.0	60.0	biphasic	3.0	100.0	1.0	10.0	25.0	5r_12b	5.0	12.0	bipolar		[8428.0, 1138.0, 3303.0]	[8428.0, 1088.0, 3303.0]
3269.6967666666665	2.0	trials	1.0	2.0	60.0	biphasic	3.0	100.0	1.0	10.0	25.0	5r_12b	5.0	12.0	bipolar		[8428.0, 1138.0, 3303.0]	[8428.0, 1088.0, 3303.0]
3271.698766666667	2.0	trials	1.0	2.0	60.0	biphasic	3.0	100.0	1.0	10.0	25.0	5r_12b	5.0	12.0	bipolar		[8428.0, 1138.0, 3303.0]	[8428.0, 1088.0, 3303.0]
3273.700979798241	2.0	trials	1.0	2.0	60.0	biphasic	3.0	100.0	1.0	10.0	25.0	5r_12b	5.0	12.0	bipolar		[8428.0, 1138.0, 3303.0]	[8428.0, 1088.0, 3303.0]
3275.702766666667	2.0	trials	1.0	2.0	60.0	biphasic	3.0	100.0	1.0	10.0	25.0	5r_12b	5.0	12.0	bipolar		[8428.0, 1138.0, 3303.0]	[8428.0, 1088.0, 3303.0]
3277.7047666666667	2.0	trials	1.0	2.0	60.0	biphasic	3.0	100.0	1.0	10.0	25.0	5r_12b	5.0	12.0	bipolar		[8428.0, 1138.0, 3303.0]	[8428.0, 1088.0, 3303.0]
3279.7067666666667	2.0	trials	1.0	2.0	60.0	biphasic	3.0	100.0	1.0	10.0	25.0	5r_12b	5.0	12.0	bipolar		[8428.0, 1138.0, 3303.0]	[8428.0, 1088.0, 3303.0]
3281.7087333333334	2.0	trials	1.0	2.0	60.0	biphasic	3.0	100.0	1.0	10.0	25.0	5r_12b	5.0	12.0	bipolar		[8428.0, 1138.0, 3303.0]	[8428.0, 1088.0, 3303.0]
3283.7107333333333	2.0	trials	1.0	2.0	60.0	biphasic	3.0	100.0	1.0	10.0	25.0	5r_12b	5.0	12.0	bipolar		[8428.0, 1138.0, 3303.0]	[8428.0, 1088.0, 3303.0]
3285.7127333333333	2.0	trials	1.0	2.0	60.0	biphasic	3.0	100.0	1.0	10.0	25.0	5r_12b	5.0	12.0	bipolar		[8428.0, 1138.0, 3303.0]	[8428.0, 1088.0, 3303.0]
3287.7147333333332	2.0	trials	1.0	2.0	60.0	biphasic	3.0	100.0	1.0	10.0	25.0	5r_12b	5.0	12.0	bipolar		[8428.0, 1138.0, 3303.0]	[8428.0, 1088.0, 3303.0]
3289.716733333333	2.0	trials	1.0	2.0	60.0	biphasic	3.0	100.0	1.0	10.0	25.0	5r_12b	5.0	12.0	bipolar		[8428.0, 1138.0, 3303.0]	[8428.0, 1088.0, 3303.0]
3291.718733333333	2.0	trials	1.0	2.0	60.0	biphasic	3.0	100.0	1.0	10.0	25.0	5r_12b	5.0	12.0	bipolar		[8428.0, 1138.0, 3303.0]	[8428.0, 1088.0, 3303.0]
3293.720947768291	2.0	trials	1.0	2.0	60.0	biphasic	3.0	100.0	1.0	10.0	25.0	5r_12b	5.0	12.0	bipolar		[8428.0, 1138.0, 3303.0]	[8428.0, 1088.0, 3303.0]
3295.7227333333335	2.0	trials	1.0	2.0	60.0	biphasic	3.0	100.0	1.0	10.0	25.0	5r_12b	5.0	12.0	bipolar		[8428.0, 1138.0, 3303.0]	[8428.0, 1088.0, 3303.0]
3297.7247333333335	2.0	trials	1.0	2.0	60.0	biphasic	3.0	100.0	1.0	10.0	25.0	5r_12b	5.0	12.0	bipolar		[8428.0, 1138.0, 3303.0]	[8428.0, 1088.0, 3303.0]
3299.7267	2.0	trials	1.0	2.0	60.0	biphasic	3.0	100.0	1.0	10.0	25.0	5r_12b	5.0	12.0	bipolar		[8428.0, 1138.0, 3303.0]	[8428.0, 1088.0, 3303.0]
3301.7287	2.0	trials	1.0	2.0	60.0	biphasic	3.0	100.0	1.0	10.0	25.0	5r_12b	5.0	12.0	bipolar		[8428.0, 1138.0, 3303.0]	[8428.0, 1088.0, 3303.0]
3324.1925	2.0	trials	1.0	2.0	60.0	biphasic	4.0	100.0	1.0	10.0	-50.0	5r_12b	5.0	12.0	bipolar		[8428.0, 1138.0, 3303.0]	[8428.0, 1088.0, 3303.0]
3326.1945	2.0	trials	1.0	2.0	60.0	biphasic	4.0	100.0	1.0	10.0	-50.0	5r_12b	5.0	12.0	bipolar		[8428.0, 1138.0, 3303.0]	[8428.0, 1088.0, 3303.0]
3328.196716679474	2.0	trials	1.0	2.0	60.0	biphasic	4.0	100.0	1.0	10.0	-50.0	5r_12b	5.0	12.0	bipolar		[8428.0, 1138.0, 3303.0]	[8428.0, 1088.0, 3303.0]
3330.1985	2.0	trials	1.0	2.0	60.0	biphasic	4.0	100.0	1.0	10.0	-50.0	5r_12b	5.0	12.0	bipolar		[8428.0, 1138.0, 3303.0]	[8428.0, 1088.0, 3303.0]
3332.2004666666667	2.0	trials	1.0	2.0	60.0	biphasic	4.0	100.0	1.0	10.0	-50.0	5r_12b	5.0	12.0	bipolar		[8428.0, 1138.0, 3303.0]	[8428.0, 1088.0, 3303.0]
3334.2024666666666	2.0	trials	1.0	2.0	60.0	biphasic	4.0	100.0	1.0	10.0	-50.0	5r_12b	5.0	12.0	bipolar		[8428.0, 1138.0, 3303.0]	[8428.0, 1088.0, 3303.0]
3336.2044666666666	2.0	trials	1.0	2.0	60.0	biphasic	4.0	100.0	1.0	10.0	-50.0	5r_12b	5.0	12.0	bipolar		[8428.0, 1138.0, 3303.0]	[8428.0, 1088.0, 3303.0]
3338.2064666666665	2.0	trials	1.0	2.0	60.0	biphasic	4.0	100.0	1.0	10.0	-50.0	5r_12b	5.0	12.0	bipolar		[8428.0, 1138.0, 3303.0]	[8428.0, 1088.0, 3303.0]
3340.2084666666665	2.0	trials	1.0	2.0	60.0	biphasic	4.0	100.0	1.0	10.0	-50.0	5r_12b	5.0	12.0	bipolar		[8428.0, 1138.0, 3303.0]	[8428.0, 1088.0, 3303.0]
3342.210466666667	2.0	trials	1.0	2.0	60.0	biphasic	4.0	100.0	1.0	10.0	-50.0	5r_12b	5.0	12.0	bipolar		[8428.0, 1138.0, 3303.0]	[8428.0, 1088.0, 3303.0]
3344.212466666667	2.0	trials	1.0	2.0	60.0	biphasic	4.0	100.0	1.0	10.0	-50.0	5r_12b	5.0	12.0	bipolar		[8428.0, 1138.0, 3303.0]	[8428.0, 1088.0, 3303.0]
3346.214466666667	2.0	trials	1.0	2.0	60.0	biphasic	4.0	100.0	1.0	10.0	-50.0	5r_12b	5.0	12.0	bipolar		[8428.0, 1138.0, 3303.0]	[8428.0, 1088.0, 3303.0]
3348.216248683838	2.0	trials	1.0	2.0	60.0	biphasic	4.0	100.0	1.0	10.0	-50.0	5r_12b	5.0	12.0	bipolar		[8428.0, 1138.0, 3303.0]	[8428.0, 1088.0, 3303.0]
3350.2184333333335	2.0	trials	1.0	2.0	60.0	biphasic	4.0	100.0	1.0	10.0	-50.0	5r_12b	5.0	12.0	bipolar		[8428.0, 1138.0, 3303.0]	[8428.0, 1088.0, 3303.0]
3352.2204333333334	2.0	trials	1.0	2.0	60.0	biphasic	4.0	100.0	1.0	10.0	-50.0	5r_12b	5.0	12.0	bipolar		[8428.0, 1138.0, 3303.0]	[8428.0, 1088.0, 3303.0]
3354.2224333333334	2.0	trials	1.0	2.0	60.0	biphasic	4.0	100.0	1.0	10.0	-50.0	5r_12b	5.0	12.0	bipolar		[8428.0, 1138.0, 3303.0]	[8428.0, 1088.0, 3303.0]
3356.2244333333333	2.0	trials	1.0	2.0	60.0	biphasic	4.0	100.0	1.0	10.0	-50.0	5r_12b	5.0	12.0	bipolar		[8428.0, 1138.0, 3303.0]	[8428.0, 1088.0, 3303.0]
3358.2264333333333	2.0	trials	1.0	2.0	60.0	biphasic	4.0	100.0	1.0	10.0	-50.0	5r_12b	5.0	12.0	bipolar		[8428.0, 1138.0, 3303.0]	[8428.0, 1088.0, 3303.0]
3360.228433333333	2.0	trials	1.0	2.0	60.0	biphasic	4.0	100.0	1.0	10.0	-50.0	5r_12b	5.0	12.0	bipolar		[8428.0, 1138.0, 3303.0]	[8428.0, 1088.0, 3303.0]
3362.230433333333	2.0	trials	1.0	2.0	60.0	biphasic	4.0	100.0	1.0	10.0	-50.0	5r_12b	5.0	12.0	bipolar		[8428.0, 1138.0, 3303.0]	[8428.0, 1088.0, 3303.0]
3364.232433333333	2.0	trials	1.0	2.0	60.0	biphasic	4.0	100.0	1.0	10.0	-50.0	5r_12b	5.0	12.0	bipolar		[8428.0, 1138.0, 3303.0]	[8428.0, 1088.0, 3303.0]
3366.2344333333335	2.0	trials	1.0	2.0	60.0	biphasic	4.0	100.0	1.0	10.0	-50.0	5r_12b	5.0	12.0	bipolar		[8428.0, 1138.0, 3303.0]	[8428.0, 1088.0, 3303.0]
3368.2362140471214	2.0	trials	1.0	2.0	60.0	biphasic	4.0	100.0	1.0	10.0	-50.0	5r_12b	5.0	12.0	bipolar		[8428.0, 1138.0, 3303.0]	[8428.0, 1088.0, 3303.0]
3370.2384	2.0	trials	1.0	2.0	60.0	biphasic	4.0	100.0	1.0	10.0	-50.0	5r_12b	5.0	12.0	bipolar		[8428.0, 1138.0, 3303.0]	[8428.0, 1088.0, 3303.0]
3372.2404	2.0	trials	1.0	2.0	60.0	biphasic	4.0	100.0	1.0	10.0	-50.0	5r_12b	5.0	12.0	bipolar		[8428.0, 1138.0, 3303.0]	[8428.0, 1088.0, 3303.0]
3374.242619677254	2.0	trials	1.0	2.0	60.0	biphasic	4.0	100.0	1.0	10.0	-50.0	5r_12b	5.0	12.0	bipolar		[8428.0, 1138.0, 3303.0]	[8428.0, 1088.0, 3303.0]
3376.2444	2.0	trials	1.0	2.0	60.0	biphasic	4.0	100.0	1.0	10.0	-50.0	5r_12b	5.0	12.0	bipolar		[8428.0, 1138.0, 3303.0]	[8428.0, 1088.0, 3303.0]
3378.2464	2.0	trials	1.0	2.0	60.0	biphasic	4.0	100.0	1.0	10.0	-50.0	5r_12b	5.0	12.0	bipolar		[8428.0, 1138.0, 3303.0]	[8428.0, 1088.0, 3303.0]
3380.2484	2.0	trials	1.0	2.0	60.0	biphasic	4.0	100.0	1.0	10.0	-50.0	5r_12b	5.0	12.0	bipolar		[8428.0, 1138.0, 3303.0]	[8428.0, 1088.0, 3303.0]
3382.2504	2.0	trials	1.0	2.0	60.0	biphasic	4.0	100.0	1.0	10.0	-50.0	5r_12b	5.0	12.0	bipolar		[8428.0, 1138.0, 3303.0]	[8428.0, 1088.0, 3303.0]
3384.2524	2.0	trials	1.0	2.0	60.0	biphasic	4.0	100.0	1.0	10.0	-50.0	5r_12b	5.0	12.0	bipolar		[8428.0, 1138.0, 3303.0]	[8428.0, 1088.0, 3303.0]
3386.2544	2.0	trials	1.0	2.0	60.0	biphasic	4.0	100.0	1.0	10.0	-50.0	5r_12b	5.0	12.0	bipolar		[8428.0, 1138.0, 3303.0]	[8428.0, 1088.0, 3303.0]
3388.2563666666665	2.0	trials	1.0	2.0	60.0	biphasic	4.0	100.0	1.0	10.0	-50.0	5r_12b	5.0	12.0	bipolar		[8428.0, 1138.0, 3303.0]	[8428.0, 1088.0, 3303.0]
3390.2583666666665	2.0	trials	1.0	2.0	60.0	biphasic	4.0	100.0	1.0	10.0	-50.0	5r_12b	5.0	12.0	bipolar		[8428.0, 1138.0, 3303.0]	[8428.0, 1088.0, 3303.0]
3392.260366666667	2.0	trials	1.0	2.0	60.0	biphasic	4.0	100.0	1.0	10.0	-50.0	5r_12b	5.0	12.0	bipolar		[8428.0, 1138.0, 3303.0]	[8428.0, 1088.0, 3303.0]
3394.262587647304	2.0	trials	1.0	2.0	60.0	biphasic	4.0	100.0	1.0	10.0	-50.0	5r_12b	5.0	12.0	bipolar		[8428.0, 1138.0, 3303.0]	[8428.0, 1088.0, 3303.0]
3396.264366666667	2.0	trials	1.0	2.0	60.0	biphasic	4.0	100.0	1.0	10.0	-50.0	5r_12b	5.0	12.0	bipolar		[8428.0, 1138.0, 3303.0]	[8428.0, 1088.0, 3303.0]
3398.2663666666667	2.0	trials	1.0	2.0	60.0	biphasic	4.0	100.0	1.0	10.0	-50.0	5r_12b	5.0	12.0	bipolar		[8428.0, 1138.0, 3303.0]	[8428.0, 1088.0, 3303.0]
3400.2683666666667	2.0	trials	1.0	2.0	60.0	biphasic	4.0	100.0	1.0	10.0	-50.0	5r_12b	5.0	12.0	bipolar		[8428.0, 1138.0, 3303.0]	[8428.0, 1088.0, 3303.0]
3402.2703666666666	2.0	trials	1.0	2.0	60.0	biphasic	4.0	100.0	1.0	10.0	-50.0	5r_12b	5.0	12.0	bipolar		[8428.0, 1138.0, 3303.0]	[8428.0, 1088.0, 3303.0]
3404.2723666666666	2.0	trials	1.0	2.0	60.0	biphasic	4.0	100.0	1.0	10.0	-50.0	5r_12b	5.0	12.0	bipolar		[8428.0, 1138.0, 3303.0]	[8428.0, 1088.0, 3303.0]
3406.2743333333333	2.0	trials	1.0	2.0	60.0	biphasic	4.0	100.0	1.0	10.0	-50.0	5r_12b	5.0	12.0	bipolar		[8428.0, 1138.0, 3303.0]	[8428.0, 1088.0, 3303.0]
3408.2763333333332	2.0	trials	1.0	2.0	60.0	biphasic	4.0	100.0	1.0	10.0	-50.0	5r_12b	5.0	12.0	bipolar		[8428.0, 1138.0, 3303.0]	[8428.0, 1088.0, 3303.0]
3410.278333333333	2.0	trials	1.0	2.0	60.0	biphasic	4.0	100.0	1.0	10.0	-50.0	5r_12b	5.0	12.0	bipolar		[8428.0, 1138.0, 3303.0]	[8428.0, 1088.0, 3303.0]
3412.280333333333	2.0	trials	1.0	2.0	60.0	biphasic	4.0	100.0	1.0	10.0	-50.0	5r_12b	5.0	12.0	bipolar		[8428.0, 1138.0, 3303.0]	[8428.0, 1088.0, 3303.0]
3414.2823333333336	2.0	trials	1.0	2.0	60.0	biphasic	4.0	100.0	1.0	10.0	-50.0	5r_12b	5.0	12.0	bipolar		[8428.0, 1138.0, 3303.0]	[8428.0, 1088.0, 3303.0]
3416.2843333333335	2.0	trials	1.0	2.0	60.0	biphasic	4.0	100.0	1.0	10.0	-50.0	5r_12b	5.0	12.0	bipolar		[8428.0, 1138.0, 3303.0]	[8428.0, 1088.0, 3303.0]
3418.2863333333335	2.0	trials	1.0	2.0	60.0	biphasic	4.0	100.0	1.0	10.0	-50.0	5r_12b	5.0	12.0	bipolar		[8428.0, 1138.0, 3303.0]	[8428.0, 1088.0, 3303.0]
3420.2881106583263	2.0	trials	1.0	2.0	60.0	biphasic	4.0	100.0	1.0	10.0	-50.0	5r_12b	5.0	12.0	bipolar		[8428.0, 1138.0, 3303.0]	[8428.0, 1088.0, 3303.0]
3422.2903333333334	2.0	trials	1.0	2.0	60.0	biphasic	4.0	100.0	1.0	10.0	-50.0	5r_12b	5.0	12.0	bipolar		[8428.0, 1138.0, 3303.0]	[8428.0, 1088.0, 3303.0]
3424.2923	2.0	trials	1.0	2.0	60.0	biphasic	4.0	100.0	1.0	10.0	-50.0	5r_12b	5.0	12.0	bipolar		[8428.0, 1138.0, 3303.0]	[8428.0, 1088.0, 3303.0]
3426.2943	2.0	trials	1.0	2.0	60.0	biphasic	4.0	100.0	1.0	10.0	-50.0	5r_12b	5.0	12.0	bipolar		[8428.0, 1138.0, 3303.0]	[8428.0, 1088.0, 3303.0]
3428.2963	2.0	trials	1.0	2.0	60.0	biphasic	4.0	100.0	1.0	10.0	-50.0	5r_12b	5.0	12.0	bipolar		[8428.0, 1138.0, 3303.0]	[8428.0, 1088.0, 3303.0]
3430.2983	2.0	trials	1.0	2.0	60.0	biphasic	4.0	100.0	1.0	10.0	-50.0	5r_12b	5.0	12.0	bipolar		[8428.0, 1138.0, 3303.0]	[8428.0, 1088.0, 3303.0]
3432.3003	2.0	trials	1.0	2.0	60.0	biphasic	4.0	100.0	1.0	10.0	-50.0	5r_12b	5.0	12.0	bipolar		[8428.0, 1138.0, 3303.0]	[8428.0, 1088.0, 3303.0]
3434.3023	2.0	trials	1.0	2.0	60.0	biphasic	4.0	100.0	1.0	10.0	-50.0	5r_12b	5.0	12.0	bipolar		[8428.0, 1138.0, 3303.0]	[8428.0, 1088.0, 3303.0]
3436.3043	2.0	trials	1.0	2.0	60.0	biphasic	4.0	100.0	1.0	10.0	-50.0	5r_12b	5.0	12.0	bipolar		[8428.0, 1138.0, 3303.0]	[8428.0, 1088.0, 3303.0]
3438.3063	2.0	trials	1.0	2.0	60.0	biphasic	4.0	100.0	1.0	10.0	-50.0	5r_12b	5.0	12.0	bipolar		[8428.0, 1138.0, 3303.0]	[8428.0, 1088.0, 3303.0]
3440.30807602161	2.0	trials	1.0	2.0	60.0	biphasic	4.0	100.0	1.0	10.0	-50.0	5r_12b	5.0	12.0	bipolar		[8428.0, 1138.0, 3303.0]	[8428.0, 1088.0, 3303.0]
3442.3103	2.0	trials	1.0	2.0	60.0	biphasic	4.0	100.0	1.0	10.0	-50.0	5r_12b	5.0	12.0	bipolar		[8428.0, 1138.0, 3303.0]	[8428.0, 1088.0, 3303.0]
3495.6583	2.0	trials	1.0	2.0	60.0	biphasic	5.0	100.0	1.0	10.0	50.0	5r_12b	5.0	12.0	bipolar		[8428.0, 1138.0, 3303.0]	[8428.0, 1088.0, 3303.0]
3497.6603	2.0	trials	1.0	2.0	60.0	biphasic	5.0	100.0	1.0	10.0	50.0	5r_12b	5.0	12.0	bipolar		[8428.0, 1138.0, 3303.0]	[8428.0, 1088.0, 3303.0]
3499.6623	2.0	trials	1.0	2.0	60.0	biphasic	5.0	100.0	1.0	10.0	50.0	5r_12b	5.0	12.0	bipolar		[8428.0, 1138.0, 3303.0]	[8428.0, 1088.0, 3303.0]
3501.6643	2.0	trials	1.0	2.0	60.0	biphasic	5.0	100.0	1.0	10.0	50.0	5r_12b	5.0	12.0	bipolar		[8428.0, 1138.0, 3303.0]	[8428.0, 1088.0, 3303.0]
3503.6663	2.0	trials	1.0	2.0	60.0	biphasic	5.0	100.0	1.0	10.0	50.0	5r_12b	5.0	12.0	bipolar		[8428.0, 1138.0, 3303.0]	[8428.0, 1088.0, 3303.0]
3505.6683	2.0	trials	1.0	2.0	60.0	biphasic	5.0	100.0	1.0	10.0	50.0	5r_12b	5.0	12.0	bipolar		[8428.0, 1138.0, 3303.0]	[8428.0, 1088.0, 3303.0]
3507.6703	2.0	trials	1.0	2.0	60.0	biphasic	5.0	100.0	1.0	10.0	50.0	5r_12b	5.0	12.0	bipolar		[8428.0, 1138.0, 3303.0]	[8428.0, 1088.0, 3303.0]
3509.6722666666665	2.0	trials	1.0	2.0	60.0	biphasic	5.0	100.0	1.0	10.0	50.0	5r_12b	5.0	12.0	bipolar		[8428.0, 1138.0, 3303.0]	[8428.0, 1088.0, 3303.0]
3511.674266666667	2.0	trials	1.0	2.0	60.0	biphasic	5.0	100.0	1.0	10.0	50.0	5r_12b	5.0	12.0	bipolar		[8428.0, 1138.0, 3303.0]	[8428.0, 1088.0, 3303.0]
3513.676266666667	2.0	trials	1.0	2.0	60.0	biphasic	5.0	100.0	1.0	10.0	50.0	5r_12b	5.0	12.0	bipolar		[8428.0, 1138.0, 3303.0]	[8428.0, 1088.0, 3303.0]
3515.678266666667	2.0	trials	1.0	2.0	60.0	biphasic	5.0	100.0	1.0	10.0	50.0	5r_12b	5.0	12.0	bipolar		[8428.0, 1138.0, 3303.0]	[8428.0, 1088.0, 3303.0]
3517.6802666666667	2.0	trials	1.0	2.0	60.0	biphasic	5.0	100.0	1.0	10.0	50.0	5r_12b	5.0	12.0	bipolar		[8428.0, 1138.0, 3303.0]	[8428.0, 1088.0, 3303.0]
3519.6822666666667	2.0	trials	1.0	2.0	60.0	biphasic	5.0	100.0	1.0	10.0	50.0	5r_12b	5.0	12.0	bipolar		[8428.0, 1138.0, 3303.0]	[8428.0, 1088.0, 3303.0]
3521.6842666666666	2.0	trials	1.0	2.0	60.0	biphasic	5.0	100.0	1.0	10.0	50.0	5r_12b	5.0	12.0	bipolar		[8428.0, 1138.0, 3303.0]	[8428.0, 1088.0, 3303.0]
3523.6862666666666	2.0	trials	1.0	2.0	60.0	biphasic	5.0	100.0	1.0	10.0	50.0	5r_12b	5.0	12.0	bipolar		[8428.0, 1138.0, 3303.0]	[8428.0, 1088.0, 3303.0]
3525.6882666666666	2.0	trials	1.0	2.0	60.0	biphasic	5.0	100.0	1.0	10.0	50.0	5r_12b	5.0	12.0	bipolar		[8428.0, 1138.0, 3303.0]	[8428.0, 1088.0, 3303.0]
3527.6902333333333	2.0	trials	1.0	2.0	60.0	biphasic	5.0	100.0	1.0	10.0	50.0	5r_12b	5.0	12.0	bipolar		[8428.0, 1138.0, 3303.0]	[8428.0, 1088.0, 3303.0]
3529.692233333333	2.0	trials	1.0	2.0	60.0	biphasic	5.0	100.0	1.0	10.0	50.0	5r_12b	5.0	12.0	bipolar		[8428.0, 1138.0, 3303.0]	[8428.0, 1088.0, 3303.0]
3531.694233333333	2.0	trials	1.0	2.0	60.0	biphasic	5.0	100.0	1.0	10.0	50.0	5r_12b	5.0	12.0	bipolar		[8428.0, 1138.0, 3303.0]	[8428.0, 1088.0, 3303.0]
3533.696233333333	2.0	trials	1.0	2.0	60.0	biphasic	5.0	100.0	1.0	10.0	50.0	5r_12b	5.0	12.0	bipolar		[8428.0, 1138.0, 3303.0]	[8428.0, 1088.0, 3303.0]
3535.6982333333335	2.0	trials	1.0	2.0	60.0	biphasic	5.0	100.0	1.0	10.0	50.0	5r_12b	5.0	12.0	bipolar		[8428.0, 1138.0, 3303.0]	[8428.0, 1088.0, 3303.0]
3537.7002333333335	2.0	trials	1.0	2.0	60.0	biphasic	5.0	100.0	1.0	10.0	50.0	5r_12b	5.0	12.0	bipolar		[8428.0, 1138.0, 3303.0]	[8428.0, 1088.0, 3303.0]
3539.7022333333334	2.0	trials	1.0	2.0	60.0	biphasic	5.0	100.0	1.0	10.0	50.0	5r_12b	5.0	12.0	bipolar		[8428.0, 1138.0, 3303.0]	[8428.0, 1088.0, 3303.0]
3541.7042333333334	2.0	trials	1.0	2.0	60.0	biphasic	5.0	100.0	1.0	10.0	50.0	5r_12b	5.0	12.0	bipolar		[8428.0, 1138.0, 3303.0]	[8428.0, 1088.0, 3303.0]
3543.7062333333333	2.0	trials	1.0	2.0	60.0	biphasic	5.0	100.0	1.0	10.0	50.0	5r_12b	5.0	12.0	bipolar		[8428.0, 1138.0, 3303.0]	[8428.0, 1088.0, 3303.0]
3545.7082333333333	2.0	trials	1.0	2.0	60.0	biphasic	5.0	100.0	1.0	10.0	50.0	5r_12b	5.0	12.0	bipolar		[8428.0, 1138.0, 3303.0]	[8428.0, 1088.0, 3303.0]
3547.7102	2.0	trials	1.0	2.0	60.0	biphasic	5.0	100.0	1.0	10.0	50.0	5r_12b	5.0	12.0	bipolar		[8428.0, 1138.0, 3303.0]	[8428.0, 1088.0, 3303.0]
3549.7119688989605	2.0	trials	1.0	2.0	60.0	biphasic	5.0	100.0	1.0	10.0	50.0	5r_12b	5.0	12.0	bipolar		[8428.0, 1138.0, 3303.0]	[8428.0, 1088.0, 3303.0]
3551.7142	2.0	trials	1.0	2.0	60.0	biphasic	5.0	100.0	1.0	10.0	50.0	5r_12b	5.0	12.0	bipolar		[8428.0, 1138.0, 3303.0]	[8428.0, 1088.0, 3303.0]
3553.7162	2.0	trials	1.0	2.0	60.0	biphasic	5.0	100.0	1.0	10.0	50.0	5r_12b	5.0	12.0	bipolar		[8428.0, 1138.0, 3303.0]	[8428.0, 1088.0, 3303.0]
3555.7182	2.0	trials	1.0	2.0	60.0	biphasic	5.0	100.0	1.0	10.0	50.0	5r_12b	5.0	12.0	bipolar		[8428.0, 1138.0, 3303.0]	[8428.0, 1088.0, 3303.0]
3557.7202	2.0	trials	1.0	2.0	60.0	biphasic	5.0	100.0	1.0	10.0	50.0	5r_12b	5.0	12.0	bipolar		[8428.0, 1138.0, 3303.0]	[8428.0, 1088.0, 3303.0]
3559.7222	2.0	trials	1.0	2.0	60.0	biphasic	5.0	100.0	1.0	10.0	50.0	5r_12b	5.0	12.0	bipolar		[8428.0, 1138.0, 3303.0]	[8428.0, 1088.0, 3303.0]
3561.7242	2.0	trials	1.0	2.0	60.0	biphasic	5.0	100.0	1.0	10.0	50.0	5r_12b	5.0	12.0	bipolar		[8428.0, 1138.0, 3303.0]	[8428.0, 1088.0, 3303.0]
3563.7262	2.0	trials	1.0	2.0	60.0	biphasic	5.0	100.0	1.0	10.0	50.0	5r_12b	5.0	12.0	bipolar		[8428.0, 1138.0, 3303.0]	[8428.0, 1088.0, 3303.0]
3565.7281666666668	2.0	trials	1.0	2.0	60.0	biphasic	5.0	100.0	1.0	10.0	50.0	5r_12b	5.0	12.0	bipolar		[8428.0, 1138.0, 3303.0]	[8428.0, 1088.0, 3303.0]
3567.7301666666667	2.0	trials	1.0	2.0	60.0	biphasic	5.0	100.0	1.0	10.0	50.0	5r_12b	5.0	12.0	bipolar		[8428.0, 1138.0, 3303.0]	[8428.0, 1088.0, 3303.0]
3569.7323990711197	2.0	trials	1.0	2.0	60.0	biphasic	5.0	100.0	1.0	10.0	50.0	5r_12b	5.0	12.0	bipolar		[8428.0, 1138.0, 3303.0]	[8428.0, 1088.0, 3303.0]
3571.7341666666666	2.0	trials	1.0	2.0	60.0	biphasic	5.0	100.0	1.0	10.0	50.0	5r_12b	5.0	12.0	bipolar		[8428.0, 1138.0, 3303.0]	[8428.0, 1088.0, 3303.0]
3573.7361666666666	2.0	trials	1.0	2.0	60.0	biphasic	5.0	100.0	1.0	10.0	50.0	5r_12b	5.0	12.0	bipolar		[8428.0, 1138.0, 3303.0]	[8428.0, 1088.0, 3303.0]
3575.7381666666665	2.0	trials	1.0	2.0	60.0	biphasic	5.0	100.0	1.0	10.0	50.0	5r_12b	5.0	12.0	bipolar		[8428.0, 1138.0, 3303.0]	[8428.0, 1088.0, 3303.0]
3577.7401666666665	2.0	trials	1.0	2.0	60.0	biphasic	5.0	100.0	1.0	10.0	50.0	5r_12b	5.0	12.0	bipolar		[8428.0, 1138.0, 3303.0]	[8428.0, 1088.0, 3303.0]
3579.742166666667	2.0	trials	1.0	2.0	60.0	biphasic	5.0	100.0	1.0	10.0	50.0	5r_12b	5.0	12.0	bipolar		[8428.0, 1138.0, 3303.0]	[8428.0, 1088.0, 3303.0]
3581.744166666667	2.0	trials	1.0	2.0	60.0	biphasic	5.0	100.0	1.0	10.0	50.0	5r_12b	5.0	12.0	bipolar		[8428.0, 1138.0, 3303.0]	[8428.0, 1088.0, 3303.0]
3583.746166666667	2.0	trials	1.0	2.0	60.0	biphasic	5.0	100.0	1.0	10.0	50.0	5r_12b	5.0	12.0	bipolar		[8428.0, 1138.0, 3303.0]	[8428.0, 1088.0, 3303.0]
3585.7481333333335	2.0	trials	1.0	2.0	60.0	biphasic	5.0	100.0	1.0	10.0	50.0	5r_12b	5.0	12.0	bipolar		[8428.0, 1138.0, 3303.0]	[8428.0, 1088.0, 3303.0]
3587.7501333333335	2.0	trials	1.0	2.0	60.0	biphasic	5.0	100.0	1.0	10.0	50.0	5r_12b	5.0	12.0	bipolar		[8428.0, 1138.0, 3303.0]	[8428.0, 1088.0, 3303.0]
3589.7521333333334	2.0	trials	1.0	2.0	60.0	biphasic	5.0	100.0	1.0	10.0	50.0	5r_12b	5.0	12.0	bipolar		[8428.0, 1138.0, 3303.0]	[8428.0, 1088.0, 3303.0]
3591.7541333333334	2.0	trials	1.0	2.0	60.0	biphasic	5.0	100.0	1.0	10.0	50.0	5r_12b	5.0	12.0	bipolar		[8428.0, 1138.0, 3303.0]	[8428.0, 1088.0, 3303.0]
3593.7561333333333	2.0	trials	1.0	2.0	60.0	biphasic	5.0	100.0	1.0	10.0	50.0	5r_12b	5.0	12.0	bipolar		[8428.0, 1138.0, 3303.0]	[8428.0, 1088.0, 3303.0]
3595.7581333333333	2.0	trials	1.0	2.0	60.0	biphasic	5.0	100.0	1.0	10.0	50.0	5r_12b	5.0	12.0	bipolar		[8428.0, 1138.0, 3303.0]	[8428.0, 1088.0, 3303.0]
3597.760133333333	2.0	trials	1.0	2.0	60.0	biphasic	5.0	100.0	1.0	10.0	50.0	5r_12b	5.0	12.0	bipolar		[8428.0, 1138.0, 3303.0]	[8428.0, 1088.0, 3303.0]
3599.762133333333	2.0	trials	1.0	2.0	60.0	biphasic	5.0	100.0	1.0	10.0	50.0	5r_12b	5.0	12.0	bipolar		[8428.0, 1138.0, 3303.0]	[8428.0, 1088.0, 3303.0]
3601.764133333333	2.0	trials	1.0	2.0	60.0	biphasic	5.0	100.0	1.0	10.0	50.0	5r_12b	5.0	12.0	bipolar		[8428.0, 1138.0, 3303.0]	[8428.0, 1088.0, 3303.0]
3603.7661	2.0	trials	1.0	2.0	60.0	biphasic	5.0	100.0	1.0	10.0	50.0	5r_12b	5.0	12.0	bipolar		[8428.0, 1138.0, 3303.0]	[8428.0, 1088.0, 3303.0]
3605.7681	2.0	trials	1.0	2.0	60.0	biphasic	5.0	100.0	1.0	10.0	50.0	5r_12b	5.0	12.0	bipolar		[8428.0, 1138.0, 3303.0]	[8428.0, 1088.0, 3303.0]
3607.7701	2.0	trials	1.0	2.0	60.0	biphasic	5.0	100.0	1.0	10.0	50.0	5r_12b	5.0	12.0	bipolar		[8428.0, 1138.0, 3303.0]	[8428.0, 1088.0, 3303.0]
3609.7721	2.0	trials	1.0	2.0	60.0	biphasic	5.0	100.0	1.0	10.0	50.0	5r_12b	5.0	12.0	bipolar		[8428.0, 1138.0, 3303.0]	[8428.0, 1088.0, 3303.0]
3611.7741	2.0	trials	1.0	2.0	60.0	biphasic	5.0	100.0	1.0	10.0	50.0	5r_12b	5.0	12.0	bipolar		[8428.0, 1138.0, 3303.0]	[8428.0, 1088.0, 3303.0]
3613.7761	2.0	trials	1.0	2.0	60.0	biphasic	5.0	100.0	1.0	10.0	50.0	5r_12b	5.0	12.0	bipolar		[8428.0, 1138.0, 3303.0]	[8428.0, 1088.0, 3303.0]
3636.0019	2.0	trials	1.0	2.0	60.0	biphasic	6.0	100.0	1.0	10.0	-100.0	5r_12b	5.0	12.0	bipolar		[8428.0, 1138.0, 3303.0]	[8428.0, 1088.0, 3303.0]
3638.0039	2.0	trials	1.0	2.0	60.0	biphasic	6.0	100.0	1.0	10.0	-100.0	5r_12b	5.0	12.0	bipolar		[8428.0, 1138.0, 3303.0]	[8428.0, 1088.0, 3303.0]
3640.0059	2.0	trials	1.0	2.0	60.0	biphasic	6.0	100.0	1.0	10.0	-100.0	5r_12b	5.0	12.0	bipolar		[8428.0, 1138.0, 3303.0]	[8428.0, 1088.0, 3303.0]
3642.007866666667	2.0	trials	1.0	2.0	60.0	biphasic	6.0	100.0	1.0	10.0	-100.0	5r_12b	5.0	12.0	bipolar		[8428.0, 1138.0, 3303.0]	[8428.0, 1088.0, 3303.0]
3644.0098666666668	2.0	trials	1.0	2.0	60.0	biphasic	6.0	100.0	1.0	10.0	-100.0	5r_12b	5.0	12.0	bipolar		[8428.0, 1138.0, 3303.0]	[8428.0, 1088.0, 3303.0]
3646.0118666666667	2.0	trials	1.0	2.0	60.0	biphasic	6.0	100.0	1.0	10.0	-100.0	5r_12b	5.0	12.0	bipolar		[8428.0, 1138.0, 3303.0]	[8428.0, 1088.0, 3303.0]
3648.0138666666667	2.0	trials	1.0	2.0	60.0	biphasic	6.0	100.0	1.0	10.0	-100.0	5r_12b	5.0	12.0	bipolar		[8428.0, 1138.0, 3303.0]	[8428.0, 1088.0, 3303.0]
3650.0158666666666	2.0	trials	1.0	2.0	60.0	biphasic	6.0	100.0	1.0	10.0	-100.0	5r_12b	5.0	12.0	bipolar		[8428.0, 1138.0, 3303.0]	[8428.0, 1088.0, 3303.0]
3652.0178666666666	2.0	trials	1.0	2.0	60.0	biphasic	6.0	100.0	1.0	10.0	-100.0	5r_12b	5.0	12.0	bipolar		[8428.0, 1138.0, 3303.0]	[8428.0, 1088.0, 3303.0]
3654.0198666666665	2.0	trials	1.0	2.0	60.0	biphasic	6.0	100.0	1.0	10.0	-100.0	5r_12b	5.0	12.0	bipolar		[8428.0, 1138.0, 3303.0]	[8428.0, 1088.0, 3303.0]
3656.0218666666665	2.0	trials	1.0	2.0	60.0	biphasic	6.0	100.0	1.0	10.0	-100.0	5r_12b	5.0	12.0	bipolar		[8428.0, 1138.0, 3303.0]	[8428.0, 1088.0, 3303.0]
3658.023866666667	2.0	trials	1.0	2.0	60.0	biphasic	6.0	100.0	1.0	10.0	-100.0	5r_12b	5.0	12.0	bipolar		[8428.0, 1138.0, 3303.0]	[8428.0, 1088.0, 3303.0]
3660.025866666667	2.0	trials	1.0	2.0	60.0	biphasic	6.0	100.0	1.0	10.0	-100.0	5r_12b	5.0	12.0	bipolar		[8428.0, 1138.0, 3303.0]	[8428.0, 1088.0, 3303.0]
3662.0278333333335	2.0	trials	1.0	2.0	60.0	biphasic	6.0	100.0	1.0	10.0	-100.0	5r_12b	5.0	12.0	bipolar		[8428.0, 1138.0, 3303.0]	[8428.0, 1088.0, 3303.0]
3664.0298333333335	2.0	trials	1.0	2.0	60.0	biphasic	6.0	100.0	1.0	10.0	-100.0	5r_12b	5.0	12.0	bipolar		[8428.0, 1138.0, 3303.0]	[8428.0, 1088.0, 3303.0]
3666.0318333333335	2.0	trials	1.0	2.0	60.0	biphasic	6.0	100.0	1.0	10.0	-100.0	5r_12b	5.0	12.0	bipolar		[8428.0, 1138.0, 3303.0]	[8428.0, 1088.0, 3303.0]
3668.0338333333334	2.0	trials	1.0	2.0	60.0	biphasic	6.0	100.0	1.0	10.0	-100.0	5r_12b	5.0	12.0	bipolar		[8428.0, 1138.0, 3303.0]	[8428.0, 1088.0, 3303.0]
3670.0358333333334	2.0	trials	1.0	2.0	60.0	biphasic	6.0	100.0	1.0	10.0	-100.0	5r_12b	5.0	12.0	bipolar		[8428.0, 1138.0, 3303.0]	[8428.0, 1088.0, 3303.0]
3672.0378333333333	2.0	trials	1.0	2.0	60.0	biphasic	6.0	100.0	1.0	10.0	-100.0	5r_12b	5.0	12.0	bipolar		[8428.0, 1138.0, 3303.0]	[8428.0, 1088.0, 3303.0]
3674.0398333333333	2.0	trials	1.0	2.0	60.0	biphasic	6.0	100.0	1.0	10.0	-100.0	5r_12b	5.0	12.0	bipolar		[8428.0, 1138.0, 3303.0]	[8428.0, 1088.0, 3303.0]
3676.041833333333	2.0	trials	1.0	2.0	60.0	biphasic	6.0	100.0	1.0	10.0	-100.0	5r_12b	5.0	12.0	bipolar		[8428.0, 1138.0, 3303.0]	[8428.0, 1088.0, 3303.0]
3678.043833333333	2.0	trials	1.0	2.0	60.0	biphasic	6.0	100.0	1.0	10.0	-100.0	5r_12b	5.0	12.0	bipolar		[8428.0, 1138.0, 3303.0]	[8428.0, 1088.0, 3303.0]
3680.0458	2.0	trials	1.0	2.0	60.0	biphasic	6.0	100.0	1.0	10.0	-100.0	5r_12b	5.0	12.0	bipolar		[8428.0, 1138.0, 3303.0]	[8428.0, 1088.0, 3303.0]
3682.0478	2.0	trials	1.0	2.0	60.0	biphasic	6.0	100.0	1.0	10.0	-100.0	5r_12b	5.0	12.0	bipolar		[8428.0, 1138.0, 3303.0]	[8428.0, 1088.0, 3303.0]
3684.0498	2.0	trials	1.0	2.0	60.0	biphasic	6.0	100.0	1.0	10.0	-100.0	5r_12b	5.0	12.0	bipolar		[8428.0, 1138.0, 3303.0]	[8428.0, 1088.0, 3303.0]
3686.0518	2.0	trials	1.0	2.0	60.0	biphasic	6.0	100.0	1.0	10.0	-100.0	5r_12b	5.0	12.0	bipolar		[8428.0, 1138.0, 3303.0]	[8428.0, 1088.0, 3303.0]
3688.0538	2.0	trials	1.0	2.0	60.0	biphasic	6.0	100.0	1.0	10.0	-100.0	5r_12b	5.0	12.0	bipolar		[8428.0, 1138.0, 3303.0]	[8428.0, 1088.0, 3303.0]
3690.0558	2.0	trials	1.0	2.0	60.0	biphasic	6.0	100.0	1.0	10.0	-100.0	5r_12b	5.0	12.0	bipolar		[8428.0, 1138.0, 3303.0]	[8428.0, 1088.0, 3303.0]
3692.0578	2.0	trials	1.0	2.0	60.0	biphasic	6.0	100.0	1.0	10.0	-100.0	5r_12b	5.0	12.0	bipolar		[8428.0, 1138.0, 3303.0]	[8428.0, 1088.0, 3303.0]
3694.0598	2.0	trials	1.0	2.0	60.0	biphasic	6.0	100.0	1.0	10.0	-100.0	5r_12b	5.0	12.0	bipolar		[8428.0, 1138.0, 3303.0]	[8428.0, 1088.0, 3303.0]
3696.0618	2.0	trials	1.0	2.0	60.0	biphasic	6.0	100.0	1.0	10.0	-100.0	5r_12b	5.0	12.0	bipolar		[8428.0, 1138.0, 3303.0]	[8428.0, 1088.0, 3303.0]
3698.0638	2.0	trials	1.0	2.0	60.0	biphasic	6.0	100.0	1.0	10.0	-100.0	5r_12b	5.0	12.0	bipolar		[8428.0, 1138.0, 3303.0]	[8428.0, 1088.0, 3303.0]
3700.0657666666666	2.0	trials	1.0	2.0	60.0	biphasic	6.0	100.0	1.0	10.0	-100.0	5r_12b	5.0	12.0	bipolar		[8428.0, 1138.0, 3303.0]	[8428.0, 1088.0, 3303.0]
3702.0677666666666	2.0	trials	1.0	2.0	60.0	biphasic	6.0	100.0	1.0	10.0	-100.0	5r_12b	5.0	12.0	bipolar		[8428.0, 1138.0, 3303.0]	[8428.0, 1088.0, 3303.0]
3704.0697666666665	2.0	trials	1.0	2.0	60.0	biphasic	6.0	100.0	1.0	10.0	-100.0	5r_12b	5.0	12.0	bipolar		[8428.0, 1138.0, 3303.0]	[8428.0, 1088.0, 3303.0]
3706.0717666666665	2.0	trials	1.0	2.0	60.0	biphasic	6.0	100.0	1.0	10.0	-100.0	5r_12b	5.0	12.0	bipolar		[8428.0, 1138.0, 3303.0]	[8428.0, 1088.0, 3303.0]
3708.073766666667	2.0	trials	1.0	2.0	60.0	biphasic	6.0	100.0	1.0	10.0	-100.0	5r_12b	5.0	12.0	bipolar		[8428.0, 1138.0, 3303.0]	[8428.0, 1088.0, 3303.0]
3710.075766666667	2.0	trials	1.0	2.0	60.0	biphasic	6.0	100.0	1.0	10.0	-100.0	5r_12b	5.0	12.0	bipolar		[8428.0, 1138.0, 3303.0]	[8428.0, 1088.0, 3303.0]
3712.077766666667	2.0	trials	1.0	2.0	60.0	biphasic	6.0	100.0	1.0	10.0	-100.0	5r_12b	5.0	12.0	bipolar		[8428.0, 1138.0, 3303.0]	[8428.0, 1088.0, 3303.0]
3714.0797666666667	2.0	trials	1.0	2.0	60.0	biphasic	6.0	100.0	1.0	10.0	-100.0	5r_12b	5.0	12.0	bipolar		[8428.0, 1138.0, 3303.0]	[8428.0, 1088.0, 3303.0]
3716.0817666666667	2.0	trials	1.0	2.0	60.0	biphasic	6.0	100.0	1.0	10.0	-100.0	5r_12b	5.0	12.0	bipolar		[8428.0, 1138.0, 3303.0]	[8428.0, 1088.0, 3303.0]
3718.0837333333334	2.0	trials	1.0	2.0	60.0	biphasic	6.0	100.0	1.0	10.0	-100.0	5r_12b	5.0	12.0	bipolar		[8428.0, 1138.0, 3303.0]	[8428.0, 1088.0, 3303.0]
3720.0857333333333	2.0	trials	1.0	2.0	60.0	biphasic	6.0	100.0	1.0	10.0	-100.0	5r_12b	5.0	12.0	bipolar		[8428.0, 1138.0, 3303.0]	[8428.0, 1088.0, 3303.0]
3722.0877333333333	2.0	trials	1.0	2.0	60.0	biphasic	6.0	100.0	1.0	10.0	-100.0	5r_12b	5.0	12.0	bipolar		[8428.0, 1138.0, 3303.0]	[8428.0, 1088.0, 3303.0]
3724.0897333333332	2.0	trials	1.0	2.0	60.0	biphasic	6.0	100.0	1.0	10.0	-100.0	5r_12b	5.0	12.0	bipolar		[8428.0, 1138.0, 3303.0]	[8428.0, 1088.0, 3303.0]
3726.091733333333	2.0	trials	1.0	2.0	60.0	biphasic	6.0	100.0	1.0	10.0	-100.0	5r_12b	5.0	12.0	bipolar		[8428.0, 1138.0, 3303.0]	[8428.0, 1088.0, 3303.0]
3728.093733333333	2.0	trials	1.0	2.0	60.0	biphasic	6.0	100.0	1.0	10.0	-100.0	5r_12b	5.0	12.0	bipolar		[8428.0, 1138.0, 3303.0]	[8428.0, 1088.0, 3303.0]
3730.0957333333336	2.0	trials	1.0	2.0	60.0	biphasic	6.0	100.0	1.0	10.0	-100.0	5r_12b	5.0	12.0	bipolar		[8428.0, 1138.0, 3303.0]	[8428.0, 1088.0, 3303.0]
3732.0977333333335	2.0	trials	1.0	2.0	60.0	biphasic	6.0	100.0	1.0	10.0	-100.0	5r_12b	5.0	12.0	bipolar		[8428.0, 1138.0, 3303.0]	[8428.0, 1088.0, 3303.0]
3734.0997333333335	2.0	trials	1.0	2.0	60.0	biphasic	6.0	100.0	1.0	10.0	-100.0	5r_12b	5.0	12.0	bipolar		[8428.0, 1138.0, 3303.0]	[8428.0, 1088.0, 3303.0]
3736.1017333333334	2.0	trials	1.0	2.0	60.0	biphasic	6.0	100.0	1.0	10.0	-100.0	5r_12b	5.0	12.0	bipolar		[8428.0, 1138.0, 3303.0]	[8428.0, 1088.0, 3303.0]
3738.1037	2.0	trials	1.0	2.0	60.0	biphasic	6.0	100.0	1.0	10.0	-100.0	5r_12b	5.0	12.0	bipolar		[8428.0, 1138.0, 3303.0]	[8428.0, 1088.0, 3303.0]
3740.1057	2.0	trials	1.0	2.0	60.0	biphasic	6.0	100.0	1.0	10.0	-100.0	5r_12b	5.0	12.0	bipolar		[8428.0, 1138.0, 3303.0]	[8428.0, 1088.0, 3303.0]
3742.1077	2.0	trials	1.0	2.0	60.0	biphasic	6.0	100.0	1.0	10.0	-100.0	5r_12b	5.0	12.0	bipolar		[8428.0, 1138.0, 3303.0]	[8428.0, 1088.0, 3303.0]
3744.1097	2.0	trials	1.0	2.0	60.0	biphasic	6.0	100.0	1.0	10.0	-100.0	5r_12b	5.0	12.0	bipolar		[8428.0, 1138.0, 3303.0]	[8428.0, 1088.0, 3303.0]
3746.1117	2.0	trials	1.0	2.0	60.0	biphasic	6.0	100.0	1.0	10.0	-100.0	5r_12b	5.0	12.0	bipolar		[8428.0, 1138.0, 3303.0]	[8428.0, 1088.0, 3303.0]
3748.1137	2.0	trials	1.0	2.0	60.0	biphasic	6.0	100.0	1.0	10.0	-100.0	5r_12b	5.0	12.0	bipolar		[8428.0, 1138.0, 3303.0]	[8428.0, 1088.0, 3303.0]
3750.1157	2.0	trials	1.0	2.0	60.0	biphasic	6.0	100.0	1.0	10.0	-100.0	5r_12b	5.0	12.0	bipolar		[8428.0, 1138.0, 3303.0]	[8428.0, 1088.0, 3303.0]
3752.1177	2.0	trials	1.0	2.0	60.0	biphasic	6.0	100.0	1.0	10.0	-100.0	5r_12b	5.0	12.0	bipolar		[8428.0, 1138.0, 3303.0]	[8428.0, 1088.0, 3303.0]
3754.1197	2.0	trials	1.0	2.0	60.0	biphasic	6.0	100.0	1.0	10.0	-100.0	5r_12b	5.0	12.0	bipolar		[8428.0, 1138.0, 3303.0]	[8428.0, 1088.0, 3303.0]
3800.0661333333333	2.0	trials	1.0	2.0	60.0	biphasic	7.0	100.0	1.0	10.0	100.0	5r_12b	5.0	12.0	bipolar		[8428.0, 1138.0, 3303.0]	[8428.0, 1088.0, 3303.0]
3802.068133333333	2.0	trials	1.0	2.0	60.0	biphasic	7.0	100.0	1.0	10.0	100.0	5r_12b	5.0	12.0	bipolar		[8428.0, 1138.0, 3303.0]	[8428.0, 1088.0, 3303.0]
3804.070133333333	2.0	trials	1.0	2.0	60.0	biphasic	7.0	100.0	1.0	10.0	100.0	5r_12b	5.0	12.0	bipolar		[8428.0, 1138.0, 3303.0]	[8428.0, 1088.0, 3303.0]
3806.072133333333	2.0	trials	1.0	2.0	60.0	biphasic	7.0	100.0	1.0	10.0	100.0	5r_12b	5.0	12.0	bipolar		[8428.0, 1138.0, 3303.0]	[8428.0, 1088.0, 3303.0]
3808.0741333333335	2.0	trials	1.0	2.0	60.0	biphasic	7.0	100.0	1.0	10.0	100.0	5r_12b	5.0	12.0	bipolar		[8428.0, 1138.0, 3303.0]	[8428.0, 1088.0, 3303.0]
3810.0761333333335	2.0	trials	1.0	2.0	60.0	biphasic	7.0	100.0	1.0	10.0	100.0	5r_12b	5.0	12.0	bipolar		[8428.0, 1138.0, 3303.0]	[8428.0, 1088.0, 3303.0]
3812.0781333333334	2.0	trials	1.0	2.0	60.0	biphasic	7.0	100.0	1.0	10.0	100.0	5r_12b	5.0	12.0	bipolar		[8428.0, 1138.0, 3303.0]	[8428.0, 1088.0, 3303.0]
3814.0801333333334	2.0	trials	1.0	2.0	60.0	biphasic	7.0	100.0	1.0	10.0	100.0	5r_12b	5.0	12.0	bipolar		[8428.0, 1138.0, 3303.0]	[8428.0, 1088.0, 3303.0]
3816.0821333333333	2.0	trials	1.0	2.0	60.0	biphasic	7.0	100.0	1.0	10.0	100.0	5r_12b	5.0	12.0	bipolar		[8428.0, 1138.0, 3303.0]	[8428.0, 1088.0, 3303.0]
3818.0841	2.0	trials	1.0	2.0	60.0	biphasic	7.0	100.0	1.0	10.0	100.0	5r_12b	5.0	12.0	bipolar		[8428.0, 1138.0, 3303.0]	[8428.0, 1088.0, 3303.0]
3820.0861	2.0	trials	1.0	2.0	60.0	biphasic	7.0	100.0	1.0	10.0	100.0	5r_12b	5.0	12.0	bipolar		[8428.0, 1138.0, 3303.0]	[8428.0, 1088.0, 3303.0]
3822.0881	2.0	trials	1.0	2.0	60.0	biphasic	7.0	100.0	1.0	10.0	100.0	5r_12b	5.0	12.0	bipolar		[8428.0, 1138.0, 3303.0]	[8428.0, 1088.0, 3303.0]
3824.0901	2.0	trials	1.0	2.0	60.0	biphasic	7.0	100.0	1.0	10.0	100.0	5r_12b	5.0	12.0	bipolar		[8428.0, 1138.0, 3303.0]	[8428.0, 1088.0, 3303.0]
3826.0921	2.0	trials	1.0	2.0	60.0	biphasic	7.0	100.0	1.0	10.0	100.0	5r_12b	5.0	12.0	bipolar		[8428.0, 1138.0, 3303.0]	[8428.0, 1088.0, 3303.0]
3828.0941	2.0	trials	1.0	2.0	60.0	biphasic	7.0	100.0	1.0	10.0	100.0	5r_12b	5.0	12.0	bipolar		[8428.0, 1138.0, 3303.0]	[8428.0, 1088.0, 3303.0]
3830.0961	2.0	trials	1.0	2.0	60.0	biphasic	7.0	100.0	1.0	10.0	100.0	5r_12b	5.0	12.0	bipolar		[8428.0, 1138.0, 3303.0]	[8428.0, 1088.0, 3303.0]
3832.0981	2.0	trials	1.0	2.0	60.0	biphasic	7.0	100.0	1.0	10.0	100.0	5r_12b	5.0	12.0	bipolar		[8428.0, 1138.0, 3303.0]	[8428.0, 1088.0, 3303.0]
3834.1001	2.0	trials	1.0	2.0	60.0	biphasic	7.0	100.0	1.0	10.0	100.0	5r_12b	5.0	12.0	bipolar		[8428.0, 1138.0, 3303.0]	[8428.0, 1088.0, 3303.0]
3836.1021	2.0	trials	1.0	2.0	60.0	biphasic	7.0	100.0	1.0	10.0	100.0	5r_12b	5.0	12.0	bipolar		[8428.0, 1138.0, 3303.0]	[8428.0, 1088.0, 3303.0]
3838.1040666666668	2.0	trials	1.0	2.0	60.0	biphasic	7.0	100.0	1.0	10.0	100.0	5r_12b	5.0	12.0	bipolar		[8428.0, 1138.0, 3303.0]	[8428.0, 1088.0, 3303.0]
3840.1060666666667	2.0	trials	1.0	2.0	60.0	biphasic	7.0	100.0	1.0	10.0	100.0	5r_12b	5.0	12.0	bipolar		[8428.0, 1138.0, 3303.0]	[8428.0, 1088.0, 3303.0]
3842.1080666666667	2.0	trials	1.0	2.0	60.0	biphasic	7.0	100.0	1.0	10.0	100.0	5r_12b	5.0	12.0	bipolar		[8428.0, 1138.0, 3303.0]	[8428.0, 1088.0, 3303.0]
3844.1100666666666	2.0	trials	1.0	2.0	60.0	biphasic	7.0	100.0	1.0	10.0	100.0	5r_12b	5.0	12.0	bipolar		[8428.0, 1138.0, 3303.0]	[8428.0, 1088.0, 3303.0]
3846.1120666666666	2.0	trials	1.0	2.0	60.0	biphasic	7.0	100.0	1.0	10.0	100.0	5r_12b	5.0	12.0	bipolar		[8428.0, 1138.0, 3303.0]	[8428.0, 1088.0, 3303.0]
3848.1140666666665	2.0	trials	1.0	2.0	60.0	biphasic	7.0	100.0	1.0	10.0	100.0	5r_12b	5.0	12.0	bipolar		[8428.0, 1138.0, 3303.0]	[8428.0, 1088.0, 3303.0]
3850.1160666666665	2.0	trials	1.0	2.0	60.0	biphasic	7.0	100.0	1.0	10.0	100.0	5r_12b	5.0	12.0	bipolar		[8428.0, 1138.0, 3303.0]	[8428.0, 1088.0, 3303.0]
3852.118066666667	2.0	trials	1.0	2.0	60.0	biphasic	7.0	100.0	1.0	10.0	100.0	5r_12b	5.0	12.0	bipolar		[8428.0, 1138.0, 3303.0]	[8428.0, 1088.0, 3303.0]
3854.120066666667	2.0	trials	1.0	2.0	60.0	biphasic	7.0	100.0	1.0	10.0	100.0	5r_12b	5.0	12.0	bipolar		[8428.0, 1138.0, 3303.0]	[8428.0, 1088.0, 3303.0]
3856.1220333333335	2.0	trials	1.0	2.0	60.0	biphasic	7.0	100.0	1.0	10.0	100.0	5r_12b	5.0	12.0	bipolar		[8428.0, 1138.0, 3303.0]	[8428.0, 1088.0, 3303.0]
3858.1240333333335	2.0	trials	1.0	2.0	60.0	biphasic	7.0	100.0	1.0	10.0	100.0	5r_12b	5.0	12.0	bipolar		[8428.0, 1138.0, 3303.0]	[8428.0, 1088.0, 3303.0]
3860.1260333333335	2.0	trials	1.0	2.0	60.0	biphasic	7.0	100.0	1.0	10.0	100.0	5r_12b	5.0	12.0	bipolar		[8428.0, 1138.0, 3303.0]	[8428.0, 1088.0, 3303.0]
3862.1280333333334	2.0	trials	1.0	2.0	60.0	biphasic	7.0	100.0	1.0	10.0	100.0	5r_12b	5.0	12.0	bipolar		[8428.0, 1138.0, 3303.0]	[8428.0, 1088.0, 3303.0]
3864.1300333333334	2.0	trials	1.0	2.0	60.0	biphasic	7.0	100.0	1.0	10.0	100.0	5r_12b	5.0	12.0	bipolar		[8428.0, 1138.0, 3303.0]	[8428.0, 1088.0, 3303.0]
3866.1320333333333	2.0	trials	1.0	2.0	60.0	biphasic	7.0	100.0	1.0	10.0	100.0	5r_12b	5.0	12.0	bipolar		[8428.0, 1138.0, 3303.0]	[8428.0, 1088.0, 3303.0]
3868.1340333333333	2.0	trials	1.0	2.0	60.0	biphasic	7.0	100.0	1.0	10.0	100.0	5r_12b	5.0	12.0	bipolar		[8428.0, 1138.0, 3303.0]	[8428.0, 1088.0, 3303.0]
3870.136033333333	2.0	trials	1.0	2.0	60.0	biphasic	7.0	100.0	1.0	10.0	100.0	5r_12b	5.0	12.0	bipolar		[8428.0, 1138.0, 3303.0]	[8428.0, 1088.0, 3303.0]
3872.138033333333	2.0	trials	1.0	2.0	60.0	biphasic	7.0	100.0	1.0	10.0	100.0	5r_12b	5.0	12.0	bipolar		[8428.0, 1138.0, 3303.0]	[8428.0, 1088.0, 3303.0]
3874.140033333333	2.0	trials	1.0	2.0	60.0	biphasic	7.0	100.0	1.0	10.0	100.0	5r_12b	5.0	12.0	bipolar		[8428.0, 1138.0, 3303.0]	[8428.0, 1088.0, 3303.0]
3876.142	2.0	trials	1.0	2.0	60.0	biphasic	7.0	100.0	1.0	10.0	100.0	5r_12b	5.0	12.0	bipolar		[8428.0, 1138.0, 3303.0]	[8428.0, 1088.0, 3303.0]
3878.144	2.0	trials	1.0	2.0	60.0	biphasic	7.0	100.0	1.0	10.0	100.0	5r_12b	5.0	12.0	bipolar		[8428.0, 1138.0, 3303.0]	[8428.0, 1088.0, 3303.0]
3880.146	2.0	trials	1.0	2.0	60.0	biphasic	7.0	100.0	1.0	10.0	100.0	5r_12b	5.0	12.0	bipolar		[8428.0, 1138.0, 3303.0]	[8428.0, 1088.0, 3303.0]
3882.148	2.0	trials	1.0	2.0	60.0	biphasic	7.0	100.0	1.0	10.0	100.0	5r_12b	5.0	12.0	bipolar		[8428.0, 1138.0, 3303.0]	[8428.0, 1088.0, 3303.0]
3884.15	2.0	trials	1.0	2.0	60.0	biphasic	7.0	100.0	1.0	10.0	100.0	5r_12b	5.0	12.0	bipolar		[8428.0, 1138.0, 3303.0]	[8428.0, 1088.0, 3303.0]
3886.152	2.0	trials	1.0	2.0	60.0	biphasic	7.0	100.0	1.0	10.0	100.0	5r_12b	5.0	12.0	bipolar		[8428.0, 1138.0, 3303.0]	[8428.0, 1088.0, 3303.0]
3888.154	2.0	trials	1.0	2.0	60.0	biphasic	7.0	100.0	1.0	10.0	100.0	5r_12b	5.0	12.0	bipolar		[8428.0, 1138.0, 3303.0]	[8428.0, 1088.0, 3303.0]
3890.156	2.0	trials	1.0	2.0	60.0	biphasic	7.0	100.0	1.0	10.0	100.0	5r_12b	5.0	12.0	bipolar		[8428.0, 1138.0, 3303.0]	[8428.0, 1088.0, 3303.0]
3892.158	2.0	trials	1.0	2.0	60.0	biphasic	7.0	100.0	1.0	10.0	100.0	5r_12b	5.0	12.0	bipolar		[8428.0, 1138.0, 3303.0]	[8428.0, 1088.0, 3303.0]
3894.16	2.0	trials	1.0	2.0	60.0	biphasic	7.0	100.0	1.0	10.0	100.0	5r_12b	5.0	12.0	bipolar		[8428.0, 1138.0, 3303.0]	[8428.0, 1088.0, 3303.0]
3896.1619666666666	2.0	trials	1.0	2.0	60.0	biphasic	7.0	100.0	1.0	10.0	100.0	5r_12b	5.0	12.0	bipolar		[8428.0, 1138.0, 3303.0]	[8428.0, 1088.0, 3303.0]
3898.1639666666665	2.0	trials	1.0	2.0	60.0	biphasic	7.0	100.0	1.0	10.0	100.0	5r_12b	5.0	12.0	bipolar		[8428.0, 1138.0, 3303.0]	[8428.0, 1088.0, 3303.0]
3900.1659666666665	2.0	trials	1.0	2.0	60.0	biphasic	7.0	100.0	1.0	10.0	100.0	5r_12b	5.0	12.0	bipolar		[8428.0, 1138.0, 3303.0]	[8428.0, 1088.0, 3303.0]
3902.167966666667	2.0	trials	1.0	2.0	60.0	biphasic	7.0	100.0	1.0	10.0	100.0	5r_12b	5.0	12.0	bipolar		[8428.0, 1138.0, 3303.0]	[8428.0, 1088.0, 3303.0]
3904.169966666667	2.0	trials	1.0	2.0	60.0	biphasic	7.0	100.0	1.0	10.0	100.0	5r_12b	5.0	12.0	bipolar		[8428.0, 1138.0, 3303.0]	[8428.0, 1088.0, 3303.0]
3906.171966666667	2.0	trials	1.0	2.0	60.0	biphasic	7.0	100.0	1.0	10.0	100.0	5r_12b	5.0	12.0	bipolar		[8428.0, 1138.0, 3303.0]	[8428.0, 1088.0, 3303.0]
3908.1739666666667	2.0	trials	1.0	2.0	60.0	biphasic	7.0	100.0	1.0	10.0	100.0	5r_12b	5.0	12.0	bipolar		[8428.0, 1138.0, 3303.0]	[8428.0, 1088.0, 3303.0]
3910.1759666666667	2.0	trials	1.0	2.0	60.0	biphasic	7.0	100.0	1.0	10.0	100.0	5r_12b	5.0	12.0	bipolar		[8428.0, 1138.0, 3303.0]	[8428.0, 1088.0, 3303.0]
3912.1779666666666	2.0	trials	1.0	2.0	60.0	biphasic	7.0	100.0	1.0	10.0	100.0	5r_12b	5.0	12.0	bipolar		[8428.0, 1138.0, 3303.0]	[8428.0, 1088.0, 3303.0]
3914.1799666666666	2.0	trials	1.0	2.0	60.0	biphasic	7.0	100.0	1.0	10.0	100.0	5r_12b	5.0	12.0	bipolar		[8428.0, 1138.0, 3303.0]	[8428.0, 1088.0, 3303.0]
3916.1819333333333	2.0	trials	1.0	2.0	60.0	biphasic	7.0	100.0	1.0	10.0	100.0	5r_12b	5.0	12.0	bipolar		[8428.0, 1138.0, 3303.0]	[8428.0, 1088.0, 3303.0]
3918.1839333333332	2.0	trials	1.0	2.0	60.0	biphasic	7.0	100.0	1.0	10.0	100.0	5r_12b	5.0	12.0	bipolar		[8428.0, 1138.0, 3303.0]	[8428.0, 1088.0, 3303.0]
4053.1802333333335	2.0	trials	1.0	2.0	60.0	biphasic	8.0	100.0	1.0	10.0	-5.0	5r	5.0	0.0	monopolar		[8428.0, 1138.0, 3303.0]	[0.0, 0.0, 0.0]
4055.1822333333334	2.0	trials	1.0	2.0	60.0	biphasic	8.0	100.0	1.0	10.0	-5.0	5r	5.0	0.0	monopolar		[8428.0, 1138.0, 3303.0]	[0.0, 0.0, 0.0]
4057.1842333333334	2.0	trials	1.0	2.0	60.0	biphasic	8.0	100.0	1.0	10.0	-5.0	5r	5.0	0.0	monopolar		[8428.0, 1138.0, 3303.0]	[0.0, 0.0, 0.0]
4059.1862333333333	2.0	trials	1.0	2.0	60.0	biphasic	8.0	100.0	1.0	10.0	-5.0	5r	5.0	0.0	monopolar		[8428.0, 1138.0, 3303.0]	[0.0, 0.0, 0.0]
4061.1882333333333	2.0	trials	1.0	2.0	60.0	biphasic	8.0	100.0	1.0	10.0	-5.0	5r	5.0	0.0	monopolar		[8428.0, 1138.0, 3303.0]	[0.0, 0.0, 0.0]
4063.1902333333333	2.0	trials	1.0	2.0	60.0	biphasic	8.0	100.0	1.0	10.0	-5.0	5r	5.0	0.0	monopolar		[8428.0, 1138.0, 3303.0]	[0.0, 0.0, 0.0]
4065.1922	2.0	trials	1.0	2.0	60.0	biphasic	8.0	100.0	1.0	10.0	-5.0	5r	5.0	0.0	monopolar		[8428.0, 1138.0, 3303.0]	[0.0, 0.0, 0.0]
4067.1942	2.0	trials	1.0	2.0	60.0	biphasic	8.0	100.0	1.0	10.0	-5.0	5r	5.0	0.0	monopolar		[8428.0, 1138.0, 3303.0]	[0.0, 0.0, 0.0]
4069.1962	2.0	trials	1.0	2.0	60.0	biphasic	8.0	100.0	1.0	10.0	-5.0	5r	5.0	0.0	monopolar		[8428.0, 1138.0, 3303.0]	[0.0, 0.0, 0.0]
4071.1982	2.0	trials	1.0	2.0	60.0	biphasic	8.0	100.0	1.0	10.0	-5.0	5r	5.0	0.0	monopolar		[8428.0, 1138.0, 3303.0]	[0.0, 0.0, 0.0]
4073.2002	2.0	trials	1.0	2.0	60.0	biphasic	8.0	100.0	1.0	10.0	-5.0	5r	5.0	0.0	monopolar		[8428.0, 1138.0, 3303.0]	[0.0, 0.0, 0.0]
4075.2022	2.0	trials	1.0	2.0	60.0	biphasic	8.0	100.0	1.0	10.0	-5.0	5r	5.0	0.0	monopolar		[8428.0, 1138.0, 3303.0]	[0.0, 0.0, 0.0]
4077.2042	2.0	trials	1.0	2.0	60.0	biphasic	8.0	100.0	1.0	10.0	-5.0	5r	5.0	0.0	monopolar		[8428.0, 1138.0, 3303.0]	[0.0, 0.0, 0.0]
4079.2062	2.0	trials	1.0	2.0	60.0	biphasic	8.0	100.0	1.0	10.0	-5.0	5r	5.0	0.0	monopolar		[8428.0, 1138.0, 3303.0]	[0.0, 0.0, 0.0]
4081.2082	2.0	trials	1.0	2.0	60.0	biphasic	8.0	100.0	1.0	10.0	-5.0	5r	5.0	0.0	monopolar		[8428.0, 1138.0, 3303.0]	[0.0, 0.0, 0.0]
4083.2101666666667	2.0	trials	1.0	2.0	60.0	biphasic	8.0	100.0	1.0	10.0	-5.0	5r	5.0	0.0	monopolar		[8428.0, 1138.0, 3303.0]	[0.0, 0.0, 0.0]
4085.2121666666667	2.0	trials	1.0	2.0	60.0	biphasic	8.0	100.0	1.0	10.0	-5.0	5r	5.0	0.0	monopolar		[8428.0, 1138.0, 3303.0]	[0.0, 0.0, 0.0]
4087.2141666666666	2.0	trials	1.0	2.0	60.0	biphasic	8.0	100.0	1.0	10.0	-5.0	5r	5.0	0.0	monopolar		[8428.0, 1138.0, 3303.0]	[0.0, 0.0, 0.0]
4089.2161666666666	2.0	trials	1.0	2.0	60.0	biphasic	8.0	100.0	1.0	10.0	-5.0	5r	5.0	0.0	monopolar		[8428.0, 1138.0, 3303.0]	[0.0, 0.0, 0.0]
4091.2181666666665	2.0	trials	1.0	2.0	60.0	biphasic	8.0	100.0	1.0	10.0	-5.0	5r	5.0	0.0	monopolar		[8428.0, 1138.0, 3303.0]	[0.0, 0.0, 0.0]
4093.2201666666665	2.0	trials	1.0	2.0	60.0	biphasic	8.0	100.0	1.0	10.0	-5.0	5r	5.0	0.0	monopolar		[8428.0, 1138.0, 3303.0]	[0.0, 0.0, 0.0]
4095.2221666666665	2.0	trials	1.0	2.0	60.0	biphasic	8.0	100.0	1.0	10.0	-5.0	5r	5.0	0.0	monopolar		[8428.0, 1138.0, 3303.0]	[0.0, 0.0, 0.0]
4097.224166666667	2.0	trials	1.0	2.0	60.0	biphasic	8.0	100.0	1.0	10.0	-5.0	5r	5.0	0.0	monopolar		[8428.0, 1138.0, 3303.0]	[0.0, 0.0, 0.0]
4099.226433543387	2.0	trials	1.0	2.0	60.0	biphasic	8.0	100.0	1.0	10.0	-5.0	5r	5.0	0.0	monopolar		[8428.0, 1138.0, 3303.0]	[0.0, 0.0, 0.0]
4101.228166666667	2.0	trials	1.0	2.0	60.0	biphasic	8.0	100.0	1.0	10.0	-5.0	5r	5.0	0.0	monopolar		[8428.0, 1138.0, 3303.0]	[0.0, 0.0, 0.0]
4103.2301333333335	2.0	trials	1.0	2.0	60.0	biphasic	8.0	100.0	1.0	10.0	-5.0	5r	5.0	0.0	monopolar		[8428.0, 1138.0, 3303.0]	[0.0, 0.0, 0.0]
4105.232133333333	2.0	trials	1.0	2.0	60.0	biphasic	8.0	100.0	1.0	10.0	-5.0	5r	5.0	0.0	monopolar		[8428.0, 1138.0, 3303.0]	[0.0, 0.0, 0.0]
4107.234133333333	2.0	trials	1.0	2.0	60.0	biphasic	8.0	100.0	1.0	10.0	-5.0	5r	5.0	0.0	monopolar		[8428.0, 1138.0, 3303.0]	[0.0, 0.0, 0.0]
4109.235865804957	2.0	trials	1.0	2.0	60.0	biphasic	8.0	100.0	1.0	10.0	-5.0	5r	5.0	0.0	monopolar		[8428.0, 1138.0, 3303.0]	[0.0, 0.0, 0.0]
4111.238133333333	2.0	trials	1.0	2.0	60.0	biphasic	8.0	100.0	1.0	10.0	-5.0	5r	5.0	0.0	monopolar		[8428.0, 1138.0, 3303.0]	[0.0, 0.0, 0.0]
4113.240401122422	2.0	trials	1.0	2.0	60.0	biphasic	8.0	100.0	1.0	10.0	-5.0	5r	5.0	0.0	monopolar		[8428.0, 1138.0, 3303.0]	[0.0, 0.0, 0.0]
4115.242133333333	2.0	trials	1.0	2.0	60.0	biphasic	8.0	100.0	1.0	10.0	-5.0	5r	5.0	0.0	monopolar		[8428.0, 1138.0, 3303.0]	[0.0, 0.0, 0.0]
4117.244133333334	2.0	trials	1.0	2.0	60.0	biphasic	8.0	100.0	1.0	10.0	-5.0	5r	5.0	0.0	monopolar		[8428.0, 1138.0, 3303.0]	[0.0, 0.0, 0.0]
4119.246133333333	2.0	trials	1.0	2.0	60.0	biphasic	8.0	100.0	1.0	10.0	-5.0	5r	5.0	0.0	monopolar		[8428.0, 1138.0, 3303.0]	[0.0, 0.0, 0.0]
4121.2481333333335	2.0	trials	1.0	2.0	60.0	biphasic	8.0	100.0	1.0	10.0	-5.0	5r	5.0	0.0	monopolar		[8428.0, 1138.0, 3303.0]	[0.0, 0.0, 0.0]
4123.249831559256	2.0	trials	1.0	2.0	60.0	biphasic	8.0	100.0	1.0	10.0	-5.0	5r	5.0	0.0	monopolar		[8428.0, 1138.0, 3303.0]	[0.0, 0.0, 0.0]
4125.2521	2.0	trials	1.0	2.0	60.0	biphasic	8.0	100.0	1.0	10.0	-5.0	5r	5.0	0.0	monopolar		[8428.0, 1138.0, 3303.0]	[0.0, 0.0, 0.0]
4127.254368701456	2.0	trials	1.0	2.0	60.0	biphasic	8.0	100.0	1.0	10.0	-5.0	5r	5.0	0.0	monopolar		[8428.0, 1138.0, 3303.0]	[0.0, 0.0, 0.0]
4129.255831168241	2.0	trials	1.0	2.0	60.0	biphasic	8.0	100.0	1.0	10.0	-5.0	5r	5.0	0.0	monopolar		[8428.0, 1138.0, 3303.0]	[0.0, 0.0, 0.0]
4131.2581	2.0	trials	1.0	2.0	60.0	biphasic	8.0	100.0	1.0	10.0	-5.0	5r	5.0	0.0	monopolar		[8428.0, 1138.0, 3303.0]	[0.0, 0.0, 0.0]
4133.260369092472	2.0	trials	1.0	2.0	60.0	biphasic	8.0	100.0	1.0	10.0	-5.0	5r	5.0	0.0	monopolar		[8428.0, 1138.0, 3303.0]	[0.0, 0.0, 0.0]
4135.2621	2.0	trials	1.0	2.0	60.0	biphasic	8.0	100.0	1.0	10.0	-5.0	5r	5.0	0.0	monopolar		[8428.0, 1138.0, 3303.0]	[0.0, 0.0, 0.0]
4137.263830646886	2.0	trials	1.0	2.0	60.0	biphasic	8.0	100.0	1.0	10.0	-5.0	5r	5.0	0.0	monopolar		[8428.0, 1138.0, 3303.0]	[0.0, 0.0, 0.0]
4139.2661	2.0	trials	1.0	2.0	60.0	biphasic	8.0	100.0	1.0	10.0	-5.0	5r	5.0	0.0	monopolar		[8428.0, 1138.0, 3303.0]	[0.0, 0.0, 0.0]
4141.2678303862085	2.0	trials	1.0	2.0	60.0	biphasic	8.0	100.0	1.0	10.0	-5.0	5r	5.0	0.0	monopolar		[8428.0, 1138.0, 3303.0]	[0.0, 0.0, 0.0]
4143.269796922539	2.0	trials	1.0	2.0	60.0	biphasic	8.0	100.0	1.0	10.0	-5.0	5r	5.0	0.0	monopolar		[8428.0, 1138.0, 3303.0]	[0.0, 0.0, 0.0]
4145.2723365411675	2.0	trials	1.0	2.0	60.0	biphasic	8.0	100.0	1.0	10.0	-5.0	5r	5.0	0.0	monopolar		[8428.0, 1138.0, 3303.0]	[0.0, 0.0, 0.0]
4147.274336671507	2.0	trials	1.0	2.0	60.0	biphasic	8.0	100.0	1.0	10.0	-5.0	5r	5.0	0.0	monopolar		[8428.0, 1138.0, 3303.0]	[0.0, 0.0, 0.0]
4149.276066666666	2.0	trials	1.0	2.0	60.0	biphasic	8.0	100.0	1.0	10.0	-5.0	5r	5.0	0.0	monopolar		[8428.0, 1138.0, 3303.0]	[0.0, 0.0, 0.0]
4151.278336932183	2.0	trials	1.0	2.0	60.0	biphasic	8.0	100.0	1.0	10.0	-5.0	5r	5.0	0.0	monopolar		[8428.0, 1138.0, 3303.0]	[0.0, 0.0, 0.0]
4153.280066666666	2.0	trials	1.0	2.0	60.0	biphasic	8.0	100.0	1.0	10.0	-5.0	5r	5.0	0.0	monopolar		[8428.0, 1138.0, 3303.0]	[0.0, 0.0, 0.0]
4155.282066666667	2.0	trials	1.0	2.0	60.0	biphasic	8.0	100.0	1.0	10.0	-5.0	5r	5.0	0.0	monopolar		[8428.0, 1138.0, 3303.0]	[0.0, 0.0, 0.0]
4157.284066666667	2.0	trials	1.0	2.0	60.0	biphasic	8.0	100.0	1.0	10.0	-5.0	5r	5.0	0.0	monopolar		[8428.0, 1138.0, 3303.0]	[0.0, 0.0, 0.0]
4159.286066666667	2.0	trials	1.0	2.0	60.0	biphasic	8.0	100.0	1.0	10.0	-5.0	5r	5.0	0.0	monopolar		[8428.0, 1138.0, 3303.0]	[0.0, 0.0, 0.0]
4161.287795749492	2.0	trials	1.0	2.0	60.0	biphasic	8.0	100.0	1.0	10.0	-5.0	5r	5.0	0.0	monopolar		[8428.0, 1138.0, 3303.0]	[0.0, 0.0, 0.0]
4163.290033333334	2.0	trials	1.0	2.0	60.0	biphasic	8.0	100.0	1.0	10.0	-5.0	5r	5.0	0.0	monopolar		[8428.0, 1138.0, 3303.0]	[0.0, 0.0, 0.0]
4165.2923045112175	2.0	trials	1.0	2.0	60.0	biphasic	8.0	100.0	1.0	10.0	-5.0	5r	5.0	0.0	monopolar		[8428.0, 1138.0, 3303.0]	[0.0, 0.0, 0.0]
4167.293762025146	2.0	trials	1.0	2.0	60.0	biphasic	8.0	100.0	1.0	10.0	-5.0	5r	5.0	0.0	monopolar		[8428.0, 1138.0, 3303.0]	[0.0, 0.0, 0.0]
4169.296033333333	2.0	trials	1.0	2.0	60.0	biphasic	8.0	100.0	1.0	10.0	-5.0	5r	5.0	0.0	monopolar		[8428.0, 1138.0, 3303.0]	[0.0, 0.0, 0.0]
4171.2980333333335	2.0	trials	1.0	2.0	60.0	biphasic	8.0	100.0	1.0	10.0	-5.0	5r	5.0	0.0	monopolar		[8428.0, 1138.0, 3303.0]	[0.0, 0.0, 0.0]
4216.701625475154	2.0	trials	1.0	2.0	60.0	biphasic	9.0	100.0	1.0	10.0	5.0	5r	5.0	0.0	monopolar		[8428.0, 1138.0, 3303.0]	[0.0, 0.0, 0.0]
4218.7039	2.0	trials	1.0	2.0	60.0	biphasic	9.0	100.0	1.0	10.0	5.0	5r	5.0	0.0	monopolar		[8428.0, 1138.0, 3303.0]	[0.0, 0.0, 0.0]
4220.706174785559	2.0	trials	1.0	2.0	60.0	biphasic	9.0	100.0	1.0	10.0	5.0	5r	5.0	0.0	monopolar		[8428.0, 1138.0, 3303.0]	[0.0, 0.0, 0.0]
4222.707866666667	2.0	trials	1.0	2.0	60.0	biphasic	9.0	100.0	1.0	10.0	5.0	5r	5.0	0.0	monopolar		[8428.0, 1138.0, 3303.0]	[0.0, 0.0, 0.0]
4224.709866666667	2.0	trials	1.0	2.0	60.0	biphasic	9.0	100.0	1.0	10.0	5.0	5r	5.0	0.0	monopolar		[8428.0, 1138.0, 3303.0]	[0.0, 0.0, 0.0]
4226.7118666666665	2.0	trials	1.0	2.0	60.0	biphasic	9.0	100.0	1.0	10.0	5.0	5r	5.0	0.0	monopolar		[8428.0, 1138.0, 3303.0]	[0.0, 0.0, 0.0]
4228.713866666667	2.0	trials	1.0	2.0	60.0	biphasic	9.0	100.0	1.0	10.0	5.0	5r	5.0	0.0	monopolar		[8428.0, 1138.0, 3303.0]	[0.0, 0.0, 0.0]
4230.715591229454	2.0	trials	1.0	2.0	60.0	biphasic	9.0	100.0	1.0	10.0	5.0	5r	5.0	0.0	monopolar		[8428.0, 1138.0, 3303.0]	[0.0, 0.0, 0.0]
4232.717866666667	2.0	trials	1.0	2.0	60.0	biphasic	9.0	100.0	1.0	10.0	5.0	5r	5.0	0.0	monopolar		[8428.0, 1138.0, 3303.0]	[0.0, 0.0, 0.0]
4234.720142364593	2.0	trials	1.0	2.0	60.0	biphasic	9.0	100.0	1.0	10.0	5.0	5r	5.0	0.0	monopolar		[8428.0, 1138.0, 3303.0]	[0.0, 0.0, 0.0]
4236.721590838438	2.0	trials	1.0	2.0	60.0	biphasic	9.0	100.0	1.0	10.0	5.0	5r	5.0	0.0	monopolar		[8428.0, 1138.0, 3303.0]	[0.0, 0.0, 0.0]
4238.723866666666	2.0	trials	1.0	2.0	60.0	biphasic	9.0	100.0	1.0	10.0	5.0	5r	5.0	0.0	monopolar		[8428.0, 1138.0, 3303.0]	[0.0, 0.0, 0.0]
4240.725866666667	2.0	trials	1.0	2.0	60.0	biphasic	9.0	100.0	1.0	10.0	5.0	5r	5.0	0.0	monopolar		[8428.0, 1138.0, 3303.0]	[0.0, 0.0, 0.0]
4242.727833333333	2.0	trials	1.0	2.0	60.0	biphasic	9.0	100.0	1.0	10.0	5.0	5r	5.0	0.0	monopolar		[8428.0, 1138.0, 3303.0]	[0.0, 0.0, 0.0]
4244.729556983752	2.0	trials	1.0	2.0	60.0	biphasic	9.0	100.0	1.0	10.0	5.0	5r	5.0	0.0	monopolar		[8428.0, 1138.0, 3303.0]	[0.0, 0.0, 0.0]
4246.731833333333	2.0	trials	1.0	2.0	60.0	biphasic	9.0	100.0	1.0	10.0	5.0	5r	5.0	0.0	monopolar		[8428.0, 1138.0, 3303.0]	[0.0, 0.0, 0.0]
4248.734109943627	2.0	trials	1.0	2.0	60.0	biphasic	9.0	100.0	1.0	10.0	5.0	5r	5.0	0.0	monopolar		[8428.0, 1138.0, 3303.0]	[0.0, 0.0, 0.0]
4250.735556592737	2.0	trials	1.0	2.0	60.0	biphasic	9.0	100.0	1.0	10.0	5.0	5r	5.0	0.0	monopolar		[8428.0, 1138.0, 3303.0]	[0.0, 0.0, 0.0]
4252.737833333334	2.0	trials	1.0	2.0	60.0	biphasic	9.0	100.0	1.0	10.0	5.0	5r	5.0	0.0	monopolar		[8428.0, 1138.0, 3303.0]	[0.0, 0.0, 0.0]
4254.740110334643	2.0	trials	1.0	2.0	60.0	biphasic	9.0	100.0	1.0	10.0	5.0	5r	5.0	0.0	monopolar		[8428.0, 1138.0, 3303.0]	[0.0, 0.0, 0.0]
4256.7418333333335	2.0	trials	1.0	2.0	60.0	biphasic	9.0	100.0	1.0	10.0	5.0	5r	5.0	0.0	monopolar		[8428.0, 1138.0, 3303.0]	[0.0, 0.0, 0.0]
4258.743833333333	2.0	trials	1.0	2.0	60.0	biphasic	9.0	100.0	1.0	10.0	5.0	5r	5.0	0.0	monopolar		[8428.0, 1138.0, 3303.0]	[0.0, 0.0, 0.0]
4260.745833333333	2.0	trials	1.0	2.0	60.0	biphasic	9.0	100.0	1.0	10.0	5.0	5r	5.0	0.0	monopolar		[8428.0, 1138.0, 3303.0]	[0.0, 0.0, 0.0]
4262.7478	2.0	trials	1.0	2.0	60.0	biphasic	9.0	100.0	1.0	10.0	5.0	5r	5.0	0.0	monopolar		[8428.0, 1138.0, 3303.0]	[0.0, 0.0, 0.0]
4264.749522347036	2.0	trials	1.0	2.0	60.0	biphasic	9.0	100.0	1.0	10.0	5.0	5r	5.0	0.0	monopolar		[8428.0, 1138.0, 3303.0]	[0.0, 0.0, 0.0]
4266.7518	2.0	trials	1.0	2.0	60.0	biphasic	9.0	100.0	1.0	10.0	5.0	5r	5.0	0.0	monopolar		[8428.0, 1138.0, 3303.0]	[0.0, 0.0, 0.0]
4268.754077913677	2.0	trials	1.0	2.0	60.0	biphasic	9.0	100.0	1.0	10.0	5.0	5r	5.0	0.0	monopolar		[8428.0, 1138.0, 3303.0]	[0.0, 0.0, 0.0]
4270.755521956021	2.0	trials	1.0	2.0	60.0	biphasic	9.0	100.0	1.0	10.0	5.0	5r	5.0	0.0	monopolar		[8428.0, 1138.0, 3303.0]	[0.0, 0.0, 0.0]
4272.7578	2.0	trials	1.0	2.0	60.0	biphasic	9.0	100.0	1.0	10.0	5.0	5r	5.0	0.0	monopolar		[8428.0, 1138.0, 3303.0]	[0.0, 0.0, 0.0]
4274.7598	2.0	trials	1.0	2.0	60.0	biphasic	9.0	100.0	1.0	10.0	5.0	5r	5.0	0.0	monopolar		[8428.0, 1138.0, 3303.0]	[0.0, 0.0, 0.0]
4276.7618	2.0	trials	1.0	2.0	60.0	biphasic	9.0	100.0	1.0	10.0	5.0	5r	5.0	0.0	monopolar		[8428.0, 1138.0, 3303.0]	[0.0, 0.0, 0.0]
4278.7635214346665	2.0	trials	1.0	2.0	60.0	biphasic	9.0	100.0	1.0	10.0	5.0	5r	5.0	0.0	monopolar		[8428.0, 1138.0, 3303.0]	[0.0, 0.0, 0.0]
4280.7658	2.0	trials	1.0	2.0	60.0	biphasic	9.0	100.0	1.0	10.0	5.0	5r	5.0	0.0	monopolar		[8428.0, 1138.0, 3303.0]	[0.0, 0.0, 0.0]
4282.767487840659	2.0	trials	1.0	2.0	60.0	biphasic	9.0	100.0	1.0	10.0	5.0	5r	5.0	0.0	monopolar		[8428.0, 1138.0, 3303.0]	[0.0, 0.0, 0.0]
4284.7694877103195	2.0	trials	1.0	2.0	60.0	biphasic	9.0	100.0	1.0	10.0	5.0	5r	5.0	0.0	monopolar		[8428.0, 1138.0, 3303.0]	[0.0, 0.0, 0.0]
4286.772045753389	2.0	trials	1.0	2.0	60.0	biphasic	9.0	100.0	1.0	10.0	5.0	5r	5.0	0.0	monopolar		[8428.0, 1138.0, 3303.0]	[0.0, 0.0, 0.0]
4288.773487449643	2.0	trials	1.0	2.0	60.0	biphasic	9.0	100.0	1.0	10.0	5.0	5r	5.0	0.0	monopolar		[8428.0, 1138.0, 3303.0]	[0.0, 0.0, 0.0]
4290.775766666667	2.0	trials	1.0	2.0	60.0	biphasic	9.0	100.0	1.0	10.0	5.0	5r	5.0	0.0	monopolar		[8428.0, 1138.0, 3303.0]	[0.0, 0.0, 0.0]
4292.7780461444045	2.0	trials	1.0	2.0	60.0	biphasic	9.0	100.0	1.0	10.0	5.0	5r	5.0	0.0	monopolar		[8428.0, 1138.0, 3303.0]	[0.0, 0.0, 0.0]
4294.779766666667	2.0	trials	1.0	2.0	60.0	biphasic	9.0	100.0	1.0	10.0	5.0	5r	5.0	0.0	monopolar		[8428.0, 1138.0, 3303.0]	[0.0, 0.0, 0.0]
4296.781766666667	2.0	trials	1.0	2.0	60.0	biphasic	9.0	100.0	1.0	10.0	5.0	5r	5.0	0.0	monopolar		[8428.0, 1138.0, 3303.0]	[0.0, 0.0, 0.0]
4298.783766666666	2.0	trials	1.0	2.0	60.0	biphasic	9.0	100.0	1.0	10.0	5.0	5r	5.0	0.0	monopolar		[8428.0, 1138.0, 3303.0]	[0.0, 0.0, 0.0]
4300.7860466657585	2.0	trials	1.0	2.0	60.0	biphasic	9.0	100.0	1.0	10.0	5.0	5r	5.0	0.0	monopolar		[8428.0, 1138.0, 3303.0]	[0.0, 0.0, 0.0]
4302.787453203942	2.0	trials	1.0	2.0	60.0	biphasic	9.0	100.0	1.0	10.0	5.0	5r	5.0	0.0	monopolar		[8428.0, 1138.0, 3303.0]	[0.0, 0.0, 0.0]
4304.789733333333	2.0	trials	1.0	2.0	60.0	biphasic	9.0	100.0	1.0	10.0	5.0	5r	5.0	0.0	monopolar		[8428.0, 1138.0, 3303.0]	[0.0, 0.0, 0.0]
4306.792013723439	2.0	trials	1.0	2.0	60.0	biphasic	9.0	100.0	1.0	10.0	5.0	5r	5.0	0.0	monopolar		[8428.0, 1138.0, 3303.0]	[0.0, 0.0, 0.0]
4308.793733333333	2.0	trials	1.0	2.0	60.0	biphasic	9.0	100.0	1.0	10.0	5.0	5r	5.0	0.0	monopolar		[8428.0, 1138.0, 3303.0]	[0.0, 0.0, 0.0]
4310.795733333333	2.0	trials	1.0	2.0	60.0	biphasic	9.0	100.0	1.0	10.0	5.0	5r	5.0	0.0	monopolar		[8428.0, 1138.0, 3303.0]	[0.0, 0.0, 0.0]
4312.797733333334	2.0	trials	1.0	2.0	60.0	biphasic	9.0	100.0	1.0	10.0	5.0	5r	5.0	0.0	monopolar		[8428.0, 1138.0, 3303.0]	[0.0, 0.0, 0.0]
4314.799733333333	2.0	trials	1.0	2.0	60.0	biphasic	9.0	100.0	1.0	10.0	5.0	5r	5.0	0.0	monopolar		[8428.0, 1138.0, 3303.0]	[0.0, 0.0, 0.0]
4316.801452291572	2.0	trials	1.0	2.0	60.0	biphasic	9.0	100.0	1.0	10.0	5.0	5r	5.0	0.0	monopolar		[8428.0, 1138.0, 3303.0]	[0.0, 0.0, 0.0]
4318.803733333333	2.0	trials	1.0	2.0	60.0	biphasic	9.0	100.0	1.0	10.0	5.0	5r	5.0	0.0	monopolar		[8428.0, 1138.0, 3303.0]	[0.0, 0.0, 0.0]
4320.806014635808	2.0	trials	1.0	2.0	60.0	biphasic	9.0	100.0	1.0	10.0	5.0	5r	5.0	0.0	monopolar		[8428.0, 1138.0, 3303.0]	[0.0, 0.0, 0.0]
4322.807418567226	2.0	trials	1.0	2.0	60.0	biphasic	9.0	100.0	1.0	10.0	5.0	5r	5.0	0.0	monopolar		[8428.0, 1138.0, 3303.0]	[0.0, 0.0, 0.0]
4324.8097	2.0	trials	1.0	2.0	60.0	biphasic	9.0	100.0	1.0	10.0	5.0	5r	5.0	0.0	monopolar		[8428.0, 1138.0, 3303.0]	[0.0, 0.0, 0.0]
4326.8117	2.0	trials	1.0	2.0	60.0	biphasic	9.0	100.0	1.0	10.0	5.0	5r	5.0	0.0	monopolar		[8428.0, 1138.0, 3303.0]	[0.0, 0.0, 0.0]
4328.8137	2.0	trials	1.0	2.0	60.0	biphasic	9.0	100.0	1.0	10.0	5.0	5r	5.0	0.0	monopolar		[8428.0, 1138.0, 3303.0]	[0.0, 0.0, 0.0]
4330.8157	2.0	trials	1.0	2.0	60.0	biphasic	9.0	100.0	1.0	10.0	5.0	5r	5.0	0.0	monopolar		[8428.0, 1138.0, 3303.0]	[0.0, 0.0, 0.0]
4332.8177	2.0	trials	1.0	2.0	60.0	biphasic	9.0	100.0	1.0	10.0	5.0	5r	5.0	0.0	monopolar		[8428.0, 1138.0, 3303.0]	[0.0, 0.0, 0.0]
4334.819982214843	2.0	trials	1.0	2.0	60.0	biphasic	9.0	100.0	1.0	10.0	5.0	5r	5.0	0.0	monopolar		[8428.0, 1138.0, 3303.0]	[0.0, 0.0, 0.0]
4358.693617102449	2.0	trials	1.0	2.0	60.0	biphasic	10.0	100.0	1.0	10.0	-25.0	5r	5.0	0.0	monopolar		[8428.0, 1138.0, 3303.0]	[0.0, 0.0, 0.0]
4360.695333333333	2.0	trials	1.0	2.0	60.0	biphasic	10.0	100.0	1.0	10.0	-25.0	5r	5.0	0.0	monopolar		[8428.0, 1138.0, 3303.0]	[0.0, 0.0, 0.0]
4362.6973333333335	2.0	trials	1.0	2.0	60.0	biphasic	10.0	100.0	1.0	10.0	-25.0	5r	5.0	0.0	monopolar		[8428.0, 1138.0, 3303.0]	[0.0, 0.0, 0.0]
4364.6993	2.0	trials	1.0	2.0	60.0	biphasic	10.0	100.0	1.0	10.0	-25.0	5r	5.0	0.0	monopolar		[8428.0, 1138.0, 3303.0]	[0.0, 0.0, 0.0]
4366.7013	2.0	trials	1.0	2.0	60.0	biphasic	10.0	100.0	1.0	10.0	-25.0	5r	5.0	0.0	monopolar		[8428.0, 1138.0, 3303.0]	[0.0, 0.0, 0.0]
4368.703015579231	2.0	trials	1.0	2.0	60.0	biphasic	10.0	100.0	1.0	10.0	-25.0	5r	5.0	0.0	monopolar		[8428.0, 1138.0, 3303.0]	[0.0, 0.0, 0.0]
4370.7053	2.0	trials	1.0	2.0	60.0	biphasic	10.0	100.0	1.0	10.0	-25.0	5r	5.0	0.0	monopolar		[8428.0, 1138.0, 3303.0]	[0.0, 0.0, 0.0]
4372.707584681483	2.0	trials	1.0	2.0	60.0	biphasic	10.0	100.0	1.0	10.0	-25.0	5r	5.0	0.0	monopolar		[8428.0, 1138.0, 3303.0]	[0.0, 0.0, 0.0]
4374.709015188215	2.0	trials	1.0	2.0	60.0	biphasic	10.0	100.0	1.0	10.0	-25.0	5r	5.0	0.0	monopolar		[8428.0, 1138.0, 3303.0]	[0.0, 0.0, 0.0]
4376.7113	2.0	trials	1.0	2.0	60.0	biphasic	10.0	100.0	1.0	10.0	-25.0	5r	5.0	0.0	monopolar		[8428.0, 1138.0, 3303.0]	[0.0, 0.0, 0.0]
4378.713585072499	2.0	trials	1.0	2.0	60.0	biphasic	10.0	100.0	1.0	10.0	-25.0	5r	5.0	0.0	monopolar		[8428.0, 1138.0, 3303.0]	[0.0, 0.0, 0.0]
4380.7153	2.0	trials	1.0	2.0	60.0	biphasic	10.0	100.0	1.0	10.0	-25.0	5r	5.0	0.0	monopolar		[8428.0, 1138.0, 3303.0]	[0.0, 0.0, 0.0]
4382.7173	2.0	trials	1.0	2.0	60.0	biphasic	10.0	100.0	1.0	10.0	-25.0	5r	5.0	0.0	monopolar		[8428.0, 1138.0, 3303.0]	[0.0, 0.0, 0.0]
4384.719266666667	2.0	trials	1.0	2.0	60.0	biphasic	10.0	100.0	1.0	10.0	-25.0	5r	5.0	0.0	monopolar		[8428.0, 1138.0, 3303.0]	[0.0, 0.0, 0.0]
4386.7215522605175	2.0	trials	1.0	2.0	60.0	biphasic	10.0	100.0	1.0	10.0	-25.0	5r	5.0	0.0	monopolar		[8428.0, 1138.0, 3303.0]	[0.0, 0.0, 0.0]
4388.722980942514	2.0	trials	1.0	2.0	60.0	biphasic	10.0	100.0	1.0	10.0	-25.0	5r	5.0	0.0	monopolar		[8428.0, 1138.0, 3303.0]	[0.0, 0.0, 0.0]
4390.725266666666	2.0	trials	1.0	2.0	60.0	biphasic	10.0	100.0	1.0	10.0	-25.0	5r	5.0	0.0	monopolar		[8428.0, 1138.0, 3303.0]	[0.0, 0.0, 0.0]
4392.727552651533	2.0	trials	1.0	2.0	60.0	biphasic	10.0	100.0	1.0	10.0	-25.0	5r	5.0	0.0	monopolar		[8428.0, 1138.0, 3303.0]	[0.0, 0.0, 0.0]
4394.729266666666	2.0	trials	1.0	2.0	60.0	biphasic	10.0	100.0	1.0	10.0	-25.0	5r	5.0	0.0	monopolar		[8428.0, 1138.0, 3303.0]	[0.0, 0.0, 0.0]
4396.731266666667	2.0	trials	1.0	2.0	60.0	biphasic	10.0	100.0	1.0	10.0	-25.0	5r	5.0	0.0	monopolar		[8428.0, 1138.0, 3303.0]	[0.0, 0.0, 0.0]
4398.733266666667	2.0	trials	1.0	2.0	60.0	biphasic	10.0	100.0	1.0	10.0	-25.0	5r	5.0	0.0	monopolar		[8428.0, 1138.0, 3303.0]	[0.0, 0.0, 0.0]
4400.735266666667	2.0	trials	1.0	2.0	60.0	biphasic	10.0	100.0	1.0	10.0	-25.0	5r	5.0	0.0	monopolar		[8428.0, 1138.0, 3303.0]	[0.0, 0.0, 0.0]
4402.736980030145	2.0	trials	1.0	2.0	60.0	biphasic	10.0	100.0	1.0	10.0	-25.0	5r	5.0	0.0	monopolar		[8428.0, 1138.0, 3303.0]	[0.0, 0.0, 0.0]
4404.739233333334	2.0	trials	1.0	2.0	60.0	biphasic	10.0	100.0	1.0	10.0	-25.0	5r	5.0	0.0	monopolar		[8428.0, 1138.0, 3303.0]	[0.0, 0.0, 0.0]
4406.741520230567	2.0	trials	1.0	2.0	60.0	biphasic	10.0	100.0	1.0	10.0	-25.0	5r	5.0	0.0	monopolar		[8428.0, 1138.0, 3303.0]	[0.0, 0.0, 0.0]
4408.742946305798	2.0	trials	1.0	2.0	60.0	biphasic	10.0	100.0	1.0	10.0	-25.0	5r	5.0	0.0	monopolar		[8428.0, 1138.0, 3303.0]	[0.0, 0.0, 0.0]
4410.745233333333	2.0	trials	1.0	2.0	60.0	biphasic	10.0	100.0	1.0	10.0	-25.0	5r	5.0	0.0	monopolar		[8428.0, 1138.0, 3303.0]	[0.0, 0.0, 0.0]
4412.7472333333335	2.0	trials	1.0	2.0	60.0	biphasic	10.0	100.0	1.0	10.0	-25.0	5r	5.0	0.0	monopolar		[8428.0, 1138.0, 3303.0]	[0.0, 0.0, 0.0]
4414.749233333333	2.0	trials	1.0	2.0	60.0	biphasic	10.0	100.0	1.0	10.0	-25.0	5r	5.0	0.0	monopolar		[8428.0, 1138.0, 3303.0]	[0.0, 0.0, 0.0]
4416.751233333333	2.0	trials	1.0	2.0	60.0	biphasic	10.0	100.0	1.0	10.0	-25.0	5r	5.0	0.0	monopolar		[8428.0, 1138.0, 3303.0]	[0.0, 0.0, 0.0]
4418.753233333333	2.0	trials	1.0	2.0	60.0	biphasic	10.0	100.0	1.0	10.0	-25.0	5r	5.0	0.0	monopolar		[8428.0, 1138.0, 3303.0]	[0.0, 0.0, 0.0]
4420.754945523767	2.0	trials	1.0	2.0	60.0	biphasic	10.0	100.0	1.0	10.0	-25.0	5r	5.0	0.0	monopolar		[8428.0, 1138.0, 3303.0]	[0.0, 0.0, 0.0]
4422.756945393428	2.0	trials	1.0	2.0	60.0	biphasic	10.0	100.0	1.0	10.0	-25.0	5r	5.0	0.0	monopolar		[8428.0, 1138.0, 3303.0]	[0.0, 0.0, 0.0]
4424.759488070279	2.0	trials	1.0	2.0	60.0	biphasic	10.0	100.0	1.0	10.0	-25.0	5r	5.0	0.0	monopolar		[8428.0, 1138.0, 3303.0]	[0.0, 0.0, 0.0]
4426.76091179942	2.0	trials	1.0	2.0	60.0	biphasic	10.0	100.0	1.0	10.0	-25.0	5r	5.0	0.0	monopolar		[8428.0, 1138.0, 3303.0]	[0.0, 0.0, 0.0]
4428.7632	2.0	trials	1.0	2.0	60.0	biphasic	10.0	100.0	1.0	10.0	-25.0	5r	5.0	0.0	monopolar		[8428.0, 1138.0, 3303.0]	[0.0, 0.0, 0.0]
4430.765488461295	2.0	trials	1.0	2.0	60.0	biphasic	10.0	100.0	1.0	10.0	-25.0	5r	5.0	0.0	monopolar		[8428.0, 1138.0, 3303.0]	[0.0, 0.0, 0.0]
4432.7672	2.0	trials	1.0	2.0	60.0	biphasic	10.0	100.0	1.0	10.0	-25.0	5r	5.0	0.0	monopolar		[8428.0, 1138.0, 3303.0]	[0.0, 0.0, 0.0]
4434.7692	2.0	trials	1.0	2.0	60.0	biphasic	10.0	100.0	1.0	10.0	-25.0	5r	5.0	0.0	monopolar		[8428.0, 1138.0, 3303.0]	[0.0, 0.0, 0.0]
4436.7712	2.0	trials	1.0	2.0	60.0	biphasic	10.0	100.0	1.0	10.0	-25.0	5r	5.0	0.0	monopolar		[8428.0, 1138.0, 3303.0]	[0.0, 0.0, 0.0]
4438.7732	2.0	trials	1.0	2.0	60.0	biphasic	10.0	100.0	1.0	10.0	-25.0	5r	5.0	0.0	monopolar		[8428.0, 1138.0, 3303.0]	[0.0, 0.0, 0.0]
4440.77491088705	2.0	trials	1.0	2.0	60.0	biphasic	10.0	100.0	1.0	10.0	-25.0	5r	5.0	0.0	monopolar		[8428.0, 1138.0, 3303.0]	[0.0, 0.0, 0.0]
4442.7772	2.0	trials	1.0	2.0	60.0	biphasic	10.0	100.0	1.0	10.0	-25.0	5r	5.0	0.0	monopolar		[8428.0, 1138.0, 3303.0]	[0.0, 0.0, 0.0]
4444.779456040329	2.0	trials	1.0	2.0	60.0	biphasic	10.0	100.0	1.0	10.0	-25.0	5r	5.0	0.0	monopolar		[8428.0, 1138.0, 3303.0]	[0.0, 0.0, 0.0]
4446.781166666667	2.0	trials	1.0	2.0	60.0	biphasic	10.0	100.0	1.0	10.0	-25.0	5r	5.0	0.0	monopolar		[8428.0, 1138.0, 3303.0]	[0.0, 0.0, 0.0]
4448.783166666667	2.0	trials	1.0	2.0	60.0	biphasic	10.0	100.0	1.0	10.0	-25.0	5r	5.0	0.0	monopolar		[8428.0, 1138.0, 3303.0]	[0.0, 0.0, 0.0]
4450.785166666667	2.0	trials	1.0	2.0	60.0	biphasic	10.0	100.0	1.0	10.0	-25.0	5r	5.0	0.0	monopolar		[8428.0, 1138.0, 3303.0]	[0.0, 0.0, 0.0]
4452.787166666667	2.0	trials	1.0	2.0	60.0	biphasic	10.0	100.0	1.0	10.0	-25.0	5r	5.0	0.0	monopolar		[8428.0, 1138.0, 3303.0]	[0.0, 0.0, 0.0]
4454.788876641349	2.0	trials	1.0	2.0	60.0	biphasic	10.0	100.0	1.0	10.0	-25.0	5r	5.0	0.0	monopolar		[8428.0, 1138.0, 3303.0]	[0.0, 0.0, 0.0]
4456.791166666667	2.0	trials	1.0	2.0	60.0	biphasic	10.0	100.0	1.0	10.0	-25.0	5r	5.0	0.0	monopolar		[8428.0, 1138.0, 3303.0]	[0.0, 0.0, 0.0]
4458.793456952699	2.0	trials	1.0	2.0	60.0	biphasic	10.0	100.0	1.0	10.0	-25.0	5r	5.0	0.0	monopolar		[8428.0, 1138.0, 3303.0]	[0.0, 0.0, 0.0]
4460.794876250334	2.0	trials	1.0	2.0	60.0	biphasic	10.0	100.0	1.0	10.0	-25.0	5r	5.0	0.0	monopolar		[8428.0, 1138.0, 3303.0]	[0.0, 0.0, 0.0]
4462.797166666666	2.0	trials	1.0	2.0	60.0	biphasic	10.0	100.0	1.0	10.0	-25.0	5r	5.0	0.0	monopolar		[8428.0, 1138.0, 3303.0]	[0.0, 0.0, 0.0]
4464.7994573437145	2.0	trials	1.0	2.0	60.0	biphasic	10.0	100.0	1.0	10.0	-25.0	5r	5.0	0.0	monopolar		[8428.0, 1138.0, 3303.0]	[0.0, 0.0, 0.0]
4466.801133333333	2.0	trials	1.0	2.0	60.0	biphasic	10.0	100.0	1.0	10.0	-25.0	5r	5.0	0.0	monopolar		[8428.0, 1138.0, 3303.0]	[0.0, 0.0, 0.0]
4468.803133333333	2.0	trials	1.0	2.0	60.0	biphasic	10.0	100.0	1.0	10.0	-25.0	5r	5.0	0.0	monopolar		[8428.0, 1138.0, 3303.0]	[0.0, 0.0, 0.0]
4470.805133333333	2.0	trials	1.0	2.0	60.0	biphasic	10.0	100.0	1.0	10.0	-25.0	5r	5.0	0.0	monopolar		[8428.0, 1138.0, 3303.0]	[0.0, 0.0, 0.0]
4472.807424531733	2.0	trials	1.0	2.0	60.0	biphasic	10.0	100.0	1.0	10.0	-25.0	5r	5.0	0.0	monopolar		[8428.0, 1138.0, 3303.0]	[0.0, 0.0, 0.0]
4474.809133333333	2.0	trials	1.0	2.0	60.0	biphasic	10.0	100.0	1.0	10.0	-25.0	5r	5.0	0.0	monopolar		[8428.0, 1138.0, 3303.0]	[0.0, 0.0, 0.0]
4476.811133333334	2.0	trials	1.0	2.0	60.0	biphasic	10.0	100.0	1.0	10.0	-25.0	5r	5.0	0.0	monopolar		[8428.0, 1138.0, 3303.0]	[0.0, 0.0, 0.0]
4510.719166666667	2.0	trials	1.0	2.0	60.0	biphasic	11.0	100.0	1.0	10.0	25.0	5r	5.0	0.0	monopolar		[8428.0, 1138.0, 3303.0]	[0.0, 0.0, 0.0]
4512.720872869735	2.0	trials	1.0	2.0	60.0	biphasic	11.0	100.0	1.0	10.0	25.0	5r	5.0	0.0	monopolar		[8428.0, 1138.0, 3303.0]	[0.0, 0.0, 0.0]
4514.723166666667	2.0	trials	1.0	2.0	60.0	biphasic	11.0	100.0	1.0	10.0	25.0	5r	5.0	0.0	monopolar		[8428.0, 1138.0, 3303.0]	[0.0, 0.0, 0.0]
4516.725166666667	2.0	trials	1.0	2.0	60.0	biphasic	11.0	100.0	1.0	10.0	25.0	5r	5.0	0.0	monopolar		[8428.0, 1138.0, 3303.0]	[0.0, 0.0, 0.0]
4518.726872478719	2.0	trials	1.0	2.0	60.0	biphasic	11.0	100.0	1.0	10.0	25.0	5r	5.0	0.0	monopolar		[8428.0, 1138.0, 3303.0]	[0.0, 0.0, 0.0]
4520.729133333333	2.0	trials	1.0	2.0	60.0	biphasic	11.0	100.0	1.0	10.0	25.0	5r	5.0	0.0	monopolar		[8428.0, 1138.0, 3303.0]	[0.0, 0.0, 0.0]
4522.731133333334	2.0	trials	1.0	2.0	60.0	biphasic	11.0	100.0	1.0	10.0	25.0	5r	5.0	0.0	monopolar		[8428.0, 1138.0, 3303.0]	[0.0, 0.0, 0.0]
4524.733427912332	2.0	trials	1.0	2.0	60.0	biphasic	11.0	100.0	1.0	10.0	25.0	5r	5.0	0.0	monopolar		[8428.0, 1138.0, 3303.0]	[0.0, 0.0, 0.0]
4526.735133333334	2.0	trials	1.0	2.0	60.0	biphasic	11.0	100.0	1.0	10.0	25.0	5r	5.0	0.0	monopolar		[8428.0, 1138.0, 3303.0]	[0.0, 0.0, 0.0]
4528.737133333333	2.0	trials	1.0	2.0	60.0	biphasic	11.0	100.0	1.0	10.0	25.0	5r	5.0	0.0	monopolar		[8428.0, 1138.0, 3303.0]	[0.0, 0.0, 0.0]
4530.739428303348	2.0	trials	1.0	2.0	60.0	biphasic	11.0	100.0	1.0	10.0	25.0	5r	5.0	0.0	monopolar		[8428.0, 1138.0, 3303.0]	[0.0, 0.0, 0.0]
4532.741133333333	2.0	trials	1.0	2.0	60.0	biphasic	11.0	100.0	1.0	10.0	25.0	5r	5.0	0.0	monopolar		[8428.0, 1138.0, 3303.0]	[0.0, 0.0, 0.0]
4534.743133333333	2.0	trials	1.0	2.0	60.0	biphasic	11.0	100.0	1.0	10.0	25.0	5r	5.0	0.0	monopolar		[8428.0, 1138.0, 3303.0]	[0.0, 0.0, 0.0]
4536.745428694364	2.0	trials	1.0	2.0	60.0	biphasic	11.0	100.0	1.0	10.0	25.0	5r	5.0	0.0	monopolar		[8428.0, 1138.0, 3303.0]	[0.0, 0.0, 0.0]
4538.747133333333	2.0	trials	1.0	2.0	60.0	biphasic	11.0	100.0	1.0	10.0	25.0	5r	5.0	0.0	monopolar		[8428.0, 1138.0, 3303.0]	[0.0, 0.0, 0.0]
4540.748804378333	2.0	trials	1.0	2.0	60.0	biphasic	11.0	100.0	1.0	10.0	25.0	5r	5.0	0.0	monopolar		[8428.0, 1138.0, 3303.0]	[0.0, 0.0, 0.0]
4542.751395752044	2.0	trials	1.0	2.0	60.0	biphasic	11.0	100.0	1.0	10.0	25.0	5r	5.0	0.0	monopolar		[8428.0, 1138.0, 3303.0]	[0.0, 0.0, 0.0]
4544.7531	2.0	trials	1.0	2.0	60.0	biphasic	11.0	100.0	1.0	10.0	25.0	5r	5.0	0.0	monopolar		[8428.0, 1138.0, 3303.0]	[0.0, 0.0, 0.0]
4546.754803987317	2.0	trials	1.0	2.0	60.0	biphasic	11.0	100.0	1.0	10.0	25.0	5r	5.0	0.0	monopolar		[8428.0, 1138.0, 3303.0]	[0.0, 0.0, 0.0]
4548.7571	2.0	trials	1.0	2.0	60.0	biphasic	11.0	100.0	1.0	10.0	25.0	5r	5.0	0.0	monopolar		[8428.0, 1138.0, 3303.0]	[0.0, 0.0, 0.0]
4550.7591	2.0	trials	1.0	2.0	60.0	biphasic	11.0	100.0	1.0	10.0	25.0	5r	5.0	0.0	monopolar		[8428.0, 1138.0, 3303.0]	[0.0, 0.0, 0.0]
4552.760803596302	2.0	trials	1.0	2.0	60.0	biphasic	11.0	100.0	1.0	10.0	25.0	5r	5.0	0.0	monopolar		[8428.0, 1138.0, 3303.0]	[0.0, 0.0, 0.0]
4554.7631	2.0	trials	1.0	2.0	60.0	biphasic	11.0	100.0	1.0	10.0	25.0	5r	5.0	0.0	monopolar		[8428.0, 1138.0, 3303.0]	[0.0, 0.0, 0.0]
4556.7651	2.0	trials	1.0	2.0	60.0	biphasic	11.0	100.0	1.0	10.0	25.0	5r	5.0	0.0	monopolar		[8428.0, 1138.0, 3303.0]	[0.0, 0.0, 0.0]
4558.766803205286	2.0	trials	1.0	2.0	60.0	biphasic	11.0	100.0	1.0	10.0	25.0	5r	5.0	0.0	monopolar		[8428.0, 1138.0, 3303.0]	[0.0, 0.0, 0.0]
4560.769066666667	2.0	trials	1.0	2.0	60.0	biphasic	11.0	100.0	1.0	10.0	25.0	5r	5.0	0.0	monopolar		[8428.0, 1138.0, 3303.0]	[0.0, 0.0, 0.0]
4562.771066666666	2.0	trials	1.0	2.0	60.0	biphasic	11.0	100.0	1.0	10.0	25.0	5r	5.0	0.0	monopolar		[8428.0, 1138.0, 3303.0]	[0.0, 0.0, 0.0]
4564.772769480939	2.0	trials	1.0	2.0	60.0	biphasic	11.0	100.0	1.0	10.0	25.0	5r	5.0	0.0	monopolar		[8428.0, 1138.0, 3303.0]	[0.0, 0.0, 0.0]
4566.775066666667	2.0	trials	1.0	2.0	60.0	biphasic	11.0	100.0	1.0	10.0	25.0	5r	5.0	0.0	monopolar		[8428.0, 1138.0, 3303.0]	[0.0, 0.0, 0.0]
4568.7770666666665	2.0	trials	1.0	2.0	60.0	biphasic	11.0	100.0	1.0	10.0	25.0	5r	5.0	0.0	monopolar		[8428.0, 1138.0, 3303.0]	[0.0, 0.0, 0.0]
4570.778769089924	2.0	trials	1.0	2.0	60.0	biphasic	11.0	100.0	1.0	10.0	25.0	5r	5.0	0.0	monopolar		[8428.0, 1138.0, 3303.0]	[0.0, 0.0, 0.0]
4572.781066666666	2.0	trials	1.0	2.0	60.0	biphasic	11.0	100.0	1.0	10.0	25.0	5r	5.0	0.0	monopolar		[8428.0, 1138.0, 3303.0]	[0.0, 0.0, 0.0]
4574.783066666667	2.0	trials	1.0	2.0	60.0	biphasic	11.0	100.0	1.0	10.0	25.0	5r	5.0	0.0	monopolar		[8428.0, 1138.0, 3303.0]	[0.0, 0.0, 0.0]
4576.785364634464	2.0	trials	1.0	2.0	60.0	biphasic	11.0	100.0	1.0	10.0	25.0	5r	5.0	0.0	monopolar		[8428.0, 1138.0, 3303.0]	[0.0, 0.0, 0.0]
4578.787066666667	2.0	trials	1.0	2.0	60.0	biphasic	11.0	100.0	1.0	10.0	25.0	5r	5.0	0.0	monopolar		[8428.0, 1138.0, 3303.0]	[0.0, 0.0, 0.0]
4580.789066666666	2.0	trials	1.0	2.0	60.0	biphasic	11.0	100.0	1.0	10.0	25.0	5r	5.0	0.0	monopolar		[8428.0, 1138.0, 3303.0]	[0.0, 0.0, 0.0]
4582.791331692144	2.0	trials	1.0	2.0	60.0	biphasic	11.0	100.0	1.0	10.0	25.0	5r	5.0	0.0	monopolar		[8428.0, 1138.0, 3303.0]	[0.0, 0.0, 0.0]
4584.793033333333	2.0	trials	1.0	2.0	60.0	biphasic	11.0	100.0	1.0	10.0	25.0	5r	5.0	0.0	monopolar		[8428.0, 1138.0, 3303.0]	[0.0, 0.0, 0.0]
4586.795033333334	2.0	trials	1.0	2.0	60.0	biphasic	11.0	100.0	1.0	10.0	25.0	5r	5.0	0.0	monopolar		[8428.0, 1138.0, 3303.0]	[0.0, 0.0, 0.0]
4588.79733208316	2.0	trials	1.0	2.0	60.0	biphasic	11.0	100.0	1.0	10.0	25.0	5r	5.0	0.0	monopolar		[8428.0, 1138.0, 3303.0]	[0.0, 0.0, 0.0]
4590.799033333334	2.0	trials	1.0	2.0	60.0	biphasic	11.0	100.0	1.0	10.0	25.0	5r	5.0	0.0	monopolar		[8428.0, 1138.0, 3303.0]	[0.0, 0.0, 0.0]
4592.800734322869	2.0	trials	1.0	2.0	60.0	biphasic	11.0	100.0	1.0	10.0	25.0	5r	5.0	0.0	monopolar		[8428.0, 1138.0, 3303.0]	[0.0, 0.0, 0.0]
4594.803033333334	2.0	trials	1.0	2.0	60.0	biphasic	11.0	100.0	1.0	10.0	25.0	5r	5.0	0.0	monopolar		[8428.0, 1138.0, 3303.0]	[0.0, 0.0, 0.0]
4596.805033333333	2.0	trials	1.0	2.0	60.0	biphasic	11.0	100.0	1.0	10.0	25.0	5r	5.0	0.0	monopolar		[8428.0, 1138.0, 3303.0]	[0.0, 0.0, 0.0]
4598.806733931853	2.0	trials	1.0	2.0	60.0	biphasic	11.0	100.0	1.0	10.0	25.0	5r	5.0	0.0	monopolar		[8428.0, 1138.0, 3303.0]	[0.0, 0.0, 0.0]
4600.809033333333	2.0	trials	1.0	2.0	60.0	biphasic	11.0	100.0	1.0	10.0	25.0	5r	5.0	0.0	monopolar		[8428.0, 1138.0, 3303.0]	[0.0, 0.0, 0.0]
4602.811	2.0	trials	1.0	2.0	60.0	biphasic	11.0	100.0	1.0	10.0	25.0	5r	5.0	0.0	monopolar		[8428.0, 1138.0, 3303.0]	[0.0, 0.0, 0.0]
4604.812700207506	2.0	trials	1.0	2.0	60.0	biphasic	11.0	100.0	1.0	10.0	25.0	5r	5.0	0.0	monopolar		[8428.0, 1138.0, 3303.0]	[0.0, 0.0, 0.0]
4606.815	2.0	trials	1.0	2.0	60.0	biphasic	11.0	100.0	1.0	10.0	25.0	5r	5.0	0.0	monopolar		[8428.0, 1138.0, 3303.0]	[0.0, 0.0, 0.0]
4608.817	2.0	trials	1.0	2.0	60.0	biphasic	11.0	100.0	1.0	10.0	25.0	5r	5.0	0.0	monopolar		[8428.0, 1138.0, 3303.0]	[0.0, 0.0, 0.0]
4610.819300183548	2.0	trials	1.0	2.0	60.0	biphasic	11.0	100.0	1.0	10.0	25.0	5r	5.0	0.0	monopolar		[8428.0, 1138.0, 3303.0]	[0.0, 0.0, 0.0]
4612.821	2.0	trials	1.0	2.0	60.0	biphasic	11.0	100.0	1.0	10.0	25.0	5r	5.0	0.0	monopolar		[8428.0, 1138.0, 3303.0]	[0.0, 0.0, 0.0]
4614.823	2.0	trials	1.0	2.0	60.0	biphasic	11.0	100.0	1.0	10.0	25.0	5r	5.0	0.0	monopolar		[8428.0, 1138.0, 3303.0]	[0.0, 0.0, 0.0]
4616.825300574564	2.0	trials	1.0	2.0	60.0	biphasic	11.0	100.0	1.0	10.0	25.0	5r	5.0	0.0	monopolar		[8428.0, 1138.0, 3303.0]	[0.0, 0.0, 0.0]
4618.827	2.0	trials	1.0	2.0	60.0	biphasic	11.0	100.0	1.0	10.0	25.0	5r	5.0	0.0	monopolar		[8428.0, 1138.0, 3303.0]	[0.0, 0.0, 0.0]
4620.829	2.0	trials	1.0	2.0	60.0	biphasic	11.0	100.0	1.0	10.0	25.0	5r	5.0	0.0	monopolar		[8428.0, 1138.0, 3303.0]	[0.0, 0.0, 0.0]
4622.831267632244	2.0	trials	1.0	2.0	60.0	biphasic	11.0	100.0	1.0	10.0	25.0	5r	5.0	0.0	monopolar		[8428.0, 1138.0, 3303.0]	[0.0, 0.0, 0.0]
4624.832966666667	2.0	trials	1.0	2.0	60.0	biphasic	11.0	100.0	1.0	10.0	25.0	5r	5.0	0.0	monopolar		[8428.0, 1138.0, 3303.0]	[0.0, 0.0, 0.0]
4626.834966666666	2.0	trials	1.0	2.0	60.0	biphasic	11.0	100.0	1.0	10.0	25.0	5r	5.0	0.0	monopolar		[8428.0, 1138.0, 3303.0]	[0.0, 0.0, 0.0]
4628.83726802326	2.0	trials	1.0	2.0	60.0	biphasic	11.0	100.0	1.0	10.0	25.0	5r	5.0	0.0	monopolar		[8428.0, 1138.0, 3303.0]	[0.0, 0.0, 0.0]
4645.13049758265	2.0	trials	1.0	2.0	60.0	biphasic	12.0	100.0	1.0	10.0	-50.0	5r	5.0	0.0	monopolar		[8428.0, 1138.0, 3303.0]	[0.0, 0.0, 0.0]
4647.133102547728	2.0	trials	1.0	2.0	60.0	biphasic	12.0	100.0	1.0	10.0	-50.0	5r	5.0	0.0	monopolar		[8428.0, 1138.0, 3303.0]	[0.0, 0.0, 0.0]
4649.1348	2.0	trials	1.0	2.0	60.0	biphasic	12.0	100.0	1.0	10.0	-50.0	5r	5.0	0.0	monopolar		[8428.0, 1138.0, 3303.0]	[0.0, 0.0, 0.0]
4651.136497191635	2.0	trials	1.0	2.0	60.0	biphasic	12.0	100.0	1.0	10.0	-50.0	5r	5.0	0.0	monopolar		[8428.0, 1138.0, 3303.0]	[0.0, 0.0, 0.0]
4653.138766666667	2.0	trials	1.0	2.0	60.0	biphasic	12.0	100.0	1.0	10.0	-50.0	5r	5.0	0.0	monopolar		[8428.0, 1138.0, 3303.0]	[0.0, 0.0, 0.0]
4655.140766666666	2.0	trials	1.0	2.0	60.0	biphasic	12.0	100.0	1.0	10.0	-50.0	5r	5.0	0.0	monopolar		[8428.0, 1138.0, 3303.0]	[0.0, 0.0, 0.0]
4657.142463467288	2.0	trials	1.0	2.0	60.0	biphasic	12.0	100.0	1.0	10.0	-50.0	5r	5.0	0.0	monopolar		[8428.0, 1138.0, 3303.0]	[0.0, 0.0, 0.0]
4659.144766666666	2.0	trials	1.0	2.0	60.0	biphasic	12.0	100.0	1.0	10.0	-50.0	5r	5.0	0.0	monopolar		[8428.0, 1138.0, 3303.0]	[0.0, 0.0, 0.0]
4661.146766666667	2.0	trials	1.0	2.0	60.0	biphasic	12.0	100.0	1.0	10.0	-50.0	5r	5.0	0.0	monopolar		[8428.0, 1138.0, 3303.0]	[0.0, 0.0, 0.0]
4663.149070257101	2.0	trials	1.0	2.0	60.0	biphasic	12.0	100.0	1.0	10.0	-50.0	5r	5.0	0.0	monopolar		[8428.0, 1138.0, 3303.0]	[0.0, 0.0, 0.0]
4665.150766666667	2.0	trials	1.0	2.0	60.0	biphasic	12.0	100.0	1.0	10.0	-50.0	5r	5.0	0.0	monopolar		[8428.0, 1138.0, 3303.0]	[0.0, 0.0, 0.0]
4667.152766666667	2.0	trials	1.0	2.0	60.0	biphasic	12.0	100.0	1.0	10.0	-50.0	5r	5.0	0.0	monopolar		[8428.0, 1138.0, 3303.0]	[0.0, 0.0, 0.0]
4669.155070648117	2.0	trials	1.0	2.0	60.0	biphasic	12.0	100.0	1.0	10.0	-50.0	5r	5.0	0.0	monopolar		[8428.0, 1138.0, 3303.0]	[0.0, 0.0, 0.0]
4671.156766666667	2.0	trials	1.0	2.0	60.0	biphasic	12.0	100.0	1.0	10.0	-50.0	5r	5.0	0.0	monopolar		[8428.0, 1138.0, 3303.0]	[0.0, 0.0, 0.0]
4673.158733333334	2.0	trials	1.0	2.0	60.0	biphasic	12.0	100.0	1.0	10.0	-50.0	5r	5.0	0.0	monopolar		[8428.0, 1138.0, 3303.0]	[0.0, 0.0, 0.0]
4675.161037705797	2.0	trials	1.0	2.0	60.0	biphasic	12.0	100.0	1.0	10.0	-50.0	5r	5.0	0.0	monopolar		[8428.0, 1138.0, 3303.0]	[0.0, 0.0, 0.0]
4677.162733333334	2.0	trials	1.0	2.0	60.0	biphasic	12.0	100.0	1.0	10.0	-50.0	5r	5.0	0.0	monopolar		[8428.0, 1138.0, 3303.0]	[0.0, 0.0, 0.0]
4679.164428700233	2.0	trials	1.0	2.0	60.0	biphasic	12.0	100.0	1.0	10.0	-50.0	5r	5.0	0.0	monopolar		[8428.0, 1138.0, 3303.0]	[0.0, 0.0, 0.0]
4681.167038096813	2.0	trials	1.0	2.0	60.0	biphasic	12.0	100.0	1.0	10.0	-50.0	5r	5.0	0.0	monopolar		[8428.0, 1138.0, 3303.0]	[0.0, 0.0, 0.0]
4683.168733333333	2.0	trials	1.0	2.0	60.0	biphasic	12.0	100.0	1.0	10.0	-50.0	5r	5.0	0.0	monopolar		[8428.0, 1138.0, 3303.0]	[0.0, 0.0, 0.0]
4685.170428309217	2.0	trials	1.0	2.0	60.0	biphasic	12.0	100.0	1.0	10.0	-50.0	5r	5.0	0.0	monopolar		[8428.0, 1138.0, 3303.0]	[0.0, 0.0, 0.0]
4687.172733333334	2.0	trials	1.0	2.0	60.0	biphasic	12.0	100.0	1.0	10.0	-50.0	5r	5.0	0.0	monopolar		[8428.0, 1138.0, 3303.0]	[0.0, 0.0, 0.0]
4689.174733333333	2.0	trials	1.0	2.0	60.0	biphasic	12.0	100.0	1.0	10.0	-50.0	5r	5.0	0.0	monopolar		[8428.0, 1138.0, 3303.0]	[0.0, 0.0, 0.0]
4691.176427918202	2.0	trials	1.0	2.0	60.0	biphasic	12.0	100.0	1.0	10.0	-50.0	5r	5.0	0.0	monopolar		[8428.0, 1138.0, 3303.0]	[0.0, 0.0, 0.0]
4693.178733333333	2.0	trials	1.0	2.0	60.0	biphasic	12.0	100.0	1.0	10.0	-50.0	5r	5.0	0.0	monopolar		[8428.0, 1138.0, 3303.0]	[0.0, 0.0, 0.0]
4695.1807	2.0	trials	1.0	2.0	60.0	biphasic	12.0	100.0	1.0	10.0	-50.0	5r	5.0	0.0	monopolar		[8428.0, 1138.0, 3303.0]	[0.0, 0.0, 0.0]
4697.182394193855	2.0	trials	1.0	2.0	60.0	biphasic	12.0	100.0	1.0	10.0	-50.0	5r	5.0	0.0	monopolar		[8428.0, 1138.0, 3303.0]	[0.0, 0.0, 0.0]
4699.1847	2.0	trials	1.0	2.0	60.0	biphasic	12.0	100.0	1.0	10.0	-50.0	5r	5.0	0.0	monopolar		[8428.0, 1138.0, 3303.0]	[0.0, 0.0, 0.0]
4701.1867	2.0	trials	1.0	2.0	60.0	biphasic	12.0	100.0	1.0	10.0	-50.0	5r	5.0	0.0	monopolar		[8428.0, 1138.0, 3303.0]	[0.0, 0.0, 0.0]
4703.188393802839	2.0	trials	1.0	2.0	60.0	biphasic	12.0	100.0	1.0	10.0	-50.0	5r	5.0	0.0	monopolar		[8428.0, 1138.0, 3303.0]	[0.0, 0.0, 0.0]
4705.1907	2.0	trials	1.0	2.0	60.0	biphasic	12.0	100.0	1.0	10.0	-50.0	5r	5.0	0.0	monopolar		[8428.0, 1138.0, 3303.0]	[0.0, 0.0, 0.0]
4707.1927	2.0	trials	1.0	2.0	60.0	biphasic	12.0	100.0	1.0	10.0	-50.0	5r	5.0	0.0	monopolar		[8428.0, 1138.0, 3303.0]	[0.0, 0.0, 0.0]
4709.1943934118235	2.0	trials	1.0	2.0	60.0	biphasic	12.0	100.0	1.0	10.0	-50.0	5r	5.0	0.0	monopolar		[8428.0, 1138.0, 3303.0]	[0.0, 0.0, 0.0]
4711.1967	2.0	trials	1.0	2.0	60.0	biphasic	12.0	100.0	1.0	10.0	-50.0	5r	5.0	0.0	monopolar		[8428.0, 1138.0, 3303.0]	[0.0, 0.0, 0.0]
4713.1987	2.0	trials	1.0	2.0	60.0	biphasic	12.0	100.0	1.0	10.0	-50.0	5r	5.0	0.0	monopolar		[8428.0, 1138.0, 3303.0]	[0.0, 0.0, 0.0]
4715.200973645897	2.0	trials	1.0	2.0	60.0	biphasic	12.0	100.0	1.0	10.0	-50.0	5r	5.0	0.0	monopolar		[8428.0, 1138.0, 3303.0]	[0.0, 0.0, 0.0]
4717.202666666667	2.0	trials	1.0	2.0	60.0	biphasic	12.0	100.0	1.0	10.0	-50.0	5r	5.0	0.0	monopolar		[8428.0, 1138.0, 3303.0]	[0.0, 0.0, 0.0]
4719.2046666666665	2.0	trials	1.0	2.0	60.0	biphasic	12.0	100.0	1.0	10.0	-50.0	5r	5.0	0.0	monopolar		[8428.0, 1138.0, 3303.0]	[0.0, 0.0, 0.0]
4721.2069740369125	2.0	trials	1.0	2.0	60.0	biphasic	12.0	100.0	1.0	10.0	-50.0	5r	5.0	0.0	monopolar		[8428.0, 1138.0, 3303.0]	[0.0, 0.0, 0.0]
4723.208666666666	2.0	trials	1.0	2.0	60.0	biphasic	12.0	100.0	1.0	10.0	-50.0	5r	5.0	0.0	monopolar		[8428.0, 1138.0, 3303.0]	[0.0, 0.0, 0.0]
4725.210666666667	2.0	trials	1.0	2.0	60.0	biphasic	12.0	100.0	1.0	10.0	-50.0	5r	5.0	0.0	monopolar		[8428.0, 1138.0, 3303.0]	[0.0, 0.0, 0.0]
4727.212974427928	2.0	trials	1.0	2.0	60.0	biphasic	12.0	100.0	1.0	10.0	-50.0	5r	5.0	0.0	monopolar		[8428.0, 1138.0, 3303.0]	[0.0, 0.0, 0.0]
4729.214666666667	2.0	trials	1.0	2.0	60.0	biphasic	12.0	100.0	1.0	10.0	-50.0	5r	5.0	0.0	monopolar		[8428.0, 1138.0, 3303.0]	[0.0, 0.0, 0.0]
4731.216358644769	2.0	trials	1.0	2.0	60.0	biphasic	12.0	100.0	1.0	10.0	-50.0	5r	5.0	0.0	monopolar		[8428.0, 1138.0, 3303.0]	[0.0, 0.0, 0.0]
4733.218974818944	2.0	trials	1.0	2.0	60.0	biphasic	12.0	100.0	1.0	10.0	-50.0	5r	5.0	0.0	monopolar		[8428.0, 1138.0, 3303.0]	[0.0, 0.0, 0.0]
4735.220633333333	2.0	trials	1.0	2.0	60.0	biphasic	12.0	100.0	1.0	10.0	-50.0	5r	5.0	0.0	monopolar		[8428.0, 1138.0, 3303.0]	[0.0, 0.0, 0.0]
4737.222324920422	2.0	trials	1.0	2.0	60.0	biphasic	12.0	100.0	1.0	10.0	-50.0	5r	5.0	0.0	monopolar		[8428.0, 1138.0, 3303.0]	[0.0, 0.0, 0.0]
4739.224633333333	2.0	trials	1.0	2.0	60.0	biphasic	12.0	100.0	1.0	10.0	-50.0	5r	5.0	0.0	monopolar		[8428.0, 1138.0, 3303.0]	[0.0, 0.0, 0.0]
4741.226633333334	2.0	trials	1.0	2.0	60.0	biphasic	12.0	100.0	1.0	10.0	-50.0	5r	5.0	0.0	monopolar		[8428.0, 1138.0, 3303.0]	[0.0, 0.0, 0.0]
4743.228324529406	2.0	trials	1.0	2.0	60.0	biphasic	12.0	100.0	1.0	10.0	-50.0	5r	5.0	0.0	monopolar		[8428.0, 1138.0, 3303.0]	[0.0, 0.0, 0.0]
4745.230633333334	2.0	trials	1.0	2.0	60.0	biphasic	12.0	100.0	1.0	10.0	-50.0	5r	5.0	0.0	monopolar		[8428.0, 1138.0, 3303.0]	[0.0, 0.0, 0.0]
4747.232633333333	2.0	trials	1.0	2.0	60.0	biphasic	12.0	100.0	1.0	10.0	-50.0	5r	5.0	0.0	monopolar		[8428.0, 1138.0, 3303.0]	[0.0, 0.0, 0.0]
4749.234324138391	2.0	trials	1.0	2.0	60.0	biphasic	12.0	100.0	1.0	10.0	-50.0	5r	5.0	0.0	monopolar		[8428.0, 1138.0, 3303.0]	[0.0, 0.0, 0.0]
4751.236633333333	2.0	trials	1.0	2.0	60.0	biphasic	12.0	100.0	1.0	10.0	-50.0	5r	5.0	0.0	monopolar		[8428.0, 1138.0, 3303.0]	[0.0, 0.0, 0.0]
4753.238633333333	2.0	trials	1.0	2.0	60.0	biphasic	12.0	100.0	1.0	10.0	-50.0	5r	5.0	0.0	monopolar		[8428.0, 1138.0, 3303.0]	[0.0, 0.0, 0.0]
4755.240909585997	2.0	trials	1.0	2.0	60.0	biphasic	12.0	100.0	1.0	10.0	-50.0	5r	5.0	0.0	monopolar		[8428.0, 1138.0, 3303.0]	[0.0, 0.0, 0.0]
4757.2426	2.0	trials	1.0	2.0	60.0	biphasic	12.0	100.0	1.0	10.0	-50.0	5r	5.0	0.0	monopolar		[8428.0, 1138.0, 3303.0]	[0.0, 0.0, 0.0]
4759.2446	2.0	trials	1.0	2.0	60.0	biphasic	12.0	100.0	1.0	10.0	-50.0	5r	5.0	0.0	monopolar		[8428.0, 1138.0, 3303.0]	[0.0, 0.0, 0.0]
4761.246909977012	2.0	trials	1.0	2.0	60.0	biphasic	12.0	100.0	1.0	10.0	-50.0	5r	5.0	0.0	monopolar		[8428.0, 1138.0, 3303.0]	[0.0, 0.0, 0.0]
4763.2486	2.0	trials	1.0	2.0	60.0	biphasic	12.0	100.0	1.0	10.0	-50.0	5r	5.0	0.0	monopolar		[8428.0, 1138.0, 3303.0]	[0.0, 0.0, 0.0]
4786.690421699843	2.0	trials	1.0	2.0	60.0	biphasic	13.0	100.0	1.0	10.0	-100.0	5r	5.0	0.0	monopolar		[8428.0, 1138.0, 3303.0]	[0.0, 0.0, 0.0]
4788.692733333333	2.0	trials	1.0	2.0	60.0	biphasic	13.0	100.0	1.0	10.0	-100.0	5r	5.0	0.0	monopolar		[8428.0, 1138.0, 3303.0]	[0.0, 0.0, 0.0]
4790.694733333334	2.0	trials	1.0	2.0	60.0	biphasic	13.0	100.0	1.0	10.0	-100.0	5r	5.0	0.0	monopolar		[8428.0, 1138.0, 3303.0]	[0.0, 0.0, 0.0]
4792.697045357881	2.0	trials	1.0	2.0	60.0	biphasic	13.0	100.0	1.0	10.0	-100.0	5r	5.0	0.0	monopolar		[8428.0, 1138.0, 3303.0]	[0.0, 0.0, 0.0]
4794.698733333334	2.0	trials	1.0	2.0	60.0	biphasic	13.0	100.0	1.0	10.0	-100.0	5r	5.0	0.0	monopolar		[8428.0, 1138.0, 3303.0]	[0.0, 0.0, 0.0]
4796.700733333333	2.0	trials	1.0	2.0	60.0	biphasic	13.0	100.0	1.0	10.0	-100.0	5r	5.0	0.0	monopolar		[8428.0, 1138.0, 3303.0]	[0.0, 0.0, 0.0]
4798.703045748896	2.0	trials	1.0	2.0	60.0	biphasic	13.0	100.0	1.0	10.0	-100.0	5r	5.0	0.0	monopolar		[8428.0, 1138.0, 3303.0]	[0.0, 0.0, 0.0]
4800.704733333333	2.0	trials	1.0	2.0	60.0	biphasic	13.0	100.0	1.0	10.0	-100.0	5r	5.0	0.0	monopolar		[8428.0, 1138.0, 3303.0]	[0.0, 0.0, 0.0]
4802.706733333333	2.0	trials	1.0	2.0	60.0	biphasic	13.0	100.0	1.0	10.0	-100.0	5r	5.0	0.0	monopolar		[8428.0, 1138.0, 3303.0]	[0.0, 0.0, 0.0]
4804.7090128065765	2.0	trials	1.0	2.0	60.0	biphasic	13.0	100.0	1.0	10.0	-100.0	5r	5.0	0.0	monopolar		[8428.0, 1138.0, 3303.0]	[0.0, 0.0, 0.0]
4806.7107	2.0	trials	1.0	2.0	60.0	biphasic	13.0	100.0	1.0	10.0	-100.0	5r	5.0	0.0	monopolar		[8428.0, 1138.0, 3303.0]	[0.0, 0.0, 0.0]
4808.7127	2.0	trials	1.0	2.0	60.0	biphasic	13.0	100.0	1.0	10.0	-100.0	5r	5.0	0.0	monopolar		[8428.0, 1138.0, 3303.0]	[0.0, 0.0, 0.0]
4810.715013197592	2.0	trials	1.0	2.0	60.0	biphasic	13.0	100.0	1.0	10.0	-100.0	5r	5.0	0.0	monopolar		[8428.0, 1138.0, 3303.0]	[0.0, 0.0, 0.0]
4812.7167	2.0	trials	1.0	2.0	60.0	biphasic	13.0	100.0	1.0	10.0	-100.0	5r	5.0	0.0	monopolar		[8428.0, 1138.0, 3303.0]	[0.0, 0.0, 0.0]
4814.7187	2.0	trials	1.0	2.0	60.0	biphasic	13.0	100.0	1.0	10.0	-100.0	5r	5.0	0.0	monopolar		[8428.0, 1138.0, 3303.0]	[0.0, 0.0, 0.0]
4816.721013588608	2.0	trials	1.0	2.0	60.0	biphasic	13.0	100.0	1.0	10.0	-100.0	5r	5.0	0.0	monopolar		[8428.0, 1138.0, 3303.0]	[0.0, 0.0, 0.0]
4818.7227	2.0	trials	1.0	2.0	60.0	biphasic	13.0	100.0	1.0	10.0	-100.0	5r	5.0	0.0	monopolar		[8428.0, 1138.0, 3303.0]	[0.0, 0.0, 0.0]
4820.724386150756	2.0	trials	1.0	2.0	60.0	biphasic	13.0	100.0	1.0	10.0	-100.0	5r	5.0	0.0	monopolar		[8428.0, 1138.0, 3303.0]	[0.0, 0.0, 0.0]
4822.7267	2.0	trials	1.0	2.0	60.0	biphasic	13.0	100.0	1.0	10.0	-100.0	5r	5.0	0.0	monopolar		[8428.0, 1138.0, 3303.0]	[0.0, 0.0, 0.0]
4824.728666666667	2.0	trials	1.0	2.0	60.0	biphasic	13.0	100.0	1.0	10.0	-100.0	5r	5.0	0.0	monopolar		[8428.0, 1138.0, 3303.0]	[0.0, 0.0, 0.0]
4826.730352426409	2.0	trials	1.0	2.0	60.0	biphasic	13.0	100.0	1.0	10.0	-100.0	5r	5.0	0.0	monopolar		[8428.0, 1138.0, 3303.0]	[0.0, 0.0, 0.0]
4828.732666666667	2.0	trials	1.0	2.0	60.0	biphasic	13.0	100.0	1.0	10.0	-100.0	5r	5.0	0.0	monopolar		[8428.0, 1138.0, 3303.0]	[0.0, 0.0, 0.0]
4830.734666666666	2.0	trials	1.0	2.0	60.0	biphasic	13.0	100.0	1.0	10.0	-100.0	5r	5.0	0.0	monopolar		[8428.0, 1138.0, 3303.0]	[0.0, 0.0, 0.0]
4832.736352035394	2.0	trials	1.0	2.0	60.0	biphasic	13.0	100.0	1.0	10.0	-100.0	5r	5.0	0.0	monopolar		[8428.0, 1138.0, 3303.0]	[0.0, 0.0, 0.0]
4834.738666666667	2.0	trials	1.0	2.0	60.0	biphasic	13.0	100.0	1.0	10.0	-100.0	5r	5.0	0.0	monopolar		[8428.0, 1138.0, 3303.0]	[0.0, 0.0, 0.0]
4836.740666666667	2.0	trials	1.0	2.0	60.0	biphasic	13.0	100.0	1.0	10.0	-100.0	5r	5.0	0.0	monopolar		[8428.0, 1138.0, 3303.0]	[0.0, 0.0, 0.0]
4838.742981688996	2.0	trials	1.0	2.0	60.0	biphasic	13.0	100.0	1.0	10.0	-100.0	5r	5.0	0.0	monopolar		[8428.0, 1138.0, 3303.0]	[0.0, 0.0, 0.0]
4840.7446666666665	2.0	trials	1.0	2.0	60.0	biphasic	13.0	100.0	1.0	10.0	-100.0	5r	5.0	0.0	monopolar		[8428.0, 1138.0, 3303.0]	[0.0, 0.0, 0.0]
4842.746666666667	2.0	trials	1.0	2.0	60.0	biphasic	13.0	100.0	1.0	10.0	-100.0	5r	5.0	0.0	monopolar		[8428.0, 1138.0, 3303.0]	[0.0, 0.0, 0.0]
4844.748948746676	2.0	trials	1.0	2.0	60.0	biphasic	13.0	100.0	1.0	10.0	-100.0	5r	5.0	0.0	monopolar		[8428.0, 1138.0, 3303.0]	[0.0, 0.0, 0.0]
4846.750633333333	2.0	trials	1.0	2.0	60.0	biphasic	13.0	100.0	1.0	10.0	-100.0	5r	5.0	0.0	monopolar		[8428.0, 1138.0, 3303.0]	[0.0, 0.0, 0.0]
4848.7526333333335	2.0	trials	1.0	2.0	60.0	biphasic	13.0	100.0	1.0	10.0	-100.0	5r	5.0	0.0	monopolar		[8428.0, 1138.0, 3303.0]	[0.0, 0.0, 0.0]
4850.754949137692	2.0	trials	1.0	2.0	60.0	biphasic	13.0	100.0	1.0	10.0	-100.0	5r	5.0	0.0	monopolar		[8428.0, 1138.0, 3303.0]	[0.0, 0.0, 0.0]
4852.756633333333	2.0	trials	1.0	2.0	60.0	biphasic	13.0	100.0	1.0	10.0	-100.0	5r	5.0	0.0	monopolar		[8428.0, 1138.0, 3303.0]	[0.0, 0.0, 0.0]
4854.758633333333	2.0	trials	1.0	2.0	60.0	biphasic	13.0	100.0	1.0	10.0	-100.0	5r	5.0	0.0	monopolar		[8428.0, 1138.0, 3303.0]	[0.0, 0.0, 0.0]
4856.760633333333	2.0	trials	1.0	2.0	60.0	biphasic	13.0	100.0	1.0	10.0	-100.0	5r	5.0	0.0	monopolar		[8428.0, 1138.0, 3303.0]	[0.0, 0.0, 0.0]
4858.762633333334	2.0	trials	1.0	2.0	60.0	biphasic	13.0	100.0	1.0	10.0	-100.0	5r	5.0	0.0	monopolar		[8428.0, 1138.0, 3303.0]	[0.0, 0.0, 0.0]
4860.764316877323	2.0	trials	1.0	2.0	60.0	biphasic	13.0	100.0	1.0	10.0	-100.0	5r	5.0	0.0	monopolar		[8428.0, 1138.0, 3303.0]	[0.0, 0.0, 0.0]
4862.766633333334	2.0	trials	1.0	2.0	60.0	biphasic	13.0	100.0	1.0	10.0	-100.0	5r	5.0	0.0	monopolar		[8428.0, 1138.0, 3303.0]	[0.0, 0.0, 0.0]
4864.768633333333	2.0	trials	1.0	2.0	60.0	biphasic	13.0	100.0	1.0	10.0	-100.0	5r	5.0	0.0	monopolar		[8428.0, 1138.0, 3303.0]	[0.0, 0.0, 0.0]
4866.770283152976	2.0	trials	1.0	2.0	60.0	biphasic	13.0	100.0	1.0	10.0	-100.0	5r	5.0	0.0	monopolar		[8428.0, 1138.0, 3303.0]	[0.0, 0.0, 0.0]
4868.7726	2.0	trials	1.0	2.0	60.0	biphasic	13.0	100.0	1.0	10.0	-100.0	5r	5.0	0.0	monopolar		[8428.0, 1138.0, 3303.0]	[0.0, 0.0, 0.0]
4870.7746	2.0	trials	1.0	2.0	60.0	biphasic	13.0	100.0	1.0	10.0	-100.0	5r	5.0	0.0	monopolar		[8428.0, 1138.0, 3303.0]	[0.0, 0.0, 0.0]
4872.776282761961	2.0	trials	1.0	2.0	60.0	biphasic	13.0	100.0	1.0	10.0	-100.0	5r	5.0	0.0	monopolar		[8428.0, 1138.0, 3303.0]	[0.0, 0.0, 0.0]
4874.7786	2.0	trials	1.0	2.0	60.0	biphasic	13.0	100.0	1.0	10.0	-100.0	5r	5.0	0.0	monopolar		[8428.0, 1138.0, 3303.0]	[0.0, 0.0, 0.0]
4876.7806	2.0	trials	1.0	2.0	60.0	biphasic	13.0	100.0	1.0	10.0	-100.0	5r	5.0	0.0	monopolar		[8428.0, 1138.0, 3303.0]	[0.0, 0.0, 0.0]
4878.782282370945	2.0	trials	1.0	2.0	60.0	biphasic	13.0	100.0	1.0	10.0	-100.0	5r	5.0	0.0	monopolar		[8428.0, 1138.0, 3303.0]	[0.0, 0.0, 0.0]
4880.7846	2.0	trials	1.0	2.0	60.0	biphasic	13.0	100.0	1.0	10.0	-100.0	5r	5.0	0.0	monopolar		[8428.0, 1138.0, 3303.0]	[0.0, 0.0, 0.0]
4882.7866	2.0	trials	1.0	2.0	60.0	biphasic	13.0	100.0	1.0	10.0	-100.0	5r	5.0	0.0	monopolar		[8428.0, 1138.0, 3303.0]	[0.0, 0.0, 0.0]
4884.78828197993	2.0	trials	1.0	2.0	60.0	biphasic	13.0	100.0	1.0	10.0	-100.0	5r	5.0	0.0	monopolar		[8428.0, 1138.0, 3303.0]	[0.0, 0.0, 0.0]
4886.790566666667	2.0	trials	1.0	2.0	60.0	biphasic	13.0	100.0	1.0	10.0	-100.0	5r	5.0	0.0	monopolar		[8428.0, 1138.0, 3303.0]	[0.0, 0.0, 0.0]
4888.792566666667	2.0	trials	1.0	2.0	60.0	biphasic	13.0	100.0	1.0	10.0	-100.0	5r	5.0	0.0	monopolar		[8428.0, 1138.0, 3303.0]	[0.0, 0.0, 0.0]
4890.794885077792	2.0	trials	1.0	2.0	60.0	biphasic	13.0	100.0	1.0	10.0	-100.0	5r	5.0	0.0	monopolar		[8428.0, 1138.0, 3303.0]	[0.0, 0.0, 0.0]
4892.796566666667	2.0	trials	1.0	2.0	60.0	biphasic	13.0	100.0	1.0	10.0	-100.0	5r	5.0	0.0	monopolar		[8428.0, 1138.0, 3303.0]	[0.0, 0.0, 0.0]
4894.798566666666	2.0	trials	1.0	2.0	60.0	biphasic	13.0	100.0	1.0	10.0	-100.0	5r	5.0	0.0	monopolar		[8428.0, 1138.0, 3303.0]	[0.0, 0.0, 0.0]
4896.800885468808	2.0	trials	1.0	2.0	60.0	biphasic	13.0	100.0	1.0	10.0	-100.0	5r	5.0	0.0	monopolar		[8428.0, 1138.0, 3303.0]	[0.0, 0.0, 0.0]
4898.802566666666	2.0	trials	1.0	2.0	60.0	biphasic	13.0	100.0	1.0	10.0	-100.0	5r	5.0	0.0	monopolar		[8428.0, 1138.0, 3303.0]	[0.0, 0.0, 0.0]
4900.804566666667	2.0	trials	1.0	2.0	60.0	biphasic	13.0	100.0	1.0	10.0	-100.0	5r	5.0	0.0	monopolar		[8428.0, 1138.0, 3303.0]	[0.0, 0.0, 0.0]
4902.8068858598235	2.0	trials	1.0	2.0	60.0	biphasic	13.0	100.0	1.0	10.0	-100.0	5r	5.0	0.0	monopolar		[8428.0, 1138.0, 3303.0]	[0.0, 0.0, 0.0]
4904.808566666667	2.0	trials	1.0	2.0	60.0	biphasic	13.0	100.0	1.0	10.0	-100.0	5r	5.0	0.0	monopolar		[8428.0, 1138.0, 3303.0]	[0.0, 0.0, 0.0]
4915.0660333333335	2.0	trials	1.0	2.0	60.0	biphasic	14.0	100.0	1.0	10.0	100.0	5r	5.0	0.0	monopolar		[8428.0, 1138.0, 3303.0]	[0.0, 0.0, 0.0]
4917.068353454971	2.0	trials	1.0	2.0	60.0	biphasic	14.0	100.0	1.0	10.0	100.0	5r	5.0	0.0	monopolar		[8428.0, 1138.0, 3303.0]	[0.0, 0.0, 0.0]
4919.070033333333	2.0	trials	1.0	2.0	60.0	biphasic	14.0	100.0	1.0	10.0	100.0	5r	5.0	0.0	monopolar		[8428.0, 1138.0, 3303.0]	[0.0, 0.0, 0.0]
4921.07171295106	2.0	trials	1.0	2.0	60.0	biphasic	14.0	100.0	1.0	10.0	100.0	5r	5.0	0.0	monopolar		[8428.0, 1138.0, 3303.0]	[0.0, 0.0, 0.0]
4923.0743538459865	2.0	trials	1.0	2.0	60.0	biphasic	14.0	100.0	1.0	10.0	100.0	5r	5.0	0.0	monopolar		[8428.0, 1138.0, 3303.0]	[0.0, 0.0, 0.0]
4925.076033333334	2.0	trials	1.0	2.0	60.0	biphasic	14.0	100.0	1.0	10.0	100.0	5r	5.0	0.0	monopolar		[8428.0, 1138.0, 3303.0]	[0.0, 0.0, 0.0]
4927.077712560044	2.0	trials	1.0	2.0	60.0	biphasic	14.0	100.0	1.0	10.0	100.0	5r	5.0	0.0	monopolar		[8428.0, 1138.0, 3303.0]	[0.0, 0.0, 0.0]
4929.080033333334	2.0	trials	1.0	2.0	60.0	biphasic	14.0	100.0	1.0	10.0	100.0	5r	5.0	0.0	monopolar		[8428.0, 1138.0, 3303.0]	[0.0, 0.0, 0.0]
4931.082033333333	2.0	trials	1.0	2.0	60.0	biphasic	14.0	100.0	1.0	10.0	100.0	5r	5.0	0.0	monopolar		[8428.0, 1138.0, 3303.0]	[0.0, 0.0, 0.0]
4933.083678835698	2.0	trials	1.0	2.0	60.0	biphasic	14.0	100.0	1.0	10.0	100.0	5r	5.0	0.0	monopolar		[8428.0, 1138.0, 3303.0]	[0.0, 0.0, 0.0]
4935.086	2.0	trials	1.0	2.0	60.0	biphasic	14.0	100.0	1.0	10.0	100.0	5r	5.0	0.0	monopolar		[8428.0, 1138.0, 3303.0]	[0.0, 0.0, 0.0]
4937.088	2.0	trials	1.0	2.0	60.0	biphasic	14.0	100.0	1.0	10.0	100.0	5r	5.0	0.0	monopolar		[8428.0, 1138.0, 3303.0]	[0.0, 0.0, 0.0]
4939.089678444682	2.0	trials	1.0	2.0	60.0	biphasic	14.0	100.0	1.0	10.0	100.0	5r	5.0	0.0	monopolar		[8428.0, 1138.0, 3303.0]	[0.0, 0.0, 0.0]
4941.092	2.0	trials	1.0	2.0	60.0	biphasic	14.0	100.0	1.0	10.0	100.0	5r	5.0	0.0	monopolar		[8428.0, 1138.0, 3303.0]	[0.0, 0.0, 0.0]
4943.094	2.0	trials	1.0	2.0	60.0	biphasic	14.0	100.0	1.0	10.0	100.0	5r	5.0	0.0	monopolar		[8428.0, 1138.0, 3303.0]	[0.0, 0.0, 0.0]
4945.096321946375	2.0	trials	1.0	2.0	60.0	biphasic	14.0	100.0	1.0	10.0	100.0	5r	5.0	0.0	monopolar		[8428.0, 1138.0, 3303.0]	[0.0, 0.0, 0.0]
4947.098	2.0	trials	1.0	2.0	60.0	biphasic	14.0	100.0	1.0	10.0	100.0	5r	5.0	0.0	monopolar		[8428.0, 1138.0, 3303.0]	[0.0, 0.0, 0.0]
4949.1	2.0	trials	1.0	2.0	60.0	biphasic	14.0	100.0	1.0	10.0	100.0	5r	5.0	0.0	monopolar		[8428.0, 1138.0, 3303.0]	[0.0, 0.0, 0.0]
4951.10232233739	2.0	trials	1.0	2.0	60.0	biphasic	14.0	100.0	1.0	10.0	100.0	5r	5.0	0.0	monopolar		[8428.0, 1138.0, 3303.0]	[0.0, 0.0, 0.0]
4953.104	2.0	trials	1.0	2.0	60.0	biphasic	14.0	100.0	1.0	10.0	100.0	5r	5.0	0.0	monopolar		[8428.0, 1138.0, 3303.0]	[0.0, 0.0, 0.0]
4955.105966666667	2.0	trials	1.0	2.0	60.0	biphasic	14.0	100.0	1.0	10.0	100.0	5r	5.0	0.0	monopolar		[8428.0, 1138.0, 3303.0]	[0.0, 0.0, 0.0]
4957.108289395071	2.0	trials	1.0	2.0	60.0	biphasic	14.0	100.0	1.0	10.0	100.0	5r	5.0	0.0	monopolar		[8428.0, 1138.0, 3303.0]	[0.0, 0.0, 0.0]
4959.109966666667	2.0	trials	1.0	2.0	60.0	biphasic	14.0	100.0	1.0	10.0	100.0	5r	5.0	0.0	monopolar		[8428.0, 1138.0, 3303.0]	[0.0, 0.0, 0.0]
4961.111966666666	2.0	trials	1.0	2.0	60.0	biphasic	14.0	100.0	1.0	10.0	100.0	5r	5.0	0.0	monopolar		[8428.0, 1138.0, 3303.0]	[0.0, 0.0, 0.0]
4963.113966666667	2.0	trials	1.0	2.0	60.0	biphasic	14.0	100.0	1.0	10.0	100.0	5r	5.0	0.0	monopolar		[8428.0, 1138.0, 3303.0]	[0.0, 0.0, 0.0]
4965.115966666666	2.0	trials	1.0	2.0	60.0	biphasic	14.0	100.0	1.0	10.0	100.0	5r	5.0	0.0	monopolar		[8428.0, 1138.0, 3303.0]	[0.0, 0.0, 0.0]
4967.117966666667	2.0	trials	1.0	2.0	60.0	biphasic	14.0	100.0	1.0	10.0	100.0	5r	5.0	0.0	monopolar		[8428.0, 1138.0, 3303.0]	[0.0, 0.0, 0.0]
4969.119966666667	2.0	trials	1.0	2.0	60.0	biphasic	14.0	100.0	1.0	10.0	100.0	5r	5.0	0.0	monopolar		[8428.0, 1138.0, 3303.0]	[0.0, 0.0, 0.0]
4971.121966666667	2.0	trials	1.0	2.0	60.0	biphasic	14.0	100.0	1.0	10.0	100.0	5r	5.0	0.0	monopolar		[8428.0, 1138.0, 3303.0]	[0.0, 0.0, 0.0]
4973.123642895596	2.0	trials	1.0	2.0	60.0	biphasic	14.0	100.0	1.0	10.0	100.0	5r	5.0	0.0	monopolar		[8428.0, 1138.0, 3303.0]	[0.0, 0.0, 0.0]
4975.125933333334	2.0	trials	1.0	2.0	60.0	biphasic	14.0	100.0	1.0	10.0	100.0	5r	5.0	0.0	monopolar		[8428.0, 1138.0, 3303.0]	[0.0, 0.0, 0.0]
4977.127933333333	2.0	trials	1.0	2.0	60.0	biphasic	14.0	100.0	1.0	10.0	100.0	5r	5.0	0.0	monopolar		[8428.0, 1138.0, 3303.0]	[0.0, 0.0, 0.0]
4979.129609171249	2.0	trials	1.0	2.0	60.0	biphasic	14.0	100.0	1.0	10.0	100.0	5r	5.0	0.0	monopolar		[8428.0, 1138.0, 3303.0]	[0.0, 0.0, 0.0]
4981.131933333333	2.0	trials	1.0	2.0	60.0	biphasic	14.0	100.0	1.0	10.0	100.0	5r	5.0	0.0	monopolar		[8428.0, 1138.0, 3303.0]	[0.0, 0.0, 0.0]
4983.1339333333335	2.0	trials	1.0	2.0	60.0	biphasic	14.0	100.0	1.0	10.0	100.0	5r	5.0	0.0	monopolar		[8428.0, 1138.0, 3303.0]	[0.0, 0.0, 0.0]
4985.135608780234	2.0	trials	1.0	2.0	60.0	biphasic	14.0	100.0	1.0	10.0	100.0	5r	5.0	0.0	monopolar		[8428.0, 1138.0, 3303.0]	[0.0, 0.0, 0.0]
4987.137933333333	2.0	trials	1.0	2.0	60.0	biphasic	14.0	100.0	1.0	10.0	100.0	5r	5.0	0.0	monopolar		[8428.0, 1138.0, 3303.0]	[0.0, 0.0, 0.0]
4989.139933333333	2.0	trials	1.0	2.0	60.0	biphasic	14.0	100.0	1.0	10.0	100.0	5r	5.0	0.0	monopolar		[8428.0, 1138.0, 3303.0]	[0.0, 0.0, 0.0]
4991.141608389218	2.0	trials	1.0	2.0	60.0	biphasic	14.0	100.0	1.0	10.0	100.0	5r	5.0	0.0	monopolar		[8428.0, 1138.0, 3303.0]	[0.0, 0.0, 0.0]
4993.143933333334	2.0	trials	1.0	2.0	60.0	biphasic	14.0	100.0	1.0	10.0	100.0	5r	5.0	0.0	monopolar		[8428.0, 1138.0, 3303.0]	[0.0, 0.0, 0.0]
4995.1459	2.0	trials	1.0	2.0	60.0	biphasic	14.0	100.0	1.0	10.0	100.0	5r	5.0	0.0	monopolar		[8428.0, 1138.0, 3303.0]	[0.0, 0.0, 0.0]
4997.1482253351705	2.0	trials	1.0	2.0	60.0	biphasic	14.0	100.0	1.0	10.0	100.0	5r	5.0	0.0	monopolar		[8428.0, 1138.0, 3303.0]	[0.0, 0.0, 0.0]
4999.1499	2.0	trials	1.0	2.0	60.0	biphasic	14.0	100.0	1.0	10.0	100.0	5r	5.0	0.0	monopolar		[8428.0, 1138.0, 3303.0]	[0.0, 0.0, 0.0]
5001.1519	2.0	trials	1.0	2.0	60.0	biphasic	14.0	100.0	1.0	10.0	100.0	5r	5.0	0.0	monopolar		[8428.0, 1138.0, 3303.0]	[0.0, 0.0, 0.0]
5003.154225726186	2.0	trials	1.0	2.0	60.0	biphasic	14.0	100.0	1.0	10.0	100.0	5r	5.0	0.0	monopolar		[8428.0, 1138.0, 3303.0]	[0.0, 0.0, 0.0]
5005.1559	2.0	trials	1.0	2.0	60.0	biphasic	14.0	100.0	1.0	10.0	100.0	5r	5.0	0.0	monopolar		[8428.0, 1138.0, 3303.0]	[0.0, 0.0, 0.0]
5007.157574013178	2.0	trials	1.0	2.0	60.0	biphasic	14.0	100.0	1.0	10.0	100.0	5r	5.0	0.0	monopolar		[8428.0, 1138.0, 3303.0]	[0.0, 0.0, 0.0]
5009.160226117202	2.0	trials	1.0	2.0	60.0	biphasic	14.0	100.0	1.0	10.0	100.0	5r	5.0	0.0	monopolar		[8428.0, 1138.0, 3303.0]	[0.0, 0.0, 0.0]
5011.1619	2.0	trials	1.0	2.0	60.0	biphasic	14.0	100.0	1.0	10.0	100.0	5r	5.0	0.0	monopolar		[8428.0, 1138.0, 3303.0]	[0.0, 0.0, 0.0]
5013.163573622163	2.0	trials	1.0	2.0	60.0	biphasic	14.0	100.0	1.0	10.0	100.0	5r	5.0	0.0	monopolar		[8428.0, 1138.0, 3303.0]	[0.0, 0.0, 0.0]
5015.1659	2.0	trials	1.0	2.0	60.0	biphasic	14.0	100.0	1.0	10.0	100.0	5r	5.0	0.0	monopolar		[8428.0, 1138.0, 3303.0]	[0.0, 0.0, 0.0]
5017.167866666667	2.0	trials	1.0	2.0	60.0	biphasic	14.0	100.0	1.0	10.0	100.0	5r	5.0	0.0	monopolar		[8428.0, 1138.0, 3303.0]	[0.0, 0.0, 0.0]
5019.169539897816	2.0	trials	1.0	2.0	60.0	biphasic	14.0	100.0	1.0	10.0	100.0	5r	5.0	0.0	monopolar		[8428.0, 1138.0, 3303.0]	[0.0, 0.0, 0.0]
5021.171866666667	2.0	trials	1.0	2.0	60.0	biphasic	14.0	100.0	1.0	10.0	100.0	5r	5.0	0.0	monopolar		[8428.0, 1138.0, 3303.0]	[0.0, 0.0, 0.0]
5023.173866666667	2.0	trials	1.0	2.0	60.0	biphasic	14.0	100.0	1.0	10.0	100.0	5r	5.0	0.0	monopolar		[8428.0, 1138.0, 3303.0]	[0.0, 0.0, 0.0]
5025.175539506801	2.0	trials	1.0	2.0	60.0	biphasic	14.0	100.0	1.0	10.0	100.0	5r	5.0	0.0	monopolar		[8428.0, 1138.0, 3303.0]	[0.0, 0.0, 0.0]
5027.177866666667	2.0	trials	1.0	2.0	60.0	biphasic	14.0	100.0	1.0	10.0	100.0	5r	5.0	0.0	monopolar		[8428.0, 1138.0, 3303.0]	[0.0, 0.0, 0.0]
5029.179866666666	2.0	trials	1.0	2.0	60.0	biphasic	14.0	100.0	1.0	10.0	100.0	5r	5.0	0.0	monopolar		[8428.0, 1138.0, 3303.0]	[0.0, 0.0, 0.0]
5031.181539115785	2.0	trials	1.0	2.0	60.0	biphasic	14.0	100.0	1.0	10.0	100.0	5r	5.0	0.0	monopolar		[8428.0, 1138.0, 3303.0]	[0.0, 0.0, 0.0]
5033.183866666666	2.0	trials	1.0	2.0	60.0	biphasic	14.0	100.0	1.0	10.0	100.0	5r	5.0	0.0	monopolar		[8428.0, 1138.0, 3303.0]	[0.0, 0.0, 0.0]
5101.148633333333	2.0	trials	1.0	2.0	60.0	biphasic	15.0	100.0	1.0	10.0	-25.0	5r_4b	5.0	4.0	bipolar		[8428.0, 1138.0, 3303.0]	[8428.0, 1038.0, 3303.0]
5103.1503010969855	2.0	trials	1.0	2.0	60.0	biphasic	15.0	100.0	1.0	10.0	-25.0	5r_4b	5.0	4.0	bipolar		[8428.0, 1138.0, 3303.0]	[8428.0, 1038.0, 3303.0]
5105.152633333333	2.0	trials	1.0	2.0	60.0	biphasic	15.0	100.0	1.0	10.0	-25.0	5r_4b	5.0	4.0	bipolar		[8428.0, 1138.0, 3303.0]	[8428.0, 1038.0, 3303.0]
5107.154633333334	2.0	trials	1.0	2.0	60.0	biphasic	15.0	100.0	1.0	10.0	-25.0	5r_4b	5.0	4.0	bipolar		[8428.0, 1138.0, 3303.0]	[8428.0, 1038.0, 3303.0]
5109.15630070597	2.0	trials	1.0	2.0	60.0	biphasic	15.0	100.0	1.0	10.0	-25.0	5r_4b	5.0	4.0	bipolar		[8428.0, 1138.0, 3303.0]	[8428.0, 1038.0, 3303.0]
5111.1586333333335	2.0	trials	1.0	2.0	60.0	biphasic	15.0	100.0	1.0	10.0	-25.0	5r_4b	5.0	4.0	bipolar		[8428.0, 1138.0, 3303.0]	[8428.0, 1038.0, 3303.0]
5113.160633333333	2.0	trials	1.0	2.0	60.0	biphasic	15.0	100.0	1.0	10.0	-25.0	5r_4b	5.0	4.0	bipolar		[8428.0, 1138.0, 3303.0]	[8428.0, 1038.0, 3303.0]
5115.162300314954	2.0	trials	1.0	2.0	60.0	biphasic	15.0	100.0	1.0	10.0	-25.0	5r_4b	5.0	4.0	bipolar		[8428.0, 1138.0, 3303.0]	[8428.0, 1038.0, 3303.0]
5117.164633333334	2.0	trials	1.0	2.0	60.0	biphasic	15.0	100.0	1.0	10.0	-25.0	5r_4b	5.0	4.0	bipolar		[8428.0, 1138.0, 3303.0]	[8428.0, 1038.0, 3303.0]
5119.166633333333	2.0	trials	1.0	2.0	60.0	biphasic	15.0	100.0	1.0	10.0	-25.0	5r_4b	5.0	4.0	bipolar		[8428.0, 1138.0, 3303.0]	[8428.0, 1038.0, 3303.0]
5121.168933409435	2.0	trials	1.0	2.0	60.0	biphasic	15.0	100.0	1.0	10.0	-25.0	5r_4b	5.0	4.0	bipolar		[8428.0, 1138.0, 3303.0]	[8428.0, 1038.0, 3303.0]
5123.1706	2.0	trials	1.0	2.0	60.0	biphasic	15.0	100.0	1.0	10.0	-25.0	5r_4b	5.0	4.0	bipolar		[8428.0, 1138.0, 3303.0]	[8428.0, 1038.0, 3303.0]
5125.1726	2.0	trials	1.0	2.0	60.0	biphasic	15.0	100.0	1.0	10.0	-25.0	5r_4b	5.0	4.0	bipolar		[8428.0, 1138.0, 3303.0]	[8428.0, 1038.0, 3303.0]
5127.174933800451	2.0	trials	1.0	2.0	60.0	biphasic	15.0	100.0	1.0	10.0	-25.0	5r_4b	5.0	4.0	bipolar		[8428.0, 1138.0, 3303.0]	[8428.0, 1038.0, 3303.0]
5129.1766	2.0	trials	1.0	2.0	60.0	biphasic	15.0	100.0	1.0	10.0	-25.0	5r_4b	5.0	4.0	bipolar		[8428.0, 1138.0, 3303.0]	[8428.0, 1038.0, 3303.0]
5131.1786	2.0	trials	1.0	2.0	60.0	biphasic	15.0	100.0	1.0	10.0	-25.0	5r_4b	5.0	4.0	bipolar		[8428.0, 1138.0, 3303.0]	[8428.0, 1038.0, 3303.0]
5133.180934191467	2.0	trials	1.0	2.0	60.0	biphasic	15.0	100.0	1.0	10.0	-25.0	5r_4b	5.0	4.0	bipolar		[8428.0, 1138.0, 3303.0]	[8428.0, 1038.0, 3303.0]
5135.1826	2.0	trials	1.0	2.0	60.0	biphasic	15.0	100.0	1.0	10.0	-25.0	5r_4b	5.0	4.0	bipolar		[8428.0, 1138.0, 3303.0]	[8428.0, 1038.0, 3303.0]
5137.1846	2.0	trials	1.0	2.0	60.0	biphasic	15.0	100.0	1.0	10.0	-25.0	5r_4b	5.0	4.0	bipolar		[8428.0, 1138.0, 3303.0]	[8428.0, 1038.0, 3303.0]
5139.1866	2.0	trials	1.0	2.0	60.0	biphasic	15.0	100.0	1.0	10.0	-25.0	5r_4b	5.0	4.0	bipolar		[8428.0, 1138.0, 3303.0]	[8428.0, 1038.0, 3303.0]
5141.188901379486	2.0	trials	1.0	2.0	60.0	biphasic	15.0	100.0	1.0	10.0	-25.0	5r_4b	5.0	4.0	bipolar		[8428.0, 1138.0, 3303.0]	[8428.0, 1038.0, 3303.0]
5143.190566666667	2.0	trials	1.0	2.0	60.0	biphasic	15.0	100.0	1.0	10.0	-25.0	5r_4b	5.0	4.0	bipolar		[8428.0, 1138.0, 3303.0]	[8428.0, 1038.0, 3303.0]
5145.192566666667	2.0	trials	1.0	2.0	60.0	biphasic	15.0	100.0	1.0	10.0	-25.0	5r_4b	5.0	4.0	bipolar		[8428.0, 1138.0, 3303.0]	[8428.0, 1038.0, 3303.0]
5147.194566666667	2.0	trials	1.0	2.0	60.0	biphasic	15.0	100.0	1.0	10.0	-25.0	5r_4b	5.0	4.0	bipolar		[8428.0, 1138.0, 3303.0]	[8428.0, 1038.0, 3303.0]
5149.196231432537	2.0	trials	1.0	2.0	60.0	biphasic	15.0	100.0	1.0	10.0	-25.0	5r_4b	5.0	4.0	bipolar		[8428.0, 1138.0, 3303.0]	[8428.0, 1038.0, 3303.0]
5151.198566666667	2.0	trials	1.0	2.0	60.0	biphasic	15.0	100.0	1.0	10.0	-25.0	5r_4b	5.0	4.0	bipolar		[8428.0, 1138.0, 3303.0]	[8428.0, 1038.0, 3303.0]
5153.200566666666	2.0	trials	1.0	2.0	60.0	biphasic	15.0	100.0	1.0	10.0	-25.0	5r_4b	5.0	4.0	bipolar		[8428.0, 1138.0, 3303.0]	[8428.0, 1038.0, 3303.0]
5155.202231041521	2.0	trials	1.0	2.0	60.0	biphasic	15.0	100.0	1.0	10.0	-25.0	5r_4b	5.0	4.0	bipolar		[8428.0, 1138.0, 3303.0]	[8428.0, 1038.0, 3303.0]
5157.204566666666	2.0	trials	1.0	2.0	60.0	biphasic	15.0	100.0	1.0	10.0	-25.0	5r_4b	5.0	4.0	bipolar		[8428.0, 1138.0, 3303.0]	[8428.0, 1038.0, 3303.0]
5159.206566666667	2.0	trials	1.0	2.0	60.0	biphasic	15.0	100.0	1.0	10.0	-25.0	5r_4b	5.0	4.0	bipolar		[8428.0, 1138.0, 3303.0]	[8428.0, 1038.0, 3303.0]
5161.208197317174	2.0	trials	1.0	2.0	60.0	biphasic	15.0	100.0	1.0	10.0	-25.0	5r_4b	5.0	4.0	bipolar		[8428.0, 1138.0, 3303.0]	[8428.0, 1038.0, 3303.0]
5163.210533333333	2.0	trials	1.0	2.0	60.0	biphasic	15.0	100.0	1.0	10.0	-25.0	5r_4b	5.0	4.0	bipolar		[8428.0, 1138.0, 3303.0]	[8428.0, 1038.0, 3303.0]
5165.212533333333	2.0	trials	1.0	2.0	60.0	biphasic	15.0	100.0	1.0	10.0	-25.0	5r_4b	5.0	4.0	bipolar		[8428.0, 1138.0, 3303.0]	[8428.0, 1038.0, 3303.0]
5167.214196926159	2.0	trials	1.0	2.0	60.0	biphasic	15.0	100.0	1.0	10.0	-25.0	5r_4b	5.0	4.0	bipolar		[8428.0, 1138.0, 3303.0]	[8428.0, 1038.0, 3303.0]
5169.216533333333	2.0	trials	1.0	2.0	60.0	biphasic	15.0	100.0	1.0	10.0	-25.0	5r_4b	5.0	4.0	bipolar		[8428.0, 1138.0, 3303.0]	[8428.0, 1038.0, 3303.0]
5171.218533333334	2.0	trials	1.0	2.0	60.0	biphasic	15.0	100.0	1.0	10.0	-25.0	5r_4b	5.0	4.0	bipolar		[8428.0, 1138.0, 3303.0]	[8428.0, 1038.0, 3303.0]
5173.220870131567	2.0	trials	1.0	2.0	60.0	biphasic	15.0	100.0	1.0	10.0	-25.0	5r_4b	5.0	4.0	bipolar		[8428.0, 1138.0, 3303.0]	[8428.0, 1038.0, 3303.0]
5175.222533333334	2.0	trials	1.0	2.0	60.0	biphasic	15.0	100.0	1.0	10.0	-25.0	5r_4b	5.0	4.0	bipolar		[8428.0, 1138.0, 3303.0]	[8428.0, 1038.0, 3303.0]
5177.224533333333	2.0	trials	1.0	2.0	60.0	biphasic	15.0	100.0	1.0	10.0	-25.0	5r_4b	5.0	4.0	bipolar		[8428.0, 1138.0, 3303.0]	[8428.0, 1038.0, 3303.0]
5179.226870522582	2.0	trials	1.0	2.0	60.0	biphasic	15.0	100.0	1.0	10.0	-25.0	5r_4b	5.0	4.0	bipolar		[8428.0, 1138.0, 3303.0]	[8428.0, 1038.0, 3303.0]
5181.228870652922	2.0	trials	1.0	2.0	60.0	biphasic	15.0	100.0	1.0	10.0	-25.0	5r_4b	5.0	4.0	bipolar		[8428.0, 1138.0, 3303.0]	[8428.0, 1038.0, 3303.0]
5183.2305	2.0	trials	1.0	2.0	60.0	biphasic	15.0	100.0	1.0	10.0	-25.0	5r_4b	5.0	4.0	bipolar		[8428.0, 1138.0, 3303.0]	[8428.0, 1038.0, 3303.0]
5185.232837580263	2.0	trials	1.0	2.0	60.0	biphasic	15.0	100.0	1.0	10.0	-25.0	5r_4b	5.0	4.0	bipolar		[8428.0, 1138.0, 3303.0]	[8428.0, 1038.0, 3303.0]
5187.2345	2.0	trials	1.0	2.0	60.0	biphasic	15.0	100.0	1.0	10.0	-25.0	5r_4b	5.0	4.0	bipolar		[8428.0, 1138.0, 3303.0]	[8428.0, 1038.0, 3303.0]
5189.2365	2.0	trials	1.0	2.0	60.0	biphasic	15.0	100.0	1.0	10.0	-25.0	5r_4b	5.0	4.0	bipolar		[8428.0, 1138.0, 3303.0]	[8428.0, 1038.0, 3303.0]
5191.2385	2.0	trials	1.0	2.0	60.0	biphasic	15.0	100.0	1.0	10.0	-25.0	5r_4b	5.0	4.0	bipolar		[8428.0, 1138.0, 3303.0]	[8428.0, 1038.0, 3303.0]
5193.2405	2.0	trials	1.0	2.0	60.0	biphasic	15.0	100.0	1.0	10.0	-25.0	5r_4b	5.0	4.0	bipolar		[8428.0, 1138.0, 3303.0]	[8428.0, 1038.0, 3303.0]
5195.242161768088	2.0	trials	1.0	2.0	60.0	biphasic	15.0	100.0	1.0	10.0	-25.0	5r_4b	5.0	4.0	bipolar		[8428.0, 1138.0, 3303.0]	[8428.0, 1038.0, 3303.0]
5197.2445	2.0	trials	1.0	2.0	60.0	biphasic	15.0	100.0	1.0	10.0	-25.0	5r_4b	5.0	4.0	bipolar		[8428.0, 1138.0, 3303.0]	[8428.0, 1038.0, 3303.0]
5199.2465	2.0	trials	1.0	2.0	60.0	biphasic	15.0	100.0	1.0	10.0	-25.0	5r_4b	5.0	4.0	bipolar		[8428.0, 1138.0, 3303.0]	[8428.0, 1038.0, 3303.0]
5201.2485	2.0	trials	1.0	2.0	60.0	biphasic	15.0	100.0	1.0	10.0	-25.0	5r_4b	5.0	4.0	bipolar		[8428.0, 1138.0, 3303.0]	[8428.0, 1038.0, 3303.0]
5203.250466666666	2.0	trials	1.0	2.0	60.0	biphasic	15.0	100.0	1.0	10.0	-25.0	5r_4b	5.0	4.0	bipolar		[8428.0, 1138.0, 3303.0]	[8428.0, 1038.0, 3303.0]
5205.252466666667	2.0	trials	1.0	2.0	60.0	biphasic	15.0	100.0	1.0	10.0	-25.0	5r_4b	5.0	4.0	bipolar		[8428.0, 1138.0, 3303.0]	[8428.0, 1038.0, 3303.0]
5207.254127652726	2.0	trials	1.0	2.0	60.0	biphasic	15.0	100.0	1.0	10.0	-25.0	5r_4b	5.0	4.0	bipolar		[8428.0, 1138.0, 3303.0]	[8428.0, 1038.0, 3303.0]
5209.256466666667	2.0	trials	1.0	2.0	60.0	biphasic	15.0	100.0	1.0	10.0	-25.0	5r_4b	5.0	4.0	bipolar		[8428.0, 1138.0, 3303.0]	[8428.0, 1038.0, 3303.0]
5211.258466666667	2.0	trials	1.0	2.0	60.0	biphasic	15.0	100.0	1.0	10.0	-25.0	5r_4b	5.0	4.0	bipolar		[8428.0, 1138.0, 3303.0]	[8428.0, 1038.0, 3303.0]
5213.260466666667	2.0	trials	1.0	2.0	60.0	biphasic	15.0	100.0	1.0	10.0	-25.0	5r_4b	5.0	4.0	bipolar		[8428.0, 1138.0, 3303.0]	[8428.0, 1038.0, 3303.0]
5215.262466666667	2.0	trials	1.0	2.0	60.0	biphasic	15.0	100.0	1.0	10.0	-25.0	5r_4b	5.0	4.0	bipolar		[8428.0, 1138.0, 3303.0]	[8428.0, 1038.0, 3303.0]
5217.2644666666665	2.0	trials	1.0	2.0	60.0	biphasic	15.0	100.0	1.0	10.0	-25.0	5r_4b	5.0	4.0	bipolar		[8428.0, 1138.0, 3303.0]	[8428.0, 1038.0, 3303.0]
5219.266806462682	2.0	trials	1.0	2.0	60.0	biphasic	15.0	100.0	1.0	10.0	-25.0	5r_4b	5.0	4.0	bipolar		[8428.0, 1138.0, 3303.0]	[8428.0, 1038.0, 3303.0]
5287.723333333333	2.0	trials	1.0	2.0	60.0	biphasic	16.0	100.0	1.0	10.0	-50.0	5r_4b	5.0	4.0	bipolar		[8428.0, 1138.0, 3303.0]	[8428.0, 1038.0, 3303.0]
5289.725333333334	2.0	trials	1.0	2.0	60.0	biphasic	16.0	100.0	1.0	10.0	-50.0	5r_4b	5.0	4.0	bipolar		[8428.0, 1138.0, 3303.0]	[8428.0, 1038.0, 3303.0]
5291.727677846854	2.0	trials	1.0	2.0	60.0	biphasic	16.0	100.0	1.0	10.0	-50.0	5r_4b	5.0	4.0	bipolar		[8428.0, 1138.0, 3303.0]	[8428.0, 1038.0, 3303.0]
5293.729333333334	2.0	trials	1.0	2.0	60.0	biphasic	16.0	100.0	1.0	10.0	-50.0	5r_4b	5.0	4.0	bipolar		[8428.0, 1138.0, 3303.0]	[8428.0, 1038.0, 3303.0]
5295.731333333333	2.0	trials	1.0	2.0	60.0	biphasic	16.0	100.0	1.0	10.0	-50.0	5r_4b	5.0	4.0	bipolar		[8428.0, 1138.0, 3303.0]	[8428.0, 1038.0, 3303.0]
5297.733333333334	2.0	trials	1.0	2.0	60.0	biphasic	16.0	100.0	1.0	10.0	-50.0	5r_4b	5.0	4.0	bipolar		[8428.0, 1138.0, 3303.0]	[8428.0, 1038.0, 3303.0]
5299.735333333333	2.0	trials	1.0	2.0	60.0	biphasic	16.0	100.0	1.0	10.0	-50.0	5r_4b	5.0	4.0	bipolar		[8428.0, 1138.0, 3303.0]	[8428.0, 1038.0, 3303.0]
5301.736988168165	2.0	trials	1.0	2.0	60.0	biphasic	16.0	100.0	1.0	10.0	-50.0	5r_4b	5.0	4.0	bipolar		[8428.0, 1138.0, 3303.0]	[8428.0, 1038.0, 3303.0]
5303.739333333333	2.0	trials	1.0	2.0	60.0	biphasic	16.0	100.0	1.0	10.0	-50.0	5r_4b	5.0	4.0	bipolar		[8428.0, 1138.0, 3303.0]	[8428.0, 1038.0, 3303.0]
5305.741333333333	2.0	trials	1.0	2.0	60.0	biphasic	16.0	100.0	1.0	10.0	-50.0	5r_4b	5.0	4.0	bipolar		[8428.0, 1138.0, 3303.0]	[8428.0, 1038.0, 3303.0]
5307.742954443818	2.0	trials	1.0	2.0	60.0	biphasic	16.0	100.0	1.0	10.0	-50.0	5r_4b	5.0	4.0	bipolar		[8428.0, 1138.0, 3303.0]	[8428.0, 1038.0, 3303.0]
5309.7453	2.0	trials	1.0	2.0	60.0	biphasic	16.0	100.0	1.0	10.0	-50.0	5r_4b	5.0	4.0	bipolar		[8428.0, 1138.0, 3303.0]	[8428.0, 1038.0, 3303.0]
5311.7473	2.0	trials	1.0	2.0	60.0	biphasic	16.0	100.0	1.0	10.0	-50.0	5r_4b	5.0	4.0	bipolar		[8428.0, 1138.0, 3303.0]	[8428.0, 1038.0, 3303.0]
5313.748954052802	2.0	trials	1.0	2.0	60.0	biphasic	16.0	100.0	1.0	10.0	-50.0	5r_4b	5.0	4.0	bipolar		[8428.0, 1138.0, 3303.0]	[8428.0, 1038.0, 3303.0]
5315.7513	2.0	trials	1.0	2.0	60.0	biphasic	16.0	100.0	1.0	10.0	-50.0	5r_4b	5.0	4.0	bipolar		[8428.0, 1138.0, 3303.0]	[8428.0, 1038.0, 3303.0]
5317.7533	2.0	trials	1.0	2.0	60.0	biphasic	16.0	100.0	1.0	10.0	-50.0	5r_4b	5.0	4.0	bipolar		[8428.0, 1138.0, 3303.0]	[8428.0, 1038.0, 3303.0]
5319.754953661787	2.0	trials	1.0	2.0	60.0	biphasic	16.0	100.0	1.0	10.0	-50.0	5r_4b	5.0	4.0	bipolar		[8428.0, 1138.0, 3303.0]	[8428.0, 1038.0, 3303.0]
5321.7573	2.0	trials	1.0	2.0	60.0	biphasic	16.0	100.0	1.0	10.0	-50.0	5r_4b	5.0	4.0	bipolar		[8428.0, 1138.0, 3303.0]	[8428.0, 1038.0, 3303.0]
5323.7593	2.0	trials	1.0	2.0	60.0	biphasic	16.0	100.0	1.0	10.0	-50.0	5r_4b	5.0	4.0	bipolar		[8428.0, 1138.0, 3303.0]	[8428.0, 1038.0, 3303.0]
5325.761646729274	2.0	trials	1.0	2.0	60.0	biphasic	16.0	100.0	1.0	10.0	-50.0	5r_4b	5.0	4.0	bipolar		[8428.0, 1138.0, 3303.0]	[8428.0, 1038.0, 3303.0]
5327.763266666667	2.0	trials	1.0	2.0	60.0	biphasic	16.0	100.0	1.0	10.0	-50.0	5r_4b	5.0	4.0	bipolar		[8428.0, 1138.0, 3303.0]	[8428.0, 1038.0, 3303.0]
5329.765266666666	2.0	trials	1.0	2.0	60.0	biphasic	16.0	100.0	1.0	10.0	-50.0	5r_4b	5.0	4.0	bipolar		[8428.0, 1138.0, 3303.0]	[8428.0, 1038.0, 3303.0]
5331.767613786954	2.0	trials	1.0	2.0	60.0	biphasic	16.0	100.0	1.0	10.0	-50.0	5r_4b	5.0	4.0	bipolar		[8428.0, 1138.0, 3303.0]	[8428.0, 1038.0, 3303.0]
5333.769266666666	2.0	trials	1.0	2.0	60.0	biphasic	16.0	100.0	1.0	10.0	-50.0	5r_4b	5.0	4.0	bipolar		[8428.0, 1138.0, 3303.0]	[8428.0, 1038.0, 3303.0]
5335.771266666667	2.0	trials	1.0	2.0	60.0	biphasic	16.0	100.0	1.0	10.0	-50.0	5r_4b	5.0	4.0	bipolar		[8428.0, 1138.0, 3303.0]	[8428.0, 1038.0, 3303.0]
5337.77361417797	2.0	trials	1.0	2.0	60.0	biphasic	16.0	100.0	1.0	10.0	-50.0	5r_4b	5.0	4.0	bipolar		[8428.0, 1138.0, 3303.0]	[8428.0, 1038.0, 3303.0]
5339.7752666666665	2.0	trials	1.0	2.0	60.0	biphasic	16.0	100.0	1.0	10.0	-50.0	5r_4b	5.0	4.0	bipolar		[8428.0, 1138.0, 3303.0]	[8428.0, 1038.0, 3303.0]
5341.776918894732	2.0	trials	1.0	2.0	60.0	biphasic	16.0	100.0	1.0	10.0	-50.0	5r_4b	5.0	4.0	bipolar		[8428.0, 1138.0, 3303.0]	[8428.0, 1038.0, 3303.0]
5343.779266666666	2.0	trials	1.0	2.0	60.0	biphasic	16.0	100.0	1.0	10.0	-50.0	5r_4b	5.0	4.0	bipolar		[8428.0, 1138.0, 3303.0]	[8428.0, 1038.0, 3303.0]
5345.781266666667	2.0	trials	1.0	2.0	60.0	biphasic	16.0	100.0	1.0	10.0	-50.0	5r_4b	5.0	4.0	bipolar		[8428.0, 1138.0, 3303.0]	[8428.0, 1038.0, 3303.0]
5347.782918503716	2.0	trials	1.0	2.0	60.0	biphasic	16.0	100.0	1.0	10.0	-50.0	5r_4b	5.0	4.0	bipolar		[8428.0, 1138.0, 3303.0]	[8428.0, 1038.0, 3303.0]
5349.785233333333	2.0	trials	1.0	2.0	60.0	biphasic	16.0	100.0	1.0	10.0	-50.0	5r_4b	5.0	4.0	bipolar		[8428.0, 1138.0, 3303.0]	[8428.0, 1038.0, 3303.0]
5351.7872333333335	2.0	trials	1.0	2.0	60.0	biphasic	16.0	100.0	1.0	10.0	-50.0	5r_4b	5.0	4.0	bipolar		[8428.0, 1138.0, 3303.0]	[8428.0, 1038.0, 3303.0]
5353.788884779369	2.0	trials	1.0	2.0	60.0	biphasic	16.0	100.0	1.0	10.0	-50.0	5r_4b	5.0	4.0	bipolar		[8428.0, 1138.0, 3303.0]	[8428.0, 1038.0, 3303.0]
5355.791233333333	2.0	trials	1.0	2.0	60.0	biphasic	16.0	100.0	1.0	10.0	-50.0	5r_4b	5.0	4.0	bipolar		[8428.0, 1138.0, 3303.0]	[8428.0, 1038.0, 3303.0]
5357.793233333334	2.0	trials	1.0	2.0	60.0	biphasic	16.0	100.0	1.0	10.0	-50.0	5r_4b	5.0	4.0	bipolar		[8428.0, 1138.0, 3303.0]	[8428.0, 1038.0, 3303.0]
5359.794884388354	2.0	trials	1.0	2.0	60.0	biphasic	16.0	100.0	1.0	10.0	-50.0	5r_4b	5.0	4.0	bipolar		[8428.0, 1138.0, 3303.0]	[8428.0, 1038.0, 3303.0]
5361.797233333334	2.0	trials	1.0	2.0	60.0	biphasic	16.0	100.0	1.0	10.0	-50.0	5r_4b	5.0	4.0	bipolar		[8428.0, 1138.0, 3303.0]	[8428.0, 1038.0, 3303.0]
5363.799233333333	2.0	trials	1.0	2.0	60.0	biphasic	16.0	100.0	1.0	10.0	-50.0	5r_4b	5.0	4.0	bipolar		[8428.0, 1138.0, 3303.0]	[8428.0, 1038.0, 3303.0]
5365.801582669374	2.0	trials	1.0	2.0	60.0	biphasic	16.0	100.0	1.0	10.0	-50.0	5r_4b	5.0	4.0	bipolar		[8428.0, 1138.0, 3303.0]	[8428.0, 1038.0, 3303.0]
5367.803233333333	2.0	trials	1.0	2.0	60.0	biphasic	16.0	100.0	1.0	10.0	-50.0	5r_4b	5.0	4.0	bipolar		[8428.0, 1138.0, 3303.0]	[8428.0, 1038.0, 3303.0]
5369.8052	2.0	trials	1.0	2.0	60.0	biphasic	16.0	100.0	1.0	10.0	-50.0	5r_4b	5.0	4.0	bipolar		[8428.0, 1138.0, 3303.0]	[8428.0, 1038.0, 3303.0]
5371.807549727054	2.0	trials	1.0	2.0	60.0	biphasic	16.0	100.0	1.0	10.0	-50.0	5r_4b	5.0	4.0	bipolar		[8428.0, 1138.0, 3303.0]	[8428.0, 1038.0, 3303.0]
5373.8092	2.0	trials	1.0	2.0	60.0	biphasic	16.0	100.0	1.0	10.0	-50.0	5r_4b	5.0	4.0	bipolar		[8428.0, 1138.0, 3303.0]	[8428.0, 1038.0, 3303.0]
5375.8112	2.0	trials	1.0	2.0	60.0	biphasic	16.0	100.0	1.0	10.0	-50.0	5r_4b	5.0	4.0	bipolar		[8428.0, 1138.0, 3303.0]	[8428.0, 1038.0, 3303.0]
5377.8135501180695	2.0	trials	1.0	2.0	60.0	biphasic	16.0	100.0	1.0	10.0	-50.0	5r_4b	5.0	4.0	bipolar		[8428.0, 1138.0, 3303.0]	[8428.0, 1038.0, 3303.0]
5379.8152	2.0	trials	1.0	2.0	60.0	biphasic	16.0	100.0	1.0	10.0	-50.0	5r_4b	5.0	4.0	bipolar		[8428.0, 1138.0, 3303.0]	[8428.0, 1038.0, 3303.0]
5381.8172	2.0	trials	1.0	2.0	60.0	biphasic	16.0	100.0	1.0	10.0	-50.0	5r_4b	5.0	4.0	bipolar		[8428.0, 1138.0, 3303.0]	[8428.0, 1038.0, 3303.0]
5383.8192	2.0	trials	1.0	2.0	60.0	biphasic	16.0	100.0	1.0	10.0	-50.0	5r_4b	5.0	4.0	bipolar		[8428.0, 1138.0, 3303.0]	[8428.0, 1038.0, 3303.0]
5385.8212	2.0	trials	1.0	2.0	60.0	biphasic	16.0	100.0	1.0	10.0	-50.0	5r_4b	5.0	4.0	bipolar		[8428.0, 1138.0, 3303.0]	[8428.0, 1038.0, 3303.0]
5387.8232	2.0	trials	1.0	2.0	60.0	biphasic	16.0	100.0	1.0	10.0	-50.0	5r_4b	5.0	4.0	bipolar		[8428.0, 1138.0, 3303.0]	[8428.0, 1038.0, 3303.0]
5389.8252	2.0	trials	1.0	2.0	60.0	biphasic	16.0	100.0	1.0	10.0	-50.0	5r_4b	5.0	4.0	bipolar		[8428.0, 1138.0, 3303.0]	[8428.0, 1038.0, 3303.0]
5391.827166666667	2.0	trials	1.0	2.0	60.0	biphasic	16.0	100.0	1.0	10.0	-50.0	5r_4b	5.0	4.0	bipolar		[8428.0, 1138.0, 3303.0]	[8428.0, 1038.0, 3303.0]
5393.828815505936	2.0	trials	1.0	2.0	60.0	biphasic	16.0	100.0	1.0	10.0	-50.0	5r_4b	5.0	4.0	bipolar		[8428.0, 1138.0, 3303.0]	[8428.0, 1038.0, 3303.0]
5395.831166666667	2.0	trials	1.0	2.0	60.0	biphasic	16.0	100.0	1.0	10.0	-50.0	5r_4b	5.0	4.0	bipolar		[8428.0, 1138.0, 3303.0]	[8428.0, 1038.0, 3303.0]
5397.833166666666	2.0	trials	1.0	2.0	60.0	biphasic	16.0	100.0	1.0	10.0	-50.0	5r_4b	5.0	4.0	bipolar		[8428.0, 1138.0, 3303.0]	[8428.0, 1038.0, 3303.0]
5399.834815114921	2.0	trials	1.0	2.0	60.0	biphasic	16.0	100.0	1.0	10.0	-50.0	5r_4b	5.0	4.0	bipolar		[8428.0, 1138.0, 3303.0]	[8428.0, 1038.0, 3303.0]
5401.837166666666	2.0	trials	1.0	2.0	60.0	biphasic	16.0	100.0	1.0	10.0	-50.0	5r_4b	5.0	4.0	bipolar		[8428.0, 1138.0, 3303.0]	[8428.0, 1038.0, 3303.0]
5403.839166666667	2.0	trials	1.0	2.0	60.0	biphasic	16.0	100.0	1.0	10.0	-50.0	5r_4b	5.0	4.0	bipolar		[8428.0, 1138.0, 3303.0]	[8428.0, 1038.0, 3303.0]
5405.840814723905	2.0	trials	1.0	2.0	60.0	biphasic	16.0	100.0	1.0	10.0	-50.0	5r_4b	5.0	4.0	bipolar		[8428.0, 1138.0, 3303.0]	[8428.0, 1038.0, 3303.0]
5419.352233333333	2.0	trials	1.0	2.0	60.0	biphasic	17.0	100.0	1.0	10.0	-100.0	5r_4b	5.0	4.0	bipolar		[8428.0, 1138.0, 3303.0]	[8428.0, 1038.0, 3303.0]
5421.3542333333335	2.0	trials	1.0	2.0	60.0	biphasic	17.0	100.0	1.0	10.0	-100.0	5r_4b	5.0	4.0	bipolar		[8428.0, 1138.0, 3303.0]	[8428.0, 1038.0, 3303.0]
5423.356233333333	2.0	trials	1.0	2.0	60.0	biphasic	17.0	100.0	1.0	10.0	-100.0	5r_4b	5.0	4.0	bipolar		[8428.0, 1138.0, 3303.0]	[8428.0, 1038.0, 3303.0]
5425.358233333333	2.0	trials	1.0	2.0	60.0	biphasic	17.0	100.0	1.0	10.0	-100.0	5r_4b	5.0	4.0	bipolar		[8428.0, 1138.0, 3303.0]	[8428.0, 1038.0, 3303.0]
5427.360233333334	2.0	trials	1.0	2.0	60.0	biphasic	17.0	100.0	1.0	10.0	-100.0	5r_4b	5.0	4.0	bipolar		[8428.0, 1138.0, 3303.0]	[8428.0, 1038.0, 3303.0]
5429.362233333333	2.0	trials	1.0	2.0	60.0	biphasic	17.0	100.0	1.0	10.0	-100.0	5r_4b	5.0	4.0	bipolar		[8428.0, 1138.0, 3303.0]	[8428.0, 1038.0, 3303.0]
5431.363879728914	2.0	trials	1.0	2.0	60.0	biphasic	17.0	100.0	1.0	10.0	-100.0	5r_4b	5.0	4.0	bipolar		[8428.0, 1138.0, 3303.0]	[8428.0, 1038.0, 3303.0]
5433.366233333333	2.0	trials	1.0	2.0	60.0	biphasic	17.0	100.0	1.0	10.0	-100.0	5r_4b	5.0	4.0	bipolar		[8428.0, 1138.0, 3303.0]	[8428.0, 1038.0, 3303.0]
5435.368233333334	2.0	trials	1.0	2.0	60.0	biphasic	17.0	100.0	1.0	10.0	-100.0	5r_4b	5.0	4.0	bipolar		[8428.0, 1138.0, 3303.0]	[8428.0, 1038.0, 3303.0]
5437.369846004567	2.0	trials	1.0	2.0	60.0	biphasic	17.0	100.0	1.0	10.0	-100.0	5r_4b	5.0	4.0	bipolar		[8428.0, 1138.0, 3303.0]	[8428.0, 1038.0, 3303.0]
5439.3722	2.0	trials	1.0	2.0	60.0	biphasic	17.0	100.0	1.0	10.0	-100.0	5r_4b	5.0	4.0	bipolar		[8428.0, 1138.0, 3303.0]	[8428.0, 1038.0, 3303.0]
5441.3742	2.0	trials	1.0	2.0	60.0	biphasic	17.0	100.0	1.0	10.0	-100.0	5r_4b	5.0	4.0	bipolar		[8428.0, 1138.0, 3303.0]	[8428.0, 1038.0, 3303.0]
5443.375845613552	2.0	trials	1.0	2.0	60.0	biphasic	17.0	100.0	1.0	10.0	-100.0	5r_4b	5.0	4.0	bipolar		[8428.0, 1138.0, 3303.0]	[8428.0, 1038.0, 3303.0]
5445.3782	2.0	trials	1.0	2.0	60.0	biphasic	17.0	100.0	1.0	10.0	-100.0	5r_4b	5.0	4.0	bipolar		[8428.0, 1138.0, 3303.0]	[8428.0, 1038.0, 3303.0]
5447.3802	2.0	trials	1.0	2.0	60.0	biphasic	17.0	100.0	1.0	10.0	-100.0	5r_4b	5.0	4.0	bipolar		[8428.0, 1138.0, 3303.0]	[8428.0, 1038.0, 3303.0]
5449.38255477751	2.0	trials	1.0	2.0	60.0	biphasic	17.0	100.0	1.0	10.0	-100.0	5r_4b	5.0	4.0	bipolar		[8428.0, 1138.0, 3303.0]	[8428.0, 1038.0, 3303.0]
5451.3842	2.0	trials	1.0	2.0	60.0	biphasic	17.0	100.0	1.0	10.0	-100.0	5r_4b	5.0	4.0	bipolar		[8428.0, 1138.0, 3303.0]	[8428.0, 1038.0, 3303.0]
5453.3862	2.0	trials	1.0	2.0	60.0	biphasic	17.0	100.0	1.0	10.0	-100.0	5r_4b	5.0	4.0	bipolar		[8428.0, 1138.0, 3303.0]	[8428.0, 1038.0, 3303.0]
5455.388555168526	2.0	trials	1.0	2.0	60.0	biphasic	17.0	100.0	1.0	10.0	-100.0	5r_4b	5.0	4.0	bipolar		[8428.0, 1138.0, 3303.0]	[8428.0, 1038.0, 3303.0]
5457.390166666667	2.0	trials	1.0	2.0	60.0	biphasic	17.0	100.0	1.0	10.0	-100.0	5r_4b	5.0	4.0	bipolar		[8428.0, 1138.0, 3303.0]	[8428.0, 1038.0, 3303.0]
5459.3921666666665	2.0	trials	1.0	2.0	60.0	biphasic	17.0	100.0	1.0	10.0	-100.0	5r_4b	5.0	4.0	bipolar		[8428.0, 1138.0, 3303.0]	[8428.0, 1038.0, 3303.0]
5461.3945222262055	2.0	trials	1.0	2.0	60.0	biphasic	17.0	100.0	1.0	10.0	-100.0	5r_4b	5.0	4.0	bipolar		[8428.0, 1138.0, 3303.0]	[8428.0, 1038.0, 3303.0]
5463.396166666666	2.0	trials	1.0	2.0	60.0	biphasic	17.0	100.0	1.0	10.0	-100.0	5r_4b	5.0	4.0	bipolar		[8428.0, 1138.0, 3303.0]	[8428.0, 1038.0, 3303.0]
5465.398166666667	2.0	trials	1.0	2.0	60.0	biphasic	17.0	100.0	1.0	10.0	-100.0	5r_4b	5.0	4.0	bipolar		[8428.0, 1138.0, 3303.0]	[8428.0, 1038.0, 3303.0]
5467.400166666666	2.0	trials	1.0	2.0	60.0	biphasic	17.0	100.0	1.0	10.0	-100.0	5r_4b	5.0	4.0	bipolar		[8428.0, 1138.0, 3303.0]	[8428.0, 1038.0, 3303.0]
5469.402166666667	2.0	trials	1.0	2.0	60.0	biphasic	17.0	100.0	1.0	10.0	-100.0	5r_4b	5.0	4.0	bipolar		[8428.0, 1138.0, 3303.0]	[8428.0, 1038.0, 3303.0]
5471.404166666666	2.0	trials	1.0	2.0	60.0	biphasic	17.0	100.0	1.0	10.0	-100.0	5r_4b	5.0	4.0	bipolar		[8428.0, 1138.0, 3303.0]	[8428.0, 1038.0, 3303.0]
5473.406166666667	2.0	trials	1.0	2.0	60.0	biphasic	17.0	100.0	1.0	10.0	-100.0	5r_4b	5.0	4.0	bipolar		[8428.0, 1138.0, 3303.0]	[8428.0, 1038.0, 3303.0]
5475.408166666667	2.0	trials	1.0	2.0	60.0	biphasic	17.0	100.0	1.0	10.0	-100.0	5r_4b	5.0	4.0	bipolar		[8428.0, 1138.0, 3303.0]	[8428.0, 1038.0, 3303.0]
5477.410166666667	2.0	trials	1.0	2.0	60.0	biphasic	17.0	100.0	1.0	10.0	-100.0	5r_4b	5.0	4.0	bipolar		[8428.0, 1138.0, 3303.0]	[8428.0, 1038.0, 3303.0]
5479.412133333333	2.0	trials	1.0	2.0	60.0	biphasic	17.0	100.0	1.0	10.0	-100.0	5r_4b	5.0	4.0	bipolar		[8428.0, 1138.0, 3303.0]	[8428.0, 1038.0, 3303.0]
5481.414133333334	2.0	trials	1.0	2.0	60.0	biphasic	17.0	100.0	1.0	10.0	-100.0	5r_4b	5.0	4.0	bipolar		[8428.0, 1138.0, 3303.0]	[8428.0, 1038.0, 3303.0]
5483.415776340119	2.0	trials	1.0	2.0	60.0	biphasic	17.0	100.0	1.0	10.0	-100.0	5r_4b	5.0	4.0	bipolar		[8428.0, 1138.0, 3303.0]	[8428.0, 1038.0, 3303.0]
5485.418133333334	2.0	trials	1.0	2.0	60.0	biphasic	17.0	100.0	1.0	10.0	-100.0	5r_4b	5.0	4.0	bipolar		[8428.0, 1138.0, 3303.0]	[8428.0, 1038.0, 3303.0]
5487.420133333333	2.0	trials	1.0	2.0	60.0	biphasic	17.0	100.0	1.0	10.0	-100.0	5r_4b	5.0	4.0	bipolar		[8428.0, 1138.0, 3303.0]	[8428.0, 1038.0, 3303.0]
5489.421775949103	2.0	trials	1.0	2.0	60.0	biphasic	17.0	100.0	1.0	10.0	-100.0	5r_4b	5.0	4.0	bipolar		[8428.0, 1138.0, 3303.0]	[8428.0, 1038.0, 3303.0]
5491.424133333333	2.0	trials	1.0	2.0	60.0	biphasic	17.0	100.0	1.0	10.0	-100.0	5r_4b	5.0	4.0	bipolar		[8428.0, 1138.0, 3303.0]	[8428.0, 1038.0, 3303.0]
5493.426133333333	2.0	trials	1.0	2.0	60.0	biphasic	17.0	100.0	1.0	10.0	-100.0	5r_4b	5.0	4.0	bipolar		[8428.0, 1138.0, 3303.0]	[8428.0, 1038.0, 3303.0]
5495.427775558088	2.0	trials	1.0	2.0	60.0	biphasic	17.0	100.0	1.0	10.0	-100.0	5r_4b	5.0	4.0	bipolar		[8428.0, 1138.0, 3303.0]	[8428.0, 1038.0, 3303.0]
5497.430133333333	2.0	trials	1.0	2.0	60.0	biphasic	17.0	100.0	1.0	10.0	-100.0	5r_4b	5.0	4.0	bipolar		[8428.0, 1138.0, 3303.0]	[8428.0, 1038.0, 3303.0]
5499.4321	2.0	trials	1.0	2.0	60.0	biphasic	17.0	100.0	1.0	10.0	-100.0	5r_4b	5.0	4.0	bipolar		[8428.0, 1138.0, 3303.0]	[8428.0, 1038.0, 3303.0]
5501.434458166306	2.0	trials	1.0	2.0	60.0	biphasic	17.0	100.0	1.0	10.0	-100.0	5r_4b	5.0	4.0	bipolar		[8428.0, 1138.0, 3303.0]	[8428.0, 1038.0, 3303.0]
5503.4361	2.0	trials	1.0	2.0	60.0	biphasic	17.0	100.0	1.0	10.0	-100.0	5r_4b	5.0	4.0	bipolar		[8428.0, 1138.0, 3303.0]	[8428.0, 1038.0, 3303.0]
5505.4381	2.0	trials	1.0	2.0	60.0	biphasic	17.0	100.0	1.0	10.0	-100.0	5r_4b	5.0	4.0	bipolar		[8428.0, 1138.0, 3303.0]	[8428.0, 1038.0, 3303.0]
5507.440458557321	2.0	trials	1.0	2.0	60.0	biphasic	17.0	100.0	1.0	10.0	-100.0	5r_4b	5.0	4.0	bipolar		[8428.0, 1138.0, 3303.0]	[8428.0, 1038.0, 3303.0]
5509.4421	2.0	trials	1.0	2.0	60.0	biphasic	17.0	100.0	1.0	10.0	-100.0	5r_4b	5.0	4.0	bipolar		[8428.0, 1138.0, 3303.0]	[8428.0, 1038.0, 3303.0]
5511.4441	2.0	trials	1.0	2.0	60.0	biphasic	17.0	100.0	1.0	10.0	-100.0	5r_4b	5.0	4.0	bipolar		[8428.0, 1138.0, 3303.0]	[8428.0, 1038.0, 3303.0]
5513.446458948337	2.0	trials	1.0	2.0	60.0	biphasic	17.0	100.0	1.0	10.0	-100.0	5r_4b	5.0	4.0	bipolar		[8428.0, 1138.0, 3303.0]	[8428.0, 1038.0, 3303.0]
5515.4481	2.0	trials	1.0	2.0	60.0	biphasic	17.0	100.0	1.0	10.0	-100.0	5r_4b	5.0	4.0	bipolar		[8428.0, 1138.0, 3303.0]	[8428.0, 1038.0, 3303.0]
5517.4501	2.0	trials	1.0	2.0	60.0	biphasic	17.0	100.0	1.0	10.0	-100.0	5r_4b	5.0	4.0	bipolar		[8428.0, 1138.0, 3303.0]	[8428.0, 1038.0, 3303.0]
5519.4521	2.0	trials	1.0	2.0	60.0	biphasic	17.0	100.0	1.0	10.0	-100.0	5r_4b	5.0	4.0	bipolar		[8428.0, 1138.0, 3303.0]	[8428.0, 1038.0, 3303.0]
5521.454066666666	2.0	trials	1.0	2.0	60.0	biphasic	17.0	100.0	1.0	10.0	-100.0	5r_4b	5.0	4.0	bipolar		[8428.0, 1138.0, 3303.0]	[8428.0, 1038.0, 3303.0]
5523.455707066686	2.0	trials	1.0	2.0	60.0	biphasic	17.0	100.0	1.0	10.0	-100.0	5r_4b	5.0	4.0	bipolar		[8428.0, 1138.0, 3303.0]	[8428.0, 1038.0, 3303.0]
5525.458066666667	2.0	trials	1.0	2.0	60.0	biphasic	17.0	100.0	1.0	10.0	-100.0	5r_4b	5.0	4.0	bipolar		[8428.0, 1138.0, 3303.0]	[8428.0, 1038.0, 3303.0]
5527.4600666666665	2.0	trials	1.0	2.0	60.0	biphasic	17.0	100.0	1.0	10.0	-100.0	5r_4b	5.0	4.0	bipolar		[8428.0, 1138.0, 3303.0]	[8428.0, 1038.0, 3303.0]
5529.46170667567	2.0	trials	1.0	2.0	60.0	biphasic	17.0	100.0	1.0	10.0	-100.0	5r_4b	5.0	4.0	bipolar		[8428.0, 1138.0, 3303.0]	[8428.0, 1038.0, 3303.0]
5531.464066666666	2.0	trials	1.0	2.0	60.0	biphasic	17.0	100.0	1.0	10.0	-100.0	5r_4b	5.0	4.0	bipolar		[8428.0, 1138.0, 3303.0]	[8428.0, 1038.0, 3303.0]
5533.466066666667	2.0	trials	1.0	2.0	60.0	biphasic	17.0	100.0	1.0	10.0	-100.0	5r_4b	5.0	4.0	bipolar		[8428.0, 1138.0, 3303.0]	[8428.0, 1038.0, 3303.0]
5535.468427048726	2.0	trials	1.0	2.0	60.0	biphasic	17.0	100.0	1.0	10.0	-100.0	5r_4b	5.0	4.0	bipolar		[8428.0, 1138.0, 3303.0]	[8428.0, 1038.0, 3303.0]
5537.470066666667	2.0	trials	1.0	2.0	60.0	biphasic	17.0	100.0	1.0	10.0	-100.0	5r_4b	5.0	4.0	bipolar		[8428.0, 1138.0, 3303.0]	[8428.0, 1038.0, 3303.0]
5689.920666666667	2.0	trials	1.0	2.0	60.0	biphasic	18.0	100.0	1.0	10.0	-25.0	15r_13b	15.0	13.0	bipolar		[8428.0, 1188.0, 3303.0]	[8428.0, 988.0, 3303.0]
5691.922666666666	2.0	trials	1.0	2.0	60.0	biphasic	18.0	100.0	1.0	10.0	-25.0	15r_13b	15.0	13.0	bipolar		[8428.0, 1188.0, 3303.0]	[8428.0, 988.0, 3303.0]
5693.925004031576	2.0	trials	1.0	2.0	60.0	biphasic	18.0	100.0	1.0	10.0	-25.0	15r_13b	15.0	13.0	bipolar		[8428.0, 1188.0, 3303.0]	[8428.0, 988.0, 3303.0]
5695.9266333333335	2.0	trials	1.0	2.0	60.0	biphasic	18.0	100.0	1.0	10.0	-25.0	15r_13b	15.0	13.0	bipolar		[8428.0, 1188.0, 3303.0]	[8428.0, 988.0, 3303.0]
5697.928633333333	2.0	trials	1.0	2.0	60.0	biphasic	18.0	100.0	1.0	10.0	-25.0	15r_13b	15.0	13.0	bipolar		[8428.0, 1188.0, 3303.0]	[8428.0, 988.0, 3303.0]
5699.931004422591	2.0	trials	1.0	2.0	60.0	biphasic	18.0	100.0	1.0	10.0	-25.0	15r_13b	15.0	13.0	bipolar		[8428.0, 1188.0, 3303.0]	[8428.0, 988.0, 3303.0]
5701.932633333333	2.0	trials	1.0	2.0	60.0	biphasic	18.0	100.0	1.0	10.0	-25.0	15r_13b	15.0	13.0	bipolar		[8428.0, 1188.0, 3303.0]	[8428.0, 988.0, 3303.0]
5703.934633333333	2.0	trials	1.0	2.0	60.0	biphasic	18.0	100.0	1.0	10.0	-25.0	15r_13b	15.0	13.0	bipolar		[8428.0, 1188.0, 3303.0]	[8428.0, 988.0, 3303.0]
5705.937004813607	2.0	trials	1.0	2.0	60.0	biphasic	18.0	100.0	1.0	10.0	-25.0	15r_13b	15.0	13.0	bipolar		[8428.0, 1188.0, 3303.0]	[8428.0, 988.0, 3303.0]
5707.938633333333	2.0	trials	1.0	2.0	60.0	biphasic	18.0	100.0	1.0	10.0	-25.0	15r_13b	15.0	13.0	bipolar		[8428.0, 1188.0, 3303.0]	[8428.0, 988.0, 3303.0]
5709.940633333334	2.0	trials	1.0	2.0	60.0	biphasic	18.0	100.0	1.0	10.0	-25.0	15r_13b	15.0	13.0	bipolar		[8428.0, 1188.0, 3303.0]	[8428.0, 988.0, 3303.0]
5711.942633333333	2.0	trials	1.0	2.0	60.0	biphasic	18.0	100.0	1.0	10.0	-25.0	15r_13b	15.0	13.0	bipolar		[8428.0, 1188.0, 3303.0]	[8428.0, 988.0, 3303.0]
5713.9446	2.0	trials	1.0	2.0	60.0	biphasic	18.0	100.0	1.0	10.0	-25.0	15r_13b	15.0	13.0	bipolar		[8428.0, 1188.0, 3303.0]	[8428.0, 988.0, 3303.0]
5715.9466	2.0	trials	1.0	2.0	60.0	biphasic	18.0	100.0	1.0	10.0	-25.0	15r_13b	15.0	13.0	bipolar		[8428.0, 1188.0, 3303.0]	[8428.0, 988.0, 3303.0]
5717.9486	2.0	trials	1.0	2.0	60.0	biphasic	18.0	100.0	1.0	10.0	-25.0	15r_13b	15.0	13.0	bipolar		[8428.0, 1188.0, 3303.0]	[8428.0, 988.0, 3303.0]
5719.9506	2.0	trials	1.0	2.0	60.0	biphasic	18.0	100.0	1.0	10.0	-25.0	15r_13b	15.0	13.0	bipolar		[8428.0, 1188.0, 3303.0]	[8428.0, 988.0, 3303.0]
5721.9526	2.0	trials	1.0	2.0	60.0	biphasic	18.0	100.0	1.0	10.0	-25.0	15r_13b	15.0	13.0	bipolar		[8428.0, 1188.0, 3303.0]	[8428.0, 988.0, 3303.0]
5723.9546	2.0	trials	1.0	2.0	60.0	biphasic	18.0	100.0	1.0	10.0	-25.0	15r_13b	15.0	13.0	bipolar		[8428.0, 1188.0, 3303.0]	[8428.0, 988.0, 3303.0]
5725.9566	2.0	trials	1.0	2.0	60.0	biphasic	18.0	100.0	1.0	10.0	-25.0	15r_13b	15.0	13.0	bipolar		[8428.0, 1188.0, 3303.0]	[8428.0, 988.0, 3303.0]
5727.958227086053	2.0	trials	1.0	2.0	60.0	biphasic	18.0	100.0	1.0	10.0	-25.0	15r_13b	15.0	13.0	bipolar		[8428.0, 1188.0, 3303.0]	[8428.0, 988.0, 3303.0]
5729.9606	2.0	trials	1.0	2.0	60.0	biphasic	18.0	100.0	1.0	10.0	-25.0	15r_13b	15.0	13.0	bipolar		[8428.0, 1188.0, 3303.0]	[8428.0, 988.0, 3303.0]
5731.9626	2.0	trials	1.0	2.0	60.0	biphasic	18.0	100.0	1.0	10.0	-25.0	15r_13b	15.0	13.0	bipolar		[8428.0, 1188.0, 3303.0]	[8428.0, 988.0, 3303.0]
5733.964226695038	2.0	trials	1.0	2.0	60.0	biphasic	18.0	100.0	1.0	10.0	-25.0	15r_13b	15.0	13.0	bipolar		[8428.0, 1188.0, 3303.0]	[8428.0, 988.0, 3303.0]
5735.966566666667	2.0	trials	1.0	2.0	60.0	biphasic	18.0	100.0	1.0	10.0	-25.0	15r_13b	15.0	13.0	bipolar		[8428.0, 1188.0, 3303.0]	[8428.0, 988.0, 3303.0]
5737.968566666666	2.0	trials	1.0	2.0	60.0	biphasic	18.0	100.0	1.0	10.0	-25.0	15r_13b	15.0	13.0	bipolar		[8428.0, 1188.0, 3303.0]	[8428.0, 988.0, 3303.0]
5739.970192970691	2.0	trials	1.0	2.0	60.0	biphasic	18.0	100.0	1.0	10.0	-25.0	15r_13b	15.0	13.0	bipolar		[8428.0, 1188.0, 3303.0]	[8428.0, 988.0, 3303.0]
5741.972566666666	2.0	trials	1.0	2.0	60.0	biphasic	18.0	100.0	1.0	10.0	-25.0	15r_13b	15.0	13.0	bipolar		[8428.0, 1188.0, 3303.0]	[8428.0, 988.0, 3303.0]
5743.974566666667	2.0	trials	1.0	2.0	60.0	biphasic	18.0	100.0	1.0	10.0	-25.0	15r_13b	15.0	13.0	bipolar		[8428.0, 1188.0, 3303.0]	[8428.0, 988.0, 3303.0]
5745.976940753707	2.0	trials	1.0	2.0	60.0	biphasic	18.0	100.0	1.0	10.0	-25.0	15r_13b	15.0	13.0	bipolar		[8428.0, 1188.0, 3303.0]	[8428.0, 988.0, 3303.0]
5747.978566666667	2.0	trials	1.0	2.0	60.0	biphasic	18.0	100.0	1.0	10.0	-25.0	15r_13b	15.0	13.0	bipolar		[8428.0, 1188.0, 3303.0]	[8428.0, 988.0, 3303.0]
5749.980566666667	2.0	trials	1.0	2.0	60.0	biphasic	18.0	100.0	1.0	10.0	-25.0	15r_13b	15.0	13.0	bipolar		[8428.0, 1188.0, 3303.0]	[8428.0, 988.0, 3303.0]
5751.982941144723	2.0	trials	1.0	2.0	60.0	biphasic	18.0	100.0	1.0	10.0	-25.0	15r_13b	15.0	13.0	bipolar		[8428.0, 1188.0, 3303.0]	[8428.0, 988.0, 3303.0]
5753.984566666667	2.0	trials	1.0	2.0	60.0	biphasic	18.0	100.0	1.0	10.0	-25.0	15r_13b	15.0	13.0	bipolar		[8428.0, 1188.0, 3303.0]	[8428.0, 988.0, 3303.0]
5755.9865666666665	2.0	trials	1.0	2.0	60.0	biphasic	18.0	100.0	1.0	10.0	-25.0	15r_13b	15.0	13.0	bipolar		[8428.0, 1188.0, 3303.0]	[8428.0, 988.0, 3303.0]
5757.988533333333	2.0	trials	1.0	2.0	60.0	biphasic	18.0	100.0	1.0	10.0	-25.0	15r_13b	15.0	13.0	bipolar		[8428.0, 1188.0, 3303.0]	[8428.0, 988.0, 3303.0]
5759.990533333334	2.0	trials	1.0	2.0	60.0	biphasic	18.0	100.0	1.0	10.0	-25.0	15r_13b	15.0	13.0	bipolar		[8428.0, 1188.0, 3303.0]	[8428.0, 988.0, 3303.0]
5761.992533333333	2.0	trials	1.0	2.0	60.0	biphasic	18.0	100.0	1.0	10.0	-25.0	15r_13b	15.0	13.0	bipolar		[8428.0, 1188.0, 3303.0]	[8428.0, 988.0, 3303.0]
5763.9945333333335	2.0	trials	1.0	2.0	60.0	biphasic	18.0	100.0	1.0	10.0	-25.0	15r_13b	15.0	13.0	bipolar		[8428.0, 1188.0, 3303.0]	[8428.0, 988.0, 3303.0]
5765.996533333333	2.0	trials	1.0	2.0	60.0	biphasic	18.0	100.0	1.0	10.0	-25.0	15r_13b	15.0	13.0	bipolar		[8428.0, 1188.0, 3303.0]	[8428.0, 988.0, 3303.0]
5767.998533333333	2.0	trials	1.0	2.0	60.0	biphasic	18.0	100.0	1.0	10.0	-25.0	15r_13b	15.0	13.0	bipolar		[8428.0, 1188.0, 3303.0]	[8428.0, 988.0, 3303.0]
5770.000533333333	2.0	trials	1.0	2.0	60.0	biphasic	18.0	100.0	1.0	10.0	-25.0	15r_13b	15.0	13.0	bipolar		[8428.0, 1188.0, 3303.0]	[8428.0, 988.0, 3303.0]
5772.002533333333	2.0	trials	1.0	2.0	60.0	biphasic	18.0	100.0	1.0	10.0	-25.0	15r_13b	15.0	13.0	bipolar		[8428.0, 1188.0, 3303.0]	[8428.0, 988.0, 3303.0]
5774.004157421605	2.0	trials	1.0	2.0	60.0	biphasic	18.0	100.0	1.0	10.0	-25.0	15r_13b	15.0	13.0	bipolar		[8428.0, 1188.0, 3303.0]	[8428.0, 988.0, 3303.0]
5776.006533333333	2.0	trials	1.0	2.0	60.0	biphasic	18.0	100.0	1.0	10.0	-25.0	15r_13b	15.0	13.0	bipolar		[8428.0, 1188.0, 3303.0]	[8428.0, 988.0, 3303.0]
5778.0085	2.0	trials	1.0	2.0	60.0	biphasic	18.0	100.0	1.0	10.0	-25.0	15r_13b	15.0	13.0	bipolar		[8428.0, 1188.0, 3303.0]	[8428.0, 988.0, 3303.0]
5780.010123697258	2.0	trials	1.0	2.0	60.0	biphasic	18.0	100.0	1.0	10.0	-25.0	15r_13b	15.0	13.0	bipolar		[8428.0, 1188.0, 3303.0]	[8428.0, 988.0, 3303.0]
5782.0125	2.0	trials	1.0	2.0	60.0	biphasic	18.0	100.0	1.0	10.0	-25.0	15r_13b	15.0	13.0	bipolar		[8428.0, 1188.0, 3303.0]	[8428.0, 988.0, 3303.0]
5784.0145	2.0	trials	1.0	2.0	60.0	biphasic	18.0	100.0	1.0	10.0	-25.0	15r_13b	15.0	13.0	bipolar		[8428.0, 1188.0, 3303.0]	[8428.0, 988.0, 3303.0]
5786.016876693807	2.0	trials	1.0	2.0	60.0	biphasic	18.0	100.0	1.0	10.0	-25.0	15r_13b	15.0	13.0	bipolar		[8428.0, 1188.0, 3303.0]	[8428.0, 988.0, 3303.0]
5788.0185	2.0	trials	1.0	2.0	60.0	biphasic	18.0	100.0	1.0	10.0	-25.0	15r_13b	15.0	13.0	bipolar		[8428.0, 1188.0, 3303.0]	[8428.0, 988.0, 3303.0]
5790.0205	2.0	trials	1.0	2.0	60.0	biphasic	18.0	100.0	1.0	10.0	-25.0	15r_13b	15.0	13.0	bipolar		[8428.0, 1188.0, 3303.0]	[8428.0, 988.0, 3303.0]
5792.0228770848225	2.0	trials	1.0	2.0	60.0	biphasic	18.0	100.0	1.0	10.0	-25.0	15r_13b	15.0	13.0	bipolar		[8428.0, 1188.0, 3303.0]	[8428.0, 988.0, 3303.0]
5794.0245	2.0	trials	1.0	2.0	60.0	biphasic	18.0	100.0	1.0	10.0	-25.0	15r_13b	15.0	13.0	bipolar		[8428.0, 1188.0, 3303.0]	[8428.0, 988.0, 3303.0]
5796.0265	2.0	trials	1.0	2.0	60.0	biphasic	18.0	100.0	1.0	10.0	-25.0	15r_13b	15.0	13.0	bipolar		[8428.0, 1188.0, 3303.0]	[8428.0, 988.0, 3303.0]
5798.0285	2.0	trials	1.0	2.0	60.0	biphasic	18.0	100.0	1.0	10.0	-25.0	15r_13b	15.0	13.0	bipolar		[8428.0, 1188.0, 3303.0]	[8428.0, 988.0, 3303.0]
5800.030466666667	2.0	trials	1.0	2.0	60.0	biphasic	18.0	100.0	1.0	10.0	-25.0	15r_13b	15.0	13.0	bipolar		[8428.0, 1188.0, 3303.0]	[8428.0, 988.0, 3303.0]
5802.032466666667	2.0	trials	1.0	2.0	60.0	biphasic	18.0	100.0	1.0	10.0	-25.0	15r_13b	15.0	13.0	bipolar		[8428.0, 1188.0, 3303.0]	[8428.0, 988.0, 3303.0]
5804.034466666667	2.0	trials	1.0	2.0	60.0	biphasic	18.0	100.0	1.0	10.0	-25.0	15r_13b	15.0	13.0	bipolar		[8428.0, 1188.0, 3303.0]	[8428.0, 988.0, 3303.0]
5806.0364666666665	2.0	trials	1.0	2.0	60.0	biphasic	18.0	100.0	1.0	10.0	-25.0	15r_13b	15.0	13.0	bipolar		[8428.0, 1188.0, 3303.0]	[8428.0, 988.0, 3303.0]
5808.038466666667	2.0	trials	1.0	2.0	60.0	biphasic	18.0	100.0	1.0	10.0	-25.0	15r_13b	15.0	13.0	bipolar		[8428.0, 1188.0, 3303.0]	[8428.0, 988.0, 3303.0]
5826.345120680656	2.0	trials	1.0	2.0	60.0	biphasic	19.0	100.0	1.0	10.0	-50.0	15r_13b	15.0	13.0	bipolar		[8428.0, 1188.0, 3303.0]	[8428.0, 988.0, 3303.0]
5828.3475	2.0	trials	1.0	2.0	60.0	biphasic	19.0	100.0	1.0	10.0	-50.0	15r_13b	15.0	13.0	bipolar		[8428.0, 1188.0, 3303.0]	[8428.0, 988.0, 3303.0]
5830.3495	2.0	trials	1.0	2.0	60.0	biphasic	19.0	100.0	1.0	10.0	-50.0	15r_13b	15.0	13.0	bipolar		[8428.0, 1188.0, 3303.0]	[8428.0, 988.0, 3303.0]
5832.351879710409	2.0	trials	1.0	2.0	60.0	biphasic	19.0	100.0	1.0	10.0	-50.0	15r_13b	15.0	13.0	bipolar		[8428.0, 1188.0, 3303.0]	[8428.0, 988.0, 3303.0]
5834.3535	2.0	trials	1.0	2.0	60.0	biphasic	19.0	100.0	1.0	10.0	-50.0	15r_13b	15.0	13.0	bipolar		[8428.0, 1188.0, 3303.0]	[8428.0, 988.0, 3303.0]
5836.355466666667	2.0	trials	1.0	2.0	60.0	biphasic	19.0	100.0	1.0	10.0	-50.0	15r_13b	15.0	13.0	bipolar		[8428.0, 1188.0, 3303.0]	[8428.0, 988.0, 3303.0]
5838.357846768089	2.0	trials	1.0	2.0	60.0	biphasic	19.0	100.0	1.0	10.0	-50.0	15r_13b	15.0	13.0	bipolar		[8428.0, 1188.0, 3303.0]	[8428.0, 988.0, 3303.0]
5840.359466666667	2.0	trials	1.0	2.0	60.0	biphasic	19.0	100.0	1.0	10.0	-50.0	15r_13b	15.0	13.0	bipolar		[8428.0, 1188.0, 3303.0]	[8428.0, 988.0, 3303.0]
5842.361466666666	2.0	trials	1.0	2.0	60.0	biphasic	19.0	100.0	1.0	10.0	-50.0	15r_13b	15.0	13.0	bipolar		[8428.0, 1188.0, 3303.0]	[8428.0, 988.0, 3303.0]
5844.363847159105	2.0	trials	1.0	2.0	60.0	biphasic	19.0	100.0	1.0	10.0	-50.0	15r_13b	15.0	13.0	bipolar		[8428.0, 1188.0, 3303.0]	[8428.0, 988.0, 3303.0]
5846.365466666667	2.0	trials	1.0	2.0	60.0	biphasic	19.0	100.0	1.0	10.0	-50.0	15r_13b	15.0	13.0	bipolar		[8428.0, 1188.0, 3303.0]	[8428.0, 988.0, 3303.0]
5848.367466666667	2.0	trials	1.0	2.0	60.0	biphasic	19.0	100.0	1.0	10.0	-50.0	15r_13b	15.0	13.0	bipolar		[8428.0, 1188.0, 3303.0]	[8428.0, 988.0, 3303.0]
5850.369466666667	2.0	trials	1.0	2.0	60.0	biphasic	19.0	100.0	1.0	10.0	-50.0	15r_13b	15.0	13.0	bipolar		[8428.0, 1188.0, 3303.0]	[8428.0, 988.0, 3303.0]
5852.3714666666665	2.0	trials	1.0	2.0	60.0	biphasic	19.0	100.0	1.0	10.0	-50.0	15r_13b	15.0	13.0	bipolar		[8428.0, 1188.0, 3303.0]	[8428.0, 988.0, 3303.0]
5854.373466666667	2.0	trials	1.0	2.0	60.0	biphasic	19.0	100.0	1.0	10.0	-50.0	15r_13b	15.0	13.0	bipolar		[8428.0, 1188.0, 3303.0]	[8428.0, 988.0, 3303.0]
5856.375466666666	2.0	trials	1.0	2.0	60.0	biphasic	19.0	100.0	1.0	10.0	-50.0	15r_13b	15.0	13.0	bipolar		[8428.0, 1188.0, 3303.0]	[8428.0, 988.0, 3303.0]
5858.377433333333	2.0	trials	1.0	2.0	60.0	biphasic	19.0	100.0	1.0	10.0	-50.0	15r_13b	15.0	13.0	bipolar		[8428.0, 1188.0, 3303.0]	[8428.0, 988.0, 3303.0]
5860.3794333333335	2.0	trials	1.0	2.0	60.0	biphasic	19.0	100.0	1.0	10.0	-50.0	15r_13b	15.0	13.0	bipolar		[8428.0, 1188.0, 3303.0]	[8428.0, 988.0, 3303.0]
5862.381433333333	2.0	trials	1.0	2.0	60.0	biphasic	19.0	100.0	1.0	10.0	-50.0	15r_13b	15.0	13.0	bipolar		[8428.0, 1188.0, 3303.0]	[8428.0, 988.0, 3303.0]
5864.383433333333	2.0	trials	1.0	2.0	60.0	biphasic	19.0	100.0	1.0	10.0	-50.0	15r_13b	15.0	13.0	bipolar		[8428.0, 1188.0, 3303.0]	[8428.0, 988.0, 3303.0]
5866.385051407223	2.0	trials	1.0	2.0	60.0	biphasic	19.0	100.0	1.0	10.0	-50.0	15r_13b	15.0	13.0	bipolar		[8428.0, 1188.0, 3303.0]	[8428.0, 988.0, 3303.0]
5868.387433333333	2.0	trials	1.0	2.0	60.0	biphasic	19.0	100.0	1.0	10.0	-50.0	15r_13b	15.0	13.0	bipolar		[8428.0, 1188.0, 3303.0]	[8428.0, 988.0, 3303.0]
5870.389433333334	2.0	trials	1.0	2.0	60.0	biphasic	19.0	100.0	1.0	10.0	-50.0	15r_13b	15.0	13.0	bipolar		[8428.0, 1188.0, 3303.0]	[8428.0, 988.0, 3303.0]
5872.391051016208	2.0	trials	1.0	2.0	60.0	biphasic	19.0	100.0	1.0	10.0	-50.0	15r_13b	15.0	13.0	bipolar		[8428.0, 1188.0, 3303.0]	[8428.0, 988.0, 3303.0]
5874.393433333334	2.0	trials	1.0	2.0	60.0	biphasic	19.0	100.0	1.0	10.0	-50.0	15r_13b	15.0	13.0	bipolar		[8428.0, 1188.0, 3303.0]	[8428.0, 988.0, 3303.0]
5876.395433333333	2.0	trials	1.0	2.0	60.0	biphasic	19.0	100.0	1.0	10.0	-50.0	15r_13b	15.0	13.0	bipolar		[8428.0, 1188.0, 3303.0]	[8428.0, 988.0, 3303.0]
5878.397017291861	2.0	trials	1.0	2.0	60.0	biphasic	19.0	100.0	1.0	10.0	-50.0	15r_13b	15.0	13.0	bipolar		[8428.0, 1188.0, 3303.0]	[8428.0, 988.0, 3303.0]
5880.3994	2.0	trials	1.0	2.0	60.0	biphasic	19.0	100.0	1.0	10.0	-50.0	15r_13b	15.0	13.0	bipolar		[8428.0, 1188.0, 3303.0]	[8428.0, 988.0, 3303.0]
5882.4014	2.0	trials	1.0	2.0	60.0	biphasic	19.0	100.0	1.0	10.0	-50.0	15r_13b	15.0	13.0	bipolar		[8428.0, 1188.0, 3303.0]	[8428.0, 988.0, 3303.0]
5884.403783099205	2.0	trials	1.0	2.0	60.0	biphasic	19.0	100.0	1.0	10.0	-50.0	15r_13b	15.0	13.0	bipolar		[8428.0, 1188.0, 3303.0]	[8428.0, 988.0, 3303.0]
5886.4054	2.0	trials	1.0	2.0	60.0	biphasic	19.0	100.0	1.0	10.0	-50.0	15r_13b	15.0	13.0	bipolar		[8428.0, 1188.0, 3303.0]	[8428.0, 988.0, 3303.0]
5888.4074	2.0	trials	1.0	2.0	60.0	biphasic	19.0	100.0	1.0	10.0	-50.0	15r_13b	15.0	13.0	bipolar		[8428.0, 1188.0, 3303.0]	[8428.0, 988.0, 3303.0]
5890.40978349022	2.0	trials	1.0	2.0	60.0	biphasic	19.0	100.0	1.0	10.0	-50.0	15r_13b	15.0	13.0	bipolar		[8428.0, 1188.0, 3303.0]	[8428.0, 988.0, 3303.0]
5892.4114	2.0	trials	1.0	2.0	60.0	biphasic	19.0	100.0	1.0	10.0	-50.0	15r_13b	15.0	13.0	bipolar		[8428.0, 1188.0, 3303.0]	[8428.0, 988.0, 3303.0]
5894.4134	2.0	trials	1.0	2.0	60.0	biphasic	19.0	100.0	1.0	10.0	-50.0	15r_13b	15.0	13.0	bipolar		[8428.0, 1188.0, 3303.0]	[8428.0, 988.0, 3303.0]
5896.415783881236	2.0	trials	1.0	2.0	60.0	biphasic	19.0	100.0	1.0	10.0	-50.0	15r_13b	15.0	13.0	bipolar		[8428.0, 1188.0, 3303.0]	[8428.0, 988.0, 3303.0]
5898.4174	2.0	trials	1.0	2.0	60.0	biphasic	19.0	100.0	1.0	10.0	-50.0	15r_13b	15.0	13.0	bipolar		[8428.0, 1188.0, 3303.0]	[8428.0, 988.0, 3303.0]
5900.419366666667	2.0	trials	1.0	2.0	60.0	biphasic	19.0	100.0	1.0	10.0	-50.0	15r_13b	15.0	13.0	bipolar		[8428.0, 1188.0, 3303.0]	[8428.0, 988.0, 3303.0]
5902.4213666666665	2.0	trials	1.0	2.0	60.0	biphasic	19.0	100.0	1.0	10.0	-50.0	15r_13b	15.0	13.0	bipolar		[8428.0, 1188.0, 3303.0]	[8428.0, 988.0, 3303.0]
5904.423366666667	2.0	trials	1.0	2.0	60.0	biphasic	19.0	100.0	1.0	10.0	-50.0	15r_13b	15.0	13.0	bipolar		[8428.0, 1188.0, 3303.0]	[8428.0, 988.0, 3303.0]
5906.425366666666	2.0	trials	1.0	2.0	60.0	biphasic	19.0	100.0	1.0	10.0	-50.0	15r_13b	15.0	13.0	bipolar		[8428.0, 1188.0, 3303.0]	[8428.0, 988.0, 3303.0]
5908.427366666667	2.0	trials	1.0	2.0	60.0	biphasic	19.0	100.0	1.0	10.0	-50.0	15r_13b	15.0	13.0	bipolar		[8428.0, 1188.0, 3303.0]	[8428.0, 988.0, 3303.0]
5910.429366666666	2.0	trials	1.0	2.0	60.0	biphasic	19.0	100.0	1.0	10.0	-50.0	15r_13b	15.0	13.0	bipolar		[8428.0, 1188.0, 3303.0]	[8428.0, 988.0, 3303.0]
5912.431366666667	2.0	trials	1.0	2.0	60.0	biphasic	19.0	100.0	1.0	10.0	-50.0	15r_13b	15.0	13.0	bipolar		[8428.0, 1188.0, 3303.0]	[8428.0, 988.0, 3303.0]
5914.433366666667	2.0	trials	1.0	2.0	60.0	biphasic	19.0	100.0	1.0	10.0	-50.0	15r_13b	15.0	13.0	bipolar		[8428.0, 1188.0, 3303.0]	[8428.0, 988.0, 3303.0]
5916.435366666667	2.0	trials	1.0	2.0	60.0	biphasic	19.0	100.0	1.0	10.0	-50.0	15r_13b	15.0	13.0	bipolar		[8428.0, 1188.0, 3303.0]	[8428.0, 988.0, 3303.0]
5918.436981351759	2.0	trials	1.0	2.0	60.0	biphasic	19.0	100.0	1.0	10.0	-50.0	15r_13b	15.0	13.0	bipolar		[8428.0, 1188.0, 3303.0]	[8428.0, 988.0, 3303.0]
5920.4393666666665	2.0	trials	1.0	2.0	60.0	biphasic	19.0	100.0	1.0	10.0	-50.0	15r_13b	15.0	13.0	bipolar		[8428.0, 1188.0, 3303.0]	[8428.0, 988.0, 3303.0]
5922.441333333333	2.0	trials	1.0	2.0	60.0	biphasic	19.0	100.0	1.0	10.0	-50.0	15r_13b	15.0	13.0	bipolar		[8428.0, 1188.0, 3303.0]	[8428.0, 988.0, 3303.0]
5924.442947627413	2.0	trials	1.0	2.0	60.0	biphasic	19.0	100.0	1.0	10.0	-50.0	15r_13b	15.0	13.0	bipolar		[8428.0, 1188.0, 3303.0]	[8428.0, 988.0, 3303.0]
5926.445333333333	2.0	trials	1.0	2.0	60.0	biphasic	19.0	100.0	1.0	10.0	-50.0	15r_13b	15.0	13.0	bipolar		[8428.0, 1188.0, 3303.0]	[8428.0, 988.0, 3303.0]
5928.4473333333335	2.0	trials	1.0	2.0	60.0	biphasic	19.0	100.0	1.0	10.0	-50.0	15r_13b	15.0	13.0	bipolar		[8428.0, 1188.0, 3303.0]	[8428.0, 988.0, 3303.0]
5930.44971943032	2.0	trials	1.0	2.0	60.0	biphasic	19.0	100.0	1.0	10.0	-50.0	15r_13b	15.0	13.0	bipolar		[8428.0, 1188.0, 3303.0]	[8428.0, 988.0, 3303.0]
5932.451333333333	2.0	trials	1.0	2.0	60.0	biphasic	19.0	100.0	1.0	10.0	-50.0	15r_13b	15.0	13.0	bipolar		[8428.0, 1188.0, 3303.0]	[8428.0, 988.0, 3303.0]
5934.453333333333	2.0	trials	1.0	2.0	60.0	biphasic	19.0	100.0	1.0	10.0	-50.0	15r_13b	15.0	13.0	bipolar		[8428.0, 1188.0, 3303.0]	[8428.0, 988.0, 3303.0]
5936.455719821336	2.0	trials	1.0	2.0	60.0	biphasic	19.0	100.0	1.0	10.0	-50.0	15r_13b	15.0	13.0	bipolar		[8428.0, 1188.0, 3303.0]	[8428.0, 988.0, 3303.0]
5938.457333333334	2.0	trials	1.0	2.0	60.0	biphasic	19.0	100.0	1.0	10.0	-50.0	15r_13b	15.0	13.0	bipolar		[8428.0, 1188.0, 3303.0]	[8428.0, 988.0, 3303.0]
5940.459333333333	2.0	trials	1.0	2.0	60.0	biphasic	19.0	100.0	1.0	10.0	-50.0	15r_13b	15.0	13.0	bipolar		[8428.0, 1188.0, 3303.0]	[8428.0, 988.0, 3303.0]
5942.4613	2.0	trials	1.0	2.0	60.0	biphasic	19.0	100.0	1.0	10.0	-50.0	15r_13b	15.0	13.0	bipolar		[8428.0, 1188.0, 3303.0]	[8428.0, 988.0, 3303.0]
5944.4633	2.0	trials	1.0	2.0	60.0	biphasic	19.0	100.0	1.0	10.0	-50.0	15r_13b	15.0	13.0	bipolar		[8428.0, 1188.0, 3303.0]	[8428.0, 988.0, 3303.0]
5964.6881	2.0	trials	1.0	2.0	60.0	biphasic	20.0	100.0	1.0	10.0	-100.0	15r_13b	15.0	13.0	bipolar		[8428.0, 1188.0, 3303.0]	[8428.0, 988.0, 3303.0]
5966.6901	2.0	trials	1.0	2.0	60.0	biphasic	20.0	100.0	1.0	10.0	-100.0	15r_13b	15.0	13.0	bipolar		[8428.0, 1188.0, 3303.0]	[8428.0, 988.0, 3303.0]
5968.6921	2.0	trials	1.0	2.0	60.0	biphasic	20.0	100.0	1.0	10.0	-100.0	15r_13b	15.0	13.0	bipolar		[8428.0, 1188.0, 3303.0]	[8428.0, 988.0, 3303.0]
5970.6941	2.0	trials	1.0	2.0	60.0	biphasic	20.0	100.0	1.0	10.0	-100.0	15r_13b	15.0	13.0	bipolar		[8428.0, 1188.0, 3303.0]	[8428.0, 988.0, 3303.0]
5972.695711152623	2.0	trials	1.0	2.0	60.0	biphasic	20.0	100.0	1.0	10.0	-100.0	15r_13b	15.0	13.0	bipolar		[8428.0, 1188.0, 3303.0]	[8428.0, 988.0, 3303.0]
5974.6981	2.0	trials	1.0	2.0	60.0	biphasic	20.0	100.0	1.0	10.0	-100.0	15r_13b	15.0	13.0	bipolar		[8428.0, 1188.0, 3303.0]	[8428.0, 988.0, 3303.0]
5976.700066666666	2.0	trials	1.0	2.0	60.0	biphasic	20.0	100.0	1.0	10.0	-100.0	15r_13b	15.0	13.0	bipolar		[8428.0, 1188.0, 3303.0]	[8428.0, 988.0, 3303.0]
5978.7016774282765	2.0	trials	1.0	2.0	60.0	biphasic	20.0	100.0	1.0	10.0	-100.0	15r_13b	15.0	13.0	bipolar		[8428.0, 1188.0, 3303.0]	[8428.0, 988.0, 3303.0]
5980.704066666666	2.0	trials	1.0	2.0	60.0	biphasic	20.0	100.0	1.0	10.0	-100.0	15r_13b	15.0	13.0	bipolar		[8428.0, 1188.0, 3303.0]	[8428.0, 988.0, 3303.0]
5982.706066666667	2.0	trials	1.0	2.0	60.0	biphasic	20.0	100.0	1.0	10.0	-100.0	15r_13b	15.0	13.0	bipolar		[8428.0, 1188.0, 3303.0]	[8428.0, 988.0, 3303.0]
5984.7076770372605	2.0	trials	1.0	2.0	60.0	biphasic	20.0	100.0	1.0	10.0	-100.0	15r_13b	15.0	13.0	bipolar		[8428.0, 1188.0, 3303.0]	[8428.0, 988.0, 3303.0]
5986.7100666666665	2.0	trials	1.0	2.0	60.0	biphasic	20.0	100.0	1.0	10.0	-100.0	15r_13b	15.0	13.0	bipolar		[8428.0, 1188.0, 3303.0]	[8428.0, 988.0, 3303.0]
5988.712066666667	2.0	trials	1.0	2.0	60.0	biphasic	20.0	100.0	1.0	10.0	-100.0	15r_13b	15.0	13.0	bipolar		[8428.0, 1188.0, 3303.0]	[8428.0, 988.0, 3303.0]
5990.714456687139	2.0	trials	1.0	2.0	60.0	biphasic	20.0	100.0	1.0	10.0	-100.0	15r_13b	15.0	13.0	bipolar		[8428.0, 1188.0, 3303.0]	[8428.0, 988.0, 3303.0]
5992.716066666667	2.0	trials	1.0	2.0	60.0	biphasic	20.0	100.0	1.0	10.0	-100.0	15r_13b	15.0	13.0	bipolar		[8428.0, 1188.0, 3303.0]	[8428.0, 988.0, 3303.0]
5994.718066666666	2.0	trials	1.0	2.0	60.0	biphasic	20.0	100.0	1.0	10.0	-100.0	15r_13b	15.0	13.0	bipolar		[8428.0, 1188.0, 3303.0]	[8428.0, 988.0, 3303.0]
5996.7204237448195	2.0	trials	1.0	2.0	60.0	biphasic	20.0	100.0	1.0	10.0	-100.0	15r_13b	15.0	13.0	bipolar		[8428.0, 1188.0, 3303.0]	[8428.0, 988.0, 3303.0]
5998.7220333333335	2.0	trials	1.0	2.0	60.0	biphasic	20.0	100.0	1.0	10.0	-100.0	15r_13b	15.0	13.0	bipolar		[8428.0, 1188.0, 3303.0]	[8428.0, 988.0, 3303.0]
6000.724033333333	2.0	trials	1.0	2.0	60.0	biphasic	20.0	100.0	1.0	10.0	-100.0	15r_13b	15.0	13.0	bipolar		[8428.0, 1188.0, 3303.0]	[8428.0, 988.0, 3303.0]
6002.726033333333	2.0	trials	1.0	2.0	60.0	biphasic	20.0	100.0	1.0	10.0	-100.0	15r_13b	15.0	13.0	bipolar		[8428.0, 1188.0, 3303.0]	[8428.0, 988.0, 3303.0]
6004.728033333334	2.0	trials	1.0	2.0	60.0	biphasic	20.0	100.0	1.0	10.0	-100.0	15r_13b	15.0	13.0	bipolar		[8428.0, 1188.0, 3303.0]	[8428.0, 988.0, 3303.0]
6006.730033333333	2.0	trials	1.0	2.0	60.0	biphasic	20.0	100.0	1.0	10.0	-100.0	15r_13b	15.0	13.0	bipolar		[8428.0, 1188.0, 3303.0]	[8428.0, 988.0, 3303.0]
6008.732033333334	2.0	trials	1.0	2.0	60.0	biphasic	20.0	100.0	1.0	10.0	-100.0	15r_13b	15.0	13.0	bipolar		[8428.0, 1188.0, 3303.0]	[8428.0, 988.0, 3303.0]
6010.734033333333	2.0	trials	1.0	2.0	60.0	biphasic	20.0	100.0	1.0	10.0	-100.0	15r_13b	15.0	13.0	bipolar		[8428.0, 1188.0, 3303.0]	[8428.0, 988.0, 3303.0]
6012.736033333334	2.0	trials	1.0	2.0	60.0	biphasic	20.0	100.0	1.0	10.0	-100.0	15r_13b	15.0	13.0	bipolar		[8428.0, 1188.0, 3303.0]	[8428.0, 988.0, 3303.0]
6014.738033333333	2.0	trials	1.0	2.0	60.0	biphasic	20.0	100.0	1.0	10.0	-100.0	15r_13b	15.0	13.0	bipolar		[8428.0, 1188.0, 3303.0]	[8428.0, 988.0, 3303.0]
6016.7400333333335	2.0	trials	1.0	2.0	60.0	biphasic	20.0	100.0	1.0	10.0	-100.0	15r_13b	15.0	13.0	bipolar		[8428.0, 1188.0, 3303.0]	[8428.0, 988.0, 3303.0]
6018.742	2.0	trials	1.0	2.0	60.0	biphasic	20.0	100.0	1.0	10.0	-100.0	15r_13b	15.0	13.0	bipolar		[8428.0, 1188.0, 3303.0]	[8428.0, 988.0, 3303.0]
6020.744	2.0	trials	1.0	2.0	60.0	biphasic	20.0	100.0	1.0	10.0	-100.0	15r_13b	15.0	13.0	bipolar		[8428.0, 1188.0, 3303.0]	[8428.0, 988.0, 3303.0]
6022.746	2.0	trials	1.0	2.0	60.0	biphasic	20.0	100.0	1.0	10.0	-100.0	15r_13b	15.0	13.0	bipolar		[8428.0, 1188.0, 3303.0]	[8428.0, 988.0, 3303.0]
6024.747607763828	2.0	trials	1.0	2.0	60.0	biphasic	20.0	100.0	1.0	10.0	-100.0	15r_13b	15.0	13.0	bipolar		[8428.0, 1188.0, 3303.0]	[8428.0, 988.0, 3303.0]
6026.75	2.0	trials	1.0	2.0	60.0	biphasic	20.0	100.0	1.0	10.0	-100.0	15r_13b	15.0	13.0	bipolar		[8428.0, 1188.0, 3303.0]	[8428.0, 988.0, 3303.0]
6028.752	2.0	trials	1.0	2.0	60.0	biphasic	20.0	100.0	1.0	10.0	-100.0	15r_13b	15.0	13.0	bipolar		[8428.0, 1188.0, 3303.0]	[8428.0, 988.0, 3303.0]
6030.753607372812	2.0	trials	1.0	2.0	60.0	biphasic	20.0	100.0	1.0	10.0	-100.0	15r_13b	15.0	13.0	bipolar		[8428.0, 1188.0, 3303.0]	[8428.0, 988.0, 3303.0]
6032.756	2.0	trials	1.0	2.0	60.0	biphasic	20.0	100.0	1.0	10.0	-100.0	15r_13b	15.0	13.0	bipolar		[8428.0, 1188.0, 3303.0]	[8428.0, 988.0, 3303.0]
6034.758	2.0	trials	1.0	2.0	60.0	biphasic	20.0	100.0	1.0	10.0	-100.0	15r_13b	15.0	13.0	bipolar		[8428.0, 1188.0, 3303.0]	[8428.0, 988.0, 3303.0]
6036.760393018255	2.0	trials	1.0	2.0	60.0	biphasic	20.0	100.0	1.0	10.0	-100.0	15r_13b	15.0	13.0	bipolar		[8428.0, 1188.0, 3303.0]	[8428.0, 988.0, 3303.0]
6038.762	2.0	trials	1.0	2.0	60.0	biphasic	20.0	100.0	1.0	10.0	-100.0	15r_13b	15.0	13.0	bipolar		[8428.0, 1188.0, 3303.0]	[8428.0, 988.0, 3303.0]
6040.763966666666	2.0	trials	1.0	2.0	60.0	biphasic	20.0	100.0	1.0	10.0	-100.0	15r_13b	15.0	13.0	bipolar		[8428.0, 1188.0, 3303.0]	[8428.0, 988.0, 3303.0]
6042.765966666667	2.0	trials	1.0	2.0	60.0	biphasic	20.0	100.0	1.0	10.0	-100.0	15r_13b	15.0	13.0	bipolar		[8428.0, 1188.0, 3303.0]	[8428.0, 988.0, 3303.0]
6044.767966666666	2.0	trials	1.0	2.0	60.0	biphasic	20.0	100.0	1.0	10.0	-100.0	15r_13b	15.0	13.0	bipolar		[8428.0, 1188.0, 3303.0]	[8428.0, 988.0, 3303.0]
6046.769966666667	2.0	trials	1.0	2.0	60.0	biphasic	20.0	100.0	1.0	10.0	-100.0	15r_13b	15.0	13.0	bipolar		[8428.0, 1188.0, 3303.0]	[8428.0, 988.0, 3303.0]
6048.771966666666	2.0	trials	1.0	2.0	60.0	biphasic	20.0	100.0	1.0	10.0	-100.0	15r_13b	15.0	13.0	bipolar		[8428.0, 1188.0, 3303.0]	[8428.0, 988.0, 3303.0]
6050.773966666667	2.0	trials	1.0	2.0	60.0	biphasic	20.0	100.0	1.0	10.0	-100.0	15r_13b	15.0	13.0	bipolar		[8428.0, 1188.0, 3303.0]	[8428.0, 988.0, 3303.0]
6052.775966666667	2.0	trials	1.0	2.0	60.0	biphasic	20.0	100.0	1.0	10.0	-100.0	15r_13b	15.0	13.0	bipolar		[8428.0, 1188.0, 3303.0]	[8428.0, 988.0, 3303.0]
6054.7779666666665	2.0	trials	1.0	2.0	60.0	biphasic	20.0	100.0	1.0	10.0	-100.0	15r_13b	15.0	13.0	bipolar		[8428.0, 1188.0, 3303.0]	[8428.0, 988.0, 3303.0]
6056.779966666667	2.0	trials	1.0	2.0	60.0	biphasic	20.0	100.0	1.0	10.0	-100.0	15r_13b	15.0	13.0	bipolar		[8428.0, 1188.0, 3303.0]	[8428.0, 988.0, 3303.0]
6058.781966666666	2.0	trials	1.0	2.0	60.0	biphasic	20.0	100.0	1.0	10.0	-100.0	15r_13b	15.0	13.0	bipolar		[8428.0, 1188.0, 3303.0]	[8428.0, 988.0, 3303.0]
6060.783933333333	2.0	trials	1.0	2.0	60.0	biphasic	20.0	100.0	1.0	10.0	-100.0	15r_13b	15.0	13.0	bipolar		[8428.0, 1188.0, 3303.0]	[8428.0, 988.0, 3303.0]
6062.785933333334	2.0	trials	1.0	2.0	60.0	biphasic	20.0	100.0	1.0	10.0	-100.0	15r_13b	15.0	13.0	bipolar		[8428.0, 1188.0, 3303.0]	[8428.0, 988.0, 3303.0]
6064.787933333333	2.0	trials	1.0	2.0	60.0	biphasic	20.0	100.0	1.0	10.0	-100.0	15r_13b	15.0	13.0	bipolar		[8428.0, 1188.0, 3303.0]	[8428.0, 988.0, 3303.0]
6066.7899333333335	2.0	trials	1.0	2.0	60.0	biphasic	20.0	100.0	1.0	10.0	-100.0	15r_13b	15.0	13.0	bipolar		[8428.0, 1188.0, 3303.0]	[8428.0, 988.0, 3303.0]
6068.791933333333	2.0	trials	1.0	2.0	60.0	biphasic	20.0	100.0	1.0	10.0	-100.0	15r_13b	15.0	13.0	bipolar		[8428.0, 1188.0, 3303.0]	[8428.0, 988.0, 3303.0]
6070.7935380993795	2.0	trials	1.0	2.0	60.0	biphasic	20.0	100.0	1.0	10.0	-100.0	15r_13b	15.0	13.0	bipolar		[8428.0, 1188.0, 3303.0]	[8428.0, 988.0, 3303.0]
6072.795933333334	2.0	trials	1.0	2.0	60.0	biphasic	20.0	100.0	1.0	10.0	-100.0	15r_13b	15.0	13.0	bipolar		[8428.0, 1188.0, 3303.0]	[8428.0, 988.0, 3303.0]
6074.797933333333	2.0	trials	1.0	2.0	60.0	biphasic	20.0	100.0	1.0	10.0	-100.0	15r_13b	15.0	13.0	bipolar		[8428.0, 1188.0, 3303.0]	[8428.0, 988.0, 3303.0]
6076.800328958355	2.0	trials	1.0	2.0	60.0	biphasic	20.0	100.0	1.0	10.0	-100.0	15r_13b	15.0	13.0	bipolar		[8428.0, 1188.0, 3303.0]	[8428.0, 988.0, 3303.0]
6078.801933333333	2.0	trials	1.0	2.0	60.0	biphasic	20.0	100.0	1.0	10.0	-100.0	15r_13b	15.0	13.0	bipolar		[8428.0, 1188.0, 3303.0]	[8428.0, 988.0, 3303.0]
6080.803933333334	2.0	trials	1.0	2.0	60.0	biphasic	20.0	100.0	1.0	10.0	-100.0	15r_13b	15.0	13.0	bipolar		[8428.0, 1188.0, 3303.0]	[8428.0, 988.0, 3303.0]
6082.806296016035	2.0	trials	1.0	2.0	60.0	biphasic	20.0	100.0	1.0	10.0	-100.0	15r_13b	15.0	13.0	bipolar		[8428.0, 1188.0, 3303.0]	[8428.0, 988.0, 3303.0]
6322.438066666667	2.0	trials	1.0	2.0	60.0	biphasic	21.0	100.0	1.0	10.0	-25.0	2r_7b	2.0	7.0	bipolar		[8428.0, 1238.0, 3303.0]	[8428.0, 938.0, 3303.0]
6324.440066666667	2.0	trials	1.0	2.0	60.0	biphasic	21.0	100.0	1.0	10.0	-25.0	2r_7b	2.0	7.0	bipolar		[8428.0, 1238.0, 3303.0]	[8428.0, 938.0, 3303.0]
6326.4420666666665	2.0	trials	1.0	2.0	60.0	biphasic	21.0	100.0	1.0	10.0	-25.0	2r_7b	2.0	7.0	bipolar		[8428.0, 1238.0, 3303.0]	[8428.0, 938.0, 3303.0]
6328.444066666667	2.0	trials	1.0	2.0	60.0	biphasic	21.0	100.0	1.0	10.0	-25.0	2r_7b	2.0	7.0	bipolar		[8428.0, 1238.0, 3303.0]	[8428.0, 938.0, 3303.0]
6330.446066666666	2.0	trials	1.0	2.0	60.0	biphasic	21.0	100.0	1.0	10.0	-25.0	2r_7b	2.0	7.0	bipolar		[8428.0, 1238.0, 3303.0]	[8428.0, 938.0, 3303.0]
6332.448066666667	2.0	trials	1.0	2.0	60.0	biphasic	21.0	100.0	1.0	10.0	-25.0	2r_7b	2.0	7.0	bipolar		[8428.0, 1238.0, 3303.0]	[8428.0, 938.0, 3303.0]
6334.450066666666	2.0	trials	1.0	2.0	60.0	biphasic	21.0	100.0	1.0	10.0	-25.0	2r_7b	2.0	7.0	bipolar		[8428.0, 1238.0, 3303.0]	[8428.0, 938.0, 3303.0]
6336.452066666667	2.0	trials	1.0	2.0	60.0	biphasic	21.0	100.0	1.0	10.0	-25.0	2r_7b	2.0	7.0	bipolar		[8428.0, 1238.0, 3303.0]	[8428.0, 938.0, 3303.0]
6338.453654006924	2.0	trials	1.0	2.0	60.0	biphasic	21.0	100.0	1.0	10.0	-25.0	2r_7b	2.0	7.0	bipolar		[8428.0, 1238.0, 3303.0]	[8428.0, 938.0, 3303.0]
6340.456066666667	2.0	trials	1.0	2.0	60.0	biphasic	21.0	100.0	1.0	10.0	-25.0	2r_7b	2.0	7.0	bipolar		[8428.0, 1238.0, 3303.0]	[8428.0, 938.0, 3303.0]
6342.458066666667	2.0	trials	1.0	2.0	60.0	biphasic	21.0	100.0	1.0	10.0	-25.0	2r_7b	2.0	7.0	bipolar		[8428.0, 1238.0, 3303.0]	[8428.0, 938.0, 3303.0]
6344.459620282577	2.0	trials	1.0	2.0	60.0	biphasic	21.0	100.0	1.0	10.0	-25.0	2r_7b	2.0	7.0	bipolar		[8428.0, 1238.0, 3303.0]	[8428.0, 938.0, 3303.0]
6346.462033333333	2.0	trials	1.0	2.0	60.0	biphasic	21.0	100.0	1.0	10.0	-25.0	2r_7b	2.0	7.0	bipolar		[8428.0, 1238.0, 3303.0]	[8428.0, 938.0, 3303.0]
6348.464033333334	2.0	trials	1.0	2.0	60.0	biphasic	21.0	100.0	1.0	10.0	-25.0	2r_7b	2.0	7.0	bipolar		[8428.0, 1238.0, 3303.0]	[8428.0, 938.0, 3303.0]
6350.465619891561	2.0	trials	1.0	2.0	60.0	biphasic	21.0	100.0	1.0	10.0	-25.0	2r_7b	2.0	7.0	bipolar		[8428.0, 1238.0, 3303.0]	[8428.0, 938.0, 3303.0]
6352.468033333334	2.0	trials	1.0	2.0	60.0	biphasic	21.0	100.0	1.0	10.0	-25.0	2r_7b	2.0	7.0	bipolar		[8428.0, 1238.0, 3303.0]	[8428.0, 938.0, 3303.0]
6354.470033333333	2.0	trials	1.0	2.0	60.0	biphasic	21.0	100.0	1.0	10.0	-25.0	2r_7b	2.0	7.0	bipolar		[8428.0, 1238.0, 3303.0]	[8428.0, 938.0, 3303.0]
6356.4720333333335	2.0	trials	1.0	2.0	60.0	biphasic	21.0	100.0	1.0	10.0	-25.0	2r_7b	2.0	7.0	bipolar		[8428.0, 1238.0, 3303.0]	[8428.0, 938.0, 3303.0]
6358.474033333333	2.0	trials	1.0	2.0	60.0	biphasic	21.0	100.0	1.0	10.0	-25.0	2r_7b	2.0	7.0	bipolar		[8428.0, 1238.0, 3303.0]	[8428.0, 938.0, 3303.0]
6360.476033333333	2.0	trials	1.0	2.0	60.0	biphasic	21.0	100.0	1.0	10.0	-25.0	2r_7b	2.0	7.0	bipolar		[8428.0, 1238.0, 3303.0]	[8428.0, 938.0, 3303.0]
6362.478033333334	2.0	trials	1.0	2.0	60.0	biphasic	21.0	100.0	1.0	10.0	-25.0	2r_7b	2.0	7.0	bipolar		[8428.0, 1238.0, 3303.0]	[8428.0, 938.0, 3303.0]
6364.48	2.0	trials	1.0	2.0	60.0	biphasic	21.0	100.0	1.0	10.0	-25.0	2r_7b	2.0	7.0	bipolar		[8428.0, 1238.0, 3303.0]	[8428.0, 938.0, 3303.0]
6366.482	2.0	trials	1.0	2.0	60.0	biphasic	21.0	100.0	1.0	10.0	-25.0	2r_7b	2.0	7.0	bipolar		[8428.0, 1238.0, 3303.0]	[8428.0, 938.0, 3303.0]
6368.484	2.0	trials	1.0	2.0	60.0	biphasic	21.0	100.0	1.0	10.0	-25.0	2r_7b	2.0	7.0	bipolar		[8428.0, 1238.0, 3303.0]	[8428.0, 938.0, 3303.0]
6370.486	2.0	trials	1.0	2.0	60.0	biphasic	21.0	100.0	1.0	10.0	-25.0	2r_7b	2.0	7.0	bipolar		[8428.0, 1238.0, 3303.0]	[8428.0, 938.0, 3303.0]
6372.488	2.0	trials	1.0	2.0	60.0	biphasic	21.0	100.0	1.0	10.0	-25.0	2r_7b	2.0	7.0	bipolar		[8428.0, 1238.0, 3303.0]	[8428.0, 938.0, 3303.0]
6374.49	2.0	trials	1.0	2.0	60.0	biphasic	21.0	100.0	1.0	10.0	-25.0	2r_7b	2.0	7.0	bipolar		[8428.0, 1238.0, 3303.0]	[8428.0, 938.0, 3303.0]
6376.492	2.0	trials	1.0	2.0	60.0	biphasic	21.0	100.0	1.0	10.0	-25.0	2r_7b	2.0	7.0	bipolar		[8428.0, 1238.0, 3303.0]	[8428.0, 938.0, 3303.0]
6378.494	2.0	trials	1.0	2.0	60.0	biphasic	21.0	100.0	1.0	10.0	-25.0	2r_7b	2.0	7.0	bipolar		[8428.0, 1238.0, 3303.0]	[8428.0, 938.0, 3303.0]
6380.496	2.0	trials	1.0	2.0	60.0	biphasic	21.0	100.0	1.0	10.0	-25.0	2r_7b	2.0	7.0	bipolar		[8428.0, 1238.0, 3303.0]	[8428.0, 938.0, 3303.0]
6382.498	2.0	trials	1.0	2.0	60.0	biphasic	21.0	100.0	1.0	10.0	-25.0	2r_7b	2.0	7.0	bipolar		[8428.0, 1238.0, 3303.0]	[8428.0, 938.0, 3303.0]
6384.5	2.0	trials	1.0	2.0	60.0	biphasic	21.0	100.0	1.0	10.0	-25.0	2r_7b	2.0	7.0	bipolar		[8428.0, 1238.0, 3303.0]	[8428.0, 938.0, 3303.0]
6386.501966666667	2.0	trials	1.0	2.0	60.0	biphasic	21.0	100.0	1.0	10.0	-25.0	2r_7b	2.0	7.0	bipolar		[8428.0, 1238.0, 3303.0]	[8428.0, 938.0, 3303.0]
6388.503966666667	2.0	trials	1.0	2.0	60.0	biphasic	21.0	100.0	1.0	10.0	-25.0	2r_7b	2.0	7.0	bipolar		[8428.0, 1238.0, 3303.0]	[8428.0, 938.0, 3303.0]
6390.506382715259	2.0	trials	1.0	2.0	60.0	biphasic	21.0	100.0	1.0	10.0	-25.0	2r_7b	2.0	7.0	bipolar		[8428.0, 1238.0, 3303.0]	[8428.0, 938.0, 3303.0]
6392.507966666667	2.0	trials	1.0	2.0	60.0	biphasic	21.0	100.0	1.0	10.0	-25.0	2r_7b	2.0	7.0	bipolar		[8428.0, 1238.0, 3303.0]	[8428.0, 938.0, 3303.0]
6394.5099666666665	2.0	trials	1.0	2.0	60.0	biphasic	21.0	100.0	1.0	10.0	-25.0	2r_7b	2.0	7.0	bipolar		[8428.0, 1238.0, 3303.0]	[8428.0, 938.0, 3303.0]
6396.512383106275	2.0	trials	1.0	2.0	60.0	biphasic	21.0	100.0	1.0	10.0	-25.0	2r_7b	2.0	7.0	bipolar		[8428.0, 1238.0, 3303.0]	[8428.0, 938.0, 3303.0]
6398.513966666666	2.0	trials	1.0	2.0	60.0	biphasic	21.0	100.0	1.0	10.0	-25.0	2r_7b	2.0	7.0	bipolar		[8428.0, 1238.0, 3303.0]	[8428.0, 938.0, 3303.0]
6400.515966666667	2.0	trials	1.0	2.0	60.0	biphasic	21.0	100.0	1.0	10.0	-25.0	2r_7b	2.0	7.0	bipolar		[8428.0, 1238.0, 3303.0]	[8428.0, 938.0, 3303.0]
6402.51838349729	2.0	trials	1.0	2.0	60.0	biphasic	21.0	100.0	1.0	10.0	-25.0	2r_7b	2.0	7.0	bipolar		[8428.0, 1238.0, 3303.0]	[8428.0, 938.0, 3303.0]
6404.519966666667	2.0	trials	1.0	2.0	60.0	biphasic	21.0	100.0	1.0	10.0	-25.0	2r_7b	2.0	7.0	bipolar		[8428.0, 1238.0, 3303.0]	[8428.0, 938.0, 3303.0]
6406.521966666666	2.0	trials	1.0	2.0	60.0	biphasic	21.0	100.0	1.0	10.0	-25.0	2r_7b	2.0	7.0	bipolar		[8428.0, 1238.0, 3303.0]	[8428.0, 938.0, 3303.0]
6408.524350554971	2.0	trials	1.0	2.0	60.0	biphasic	21.0	100.0	1.0	10.0	-25.0	2r_7b	2.0	7.0	bipolar		[8428.0, 1238.0, 3303.0]	[8428.0, 938.0, 3303.0]
6410.525933333333	2.0	trials	1.0	2.0	60.0	biphasic	21.0	100.0	1.0	10.0	-25.0	2r_7b	2.0	7.0	bipolar		[8428.0, 1238.0, 3303.0]	[8428.0, 938.0, 3303.0]
6412.527933333334	2.0	trials	1.0	2.0	60.0	biphasic	21.0	100.0	1.0	10.0	-25.0	2r_7b	2.0	7.0	bipolar		[8428.0, 1238.0, 3303.0]	[8428.0, 938.0, 3303.0]
6414.529933333333	2.0	trials	1.0	2.0	60.0	biphasic	21.0	100.0	1.0	10.0	-25.0	2r_7b	2.0	7.0	bipolar		[8428.0, 1238.0, 3303.0]	[8428.0, 938.0, 3303.0]
6416.531933333334	2.0	trials	1.0	2.0	60.0	biphasic	21.0	100.0	1.0	10.0	-25.0	2r_7b	2.0	7.0	bipolar		[8428.0, 1238.0, 3303.0]	[8428.0, 938.0, 3303.0]
6418.533933333333	2.0	trials	1.0	2.0	60.0	biphasic	21.0	100.0	1.0	10.0	-25.0	2r_7b	2.0	7.0	bipolar		[8428.0, 1238.0, 3303.0]	[8428.0, 938.0, 3303.0]
6420.535933333334	2.0	trials	1.0	2.0	60.0	biphasic	21.0	100.0	1.0	10.0	-25.0	2r_7b	2.0	7.0	bipolar		[8428.0, 1238.0, 3303.0]	[8428.0, 938.0, 3303.0]
6422.537933333333	2.0	trials	1.0	2.0	60.0	biphasic	21.0	100.0	1.0	10.0	-25.0	2r_7b	2.0	7.0	bipolar		[8428.0, 1238.0, 3303.0]	[8428.0, 938.0, 3303.0]
6424.5399333333335	2.0	trials	1.0	2.0	60.0	biphasic	21.0	100.0	1.0	10.0	-25.0	2r_7b	2.0	7.0	bipolar		[8428.0, 1238.0, 3303.0]	[8428.0, 938.0, 3303.0]
6426.541933333333	2.0	trials	1.0	2.0	60.0	biphasic	21.0	100.0	1.0	10.0	-25.0	2r_7b	2.0	7.0	bipolar		[8428.0, 1238.0, 3303.0]	[8428.0, 938.0, 3303.0]
6428.543933333333	2.0	trials	1.0	2.0	60.0	biphasic	21.0	100.0	1.0	10.0	-25.0	2r_7b	2.0	7.0	bipolar		[8428.0, 1238.0, 3303.0]	[8428.0, 938.0, 3303.0]
6430.5459	2.0	trials	1.0	2.0	60.0	biphasic	21.0	100.0	1.0	10.0	-25.0	2r_7b	2.0	7.0	bipolar		[8428.0, 1238.0, 3303.0]	[8428.0, 938.0, 3303.0]
6432.5479	2.0	trials	1.0	2.0	60.0	biphasic	21.0	100.0	1.0	10.0	-25.0	2r_7b	2.0	7.0	bipolar		[8428.0, 1238.0, 3303.0]	[8428.0, 938.0, 3303.0]
6434.5499	2.0	trials	1.0	2.0	60.0	biphasic	21.0	100.0	1.0	10.0	-25.0	2r_7b	2.0	7.0	bipolar		[8428.0, 1238.0, 3303.0]	[8428.0, 938.0, 3303.0]
6436.55148095368	2.0	trials	1.0	2.0	60.0	biphasic	21.0	100.0	1.0	10.0	-25.0	2r_7b	2.0	7.0	bipolar		[8428.0, 1238.0, 3303.0]	[8428.0, 938.0, 3303.0]
6438.5539	2.0	trials	1.0	2.0	60.0	biphasic	21.0	100.0	1.0	10.0	-25.0	2r_7b	2.0	7.0	bipolar		[8428.0, 1238.0, 3303.0]	[8428.0, 938.0, 3303.0]
6440.5559	2.0	trials	1.0	2.0	60.0	biphasic	21.0	100.0	1.0	10.0	-25.0	2r_7b	2.0	7.0	bipolar		[8428.0, 1238.0, 3303.0]	[8428.0, 938.0, 3303.0]
6518.953533333333	2.0	trials	1.0	2.0	60.0	biphasic	22.0	100.0	1.0	10.0	-50.0	2r_7b	2.0	7.0	bipolar		[8428.0, 1238.0, 3303.0]	[8428.0, 938.0, 3303.0]
6520.955533333334	2.0	trials	1.0	2.0	60.0	biphasic	22.0	100.0	1.0	10.0	-50.0	2r_7b	2.0	7.0	bipolar		[8428.0, 1238.0, 3303.0]	[8428.0, 938.0, 3303.0]
6522.9575	2.0	trials	1.0	2.0	60.0	biphasic	22.0	100.0	1.0	10.0	-50.0	2r_7b	2.0	7.0	bipolar		[8428.0, 1238.0, 3303.0]	[8428.0, 938.0, 3303.0]
6524.9595	2.0	trials	1.0	2.0	60.0	biphasic	22.0	100.0	1.0	10.0	-50.0	2r_7b	2.0	7.0	bipolar		[8428.0, 1238.0, 3303.0]	[8428.0, 938.0, 3303.0]
6526.9615	2.0	trials	1.0	2.0	60.0	biphasic	22.0	100.0	1.0	10.0	-50.0	2r_7b	2.0	7.0	bipolar		[8428.0, 1238.0, 3303.0]	[8428.0, 938.0, 3303.0]
6528.9630749373	2.0	trials	1.0	2.0	60.0	biphasic	22.0	100.0	1.0	10.0	-50.0	2r_7b	2.0	7.0	bipolar		[8428.0, 1238.0, 3303.0]	[8428.0, 938.0, 3303.0]
6530.9655	2.0	trials	1.0	2.0	60.0	biphasic	22.0	100.0	1.0	10.0	-50.0	2r_7b	2.0	7.0	bipolar		[8428.0, 1238.0, 3303.0]	[8428.0, 938.0, 3303.0]
6532.9675	2.0	trials	1.0	2.0	60.0	biphasic	22.0	100.0	1.0	10.0	-50.0	2r_7b	2.0	7.0	bipolar		[8428.0, 1238.0, 3303.0]	[8428.0, 938.0, 3303.0]
6534.969925453771	2.0	trials	1.0	2.0	60.0	biphasic	22.0	100.0	1.0	10.0	-50.0	2r_7b	2.0	7.0	bipolar		[8428.0, 1238.0, 3303.0]	[8428.0, 938.0, 3303.0]
6536.9715	2.0	trials	1.0	2.0	60.0	biphasic	22.0	100.0	1.0	10.0	-50.0	2r_7b	2.0	7.0	bipolar		[8428.0, 1238.0, 3303.0]	[8428.0, 938.0, 3303.0]
6538.9735	2.0	trials	1.0	2.0	60.0	biphasic	22.0	100.0	1.0	10.0	-50.0	2r_7b	2.0	7.0	bipolar		[8428.0, 1238.0, 3303.0]	[8428.0, 938.0, 3303.0]
6540.975925844787	2.0	trials	1.0	2.0	60.0	biphasic	22.0	100.0	1.0	10.0	-50.0	2r_7b	2.0	7.0	bipolar		[8428.0, 1238.0, 3303.0]	[8428.0, 938.0, 3303.0]
6542.9775	2.0	trials	1.0	2.0	60.0	biphasic	22.0	100.0	1.0	10.0	-50.0	2r_7b	2.0	7.0	bipolar		[8428.0, 1238.0, 3303.0]	[8428.0, 938.0, 3303.0]
6544.979466666667	2.0	trials	1.0	2.0	60.0	biphasic	22.0	100.0	1.0	10.0	-50.0	2r_7b	2.0	7.0	bipolar		[8428.0, 1238.0, 3303.0]	[8428.0, 938.0, 3303.0]
6546.981892902467	2.0	trials	1.0	2.0	60.0	biphasic	22.0	100.0	1.0	10.0	-50.0	2r_7b	2.0	7.0	bipolar		[8428.0, 1238.0, 3303.0]	[8428.0, 938.0, 3303.0]
6548.983466666667	2.0	trials	1.0	2.0	60.0	biphasic	22.0	100.0	1.0	10.0	-50.0	2r_7b	2.0	7.0	bipolar		[8428.0, 1238.0, 3303.0]	[8428.0, 938.0, 3303.0]
6550.985466666667	2.0	trials	1.0	2.0	60.0	biphasic	22.0	100.0	1.0	10.0	-50.0	2r_7b	2.0	7.0	bipolar		[8428.0, 1238.0, 3303.0]	[8428.0, 938.0, 3303.0]
6552.9874666666665	2.0	trials	1.0	2.0	60.0	biphasic	22.0	100.0	1.0	10.0	-50.0	2r_7b	2.0	7.0	bipolar		[8428.0, 1238.0, 3303.0]	[8428.0, 938.0, 3303.0]
6554.989466666667	2.0	trials	1.0	2.0	60.0	biphasic	22.0	100.0	1.0	10.0	-50.0	2r_7b	2.0	7.0	bipolar		[8428.0, 1238.0, 3303.0]	[8428.0, 938.0, 3303.0]
6556.991466666666	2.0	trials	1.0	2.0	60.0	biphasic	22.0	100.0	1.0	10.0	-50.0	2r_7b	2.0	7.0	bipolar		[8428.0, 1238.0, 3303.0]	[8428.0, 938.0, 3303.0]
6558.993466666667	2.0	trials	1.0	2.0	60.0	biphasic	22.0	100.0	1.0	10.0	-50.0	2r_7b	2.0	7.0	bipolar		[8428.0, 1238.0, 3303.0]	[8428.0, 938.0, 3303.0]
6560.995466666666	2.0	trials	1.0	2.0	60.0	biphasic	22.0	100.0	1.0	10.0	-50.0	2r_7b	2.0	7.0	bipolar		[8428.0, 1238.0, 3303.0]	[8428.0, 938.0, 3303.0]
6562.997466666667	2.0	trials	1.0	2.0	60.0	biphasic	22.0	100.0	1.0	10.0	-50.0	2r_7b	2.0	7.0	bipolar		[8428.0, 1238.0, 3303.0]	[8428.0, 938.0, 3303.0]
6564.999433333333	2.0	trials	1.0	2.0	60.0	biphasic	22.0	100.0	1.0	10.0	-50.0	2r_7b	2.0	7.0	bipolar		[8428.0, 1238.0, 3303.0]	[8428.0, 938.0, 3303.0]
6567.001433333333	2.0	trials	1.0	2.0	60.0	biphasic	22.0	100.0	1.0	10.0	-50.0	2r_7b	2.0	7.0	bipolar		[8428.0, 1238.0, 3303.0]	[8428.0, 938.0, 3303.0]
6569.003433333333	2.0	trials	1.0	2.0	60.0	biphasic	22.0	100.0	1.0	10.0	-50.0	2r_7b	2.0	7.0	bipolar		[8428.0, 1238.0, 3303.0]	[8428.0, 938.0, 3303.0]
6571.005433333334	2.0	trials	1.0	2.0	60.0	biphasic	22.0	100.0	1.0	10.0	-50.0	2r_7b	2.0	7.0	bipolar		[8428.0, 1238.0, 3303.0]	[8428.0, 938.0, 3303.0]
6573.007433333333	2.0	trials	1.0	2.0	60.0	biphasic	22.0	100.0	1.0	10.0	-50.0	2r_7b	2.0	7.0	bipolar		[8428.0, 1238.0, 3303.0]	[8428.0, 938.0, 3303.0]
6575.009433333334	2.0	trials	1.0	2.0	60.0	biphasic	22.0	100.0	1.0	10.0	-50.0	2r_7b	2.0	7.0	bipolar		[8428.0, 1238.0, 3303.0]	[8428.0, 938.0, 3303.0]
6577.011433333333	2.0	trials	1.0	2.0	60.0	biphasic	22.0	100.0	1.0	10.0	-50.0	2r_7b	2.0	7.0	bipolar		[8428.0, 1238.0, 3303.0]	[8428.0, 938.0, 3303.0]
6579.0134333333335	2.0	trials	1.0	2.0	60.0	biphasic	22.0	100.0	1.0	10.0	-50.0	2r_7b	2.0	7.0	bipolar		[8428.0, 1238.0, 3303.0]	[8428.0, 938.0, 3303.0]
6581.015004881836	2.0	trials	1.0	2.0	60.0	biphasic	22.0	100.0	1.0	10.0	-50.0	2r_7b	2.0	7.0	bipolar		[8428.0, 1238.0, 3303.0]	[8428.0, 938.0, 3303.0]
6583.017433333333	2.0	trials	1.0	2.0	60.0	biphasic	22.0	100.0	1.0	10.0	-50.0	2r_7b	2.0	7.0	bipolar		[8428.0, 1238.0, 3303.0]	[8428.0, 938.0, 3303.0]
6585.019433333333	2.0	trials	1.0	2.0	60.0	biphasic	22.0	100.0	1.0	10.0	-50.0	2r_7b	2.0	7.0	bipolar		[8428.0, 1238.0, 3303.0]	[8428.0, 938.0, 3303.0]
6587.021828842567	2.0	trials	1.0	2.0	60.0	biphasic	22.0	100.0	1.0	10.0	-50.0	2r_7b	2.0	7.0	bipolar		[8428.0, 1238.0, 3303.0]	[8428.0, 938.0, 3303.0]
6589.0234	2.0	trials	1.0	2.0	60.0	biphasic	22.0	100.0	1.0	10.0	-50.0	2r_7b	2.0	7.0	bipolar		[8428.0, 1238.0, 3303.0]	[8428.0, 938.0, 3303.0]
6591.0254	2.0	trials	1.0	2.0	60.0	biphasic	22.0	100.0	1.0	10.0	-50.0	2r_7b	2.0	7.0	bipolar		[8428.0, 1238.0, 3303.0]	[8428.0, 938.0, 3303.0]
6593.0274	2.0	trials	1.0	2.0	60.0	biphasic	22.0	100.0	1.0	10.0	-50.0	2r_7b	2.0	7.0	bipolar		[8428.0, 1238.0, 3303.0]	[8428.0, 938.0, 3303.0]
6595.0294	2.0	trials	1.0	2.0	60.0	biphasic	22.0	100.0	1.0	10.0	-50.0	2r_7b	2.0	7.0	bipolar		[8428.0, 1238.0, 3303.0]	[8428.0, 938.0, 3303.0]
6597.0314	2.0	trials	1.0	2.0	60.0	biphasic	22.0	100.0	1.0	10.0	-50.0	2r_7b	2.0	7.0	bipolar		[8428.0, 1238.0, 3303.0]	[8428.0, 938.0, 3303.0]
6599.0334	2.0	trials	1.0	2.0	60.0	biphasic	22.0	100.0	1.0	10.0	-50.0	2r_7b	2.0	7.0	bipolar		[8428.0, 1238.0, 3303.0]	[8428.0, 938.0, 3303.0]
6601.0354	2.0	trials	1.0	2.0	60.0	biphasic	22.0	100.0	1.0	10.0	-50.0	2r_7b	2.0	7.0	bipolar		[8428.0, 1238.0, 3303.0]	[8428.0, 938.0, 3303.0]
6603.0374	2.0	trials	1.0	2.0	60.0	biphasic	22.0	100.0	1.0	10.0	-50.0	2r_7b	2.0	7.0	bipolar		[8428.0, 1238.0, 3303.0]	[8428.0, 938.0, 3303.0]
6605.0394	2.0	trials	1.0	2.0	60.0	biphasic	22.0	100.0	1.0	10.0	-50.0	2r_7b	2.0	7.0	bipolar		[8428.0, 1238.0, 3303.0]	[8428.0, 938.0, 3303.0]
6607.0414	2.0	trials	1.0	2.0	60.0	biphasic	22.0	100.0	1.0	10.0	-50.0	2r_7b	2.0	7.0	bipolar		[8428.0, 1238.0, 3303.0]	[8428.0, 938.0, 3303.0]
6609.043366666667	2.0	trials	1.0	2.0	60.0	biphasic	22.0	100.0	1.0	10.0	-50.0	2r_7b	2.0	7.0	bipolar		[8428.0, 1238.0, 3303.0]	[8428.0, 938.0, 3303.0]
6611.045366666666	2.0	trials	1.0	2.0	60.0	biphasic	22.0	100.0	1.0	10.0	-50.0	2r_7b	2.0	7.0	bipolar		[8428.0, 1238.0, 3303.0]	[8428.0, 938.0, 3303.0]
6613.047366666667	2.0	trials	1.0	2.0	60.0	biphasic	22.0	100.0	1.0	10.0	-50.0	2r_7b	2.0	7.0	bipolar		[8428.0, 1238.0, 3303.0]	[8428.0, 938.0, 3303.0]
6615.049366666667	2.0	trials	1.0	2.0	60.0	biphasic	22.0	100.0	1.0	10.0	-50.0	2r_7b	2.0	7.0	bipolar		[8428.0, 1238.0, 3303.0]	[8428.0, 938.0, 3303.0]
6617.051366666667	2.0	trials	1.0	2.0	60.0	biphasic	22.0	100.0	1.0	10.0	-50.0	2r_7b	2.0	7.0	bipolar		[8428.0, 1238.0, 3303.0]	[8428.0, 938.0, 3303.0]
6619.053366666667	2.0	trials	1.0	2.0	60.0	biphasic	22.0	100.0	1.0	10.0	-50.0	2r_7b	2.0	7.0	bipolar		[8428.0, 1238.0, 3303.0]	[8428.0, 938.0, 3303.0]
6621.054935608403	2.0	trials	1.0	2.0	60.0	biphasic	22.0	100.0	1.0	10.0	-50.0	2r_7b	2.0	7.0	bipolar		[8428.0, 1238.0, 3303.0]	[8428.0, 938.0, 3303.0]
6623.057366666667	2.0	trials	1.0	2.0	60.0	biphasic	22.0	100.0	1.0	10.0	-50.0	2r_7b	2.0	7.0	bipolar		[8428.0, 1238.0, 3303.0]	[8428.0, 938.0, 3303.0]
6625.059366666666	2.0	trials	1.0	2.0	60.0	biphasic	22.0	100.0	1.0	10.0	-50.0	2r_7b	2.0	7.0	bipolar		[8428.0, 1238.0, 3303.0]	[8428.0, 938.0, 3303.0]
6627.060935217387	2.0	trials	1.0	2.0	60.0	biphasic	22.0	100.0	1.0	10.0	-50.0	2r_7b	2.0	7.0	bipolar		[8428.0, 1238.0, 3303.0]	[8428.0, 938.0, 3303.0]
6629.063366666666	2.0	trials	1.0	2.0	60.0	biphasic	22.0	100.0	1.0	10.0	-50.0	2r_7b	2.0	7.0	bipolar		[8428.0, 1238.0, 3303.0]	[8428.0, 938.0, 3303.0]
6631.065333333333	2.0	trials	1.0	2.0	60.0	biphasic	22.0	100.0	1.0	10.0	-50.0	2r_7b	2.0	7.0	bipolar		[8428.0, 1238.0, 3303.0]	[8428.0, 938.0, 3303.0]
6633.06690149304	2.0	trials	1.0	2.0	60.0	biphasic	22.0	100.0	1.0	10.0	-50.0	2r_7b	2.0	7.0	bipolar		[8428.0, 1238.0, 3303.0]	[8428.0, 938.0, 3303.0]
6635.069333333333	2.0	trials	1.0	2.0	60.0	biphasic	22.0	100.0	1.0	10.0	-50.0	2r_7b	2.0	7.0	bipolar		[8428.0, 1238.0, 3303.0]	[8428.0, 938.0, 3303.0]
6637.071333333333	2.0	trials	1.0	2.0	60.0	biphasic	22.0	100.0	1.0	10.0	-50.0	2r_7b	2.0	7.0	bipolar		[8428.0, 1238.0, 3303.0]	[8428.0, 938.0, 3303.0]
6658.623766495849	2.0	trials	1.0	2.0	60.0	biphasic	23.0	100.0	1.0	10.0	-100.0	2r_7b	2.0	7.0	bipolar		[8428.0, 1238.0, 3303.0]	[8428.0, 938.0, 3303.0]
6660.6262	2.0	trials	1.0	2.0	60.0	biphasic	23.0	100.0	1.0	10.0	-100.0	2r_7b	2.0	7.0	bipolar		[8428.0, 1238.0, 3303.0]	[8428.0, 938.0, 3303.0]
6662.628166666666	2.0	trials	1.0	2.0	60.0	biphasic	23.0	100.0	1.0	10.0	-100.0	2r_7b	2.0	7.0	bipolar		[8428.0, 1238.0, 3303.0]	[8428.0, 938.0, 3303.0]
6664.629732771502	2.0	trials	1.0	2.0	60.0	biphasic	23.0	100.0	1.0	10.0	-100.0	2r_7b	2.0	7.0	bipolar		[8428.0, 1238.0, 3303.0]	[8428.0, 938.0, 3303.0]
6666.632166666666	2.0	trials	1.0	2.0	60.0	biphasic	23.0	100.0	1.0	10.0	-100.0	2r_7b	2.0	7.0	bipolar		[8428.0, 1238.0, 3303.0]	[8428.0, 938.0, 3303.0]
6668.634166666667	2.0	trials	1.0	2.0	60.0	biphasic	23.0	100.0	1.0	10.0	-100.0	2r_7b	2.0	7.0	bipolar		[8428.0, 1238.0, 3303.0]	[8428.0, 938.0, 3303.0]
6670.636166666666	2.0	trials	1.0	2.0	60.0	biphasic	23.0	100.0	1.0	10.0	-100.0	2r_7b	2.0	7.0	bipolar		[8428.0, 1238.0, 3303.0]	[8428.0, 938.0, 3303.0]
6672.638166666667	2.0	trials	1.0	2.0	60.0	biphasic	23.0	100.0	1.0	10.0	-100.0	2r_7b	2.0	7.0	bipolar		[8428.0, 1238.0, 3303.0]	[8428.0, 938.0, 3303.0]
6674.640166666667	2.0	trials	1.0	2.0	60.0	biphasic	23.0	100.0	1.0	10.0	-100.0	2r_7b	2.0	7.0	bipolar		[8428.0, 1238.0, 3303.0]	[8428.0, 938.0, 3303.0]
6676.6421666666665	2.0	trials	1.0	2.0	60.0	biphasic	23.0	100.0	1.0	10.0	-100.0	2r_7b	2.0	7.0	bipolar		[8428.0, 1238.0, 3303.0]	[8428.0, 938.0, 3303.0]
6678.644166666667	2.0	trials	1.0	2.0	60.0	biphasic	23.0	100.0	1.0	10.0	-100.0	2r_7b	2.0	7.0	bipolar		[8428.0, 1238.0, 3303.0]	[8428.0, 938.0, 3303.0]
6680.646166666666	2.0	trials	1.0	2.0	60.0	biphasic	23.0	100.0	1.0	10.0	-100.0	2r_7b	2.0	7.0	bipolar		[8428.0, 1238.0, 3303.0]	[8428.0, 938.0, 3303.0]
6682.648166666667	2.0	trials	1.0	2.0	60.0	biphasic	23.0	100.0	1.0	10.0	-100.0	2r_7b	2.0	7.0	bipolar		[8428.0, 1238.0, 3303.0]	[8428.0, 938.0, 3303.0]
6684.6501333333335	2.0	trials	1.0	2.0	60.0	biphasic	23.0	100.0	1.0	10.0	-100.0	2r_7b	2.0	7.0	bipolar		[8428.0, 1238.0, 3303.0]	[8428.0, 938.0, 3303.0]
6686.652133333333	2.0	trials	1.0	2.0	60.0	biphasic	23.0	100.0	1.0	10.0	-100.0	2r_7b	2.0	7.0	bipolar		[8428.0, 1238.0, 3303.0]	[8428.0, 938.0, 3303.0]
6688.654133333333	2.0	trials	1.0	2.0	60.0	biphasic	23.0	100.0	1.0	10.0	-100.0	2r_7b	2.0	7.0	bipolar		[8428.0, 1238.0, 3303.0]	[8428.0, 938.0, 3303.0]
6690.656133333333	2.0	trials	1.0	2.0	60.0	biphasic	23.0	100.0	1.0	10.0	-100.0	2r_7b	2.0	7.0	bipolar		[8428.0, 1238.0, 3303.0]	[8428.0, 938.0, 3303.0]
6692.658133333333	2.0	trials	1.0	2.0	60.0	biphasic	23.0	100.0	1.0	10.0	-100.0	2r_7b	2.0	7.0	bipolar		[8428.0, 1238.0, 3303.0]	[8428.0, 938.0, 3303.0]
6694.660133333334	2.0	trials	1.0	2.0	60.0	biphasic	23.0	100.0	1.0	10.0	-100.0	2r_7b	2.0	7.0	bipolar		[8428.0, 1238.0, 3303.0]	[8428.0, 938.0, 3303.0]
6696.662133333333	2.0	trials	1.0	2.0	60.0	biphasic	23.0	100.0	1.0	10.0	-100.0	2r_7b	2.0	7.0	bipolar		[8428.0, 1238.0, 3303.0]	[8428.0, 938.0, 3303.0]
6698.664133333334	2.0	trials	1.0	2.0	60.0	biphasic	23.0	100.0	1.0	10.0	-100.0	2r_7b	2.0	7.0	bipolar		[8428.0, 1238.0, 3303.0]	[8428.0, 938.0, 3303.0]
6700.666133333333	2.0	trials	1.0	2.0	60.0	biphasic	23.0	100.0	1.0	10.0	-100.0	2r_7b	2.0	7.0	bipolar		[8428.0, 1238.0, 3303.0]	[8428.0, 938.0, 3303.0]
6702.668133333334	2.0	trials	1.0	2.0	60.0	biphasic	23.0	100.0	1.0	10.0	-100.0	2r_7b	2.0	7.0	bipolar		[8428.0, 1238.0, 3303.0]	[8428.0, 938.0, 3303.0]
6704.6696968314	2.0	trials	1.0	2.0	60.0	biphasic	23.0	100.0	1.0	10.0	-100.0	2r_7b	2.0	7.0	bipolar		[8428.0, 1238.0, 3303.0]	[8428.0, 938.0, 3303.0]
6706.6721	2.0	trials	1.0	2.0	60.0	biphasic	23.0	100.0	1.0	10.0	-100.0	2r_7b	2.0	7.0	bipolar		[8428.0, 1238.0, 3303.0]	[8428.0, 938.0, 3303.0]
6708.6741	2.0	trials	1.0	2.0	60.0	biphasic	23.0	100.0	1.0	10.0	-100.0	2r_7b	2.0	7.0	bipolar		[8428.0, 1238.0, 3303.0]	[8428.0, 938.0, 3303.0]
6710.676536893004	2.0	trials	1.0	2.0	60.0	biphasic	23.0	100.0	1.0	10.0	-100.0	2r_7b	2.0	7.0	bipolar		[8428.0, 1238.0, 3303.0]	[8428.0, 938.0, 3303.0]
6712.6781	2.0	trials	1.0	2.0	60.0	biphasic	23.0	100.0	1.0	10.0	-100.0	2r_7b	2.0	7.0	bipolar		[8428.0, 1238.0, 3303.0]	[8428.0, 938.0, 3303.0]
6714.6801	2.0	trials	1.0	2.0	60.0	biphasic	23.0	100.0	1.0	10.0	-100.0	2r_7b	2.0	7.0	bipolar		[8428.0, 1238.0, 3303.0]	[8428.0, 938.0, 3303.0]
6716.682537284019	2.0	trials	1.0	2.0	60.0	biphasic	23.0	100.0	1.0	10.0	-100.0	2r_7b	2.0	7.0	bipolar		[8428.0, 1238.0, 3303.0]	[8428.0, 938.0, 3303.0]
6718.6841	2.0	trials	1.0	2.0	60.0	biphasic	23.0	100.0	1.0	10.0	-100.0	2r_7b	2.0	7.0	bipolar		[8428.0, 1238.0, 3303.0]	[8428.0, 938.0, 3303.0]
6720.6861	2.0	trials	1.0	2.0	60.0	biphasic	23.0	100.0	1.0	10.0	-100.0	2r_7b	2.0	7.0	bipolar		[8428.0, 1238.0, 3303.0]	[8428.0, 938.0, 3303.0]
6722.6881	2.0	trials	1.0	2.0	60.0	biphasic	23.0	100.0	1.0	10.0	-100.0	2r_7b	2.0	7.0	bipolar		[8428.0, 1238.0, 3303.0]	[8428.0, 938.0, 3303.0]
6724.6901	2.0	trials	1.0	2.0	60.0	biphasic	23.0	100.0	1.0	10.0	-100.0	2r_7b	2.0	7.0	bipolar		[8428.0, 1238.0, 3303.0]	[8428.0, 938.0, 3303.0]
6726.6920666666665	2.0	trials	1.0	2.0	60.0	biphasic	23.0	100.0	1.0	10.0	-100.0	2r_7b	2.0	7.0	bipolar		[8428.0, 1238.0, 3303.0]	[8428.0, 938.0, 3303.0]
6728.694066666667	2.0	trials	1.0	2.0	60.0	biphasic	23.0	100.0	1.0	10.0	-100.0	2r_7b	2.0	7.0	bipolar		[8428.0, 1238.0, 3303.0]	[8428.0, 938.0, 3303.0]
6730.696066666666	2.0	trials	1.0	2.0	60.0	biphasic	23.0	100.0	1.0	10.0	-100.0	2r_7b	2.0	7.0	bipolar		[8428.0, 1238.0, 3303.0]	[8428.0, 938.0, 3303.0]
6732.698066666667	2.0	trials	1.0	2.0	60.0	biphasic	23.0	100.0	1.0	10.0	-100.0	2r_7b	2.0	7.0	bipolar		[8428.0, 1238.0, 3303.0]	[8428.0, 938.0, 3303.0]
6734.700066666666	2.0	trials	1.0	2.0	60.0	biphasic	23.0	100.0	1.0	10.0	-100.0	2r_7b	2.0	7.0	bipolar		[8428.0, 1238.0, 3303.0]	[8428.0, 938.0, 3303.0]
6736.702066666667	2.0	trials	1.0	2.0	60.0	biphasic	23.0	100.0	1.0	10.0	-100.0	2r_7b	2.0	7.0	bipolar		[8428.0, 1238.0, 3303.0]	[8428.0, 938.0, 3303.0]
6738.704066666666	2.0	trials	1.0	2.0	60.0	biphasic	23.0	100.0	1.0	10.0	-100.0	2r_7b	2.0	7.0	bipolar		[8428.0, 1238.0, 3303.0]	[8428.0, 938.0, 3303.0]
6740.706066666667	2.0	trials	1.0	2.0	60.0	biphasic	23.0	100.0	1.0	10.0	-100.0	2r_7b	2.0	7.0	bipolar		[8428.0, 1238.0, 3303.0]	[8428.0, 938.0, 3303.0]
6742.708066666667	2.0	trials	1.0	2.0	60.0	biphasic	23.0	100.0	1.0	10.0	-100.0	2r_7b	2.0	7.0	bipolar		[8428.0, 1238.0, 3303.0]	[8428.0, 938.0, 3303.0]
6744.7100666666665	2.0	trials	1.0	2.0	60.0	biphasic	23.0	100.0	1.0	10.0	-100.0	2r_7b	2.0	7.0	bipolar		[8428.0, 1238.0, 3303.0]	[8428.0, 938.0, 3303.0]
6746.712066666667	2.0	trials	1.0	2.0	60.0	biphasic	23.0	100.0	1.0	10.0	-100.0	2r_7b	2.0	7.0	bipolar		[8428.0, 1238.0, 3303.0]	[8428.0, 938.0, 3303.0]
6748.714033333334	2.0	trials	1.0	2.0	60.0	biphasic	23.0	100.0	1.0	10.0	-100.0	2r_7b	2.0	7.0	bipolar		[8428.0, 1238.0, 3303.0]	[8428.0, 938.0, 3303.0]
6750.716033333333	2.0	trials	1.0	2.0	60.0	biphasic	23.0	100.0	1.0	10.0	-100.0	2r_7b	2.0	7.0	bipolar		[8428.0, 1238.0, 3303.0]	[8428.0, 938.0, 3303.0]
6752.718033333334	2.0	trials	1.0	2.0	60.0	biphasic	23.0	100.0	1.0	10.0	-100.0	2r_7b	2.0	7.0	bipolar		[8428.0, 1238.0, 3303.0]	[8428.0, 938.0, 3303.0]
6754.720033333333	2.0	trials	1.0	2.0	60.0	biphasic	23.0	100.0	1.0	10.0	-100.0	2r_7b	2.0	7.0	bipolar		[8428.0, 1238.0, 3303.0]	[8428.0, 938.0, 3303.0]
6756.722473224119	2.0	trials	1.0	2.0	60.0	biphasic	23.0	100.0	1.0	10.0	-100.0	2r_7b	2.0	7.0	bipolar		[8428.0, 1238.0, 3303.0]	[8428.0, 938.0, 3303.0]
6758.724033333333	2.0	trials	1.0	2.0	60.0	biphasic	23.0	100.0	1.0	10.0	-100.0	2r_7b	2.0	7.0	bipolar		[8428.0, 1238.0, 3303.0]	[8428.0, 938.0, 3303.0]
6760.726033333333	2.0	trials	1.0	2.0	60.0	biphasic	23.0	100.0	1.0	10.0	-100.0	2r_7b	2.0	7.0	bipolar		[8428.0, 1238.0, 3303.0]	[8428.0, 938.0, 3303.0]
6762.728473615135	2.0	trials	1.0	2.0	60.0	biphasic	23.0	100.0	1.0	10.0	-100.0	2r_7b	2.0	7.0	bipolar		[8428.0, 1238.0, 3303.0]	[8428.0, 938.0, 3303.0]
6764.730033333333	2.0	trials	1.0	2.0	60.0	biphasic	23.0	100.0	1.0	10.0	-100.0	2r_7b	2.0	7.0	bipolar		[8428.0, 1238.0, 3303.0]	[8428.0, 938.0, 3303.0]
6766.732033333334	2.0	trials	1.0	2.0	60.0	biphasic	23.0	100.0	1.0	10.0	-100.0	2r_7b	2.0	7.0	bipolar		[8428.0, 1238.0, 3303.0]	[8428.0, 938.0, 3303.0]
6768.734033333333	2.0	trials	1.0	2.0	60.0	biphasic	23.0	100.0	1.0	10.0	-100.0	2r_7b	2.0	7.0	bipolar		[8428.0, 1238.0, 3303.0]	[8428.0, 938.0, 3303.0]
6770.736	2.0	trials	1.0	2.0	60.0	biphasic	23.0	100.0	1.0	10.0	-100.0	2r_7b	2.0	7.0	bipolar		[8428.0, 1238.0, 3303.0]	[8428.0, 938.0, 3303.0]
6772.738	2.0	trials	1.0	2.0	60.0	biphasic	23.0	100.0	1.0	10.0	-100.0	2r_7b	2.0	7.0	bipolar		[8428.0, 1238.0, 3303.0]	[8428.0, 938.0, 3303.0]
6774.74	2.0	trials	1.0	2.0	60.0	biphasic	23.0	100.0	1.0	10.0	-100.0	2r_7b	2.0	7.0	bipolar		[8428.0, 1238.0, 3303.0]	[8428.0, 938.0, 3303.0]
6776.742	2.0	trials	1.0	2.0	60.0	biphasic	23.0	100.0	1.0	10.0	-100.0	2r_7b	2.0	7.0	bipolar		[8428.0, 1238.0, 3303.0]	[8428.0, 938.0, 3303.0]
