onset	duration	nwb_table	train_duration	train_period	train_quantity	waveform_shape	run	pulse_duration	pulse_number	event_period	amplitude	contacts	contact_negative	contact_positive	polarity	notes	contact_negative_coord	contact_positive_coord
2569.429833333333	4905.701999999999	epochs																
2569.429833333333	2.0	trials	1.0	2.0	75.0	biphasic	0.0	100.0	1.0	10.0	-5.0	3r_14b	3.0	14.0	bipolar		[7840, 1470, 3406]	[7840, 1420, 3404]
2571.4320007442707	2.0	trials	1.0	2.0	75.0	biphasic	0.0	100.0	1.0	10.0	-5.0	3r_14b	3.0	14.0	bipolar		[7840, 1470, 3406]	[7840, 1420, 3404]
2573.433833333333	2.0	trials	1.0	2.0	75.0	biphasic	0.0	100.0	1.0	10.0	-5.0	3r_14b	3.0	14.0	bipolar		[7840, 1470, 3406]	[7840, 1420, 3404]
2575.435833333333	2.0	trials	1.0	2.0	75.0	biphasic	0.0	100.0	1.0	10.0	-5.0	3r_14b	3.0	14.0	bipolar		[7840, 1470, 3406]	[7840, 1420, 3404]
2577.4380011352864	2.0	trials	1.0	2.0	75.0	biphasic	0.0	100.0	1.0	10.0	-5.0	3r_14b	3.0	14.0	bipolar		[7840, 1470, 3406]	[7840, 1420, 3404]
2579.4396320677324	2.0	trials	1.0	2.0	75.0	biphasic	0.0	100.0	1.0	10.0	-5.0	3r_14b	3.0	14.0	bipolar		[7840, 1470, 3406]	[7840, 1420, 3404]
2581.4418	2.0	trials	1.0	2.0	75.0	biphasic	0.0	100.0	1.0	10.0	-5.0	3r_14b	3.0	14.0	bipolar		[7840, 1470, 3406]	[7840, 1420, 3404]
2583.4438	2.0	trials	1.0	2.0	75.0	biphasic	0.0	100.0	1.0	10.0	-5.0	3r_14b	3.0	14.0	bipolar		[7840, 1470, 3406]	[7840, 1420, 3404]
2585.445631676717	2.0	trials	1.0	2.0	75.0	biphasic	0.0	100.0	1.0	10.0	-5.0	3r_14b	3.0	14.0	bipolar		[7840, 1470, 3406]	[7840, 1420, 3404]
2587.4478	2.0	trials	1.0	2.0	75.0	biphasic	0.0	100.0	1.0	10.0	-5.0	3r_14b	3.0	14.0	bipolar		[7840, 1470, 3406]	[7840, 1420, 3404]
2589.4498	2.0	trials	1.0	2.0	75.0	biphasic	0.0	100.0	1.0	10.0	-5.0	3r_14b	3.0	14.0	bipolar		[7840, 1470, 3406]	[7840, 1420, 3404]
2591.451968714321	2.0	trials	1.0	2.0	75.0	biphasic	0.0	100.0	1.0	10.0	-5.0	3r_14b	3.0	14.0	bipolar		[7840, 1470, 3406]	[7840, 1420, 3404]
2593.4538	2.0	trials	1.0	2.0	75.0	biphasic	0.0	100.0	1.0	10.0	-5.0	3r_14b	3.0	14.0	bipolar		[7840, 1470, 3406]	[7840, 1420, 3404]
2595.4558	2.0	trials	1.0	2.0	75.0	biphasic	0.0	100.0	1.0	10.0	-5.0	3r_14b	3.0	14.0	bipolar		[7840, 1470, 3406]	[7840, 1420, 3404]
2597.4579691053364	2.0	trials	1.0	2.0	75.0	biphasic	0.0	100.0	1.0	10.0	-5.0	3r_14b	3.0	14.0	bipolar		[7840, 1470, 3406]	[7840, 1420, 3404]
2599.4598	2.0	trials	1.0	2.0	75.0	biphasic	0.0	100.0	1.0	10.0	-5.0	3r_14b	3.0	14.0	bipolar		[7840, 1470, 3406]	[7840, 1420, 3404]
2601.4618	2.0	trials	1.0	2.0	75.0	biphasic	0.0	100.0	1.0	10.0	-5.0	3r_14b	3.0	14.0	bipolar		[7840, 1470, 3406]	[7840, 1420, 3404]
2603.4638	2.0	trials	1.0	2.0	75.0	biphasic	0.0	100.0	1.0	10.0	-5.0	3r_14b	3.0	14.0	bipolar		[7840, 1470, 3406]	[7840, 1420, 3404]
2605.4655970400004	2.0	trials	1.0	2.0	75.0	biphasic	0.0	100.0	1.0	10.0	-5.0	3r_14b	3.0	14.0	bipolar		[7840, 1470, 3406]	[7840, 1420, 3404]
2607.467766666666	2.0	trials	1.0	2.0	75.0	biphasic	0.0	100.0	1.0	10.0	-5.0	3r_14b	3.0	14.0	bipolar		[7840, 1470, 3406]	[7840, 1420, 3404]
2609.4697666666666	2.0	trials	1.0	2.0	75.0	biphasic	0.0	100.0	1.0	10.0	-5.0	3r_14b	3.0	14.0	bipolar		[7840, 1470, 3406]	[7840, 1420, 3404]
2611.471596648985	2.0	trials	1.0	2.0	75.0	biphasic	0.0	100.0	1.0	10.0	-5.0	3r_14b	3.0	14.0	bipolar		[7840, 1470, 3406]	[7840, 1420, 3404]
2613.4737666666665	2.0	trials	1.0	2.0	75.0	biphasic	0.0	100.0	1.0	10.0	-5.0	3r_14b	3.0	14.0	bipolar		[7840, 1470, 3406]	[7840, 1420, 3404]
2615.4757666666665	2.0	trials	1.0	2.0	75.0	biphasic	0.0	100.0	1.0	10.0	-5.0	3r_14b	3.0	14.0	bipolar		[7840, 1470, 3406]	[7840, 1420, 3404]
2617.4779370753863	2.0	trials	1.0	2.0	75.0	biphasic	0.0	100.0	1.0	10.0	-5.0	3r_14b	3.0	14.0	bipolar		[7840, 1470, 3406]	[7840, 1420, 3404]
2619.479766666667	2.0	trials	1.0	2.0	75.0	biphasic	0.0	100.0	1.0	10.0	-5.0	3r_14b	3.0	14.0	bipolar		[7840, 1470, 3406]	[7840, 1420, 3404]
2621.4817666666668	2.0	trials	1.0	2.0	75.0	biphasic	0.0	100.0	1.0	10.0	-5.0	3r_14b	3.0	14.0	bipolar		[7840, 1470, 3406]	[7840, 1420, 3404]
2623.483937466402	2.0	trials	1.0	2.0	75.0	biphasic	0.0	100.0	1.0	10.0	-5.0	3r_14b	3.0	14.0	bipolar		[7840, 1470, 3406]	[7840, 1420, 3404]
2625.4857666666667	2.0	trials	1.0	2.0	75.0	biphasic	0.0	100.0	1.0	10.0	-5.0	3r_14b	3.0	14.0	bipolar		[7840, 1470, 3406]	[7840, 1420, 3404]
2627.487766666666	2.0	trials	1.0	2.0	75.0	biphasic	0.0	100.0	1.0	10.0	-5.0	3r_14b	3.0	14.0	bipolar		[7840, 1470, 3406]	[7840, 1420, 3404]
2629.4897666666666	2.0	trials	1.0	2.0	75.0	biphasic	0.0	100.0	1.0	10.0	-5.0	3r_14b	3.0	14.0	bipolar		[7840, 1470, 3406]	[7840, 1420, 3404]
2631.491562012268	2.0	trials	1.0	2.0	75.0	biphasic	0.0	100.0	1.0	10.0	-5.0	3r_14b	3.0	14.0	bipolar		[7840, 1470, 3406]	[7840, 1420, 3404]
2633.493733333333	2.0	trials	1.0	2.0	75.0	biphasic	0.0	100.0	1.0	10.0	-5.0	3r_14b	3.0	14.0	bipolar		[7840, 1470, 3406]	[7840, 1420, 3404]
2635.495733333333	2.0	trials	1.0	2.0	75.0	biphasic	0.0	100.0	1.0	10.0	-5.0	3r_14b	3.0	14.0	bipolar		[7840, 1470, 3406]	[7840, 1420, 3404]
2637.4975616212523	2.0	trials	1.0	2.0	75.0	biphasic	0.0	100.0	1.0	10.0	-5.0	3r_14b	3.0	14.0	bipolar		[7840, 1470, 3406]	[7840, 1420, 3404]
2639.4997333333336	2.0	trials	1.0	2.0	75.0	biphasic	0.0	100.0	1.0	10.0	-5.0	3r_14b	3.0	14.0	bipolar		[7840, 1470, 3406]	[7840, 1420, 3404]
2641.501733333333	2.0	trials	1.0	2.0	75.0	biphasic	0.0	100.0	1.0	10.0	-5.0	3r_14b	3.0	14.0	bipolar		[7840, 1470, 3406]	[7840, 1420, 3404]
2643.503905436452	2.0	trials	1.0	2.0	75.0	biphasic	0.0	100.0	1.0	10.0	-5.0	3r_14b	3.0	14.0	bipolar		[7840, 1470, 3406]	[7840, 1420, 3404]
2645.5057333333334	2.0	trials	1.0	2.0	75.0	biphasic	0.0	100.0	1.0	10.0	-5.0	3r_14b	3.0	14.0	bipolar		[7840, 1470, 3406]	[7840, 1420, 3404]
2647.5077333333334	2.0	trials	1.0	2.0	75.0	biphasic	0.0	100.0	1.0	10.0	-5.0	3r_14b	3.0	14.0	bipolar		[7840, 1470, 3406]	[7840, 1420, 3404]
2649.509905827468	2.0	trials	1.0	2.0	75.0	biphasic	0.0	100.0	1.0	10.0	-5.0	3r_14b	3.0	14.0	bipolar		[7840, 1470, 3406]	[7840, 1420, 3404]
2651.511560708883	2.0	trials	1.0	2.0	75.0	biphasic	0.0	100.0	1.0	10.0	-5.0	3r_14b	3.0	14.0	bipolar		[7840, 1470, 3406]	[7840, 1420, 3404]
2653.513733333333	2.0	trials	1.0	2.0	75.0	biphasic	0.0	100.0	1.0	10.0	-5.0	3r_14b	3.0	14.0	bipolar		[7840, 1470, 3406]	[7840, 1420, 3404]
2655.515733333333	2.0	trials	1.0	2.0	75.0	biphasic	0.0	100.0	1.0	10.0	-5.0	3r_14b	3.0	14.0	bipolar		[7840, 1470, 3406]	[7840, 1420, 3404]
2657.517526984536	2.0	trials	1.0	2.0	75.0	biphasic	0.0	100.0	1.0	10.0	-5.0	3r_14b	3.0	14.0	bipolar		[7840, 1470, 3406]	[7840, 1420, 3404]
2659.5197	2.0	trials	1.0	2.0	75.0	biphasic	0.0	100.0	1.0	10.0	-5.0	3r_14b	3.0	14.0	bipolar		[7840, 1470, 3406]	[7840, 1420, 3404]
2661.5217	2.0	trials	1.0	2.0	75.0	biphasic	0.0	100.0	1.0	10.0	-5.0	3r_14b	3.0	14.0	bipolar		[7840, 1470, 3406]	[7840, 1420, 3404]
2663.5238734065024	2.0	trials	1.0	2.0	75.0	biphasic	0.0	100.0	1.0	10.0	-5.0	3r_14b	3.0	14.0	bipolar		[7840, 1470, 3406]	[7840, 1420, 3404]
2665.5257	2.0	trials	1.0	2.0	75.0	biphasic	0.0	100.0	1.0	10.0	-5.0	3r_14b	3.0	14.0	bipolar		[7840, 1470, 3406]	[7840, 1420, 3404]
2667.5277	2.0	trials	1.0	2.0	75.0	biphasic	0.0	100.0	1.0	10.0	-5.0	3r_14b	3.0	14.0	bipolar		[7840, 1470, 3406]	[7840, 1420, 3404]
2669.5298737975177	2.0	trials	1.0	2.0	75.0	biphasic	0.0	100.0	1.0	10.0	-5.0	3r_14b	3.0	14.0	bipolar		[7840, 1470, 3406]	[7840, 1420, 3404]
2671.5317	2.0	trials	1.0	2.0	75.0	biphasic	0.0	100.0	1.0	10.0	-5.0	3r_14b	3.0	14.0	bipolar		[7840, 1470, 3406]	[7840, 1420, 3404]
2673.5337	2.0	trials	1.0	2.0	75.0	biphasic	0.0	100.0	1.0	10.0	-5.0	3r_14b	3.0	14.0	bipolar		[7840, 1470, 3406]	[7840, 1420, 3404]
2675.5357	2.0	trials	1.0	2.0	75.0	biphasic	0.0	100.0	1.0	10.0	-5.0	3r_14b	3.0	14.0	bipolar		[7840, 1470, 3406]	[7840, 1420, 3404]
2677.537525681151	2.0	trials	1.0	2.0	75.0	biphasic	0.0	100.0	1.0	10.0	-5.0	3r_14b	3.0	14.0	bipolar		[7840, 1470, 3406]	[7840, 1420, 3404]
2679.5397	2.0	trials	1.0	2.0	75.0	biphasic	0.0	100.0	1.0	10.0	-5.0	3r_14b	3.0	14.0	bipolar		[7840, 1470, 3406]	[7840, 1420, 3404]
2681.5417	2.0	trials	1.0	2.0	75.0	biphasic	0.0	100.0	1.0	10.0	-5.0	3r_14b	3.0	14.0	bipolar		[7840, 1470, 3406]	[7840, 1420, 3404]
2683.543491956804	2.0	trials	1.0	2.0	75.0	biphasic	0.0	100.0	1.0	10.0	-5.0	3r_14b	3.0	14.0	bipolar		[7840, 1470, 3406]	[7840, 1420, 3404]
2685.545666666667	2.0	trials	1.0	2.0	75.0	biphasic	0.0	100.0	1.0	10.0	-5.0	3r_14b	3.0	14.0	bipolar		[7840, 1470, 3406]	[7840, 1420, 3404]
2687.547666666667	2.0	trials	1.0	2.0	75.0	biphasic	0.0	100.0	1.0	10.0	-5.0	3r_14b	3.0	14.0	bipolar		[7840, 1470, 3406]	[7840, 1420, 3404]
2689.549841767568	2.0	trials	1.0	2.0	75.0	biphasic	0.0	100.0	1.0	10.0	-5.0	3r_14b	3.0	14.0	bipolar		[7840, 1470, 3406]	[7840, 1420, 3404]
2691.5516666666667	2.0	trials	1.0	2.0	75.0	biphasic	0.0	100.0	1.0	10.0	-5.0	3r_14b	3.0	14.0	bipolar		[7840, 1470, 3406]	[7840, 1420, 3404]
2693.5536666666667	2.0	trials	1.0	2.0	75.0	biphasic	0.0	100.0	1.0	10.0	-5.0	3r_14b	3.0	14.0	bipolar		[7840, 1470, 3406]	[7840, 1420, 3404]
2695.555666666666	2.0	trials	1.0	2.0	75.0	biphasic	0.0	100.0	1.0	10.0	-5.0	3r_14b	3.0	14.0	bipolar		[7840, 1470, 3406]	[7840, 1420, 3404]
2697.5576666666666	2.0	trials	1.0	2.0	75.0	biphasic	0.0	100.0	1.0	10.0	-5.0	3r_14b	3.0	14.0	bipolar		[7840, 1470, 3406]	[7840, 1420, 3404]
2699.5596666666665	2.0	trials	1.0	2.0	75.0	biphasic	0.0	100.0	1.0	10.0	-5.0	3r_14b	3.0	14.0	bipolar		[7840, 1470, 3406]	[7840, 1420, 3404]
2701.5616666666665	2.0	trials	1.0	2.0	75.0	biphasic	0.0	100.0	1.0	10.0	-5.0	3r_14b	3.0	14.0	bipolar		[7840, 1470, 3406]	[7840, 1420, 3404]
2703.5634906534187	2.0	trials	1.0	2.0	75.0	biphasic	0.0	100.0	1.0	10.0	-5.0	3r_14b	3.0	14.0	bipolar		[7840, 1470, 3406]	[7840, 1420, 3404]
2705.565666666667	2.0	trials	1.0	2.0	75.0	biphasic	0.0	100.0	1.0	10.0	-5.0	3r_14b	3.0	14.0	bipolar		[7840, 1470, 3406]	[7840, 1420, 3404]
2707.567666666667	2.0	trials	1.0	2.0	75.0	biphasic	0.0	100.0	1.0	10.0	-5.0	3r_14b	3.0	14.0	bipolar		[7840, 1470, 3406]	[7840, 1420, 3404]
2709.569456929072	2.0	trials	1.0	2.0	75.0	biphasic	0.0	100.0	1.0	10.0	-5.0	3r_14b	3.0	14.0	bipolar		[7840, 1470, 3406]	[7840, 1420, 3404]
2711.571633333333	2.0	trials	1.0	2.0	75.0	biphasic	0.0	100.0	1.0	10.0	-5.0	3r_14b	3.0	14.0	bipolar		[7840, 1470, 3406]	[7840, 1420, 3404]
2713.5736333333334	2.0	trials	1.0	2.0	75.0	biphasic	0.0	100.0	1.0	10.0	-5.0	3r_14b	3.0	14.0	bipolar		[7840, 1470, 3406]	[7840, 1420, 3404]
2715.5758101286333	2.0	trials	1.0	2.0	75.0	biphasic	0.0	100.0	1.0	10.0	-5.0	3r_14b	3.0	14.0	bipolar		[7840, 1470, 3406]	[7840, 1420, 3404]
2717.5776333333333	2.0	trials	1.0	2.0	75.0	biphasic	0.0	100.0	1.0	10.0	-5.0	3r_14b	3.0	14.0	bipolar		[7840, 1470, 3406]	[7840, 1420, 3404]
2746.1063	2.0	trials	1.0	2.0	75.0	biphasic	1.0	100.0	1.0	10.0	5.0	3r_14b	3.0	14.0	bipolar		[7840, 1470, 3406]	[7840, 1420, 3404]
2748.1083	2.0	trials	1.0	2.0	75.0	biphasic	1.0	100.0	1.0	10.0	5.0	3r_14b	3.0	14.0	bipolar		[7840, 1470, 3406]	[7840, 1420, 3404]
2750.110479043651	2.0	trials	1.0	2.0	75.0	biphasic	1.0	100.0	1.0	10.0	5.0	3r_14b	3.0	14.0	bipolar		[7840, 1470, 3406]	[7840, 1420, 3404]
2752.1122666666665	2.0	trials	1.0	2.0	75.0	biphasic	1.0	100.0	1.0	10.0	5.0	3r_14b	3.0	14.0	bipolar		[7840, 1470, 3406]	[7840, 1420, 3404]
2754.1142666666665	2.0	trials	1.0	2.0	75.0	biphasic	1.0	100.0	1.0	10.0	5.0	3r_14b	3.0	14.0	bipolar		[7840, 1470, 3406]	[7840, 1420, 3404]
2756.116446101332	2.0	trials	1.0	2.0	75.0	biphasic	1.0	100.0	1.0	10.0	5.0	3r_14b	3.0	14.0	bipolar		[7840, 1470, 3406]	[7840, 1420, 3404]
2758.118266666667	2.0	trials	1.0	2.0	75.0	biphasic	1.0	100.0	1.0	10.0	5.0	3r_14b	3.0	14.0	bipolar		[7840, 1470, 3406]	[7840, 1420, 3404]
2760.120266666667	2.0	trials	1.0	2.0	75.0	biphasic	1.0	100.0	1.0	10.0	5.0	3r_14b	3.0	14.0	bipolar		[7840, 1470, 3406]	[7840, 1420, 3404]
2762.1222666666667	2.0	trials	1.0	2.0	75.0	biphasic	1.0	100.0	1.0	10.0	5.0	3r_14b	3.0	14.0	bipolar		[7840, 1470, 3406]	[7840, 1420, 3404]
2764.1240867106712	2.0	trials	1.0	2.0	75.0	biphasic	1.0	100.0	1.0	10.0	5.0	3r_14b	3.0	14.0	bipolar		[7840, 1470, 3406]	[7840, 1420, 3404]
2766.1262666666667	2.0	trials	1.0	2.0	75.0	biphasic	1.0	100.0	1.0	10.0	5.0	3r_14b	3.0	14.0	bipolar		[7840, 1470, 3406]	[7840, 1420, 3404]
2768.1282666666666	2.0	trials	1.0	2.0	75.0	biphasic	1.0	100.0	1.0	10.0	5.0	3r_14b	3.0	14.0	bipolar		[7840, 1470, 3406]	[7840, 1420, 3404]
2770.130447013701	2.0	trials	1.0	2.0	75.0	biphasic	1.0	100.0	1.0	10.0	5.0	3r_14b	3.0	14.0	bipolar		[7840, 1470, 3406]	[7840, 1420, 3404]
2772.1322666666665	2.0	trials	1.0	2.0	75.0	biphasic	1.0	100.0	1.0	10.0	5.0	3r_14b	3.0	14.0	bipolar		[7840, 1470, 3406]	[7840, 1420, 3404]
2774.1342666666665	2.0	trials	1.0	2.0	75.0	biphasic	1.0	100.0	1.0	10.0	5.0	3r_14b	3.0	14.0	bipolar		[7840, 1470, 3406]	[7840, 1420, 3404]
2776.136266666667	2.0	trials	1.0	2.0	75.0	biphasic	1.0	100.0	1.0	10.0	5.0	3r_14b	3.0	14.0	bipolar		[7840, 1470, 3406]	[7840, 1420, 3404]
2778.138233333333	2.0	trials	1.0	2.0	75.0	biphasic	1.0	100.0	1.0	10.0	5.0	3r_14b	3.0	14.0	bipolar		[7840, 1470, 3406]	[7840, 1420, 3404]
2780.140233333333	2.0	trials	1.0	2.0	75.0	biphasic	1.0	100.0	1.0	10.0	5.0	3r_14b	3.0	14.0	bipolar		[7840, 1470, 3406]	[7840, 1420, 3404]
2782.142233333333	2.0	trials	1.0	2.0	75.0	biphasic	1.0	100.0	1.0	10.0	5.0	3r_14b	3.0	14.0	bipolar		[7840, 1470, 3406]	[7840, 1420, 3404]
2784.1440520739548	2.0	trials	1.0	2.0	75.0	biphasic	1.0	100.0	1.0	10.0	5.0	3r_14b	3.0	14.0	bipolar		[7840, 1470, 3406]	[7840, 1420, 3404]
2786.1462333333334	2.0	trials	1.0	2.0	75.0	biphasic	1.0	100.0	1.0	10.0	5.0	3r_14b	3.0	14.0	bipolar		[7840, 1470, 3406]	[7840, 1420, 3404]
2788.1482333333333	2.0	trials	1.0	2.0	75.0	biphasic	1.0	100.0	1.0	10.0	5.0	3r_14b	3.0	14.0	bipolar		[7840, 1470, 3406]	[7840, 1420, 3404]
2790.150051682939	2.0	trials	1.0	2.0	75.0	biphasic	1.0	100.0	1.0	10.0	5.0	3r_14b	3.0	14.0	bipolar		[7840, 1470, 3406]	[7840, 1420, 3404]
2792.152233333333	2.0	trials	1.0	2.0	75.0	biphasic	1.0	100.0	1.0	10.0	5.0	3r_14b	3.0	14.0	bipolar		[7840, 1470, 3406]	[7840, 1420, 3404]
2794.154233333333	2.0	trials	1.0	2.0	75.0	biphasic	1.0	100.0	1.0	10.0	5.0	3r_14b	3.0	14.0	bipolar		[7840, 1470, 3406]	[7840, 1420, 3404]
2796.1564153747668	2.0	trials	1.0	2.0	75.0	biphasic	1.0	100.0	1.0	10.0	5.0	3r_14b	3.0	14.0	bipolar		[7840, 1470, 3406]	[7840, 1420, 3404]
2798.1582333333336	2.0	trials	1.0	2.0	75.0	biphasic	1.0	100.0	1.0	10.0	5.0	3r_14b	3.0	14.0	bipolar		[7840, 1470, 3406]	[7840, 1420, 3404]
2800.160233333333	2.0	trials	1.0	2.0	75.0	biphasic	1.0	100.0	1.0	10.0	5.0	3r_14b	3.0	14.0	bipolar		[7840, 1470, 3406]	[7840, 1420, 3404]
2802.162233333333	2.0	trials	1.0	2.0	75.0	biphasic	1.0	100.0	1.0	10.0	5.0	3r_14b	3.0	14.0	bipolar		[7840, 1470, 3406]	[7840, 1420, 3404]
2804.1642	2.0	trials	1.0	2.0	75.0	biphasic	1.0	100.0	1.0	10.0	5.0	3r_14b	3.0	14.0	bipolar		[7840, 1470, 3406]	[7840, 1420, 3404]
2806.1662	2.0	trials	1.0	2.0	75.0	biphasic	1.0	100.0	1.0	10.0	5.0	3r_14b	3.0	14.0	bipolar		[7840, 1470, 3406]	[7840, 1420, 3404]
2808.1682	2.0	trials	1.0	2.0	75.0	biphasic	1.0	100.0	1.0	10.0	5.0	3r_14b	3.0	14.0	bipolar		[7840, 1470, 3406]	[7840, 1420, 3404]
2810.1700170462227	2.0	trials	1.0	2.0	75.0	biphasic	1.0	100.0	1.0	10.0	5.0	3r_14b	3.0	14.0	bipolar		[7840, 1470, 3406]	[7840, 1420, 3404]
2812.1722	2.0	trials	1.0	2.0	75.0	biphasic	1.0	100.0	1.0	10.0	5.0	3r_14b	3.0	14.0	bipolar		[7840, 1470, 3406]	[7840, 1420, 3404]
2814.1742	2.0	trials	1.0	2.0	75.0	biphasic	1.0	100.0	1.0	10.0	5.0	3r_14b	3.0	14.0	bipolar		[7840, 1470, 3406]	[7840, 1420, 3404]
2816.176016655207	2.0	trials	1.0	2.0	75.0	biphasic	1.0	100.0	1.0	10.0	5.0	3r_14b	3.0	14.0	bipolar		[7840, 1470, 3406]	[7840, 1420, 3404]
2818.1782	2.0	trials	1.0	2.0	75.0	biphasic	1.0	100.0	1.0	10.0	5.0	3r_14b	3.0	14.0	bipolar		[7840, 1470, 3406]	[7840, 1420, 3404]
2820.1802	2.0	trials	1.0	2.0	75.0	biphasic	1.0	100.0	1.0	10.0	5.0	3r_14b	3.0	14.0	bipolar		[7840, 1470, 3406]	[7840, 1420, 3404]
2822.1823837358324	2.0	trials	1.0	2.0	75.0	biphasic	1.0	100.0	1.0	10.0	5.0	3r_14b	3.0	14.0	bipolar		[7840, 1470, 3406]	[7840, 1420, 3404]
2824.1842	2.0	trials	1.0	2.0	75.0	biphasic	1.0	100.0	1.0	10.0	5.0	3r_14b	3.0	14.0	bipolar		[7840, 1470, 3406]	[7840, 1420, 3404]
2826.1862	2.0	trials	1.0	2.0	75.0	biphasic	1.0	100.0	1.0	10.0	5.0	3r_14b	3.0	14.0	bipolar		[7840, 1470, 3406]	[7840, 1420, 3404]
2828.1882	2.0	trials	1.0	2.0	75.0	biphasic	1.0	100.0	1.0	10.0	5.0	3r_14b	3.0	14.0	bipolar		[7840, 1470, 3406]	[7840, 1420, 3404]
2830.1902	2.0	trials	1.0	2.0	75.0	biphasic	1.0	100.0	1.0	10.0	5.0	3r_14b	3.0	14.0	bipolar		[7840, 1470, 3406]	[7840, 1420, 3404]
2832.1921666666667	2.0	trials	1.0	2.0	75.0	biphasic	1.0	100.0	1.0	10.0	5.0	3r_14b	3.0	14.0	bipolar		[7840, 1470, 3406]	[7840, 1420, 3404]
2834.1941666666667	2.0	trials	1.0	2.0	75.0	biphasic	1.0	100.0	1.0	10.0	5.0	3r_14b	3.0	14.0	bipolar		[7840, 1470, 3406]	[7840, 1420, 3404]
2836.1959820184907	2.0	trials	1.0	2.0	75.0	biphasic	1.0	100.0	1.0	10.0	5.0	3r_14b	3.0	14.0	bipolar		[7840, 1470, 3406]	[7840, 1420, 3404]
2838.1981666666666	2.0	trials	1.0	2.0	75.0	biphasic	1.0	100.0	1.0	10.0	5.0	3r_14b	3.0	14.0	bipolar		[7840, 1470, 3406]	[7840, 1420, 3404]
2840.2001666666665	2.0	trials	1.0	2.0	75.0	biphasic	1.0	100.0	1.0	10.0	5.0	3r_14b	3.0	14.0	bipolar		[7840, 1470, 3406]	[7840, 1420, 3404]
2842.2023517058824	2.0	trials	1.0	2.0	75.0	biphasic	1.0	100.0	1.0	10.0	5.0	3r_14b	3.0	14.0	bipolar		[7840, 1470, 3406]	[7840, 1420, 3404]
2844.204166666667	2.0	trials	1.0	2.0	75.0	biphasic	1.0	100.0	1.0	10.0	5.0	3r_14b	3.0	14.0	bipolar		[7840, 1470, 3406]	[7840, 1420, 3404]
2846.206166666667	2.0	trials	1.0	2.0	75.0	biphasic	1.0	100.0	1.0	10.0	5.0	3r_14b	3.0	14.0	bipolar		[7840, 1470, 3406]	[7840, 1420, 3404]
2848.208166666667	2.0	trials	1.0	2.0	75.0	biphasic	1.0	100.0	1.0	10.0	5.0	3r_14b	3.0	14.0	bipolar		[7840, 1470, 3406]	[7840, 1420, 3404]
2850.2101666666667	2.0	trials	1.0	2.0	75.0	biphasic	1.0	100.0	1.0	10.0	5.0	3r_14b	3.0	14.0	bipolar		[7840, 1470, 3406]	[7840, 1420, 3404]
2852.2121666666667	2.0	trials	1.0	2.0	75.0	biphasic	1.0	100.0	1.0	10.0	5.0	3r_14b	3.0	14.0	bipolar		[7840, 1470, 3406]	[7840, 1420, 3404]
2854.214166666666	2.0	trials	1.0	2.0	75.0	biphasic	1.0	100.0	1.0	10.0	5.0	3r_14b	3.0	14.0	bipolar		[7840, 1470, 3406]	[7840, 1420, 3404]
2856.2159807151056	2.0	trials	1.0	2.0	75.0	biphasic	1.0	100.0	1.0	10.0	5.0	3r_14b	3.0	14.0	bipolar		[7840, 1470, 3406]	[7840, 1420, 3404]
2858.2181333333333	2.0	trials	1.0	2.0	75.0	biphasic	1.0	100.0	1.0	10.0	5.0	3r_14b	3.0	14.0	bipolar		[7840, 1470, 3406]	[7840, 1420, 3404]
2860.2201333333333	2.0	trials	1.0	2.0	75.0	biphasic	1.0	100.0	1.0	10.0	5.0	3r_14b	3.0	14.0	bipolar		[7840, 1470, 3406]	[7840, 1420, 3404]
2862.2223196759323	2.0	trials	1.0	2.0	75.0	biphasic	1.0	100.0	1.0	10.0	5.0	3r_14b	3.0	14.0	bipolar		[7840, 1470, 3406]	[7840, 1420, 3404]
2864.224133333333	2.0	trials	1.0	2.0	75.0	biphasic	1.0	100.0	1.0	10.0	5.0	3r_14b	3.0	14.0	bipolar		[7840, 1470, 3406]	[7840, 1420, 3404]
2866.226133333333	2.0	trials	1.0	2.0	75.0	biphasic	1.0	100.0	1.0	10.0	5.0	3r_14b	3.0	14.0	bipolar		[7840, 1470, 3406]	[7840, 1420, 3404]
2868.228320066948	2.0	trials	1.0	2.0	75.0	biphasic	1.0	100.0	1.0	10.0	5.0	3r_14b	3.0	14.0	bipolar		[7840, 1470, 3406]	[7840, 1420, 3404]
2870.230133333333	2.0	trials	1.0	2.0	75.0	biphasic	1.0	100.0	1.0	10.0	5.0	3r_14b	3.0	14.0	bipolar		[7840, 1470, 3406]	[7840, 1420, 3404]
2872.2321333333334	2.0	trials	1.0	2.0	75.0	biphasic	1.0	100.0	1.0	10.0	5.0	3r_14b	3.0	14.0	bipolar		[7840, 1470, 3406]	[7840, 1420, 3404]
2874.2341333333334	2.0	trials	1.0	2.0	75.0	biphasic	1.0	100.0	1.0	10.0	5.0	3r_14b	3.0	14.0	bipolar		[7840, 1470, 3406]	[7840, 1420, 3404]
2876.2361333333333	2.0	trials	1.0	2.0	75.0	biphasic	1.0	100.0	1.0	10.0	5.0	3r_14b	3.0	14.0	bipolar		[7840, 1470, 3406]	[7840, 1420, 3404]
2878.2381333333333	2.0	trials	1.0	2.0	75.0	biphasic	1.0	100.0	1.0	10.0	5.0	3r_14b	3.0	14.0	bipolar		[7840, 1470, 3406]	[7840, 1420, 3404]
2880.240133333333	2.0	trials	1.0	2.0	75.0	biphasic	1.0	100.0	1.0	10.0	5.0	3r_14b	3.0	14.0	bipolar		[7840, 1470, 3406]	[7840, 1420, 3404]
2882.241945687373	2.0	trials	1.0	2.0	75.0	biphasic	1.0	100.0	1.0	10.0	5.0	3r_14b	3.0	14.0	bipolar		[7840, 1470, 3406]	[7840, 1420, 3404]
2884.2441	2.0	trials	1.0	2.0	75.0	biphasic	1.0	100.0	1.0	10.0	5.0	3r_14b	3.0	14.0	bipolar		[7840, 1470, 3406]	[7840, 1420, 3404]
2886.2461	2.0	trials	1.0	2.0	75.0	biphasic	1.0	100.0	1.0	10.0	5.0	3r_14b	3.0	14.0	bipolar		[7840, 1470, 3406]	[7840, 1420, 3404]
2888.248288036998	2.0	trials	1.0	2.0	75.0	biphasic	1.0	100.0	1.0	10.0	5.0	3r_14b	3.0	14.0	bipolar		[7840, 1470, 3406]	[7840, 1420, 3404]
2890.2501	2.0	trials	1.0	2.0	75.0	biphasic	1.0	100.0	1.0	10.0	5.0	3r_14b	3.0	14.0	bipolar		[7840, 1470, 3406]	[7840, 1420, 3404]
2892.2521	2.0	trials	1.0	2.0	75.0	biphasic	1.0	100.0	1.0	10.0	5.0	3r_14b	3.0	14.0	bipolar		[7840, 1470, 3406]	[7840, 1420, 3404]
2894.2542884280138	2.0	trials	1.0	2.0	75.0	biphasic	1.0	100.0	1.0	10.0	5.0	3r_14b	3.0	14.0	bipolar		[7840, 1470, 3406]	[7840, 1420, 3404]
2929.5249	2.0	trials	1.0	2.0	75.0	biphasic	2.0	100.0	1.0	10.0	-25.0	3r_14b	3.0	14.0	bipolar		[7840, 1470, 3406]	[7840, 1420, 3404]
2931.527090854628	2.0	trials	1.0	2.0	75.0	biphasic	2.0	100.0	1.0	10.0	-25.0	3r_14b	3.0	14.0	bipolar		[7840, 1470, 3406]	[7840, 1420, 3404]
2933.5289	2.0	trials	1.0	2.0	75.0	biphasic	2.0	100.0	1.0	10.0	-25.0	3r_14b	3.0	14.0	bipolar		[7840, 1470, 3406]	[7840, 1420, 3404]
2935.5309	2.0	trials	1.0	2.0	75.0	biphasic	2.0	100.0	1.0	10.0	-25.0	3r_14b	3.0	14.0	bipolar		[7840, 1470, 3406]	[7840, 1420, 3404]
2937.5329	2.0	trials	1.0	2.0	75.0	biphasic	2.0	100.0	1.0	10.0	-25.0	3r_14b	3.0	14.0	bipolar		[7840, 1470, 3406]	[7840, 1420, 3404]
2939.534708624042	2.0	trials	1.0	2.0	75.0	biphasic	2.0	100.0	1.0	10.0	-25.0	3r_14b	3.0	14.0	bipolar		[7840, 1470, 3406]	[7840, 1420, 3404]
2941.5369	2.0	trials	1.0	2.0	75.0	biphasic	2.0	100.0	1.0	10.0	-25.0	3r_14b	3.0	14.0	bipolar		[7840, 1470, 3406]	[7840, 1420, 3404]
2943.5389	2.0	trials	1.0	2.0	75.0	biphasic	2.0	100.0	1.0	10.0	-25.0	3r_14b	3.0	14.0	bipolar		[7840, 1470, 3406]	[7840, 1420, 3404]
2945.540674899696	2.0	trials	1.0	2.0	75.0	biphasic	2.0	100.0	1.0	10.0	-25.0	3r_14b	3.0	14.0	bipolar		[7840, 1470, 3406]	[7840, 1420, 3404]
2947.5428666666667	2.0	trials	1.0	2.0	75.0	biphasic	2.0	100.0	1.0	10.0	-25.0	3r_14b	3.0	14.0	bipolar		[7840, 1470, 3406]	[7840, 1420, 3404]
2949.5448666666666	2.0	trials	1.0	2.0	75.0	biphasic	2.0	100.0	1.0	10.0	-25.0	3r_14b	3.0	14.0	bipolar		[7840, 1470, 3406]	[7840, 1420, 3404]
2951.5468666666666	2.0	trials	1.0	2.0	75.0	biphasic	2.0	100.0	1.0	10.0	-25.0	3r_14b	3.0	14.0	bipolar		[7840, 1470, 3406]	[7840, 1420, 3404]
2953.5488666666665	2.0	trials	1.0	2.0	75.0	biphasic	2.0	100.0	1.0	10.0	-25.0	3r_14b	3.0	14.0	bipolar		[7840, 1470, 3406]	[7840, 1420, 3404]
2955.5508666666665	2.0	trials	1.0	2.0	75.0	biphasic	2.0	100.0	1.0	10.0	-25.0	3r_14b	3.0	14.0	bipolar		[7840, 1470, 3406]	[7840, 1420, 3404]
2957.552866666667	2.0	trials	1.0	2.0	75.0	biphasic	2.0	100.0	1.0	10.0	-25.0	3r_14b	3.0	14.0	bipolar		[7840, 1470, 3406]	[7840, 1420, 3404]
2959.554866666667	2.0	trials	1.0	2.0	75.0	biphasic	2.0	100.0	1.0	10.0	-25.0	3r_14b	3.0	14.0	bipolar		[7840, 1470, 3406]	[7840, 1420, 3404]
2961.556866666667	2.0	trials	1.0	2.0	75.0	biphasic	2.0	100.0	1.0	10.0	-25.0	3r_14b	3.0	14.0	bipolar		[7840, 1470, 3406]	[7840, 1420, 3404]
2963.5588666666667	2.0	trials	1.0	2.0	75.0	biphasic	2.0	100.0	1.0	10.0	-25.0	3r_14b	3.0	14.0	bipolar		[7840, 1470, 3406]	[7840, 1420, 3404]
2965.56067359631	2.0	trials	1.0	2.0	75.0	biphasic	2.0	100.0	1.0	10.0	-25.0	3r_14b	3.0	14.0	bipolar		[7840, 1470, 3406]	[7840, 1420, 3404]
2967.5628666666667	2.0	trials	1.0	2.0	75.0	biphasic	2.0	100.0	1.0	10.0	-25.0	3r_14b	3.0	14.0	bipolar		[7840, 1470, 3406]	[7840, 1420, 3404]
2969.5648666666666	2.0	trials	1.0	2.0	75.0	biphasic	2.0	100.0	1.0	10.0	-25.0	3r_14b	3.0	14.0	bipolar		[7840, 1470, 3406]	[7840, 1420, 3404]
2971.5670267947285	2.0	trials	1.0	2.0	75.0	biphasic	2.0	100.0	1.0	10.0	-25.0	3r_14b	3.0	14.0	bipolar		[7840, 1470, 3406]	[7840, 1420, 3404]
2973.5688333333333	2.0	trials	1.0	2.0	75.0	biphasic	2.0	100.0	1.0	10.0	-25.0	3r_14b	3.0	14.0	bipolar		[7840, 1470, 3406]	[7840, 1420, 3404]
2975.570833333333	2.0	trials	1.0	2.0	75.0	biphasic	2.0	100.0	1.0	10.0	-25.0	3r_14b	3.0	14.0	bipolar		[7840, 1470, 3406]	[7840, 1420, 3404]
2977.572833333333	2.0	trials	1.0	2.0	75.0	biphasic	2.0	100.0	1.0	10.0	-25.0	3r_14b	3.0	14.0	bipolar		[7840, 1470, 3406]	[7840, 1420, 3404]
2979.574833333333	2.0	trials	1.0	2.0	75.0	biphasic	2.0	100.0	1.0	10.0	-25.0	3r_14b	3.0	14.0	bipolar		[7840, 1470, 3406]	[7840, 1420, 3404]
2981.576833333333	2.0	trials	1.0	2.0	75.0	biphasic	2.0	100.0	1.0	10.0	-25.0	3r_14b	3.0	14.0	bipolar		[7840, 1470, 3406]	[7840, 1420, 3404]
2983.578833333333	2.0	trials	1.0	2.0	75.0	biphasic	2.0	100.0	1.0	10.0	-25.0	3r_14b	3.0	14.0	bipolar		[7840, 1470, 3406]	[7840, 1420, 3404]
2985.5806389595937	2.0	trials	1.0	2.0	75.0	biphasic	2.0	100.0	1.0	10.0	-25.0	3r_14b	3.0	14.0	bipolar		[7840, 1470, 3406]	[7840, 1420, 3404]
2987.5828333333334	2.0	trials	1.0	2.0	75.0	biphasic	2.0	100.0	1.0	10.0	-25.0	3r_14b	3.0	14.0	bipolar		[7840, 1470, 3406]	[7840, 1420, 3404]
2989.5848333333333	2.0	trials	1.0	2.0	75.0	biphasic	2.0	100.0	1.0	10.0	-25.0	3r_14b	3.0	14.0	bipolar		[7840, 1470, 3406]	[7840, 1420, 3404]
2991.586638568578	2.0	trials	1.0	2.0	75.0	biphasic	2.0	100.0	1.0	10.0	-25.0	3r_14b	3.0	14.0	bipolar		[7840, 1470, 3406]	[7840, 1420, 3404]
2993.588833333333	2.0	trials	1.0	2.0	75.0	biphasic	2.0	100.0	1.0	10.0	-25.0	3r_14b	3.0	14.0	bipolar		[7840, 1470, 3406]	[7840, 1420, 3404]
2995.590833333333	2.0	trials	1.0	2.0	75.0	biphasic	2.0	100.0	1.0	10.0	-25.0	3r_14b	3.0	14.0	bipolar		[7840, 1470, 3406]	[7840, 1420, 3404]
2997.5930284891297	2.0	trials	1.0	2.0	75.0	biphasic	2.0	100.0	1.0	10.0	-25.0	3r_14b	3.0	14.0	bipolar		[7840, 1470, 3406]	[7840, 1420, 3404]
2999.5948	2.0	trials	1.0	2.0	75.0	biphasic	2.0	100.0	1.0	10.0	-25.0	3r_14b	3.0	14.0	bipolar		[7840, 1470, 3406]	[7840, 1420, 3404]
3001.5968	2.0	trials	1.0	2.0	75.0	biphasic	2.0	100.0	1.0	10.0	-25.0	3r_14b	3.0	14.0	bipolar		[7840, 1470, 3406]	[7840, 1420, 3404]
3003.5988	2.0	trials	1.0	2.0	75.0	biphasic	2.0	100.0	1.0	10.0	-25.0	3r_14b	3.0	14.0	bipolar		[7840, 1470, 3406]	[7840, 1420, 3404]
3005.6008	2.0	trials	1.0	2.0	75.0	biphasic	2.0	100.0	1.0	10.0	-25.0	3r_14b	3.0	14.0	bipolar		[7840, 1470, 3406]	[7840, 1420, 3404]
3007.6028	2.0	trials	1.0	2.0	75.0	biphasic	2.0	100.0	1.0	10.0	-25.0	3r_14b	3.0	14.0	bipolar		[7840, 1470, 3406]	[7840, 1420, 3404]
3009.6048	2.0	trials	1.0	2.0	75.0	biphasic	2.0	100.0	1.0	10.0	-25.0	3r_14b	3.0	14.0	bipolar		[7840, 1470, 3406]	[7840, 1420, 3404]
3011.6066039318616	2.0	trials	1.0	2.0	75.0	biphasic	2.0	100.0	1.0	10.0	-25.0	3r_14b	3.0	14.0	bipolar		[7840, 1470, 3406]	[7840, 1420, 3404]
3013.6088	2.0	trials	1.0	2.0	75.0	biphasic	2.0	100.0	1.0	10.0	-25.0	3r_14b	3.0	14.0	bipolar		[7840, 1470, 3406]	[7840, 1420, 3404]
3015.6108	2.0	trials	1.0	2.0	75.0	biphasic	2.0	100.0	1.0	10.0	-25.0	3r_14b	3.0	14.0	bipolar		[7840, 1470, 3406]	[7840, 1420, 3404]
3017.61299645918	2.0	trials	1.0	2.0	75.0	biphasic	2.0	100.0	1.0	10.0	-25.0	3r_14b	3.0	14.0	bipolar		[7840, 1470, 3406]	[7840, 1420, 3404]
3019.6148	2.0	trials	1.0	2.0	75.0	biphasic	2.0	100.0	1.0	10.0	-25.0	3r_14b	3.0	14.0	bipolar		[7840, 1470, 3406]	[7840, 1420, 3404]
3021.6168	2.0	trials	1.0	2.0	75.0	biphasic	2.0	100.0	1.0	10.0	-25.0	3r_14b	3.0	14.0	bipolar		[7840, 1470, 3406]	[7840, 1420, 3404]
3023.6188	2.0	trials	1.0	2.0	75.0	biphasic	2.0	100.0	1.0	10.0	-25.0	3r_14b	3.0	14.0	bipolar		[7840, 1470, 3406]	[7840, 1420, 3404]
3025.6207666666664	2.0	trials	1.0	2.0	75.0	biphasic	2.0	100.0	1.0	10.0	-25.0	3r_14b	3.0	14.0	bipolar		[7840, 1470, 3406]	[7840, 1420, 3404]
3027.622766666667	2.0	trials	1.0	2.0	75.0	biphasic	2.0	100.0	1.0	10.0	-25.0	3r_14b	3.0	14.0	bipolar		[7840, 1470, 3406]	[7840, 1420, 3404]
3029.624766666667	2.0	trials	1.0	2.0	75.0	biphasic	2.0	100.0	1.0	10.0	-25.0	3r_14b	3.0	14.0	bipolar		[7840, 1470, 3406]	[7840, 1420, 3404]
3031.6267666666668	2.0	trials	1.0	2.0	75.0	biphasic	2.0	100.0	1.0	10.0	-25.0	3r_14b	3.0	14.0	bipolar		[7840, 1470, 3406]	[7840, 1420, 3404]
3033.6287666666667	2.0	trials	1.0	2.0	75.0	biphasic	2.0	100.0	1.0	10.0	-25.0	3r_14b	3.0	14.0	bipolar		[7840, 1470, 3406]	[7840, 1420, 3404]
3035.6307666666667	2.0	trials	1.0	2.0	75.0	biphasic	2.0	100.0	1.0	10.0	-25.0	3r_14b	3.0	14.0	bipolar		[7840, 1470, 3406]	[7840, 1420, 3404]
3037.6329644292296	2.0	trials	1.0	2.0	75.0	biphasic	2.0	100.0	1.0	10.0	-25.0	3r_14b	3.0	14.0	bipolar		[7840, 1470, 3406]	[7840, 1420, 3404]
3039.6347666666666	2.0	trials	1.0	2.0	75.0	biphasic	2.0	100.0	1.0	10.0	-25.0	3r_14b	3.0	14.0	bipolar		[7840, 1470, 3406]	[7840, 1420, 3404]
3041.6367666666665	2.0	trials	1.0	2.0	75.0	biphasic	2.0	100.0	1.0	10.0	-25.0	3r_14b	3.0	14.0	bipolar		[7840, 1470, 3406]	[7840, 1420, 3404]
3043.6389648202453	2.0	trials	1.0	2.0	75.0	biphasic	2.0	100.0	1.0	10.0	-25.0	3r_14b	3.0	14.0	bipolar		[7840, 1470, 3406]	[7840, 1420, 3404]
3045.640766666667	2.0	trials	1.0	2.0	75.0	biphasic	2.0	100.0	1.0	10.0	-25.0	3r_14b	3.0	14.0	bipolar		[7840, 1470, 3406]	[7840, 1420, 3404]
3047.642766666667	2.0	trials	1.0	2.0	75.0	biphasic	2.0	100.0	1.0	10.0	-25.0	3r_14b	3.0	14.0	bipolar		[7840, 1470, 3406]	[7840, 1420, 3404]
3049.644766666667	2.0	trials	1.0	2.0	75.0	biphasic	2.0	100.0	1.0	10.0	-25.0	3r_14b	3.0	14.0	bipolar		[7840, 1470, 3406]	[7840, 1420, 3404]
3051.6467666666667	2.0	trials	1.0	2.0	75.0	biphasic	2.0	100.0	1.0	10.0	-25.0	3r_14b	3.0	14.0	bipolar		[7840, 1470, 3406]	[7840, 1420, 3404]
3053.648733333333	2.0	trials	1.0	2.0	75.0	biphasic	2.0	100.0	1.0	10.0	-25.0	3r_14b	3.0	14.0	bipolar		[7840, 1470, 3406]	[7840, 1420, 3404]
3055.6507333333334	2.0	trials	1.0	2.0	75.0	biphasic	2.0	100.0	1.0	10.0	-25.0	3r_14b	3.0	14.0	bipolar		[7840, 1470, 3406]	[7840, 1420, 3404]
3057.652534267413	2.0	trials	1.0	2.0	75.0	biphasic	2.0	100.0	1.0	10.0	-25.0	3r_14b	3.0	14.0	bipolar		[7840, 1470, 3406]	[7840, 1420, 3404]
3059.6547333333333	2.0	trials	1.0	2.0	75.0	biphasic	2.0	100.0	1.0	10.0	-25.0	3r_14b	3.0	14.0	bipolar		[7840, 1470, 3406]	[7840, 1420, 3404]
3061.656733333333	2.0	trials	1.0	2.0	75.0	biphasic	2.0	100.0	1.0	10.0	-25.0	3r_14b	3.0	14.0	bipolar		[7840, 1470, 3406]	[7840, 1420, 3404]
3063.6589327902952	2.0	trials	1.0	2.0	75.0	biphasic	2.0	100.0	1.0	10.0	-25.0	3r_14b	3.0	14.0	bipolar		[7840, 1470, 3406]	[7840, 1420, 3404]
3065.660733333333	2.0	trials	1.0	2.0	75.0	biphasic	2.0	100.0	1.0	10.0	-25.0	3r_14b	3.0	14.0	bipolar		[7840, 1470, 3406]	[7840, 1420, 3404]
3067.662733333333	2.0	trials	1.0	2.0	75.0	biphasic	2.0	100.0	1.0	10.0	-25.0	3r_14b	3.0	14.0	bipolar		[7840, 1470, 3406]	[7840, 1420, 3404]
3069.664933181311	2.0	trials	1.0	2.0	75.0	biphasic	2.0	100.0	1.0	10.0	-25.0	3r_14b	3.0	14.0	bipolar		[7840, 1470, 3406]	[7840, 1420, 3404]
3071.666733333333	2.0	trials	1.0	2.0	75.0	biphasic	2.0	100.0	1.0	10.0	-25.0	3r_14b	3.0	14.0	bipolar		[7840, 1470, 3406]	[7840, 1420, 3404]
3073.6687333333334	2.0	trials	1.0	2.0	75.0	biphasic	2.0	100.0	1.0	10.0	-25.0	3r_14b	3.0	14.0	bipolar		[7840, 1470, 3406]	[7840, 1420, 3404]
3075.6707333333334	2.0	trials	1.0	2.0	75.0	biphasic	2.0	100.0	1.0	10.0	-25.0	3r_14b	3.0	14.0	bipolar		[7840, 1470, 3406]	[7840, 1420, 3404]
3077.6727333333333	2.0	trials	1.0	2.0	75.0	biphasic	2.0	100.0	1.0	10.0	-25.0	3r_14b	3.0	14.0	bipolar		[7840, 1470, 3406]	[7840, 1420, 3404]
3107.6953	2.0	trials	1.0	2.0	75.0	biphasic	3.0	100.0	1.0	10.0	25.0	3r_14b	3.0	14.0	bipolar		[7840, 1470, 3406]	[7840, 1420, 3404]
3109.697469120929	2.0	trials	1.0	2.0	75.0	biphasic	3.0	100.0	1.0	10.0	25.0	3r_14b	3.0	14.0	bipolar		[7840, 1470, 3406]	[7840, 1420, 3404]
3111.6992666666665	2.0	trials	1.0	2.0	75.0	biphasic	3.0	100.0	1.0	10.0	25.0	3r_14b	3.0	14.0	bipolar		[7840, 1470, 3406]	[7840, 1420, 3404]
3113.7012666666665	2.0	trials	1.0	2.0	75.0	biphasic	3.0	100.0	1.0	10.0	25.0	3r_14b	3.0	14.0	bipolar		[7840, 1470, 3406]	[7840, 1420, 3404]
3115.703266666667	2.0	trials	1.0	2.0	75.0	biphasic	3.0	100.0	1.0	10.0	25.0	3r_14b	3.0	14.0	bipolar		[7840, 1470, 3406]	[7840, 1420, 3404]
3117.705266666667	2.0	trials	1.0	2.0	75.0	biphasic	3.0	100.0	1.0	10.0	25.0	3r_14b	3.0	14.0	bipolar		[7840, 1470, 3406]	[7840, 1420, 3404]
3119.707266666667	2.0	trials	1.0	2.0	75.0	biphasic	3.0	100.0	1.0	10.0	25.0	3r_14b	3.0	14.0	bipolar		[7840, 1470, 3406]	[7840, 1420, 3404]
3121.7092666666667	2.0	trials	1.0	2.0	75.0	biphasic	3.0	100.0	1.0	10.0	25.0	3r_14b	3.0	14.0	bipolar		[7840, 1470, 3406]	[7840, 1420, 3404]
3123.7112666666667	2.0	trials	1.0	2.0	75.0	biphasic	3.0	100.0	1.0	10.0	25.0	3r_14b	3.0	14.0	bipolar		[7840, 1470, 3406]	[7840, 1420, 3404]
3125.713266666666	2.0	trials	1.0	2.0	75.0	biphasic	3.0	100.0	1.0	10.0	25.0	3r_14b	3.0	14.0	bipolar		[7840, 1470, 3406]	[7840, 1420, 3404]
3127.7152666666666	2.0	trials	1.0	2.0	75.0	biphasic	3.0	100.0	1.0	10.0	25.0	3r_14b	3.0	14.0	bipolar		[7840, 1470, 3406]	[7840, 1420, 3404]
3129.7170629090456	2.0	trials	1.0	2.0	75.0	biphasic	3.0	100.0	1.0	10.0	25.0	3r_14b	3.0	14.0	bipolar		[7840, 1470, 3406]	[7840, 1420, 3404]
3131.7192666666665	2.0	trials	1.0	2.0	75.0	biphasic	3.0	100.0	1.0	10.0	25.0	3r_14b	3.0	14.0	bipolar		[7840, 1470, 3406]	[7840, 1420, 3404]
3133.7212666666665	2.0	trials	1.0	2.0	75.0	biphasic	3.0	100.0	1.0	10.0	25.0	3r_14b	3.0	14.0	bipolar		[7840, 1470, 3406]	[7840, 1420, 3404]
3135.72347081533	2.0	trials	1.0	2.0	75.0	biphasic	3.0	100.0	1.0	10.0	25.0	3r_14b	3.0	14.0	bipolar		[7840, 1470, 3406]	[7840, 1420, 3404]
3137.725233333333	2.0	trials	1.0	2.0	75.0	biphasic	3.0	100.0	1.0	10.0	25.0	3r_14b	3.0	14.0	bipolar		[7840, 1470, 3406]	[7840, 1420, 3404]
3139.727233333333	2.0	trials	1.0	2.0	75.0	biphasic	3.0	100.0	1.0	10.0	25.0	3r_14b	3.0	14.0	bipolar		[7840, 1470, 3406]	[7840, 1420, 3404]
3141.729233333333	2.0	trials	1.0	2.0	75.0	biphasic	3.0	100.0	1.0	10.0	25.0	3r_14b	3.0	14.0	bipolar		[7840, 1470, 3406]	[7840, 1420, 3404]
3143.7312333333334	2.0	trials	1.0	2.0	75.0	biphasic	3.0	100.0	1.0	10.0	25.0	3r_14b	3.0	14.0	bipolar		[7840, 1470, 3406]	[7840, 1420, 3404]
3145.7332333333334	2.0	trials	1.0	2.0	75.0	biphasic	3.0	100.0	1.0	10.0	25.0	3r_14b	3.0	14.0	bipolar		[7840, 1470, 3406]	[7840, 1420, 3404]
3147.7352333333333	2.0	trials	1.0	2.0	75.0	biphasic	3.0	100.0	1.0	10.0	25.0	3r_14b	3.0	14.0	bipolar		[7840, 1470, 3406]	[7840, 1420, 3404]
3149.737028272329	2.0	trials	1.0	2.0	75.0	biphasic	3.0	100.0	1.0	10.0	25.0	3r_14b	3.0	14.0	bipolar		[7840, 1470, 3406]	[7840, 1420, 3404]
3151.739233333333	2.0	trials	1.0	2.0	75.0	biphasic	3.0	100.0	1.0	10.0	25.0	3r_14b	3.0	14.0	bipolar		[7840, 1470, 3406]	[7840, 1420, 3404]
3153.741233333333	2.0	trials	1.0	2.0	75.0	biphasic	3.0	100.0	1.0	10.0	25.0	3r_14b	3.0	14.0	bipolar		[7840, 1470, 3406]	[7840, 1420, 3404]
3155.743027881313	2.0	trials	1.0	2.0	75.0	biphasic	3.0	100.0	1.0	10.0	25.0	3r_14b	3.0	14.0	bipolar		[7840, 1470, 3406]	[7840, 1420, 3404]
3157.745233333333	2.0	trials	1.0	2.0	75.0	biphasic	3.0	100.0	1.0	10.0	25.0	3r_14b	3.0	14.0	bipolar		[7840, 1470, 3406]	[7840, 1420, 3404]
3159.747233333333	2.0	trials	1.0	2.0	75.0	biphasic	3.0	100.0	1.0	10.0	25.0	3r_14b	3.0	14.0	bipolar		[7840, 1470, 3406]	[7840, 1420, 3404]
3161.749233333333	2.0	trials	1.0	2.0	75.0	biphasic	3.0	100.0	1.0	10.0	25.0	3r_14b	3.0	14.0	bipolar		[7840, 1470, 3406]	[7840, 1420, 3404]
3163.7512	2.0	trials	1.0	2.0	75.0	biphasic	3.0	100.0	1.0	10.0	25.0	3r_14b	3.0	14.0	bipolar		[7840, 1470, 3406]	[7840, 1420, 3404]
3165.7532	2.0	trials	1.0	2.0	75.0	biphasic	3.0	100.0	1.0	10.0	25.0	3r_14b	3.0	14.0	bipolar		[7840, 1470, 3406]	[7840, 1420, 3404]
3167.7552	2.0	trials	1.0	2.0	75.0	biphasic	3.0	100.0	1.0	10.0	25.0	3r_14b	3.0	14.0	bipolar		[7840, 1470, 3406]	[7840, 1420, 3404]
3169.7572	2.0	trials	1.0	2.0	75.0	biphasic	3.0	100.0	1.0	10.0	25.0	3r_14b	3.0	14.0	bipolar		[7840, 1470, 3406]	[7840, 1420, 3404]
3171.7592	2.0	trials	1.0	2.0	75.0	biphasic	3.0	100.0	1.0	10.0	25.0	3r_14b	3.0	14.0	bipolar		[7840, 1470, 3406]	[7840, 1420, 3404]
3173.7612	2.0	trials	1.0	2.0	75.0	biphasic	3.0	100.0	1.0	10.0	25.0	3r_14b	3.0	14.0	bipolar		[7840, 1470, 3406]	[7840, 1420, 3404]
3175.7632	2.0	trials	1.0	2.0	75.0	biphasic	3.0	100.0	1.0	10.0	25.0	3r_14b	3.0	14.0	bipolar		[7840, 1470, 3406]	[7840, 1420, 3404]
3177.7652	2.0	trials	1.0	2.0	75.0	biphasic	3.0	100.0	1.0	10.0	25.0	3r_14b	3.0	14.0	bipolar		[7840, 1470, 3406]	[7840, 1420, 3404]
3179.7672	2.0	trials	1.0	2.0	75.0	biphasic	3.0	100.0	1.0	10.0	25.0	3r_14b	3.0	14.0	bipolar		[7840, 1470, 3406]	[7840, 1420, 3404]
3181.7694071464457	2.0	trials	1.0	2.0	75.0	biphasic	3.0	100.0	1.0	10.0	25.0	3r_14b	3.0	14.0	bipolar		[7840, 1470, 3406]	[7840, 1420, 3404]
3183.7712	2.0	trials	1.0	2.0	75.0	biphasic	3.0	100.0	1.0	10.0	25.0	3r_14b	3.0	14.0	bipolar		[7840, 1470, 3406]	[7840, 1420, 3404]
3185.7732	2.0	trials	1.0	2.0	75.0	biphasic	3.0	100.0	1.0	10.0	25.0	3r_14b	3.0	14.0	bipolar		[7840, 1470, 3406]	[7840, 1420, 3404]
3187.7752	2.0	trials	1.0	2.0	75.0	biphasic	3.0	100.0	1.0	10.0	25.0	3r_14b	3.0	14.0	bipolar		[7840, 1470, 3406]	[7840, 1420, 3404]
3189.7772	2.0	trials	1.0	2.0	75.0	biphasic	3.0	100.0	1.0	10.0	25.0	3r_14b	3.0	14.0	bipolar		[7840, 1470, 3406]	[7840, 1420, 3404]
3191.7791666666667	2.0	trials	1.0	2.0	75.0	biphasic	3.0	100.0	1.0	10.0	25.0	3r_14b	3.0	14.0	bipolar		[7840, 1470, 3406]	[7840, 1420, 3404]
3193.781166666666	2.0	trials	1.0	2.0	75.0	biphasic	3.0	100.0	1.0	10.0	25.0	3r_14b	3.0	14.0	bipolar		[7840, 1470, 3406]	[7840, 1420, 3404]
3195.7831666666666	2.0	trials	1.0	2.0	75.0	biphasic	3.0	100.0	1.0	10.0	25.0	3r_14b	3.0	14.0	bipolar		[7840, 1470, 3406]	[7840, 1420, 3404]
3197.7851666666666	2.0	trials	1.0	2.0	75.0	biphasic	3.0	100.0	1.0	10.0	25.0	3r_14b	3.0	14.0	bipolar		[7840, 1470, 3406]	[7840, 1420, 3404]
3199.7871666666665	2.0	trials	1.0	2.0	75.0	biphasic	3.0	100.0	1.0	10.0	25.0	3r_14b	3.0	14.0	bipolar		[7840, 1470, 3406]	[7840, 1420, 3404]
3201.788958216865	2.0	trials	1.0	2.0	75.0	biphasic	3.0	100.0	1.0	10.0	25.0	3r_14b	3.0	14.0	bipolar		[7840, 1470, 3406]	[7840, 1420, 3404]
3203.791166666667	2.0	trials	1.0	2.0	75.0	biphasic	3.0	100.0	1.0	10.0	25.0	3r_14b	3.0	14.0	bipolar		[7840, 1470, 3406]	[7840, 1420, 3404]
3205.793166666667	2.0	trials	1.0	2.0	75.0	biphasic	3.0	100.0	1.0	10.0	25.0	3r_14b	3.0	14.0	bipolar		[7840, 1470, 3406]	[7840, 1420, 3404]
3207.7953755075114	2.0	trials	1.0	2.0	75.0	biphasic	3.0	100.0	1.0	10.0	25.0	3r_14b	3.0	14.0	bipolar		[7840, 1470, 3406]	[7840, 1420, 3404]
3209.7971666666667	2.0	trials	1.0	2.0	75.0	biphasic	3.0	100.0	1.0	10.0	25.0	3r_14b	3.0	14.0	bipolar		[7840, 1470, 3406]	[7840, 1420, 3404]
3211.7991666666667	2.0	trials	1.0	2.0	75.0	biphasic	3.0	100.0	1.0	10.0	25.0	3r_14b	3.0	14.0	bipolar		[7840, 1470, 3406]	[7840, 1420, 3404]
3213.801166666666	2.0	trials	1.0	2.0	75.0	biphasic	3.0	100.0	1.0	10.0	25.0	3r_14b	3.0	14.0	bipolar		[7840, 1470, 3406]	[7840, 1420, 3404]
3215.8031666666666	2.0	trials	1.0	2.0	75.0	biphasic	3.0	100.0	1.0	10.0	25.0	3r_14b	3.0	14.0	bipolar		[7840, 1470, 3406]	[7840, 1420, 3404]
3217.8051333333333	2.0	trials	1.0	2.0	75.0	biphasic	3.0	100.0	1.0	10.0	25.0	3r_14b	3.0	14.0	bipolar		[7840, 1470, 3406]	[7840, 1420, 3404]
3219.807133333333	2.0	trials	1.0	2.0	75.0	biphasic	3.0	100.0	1.0	10.0	25.0	3r_14b	3.0	14.0	bipolar		[7840, 1470, 3406]	[7840, 1420, 3404]
3221.808923580148	2.0	trials	1.0	2.0	75.0	biphasic	3.0	100.0	1.0	10.0	25.0	3r_14b	3.0	14.0	bipolar		[7840, 1470, 3406]	[7840, 1420, 3404]
3223.811133333333	2.0	trials	1.0	2.0	75.0	biphasic	3.0	100.0	1.0	10.0	25.0	3r_14b	3.0	14.0	bipolar		[7840, 1470, 3406]	[7840, 1420, 3404]
3225.8131333333336	2.0	trials	1.0	2.0	75.0	biphasic	3.0	100.0	1.0	10.0	25.0	3r_14b	3.0	14.0	bipolar		[7840, 1470, 3406]	[7840, 1420, 3404]
3227.8149231891325	2.0	trials	1.0	2.0	75.0	biphasic	3.0	100.0	1.0	10.0	25.0	3r_14b	3.0	14.0	bipolar		[7840, 1470, 3406]	[7840, 1420, 3404]
3229.817133333333	2.0	trials	1.0	2.0	75.0	biphasic	3.0	100.0	1.0	10.0	25.0	3r_14b	3.0	14.0	bipolar		[7840, 1470, 3406]	[7840, 1420, 3404]
3231.8191333333334	2.0	trials	1.0	2.0	75.0	biphasic	3.0	100.0	1.0	10.0	25.0	3r_14b	3.0	14.0	bipolar		[7840, 1470, 3406]	[7840, 1420, 3404]
3233.8211333333334	2.0	trials	1.0	2.0	75.0	biphasic	3.0	100.0	1.0	10.0	25.0	3r_14b	3.0	14.0	bipolar		[7840, 1470, 3406]	[7840, 1420, 3404]
3235.8231333333333	2.0	trials	1.0	2.0	75.0	biphasic	3.0	100.0	1.0	10.0	25.0	3r_14b	3.0	14.0	bipolar		[7840, 1470, 3406]	[7840, 1420, 3404]
3237.8251333333333	2.0	trials	1.0	2.0	75.0	biphasic	3.0	100.0	1.0	10.0	25.0	3r_14b	3.0	14.0	bipolar		[7840, 1470, 3406]	[7840, 1420, 3404]
3239.827133333333	2.0	trials	1.0	2.0	75.0	biphasic	3.0	100.0	1.0	10.0	25.0	3r_14b	3.0	14.0	bipolar		[7840, 1470, 3406]	[7840, 1420, 3404]
3241.829133333333	2.0	trials	1.0	2.0	75.0	biphasic	3.0	100.0	1.0	10.0	25.0	3r_14b	3.0	14.0	bipolar		[7840, 1470, 3406]	[7840, 1420, 3404]
3243.831133333333	2.0	trials	1.0	2.0	75.0	biphasic	3.0	100.0	1.0	10.0	25.0	3r_14b	3.0	14.0	bipolar		[7840, 1470, 3406]	[7840, 1420, 3404]
3245.8331	2.0	trials	1.0	2.0	75.0	biphasic	3.0	100.0	1.0	10.0	25.0	3r_14b	3.0	14.0	bipolar		[7840, 1470, 3406]	[7840, 1420, 3404]
3247.834888552416	2.0	trials	1.0	2.0	75.0	biphasic	3.0	100.0	1.0	10.0	25.0	3r_14b	3.0	14.0	bipolar		[7840, 1470, 3406]	[7840, 1420, 3404]
3249.8371	2.0	trials	1.0	2.0	75.0	biphasic	3.0	100.0	1.0	10.0	25.0	3r_14b	3.0	14.0	bipolar		[7840, 1470, 3406]	[7840, 1420, 3404]
3251.8391	2.0	trials	1.0	2.0	75.0	biphasic	3.0	100.0	1.0	10.0	25.0	3r_14b	3.0	14.0	bipolar		[7840, 1470, 3406]	[7840, 1420, 3404]
3253.841311838627	2.0	trials	1.0	2.0	75.0	biphasic	3.0	100.0	1.0	10.0	25.0	3r_14b	3.0	14.0	bipolar		[7840, 1470, 3406]	[7840, 1420, 3404]
3255.8431	2.0	trials	1.0	2.0	75.0	biphasic	3.0	100.0	1.0	10.0	25.0	3r_14b	3.0	14.0	bipolar		[7840, 1470, 3406]	[7840, 1420, 3404]
3288.4637474260253	2.0	trials	1.0	2.0	75.0	biphasic	4.0	100.0	1.0	10.0	-50.0	3r_14b	3.0	14.0	bipolar		[7840, 1470, 3406]	[7840, 1420, 3404]
3290.465533333333	2.0	trials	1.0	2.0	75.0	biphasic	4.0	100.0	1.0	10.0	-50.0	3r_14b	3.0	14.0	bipolar		[7840, 1470, 3406]	[7840, 1420, 3404]
3292.467533333333	2.0	trials	1.0	2.0	75.0	biphasic	4.0	100.0	1.0	10.0	-50.0	3r_14b	3.0	14.0	bipolar		[7840, 1470, 3406]	[7840, 1420, 3404]
3294.4695333333334	2.0	trials	1.0	2.0	75.0	biphasic	4.0	100.0	1.0	10.0	-50.0	3r_14b	3.0	14.0	bipolar		[7840, 1470, 3406]	[7840, 1420, 3404]
3296.4715333333334	2.0	trials	1.0	2.0	75.0	biphasic	4.0	100.0	1.0	10.0	-50.0	3r_14b	3.0	14.0	bipolar		[7840, 1470, 3406]	[7840, 1420, 3404]
3298.4735333333333	2.0	trials	1.0	2.0	75.0	biphasic	4.0	100.0	1.0	10.0	-50.0	3r_14b	3.0	14.0	bipolar		[7840, 1470, 3406]	[7840, 1420, 3404]
3300.4755333333333	2.0	trials	1.0	2.0	75.0	biphasic	4.0	100.0	1.0	10.0	-50.0	3r_14b	3.0	14.0	bipolar		[7840, 1470, 3406]	[7840, 1420, 3404]
3302.477533333333	2.0	trials	1.0	2.0	75.0	biphasic	4.0	100.0	1.0	10.0	-50.0	3r_14b	3.0	14.0	bipolar		[7840, 1470, 3406]	[7840, 1420, 3404]
3304.479533333333	2.0	trials	1.0	2.0	75.0	biphasic	4.0	100.0	1.0	10.0	-50.0	3r_14b	3.0	14.0	bipolar		[7840, 1470, 3406]	[7840, 1420, 3404]
3306.4815	2.0	trials	1.0	2.0	75.0	biphasic	4.0	100.0	1.0	10.0	-50.0	3r_14b	3.0	14.0	bipolar		[7840, 1470, 3406]	[7840, 1420, 3404]
3308.4837153960752	2.0	trials	1.0	2.0	75.0	biphasic	4.0	100.0	1.0	10.0	-50.0	3r_14b	3.0	14.0	bipolar		[7840, 1470, 3406]	[7840, 1420, 3404]
3310.4855	2.0	trials	1.0	2.0	75.0	biphasic	4.0	100.0	1.0	10.0	-50.0	3r_14b	3.0	14.0	bipolar		[7840, 1470, 3406]	[7840, 1420, 3404]
3312.4875	2.0	trials	1.0	2.0	75.0	biphasic	4.0	100.0	1.0	10.0	-50.0	3r_14b	3.0	14.0	bipolar		[7840, 1470, 3406]	[7840, 1420, 3404]
3314.4895	2.0	trials	1.0	2.0	75.0	biphasic	4.0	100.0	1.0	10.0	-50.0	3r_14b	3.0	14.0	bipolar		[7840, 1470, 3406]	[7840, 1420, 3404]
3316.4915	2.0	trials	1.0	2.0	75.0	biphasic	4.0	100.0	1.0	10.0	-50.0	3r_14b	3.0	14.0	bipolar		[7840, 1470, 3406]	[7840, 1420, 3404]
3318.4935	2.0	trials	1.0	2.0	75.0	biphasic	4.0	100.0	1.0	10.0	-50.0	3r_14b	3.0	14.0	bipolar		[7840, 1470, 3406]	[7840, 1420, 3404]
3320.4955	2.0	trials	1.0	2.0	75.0	biphasic	4.0	100.0	1.0	10.0	-50.0	3r_14b	3.0	14.0	bipolar		[7840, 1470, 3406]	[7840, 1420, 3404]
3322.4975	2.0	trials	1.0	2.0	75.0	biphasic	4.0	100.0	1.0	10.0	-50.0	3r_14b	3.0	14.0	bipolar		[7840, 1470, 3406]	[7840, 1420, 3404]
3324.4995	2.0	trials	1.0	2.0	75.0	biphasic	4.0	100.0	1.0	10.0	-50.0	3r_14b	3.0	14.0	bipolar		[7840, 1470, 3406]	[7840, 1420, 3404]
3326.5015	2.0	trials	1.0	2.0	75.0	biphasic	4.0	100.0	1.0	10.0	-50.0	3r_14b	3.0	14.0	bipolar		[7840, 1470, 3406]	[7840, 1420, 3404]
3328.5032833005675	2.0	trials	1.0	2.0	75.0	biphasic	4.0	100.0	1.0	10.0	-50.0	3r_14b	3.0	14.0	bipolar		[7840, 1470, 3406]	[7840, 1420, 3404]
3330.5055	2.0	trials	1.0	2.0	75.0	biphasic	4.0	100.0	1.0	10.0	-50.0	3r_14b	3.0	14.0	bipolar		[7840, 1470, 3406]	[7840, 1420, 3404]
3332.5075	2.0	trials	1.0	2.0	75.0	biphasic	4.0	100.0	1.0	10.0	-50.0	3r_14b	3.0	14.0	bipolar		[7840, 1470, 3406]	[7840, 1420, 3404]
3334.509249576221	2.0	trials	1.0	2.0	75.0	biphasic	4.0	100.0	1.0	10.0	-50.0	3r_14b	3.0	14.0	bipolar		[7840, 1470, 3406]	[7840, 1420, 3404]
3336.511466666667	2.0	trials	1.0	2.0	75.0	biphasic	4.0	100.0	1.0	10.0	-50.0	3r_14b	3.0	14.0	bipolar		[7840, 1470, 3406]	[7840, 1420, 3404]
3338.513466666667	2.0	trials	1.0	2.0	75.0	biphasic	4.0	100.0	1.0	10.0	-50.0	3r_14b	3.0	14.0	bipolar		[7840, 1470, 3406]	[7840, 1420, 3404]
3340.5154666666667	2.0	trials	1.0	2.0	75.0	biphasic	4.0	100.0	1.0	10.0	-50.0	3r_14b	3.0	14.0	bipolar		[7840, 1470, 3406]	[7840, 1420, 3404]
3342.5174666666667	2.0	trials	1.0	2.0	75.0	biphasic	4.0	100.0	1.0	10.0	-50.0	3r_14b	3.0	14.0	bipolar		[7840, 1470, 3406]	[7840, 1420, 3404]
3344.519466666666	2.0	trials	1.0	2.0	75.0	biphasic	4.0	100.0	1.0	10.0	-50.0	3r_14b	3.0	14.0	bipolar		[7840, 1470, 3406]	[7840, 1420, 3404]
3346.5214666666666	2.0	trials	1.0	2.0	75.0	biphasic	4.0	100.0	1.0	10.0	-50.0	3r_14b	3.0	14.0	bipolar		[7840, 1470, 3406]	[7840, 1420, 3404]
3348.5234666666665	2.0	trials	1.0	2.0	75.0	biphasic	4.0	100.0	1.0	10.0	-50.0	3r_14b	3.0	14.0	bipolar		[7840, 1470, 3406]	[7840, 1420, 3404]
3350.5254666666665	2.0	trials	1.0	2.0	75.0	biphasic	4.0	100.0	1.0	10.0	-50.0	3r_14b	3.0	14.0	bipolar		[7840, 1470, 3406]	[7840, 1420, 3404]
3352.5274666666664	2.0	trials	1.0	2.0	75.0	biphasic	4.0	100.0	1.0	10.0	-50.0	3r_14b	3.0	14.0	bipolar		[7840, 1470, 3406]	[7840, 1420, 3404]
3354.5292482728355	2.0	trials	1.0	2.0	75.0	biphasic	4.0	100.0	1.0	10.0	-50.0	3r_14b	3.0	14.0	bipolar		[7840, 1470, 3406]	[7840, 1420, 3404]
3356.531466666667	2.0	trials	1.0	2.0	75.0	biphasic	4.0	100.0	1.0	10.0	-50.0	3r_14b	3.0	14.0	bipolar		[7840, 1470, 3406]	[7840, 1420, 3404]
3358.5334666666668	2.0	trials	1.0	2.0	75.0	biphasic	4.0	100.0	1.0	10.0	-50.0	3r_14b	3.0	14.0	bipolar		[7840, 1470, 3406]	[7840, 1420, 3404]
3360.5356521182066	2.0	trials	1.0	2.0	75.0	biphasic	4.0	100.0	1.0	10.0	-50.0	3r_14b	3.0	14.0	bipolar		[7840, 1470, 3406]	[7840, 1420, 3404]
3362.5374333333334	2.0	trials	1.0	2.0	75.0	biphasic	4.0	100.0	1.0	10.0	-50.0	3r_14b	3.0	14.0	bipolar		[7840, 1470, 3406]	[7840, 1420, 3404]
3364.5394333333334	2.0	trials	1.0	2.0	75.0	biphasic	4.0	100.0	1.0	10.0	-50.0	3r_14b	3.0	14.0	bipolar		[7840, 1470, 3406]	[7840, 1420, 3404]
3366.5414333333333	2.0	trials	1.0	2.0	75.0	biphasic	4.0	100.0	1.0	10.0	-50.0	3r_14b	3.0	14.0	bipolar		[7840, 1470, 3406]	[7840, 1420, 3404]
3368.5434333333333	2.0	trials	1.0	2.0	75.0	biphasic	4.0	100.0	1.0	10.0	-50.0	3r_14b	3.0	14.0	bipolar		[7840, 1470, 3406]	[7840, 1420, 3404]
3370.545433333333	2.0	trials	1.0	2.0	75.0	biphasic	4.0	100.0	1.0	10.0	-50.0	3r_14b	3.0	14.0	bipolar		[7840, 1470, 3406]	[7840, 1420, 3404]
3372.547433333333	2.0	trials	1.0	2.0	75.0	biphasic	4.0	100.0	1.0	10.0	-50.0	3r_14b	3.0	14.0	bipolar		[7840, 1470, 3406]	[7840, 1420, 3404]
3374.549433333333	2.0	trials	1.0	2.0	75.0	biphasic	4.0	100.0	1.0	10.0	-50.0	3r_14b	3.0	14.0	bipolar		[7840, 1470, 3406]	[7840, 1420, 3404]
3376.551433333333	2.0	trials	1.0	2.0	75.0	biphasic	4.0	100.0	1.0	10.0	-50.0	3r_14b	3.0	14.0	bipolar		[7840, 1470, 3406]	[7840, 1420, 3404]
3378.553433333333	2.0	trials	1.0	2.0	75.0	biphasic	4.0	100.0	1.0	10.0	-50.0	3r_14b	3.0	14.0	bipolar		[7840, 1470, 3406]	[7840, 1420, 3404]
3380.555653421592	2.0	trials	1.0	2.0	75.0	biphasic	4.0	100.0	1.0	10.0	-50.0	3r_14b	3.0	14.0	bipolar		[7840, 1470, 3406]	[7840, 1420, 3404]
3382.5574333333334	2.0	trials	1.0	2.0	75.0	biphasic	4.0	100.0	1.0	10.0	-50.0	3r_14b	3.0	14.0	bipolar		[7840, 1470, 3406]	[7840, 1420, 3404]
3384.5594333333333	2.0	trials	1.0	2.0	75.0	biphasic	4.0	100.0	1.0	10.0	-50.0	3r_14b	3.0	14.0	bipolar		[7840, 1470, 3406]	[7840, 1420, 3404]
3386.5614333333333	2.0	trials	1.0	2.0	75.0	biphasic	4.0	100.0	1.0	10.0	-50.0	3r_14b	3.0	14.0	bipolar		[7840, 1470, 3406]	[7840, 1420, 3404]
3388.5634	2.0	trials	1.0	2.0	75.0	biphasic	4.0	100.0	1.0	10.0	-50.0	3r_14b	3.0	14.0	bipolar		[7840, 1470, 3406]	[7840, 1420, 3404]
3390.5654	2.0	trials	1.0	2.0	75.0	biphasic	4.0	100.0	1.0	10.0	-50.0	3r_14b	3.0	14.0	bipolar		[7840, 1470, 3406]	[7840, 1420, 3404]
3392.5674	2.0	trials	1.0	2.0	75.0	biphasic	4.0	100.0	1.0	10.0	-50.0	3r_14b	3.0	14.0	bipolar		[7840, 1470, 3406]	[7840, 1420, 3404]
3394.5694	2.0	trials	1.0	2.0	75.0	biphasic	4.0	100.0	1.0	10.0	-50.0	3r_14b	3.0	14.0	bipolar		[7840, 1470, 3406]	[7840, 1420, 3404]
3396.5714	2.0	trials	1.0	2.0	75.0	biphasic	4.0	100.0	1.0	10.0	-50.0	3r_14b	3.0	14.0	bipolar		[7840, 1470, 3406]	[7840, 1420, 3404]
3398.5734	2.0	trials	1.0	2.0	75.0	biphasic	4.0	100.0	1.0	10.0	-50.0	3r_14b	3.0	14.0	bipolar		[7840, 1470, 3406]	[7840, 1420, 3404]
3400.575178608387	2.0	trials	1.0	2.0	75.0	biphasic	4.0	100.0	1.0	10.0	-50.0	3r_14b	3.0	14.0	bipolar		[7840, 1470, 3406]	[7840, 1420, 3404]
3402.5774	2.0	trials	1.0	2.0	75.0	biphasic	4.0	100.0	1.0	10.0	-50.0	3r_14b	3.0	14.0	bipolar		[7840, 1470, 3406]	[7840, 1420, 3404]
3404.5794	2.0	trials	1.0	2.0	75.0	biphasic	4.0	100.0	1.0	10.0	-50.0	3r_14b	3.0	14.0	bipolar		[7840, 1470, 3406]	[7840, 1420, 3404]
3406.5814	2.0	trials	1.0	2.0	75.0	biphasic	4.0	100.0	1.0	10.0	-50.0	3r_14b	3.0	14.0	bipolar		[7840, 1470, 3406]	[7840, 1420, 3404]
3408.5834	2.0	trials	1.0	2.0	75.0	biphasic	4.0	100.0	1.0	10.0	-50.0	3r_14b	3.0	14.0	bipolar		[7840, 1470, 3406]	[7840, 1420, 3404]
3410.5854	2.0	trials	1.0	2.0	75.0	biphasic	4.0	100.0	1.0	10.0	-50.0	3r_14b	3.0	14.0	bipolar		[7840, 1470, 3406]	[7840, 1420, 3404]
3412.5874	2.0	trials	1.0	2.0	75.0	biphasic	4.0	100.0	1.0	10.0	-50.0	3r_14b	3.0	14.0	bipolar		[7840, 1470, 3406]	[7840, 1420, 3404]
3414.5893666666666	2.0	trials	1.0	2.0	75.0	biphasic	4.0	100.0	1.0	10.0	-50.0	3r_14b	3.0	14.0	bipolar		[7840, 1470, 3406]	[7840, 1420, 3404]
3416.5913666666665	2.0	trials	1.0	2.0	75.0	biphasic	4.0	100.0	1.0	10.0	-50.0	3r_14b	3.0	14.0	bipolar		[7840, 1470, 3406]	[7840, 1420, 3404]
3418.5933666666665	2.0	trials	1.0	2.0	75.0	biphasic	4.0	100.0	1.0	10.0	-50.0	3r_14b	3.0	14.0	bipolar		[7840, 1470, 3406]	[7840, 1420, 3404]
3420.5953666666665	2.0	trials	1.0	2.0	75.0	biphasic	4.0	100.0	1.0	10.0	-50.0	3r_14b	3.0	14.0	bipolar		[7840, 1470, 3406]	[7840, 1420, 3404]
3422.597366666667	2.0	trials	1.0	2.0	75.0	biphasic	4.0	100.0	1.0	10.0	-50.0	3r_14b	3.0	14.0	bipolar		[7840, 1470, 3406]	[7840, 1420, 3404]
3424.599366666667	2.0	trials	1.0	2.0	75.0	biphasic	4.0	100.0	1.0	10.0	-50.0	3r_14b	3.0	14.0	bipolar		[7840, 1470, 3406]	[7840, 1420, 3404]
3426.601589752708	2.0	trials	1.0	2.0	75.0	biphasic	4.0	100.0	1.0	10.0	-50.0	3r_14b	3.0	14.0	bipolar		[7840, 1470, 3406]	[7840, 1420, 3404]
3428.6033666666667	2.0	trials	1.0	2.0	75.0	biphasic	4.0	100.0	1.0	10.0	-50.0	3r_14b	3.0	14.0	bipolar		[7840, 1470, 3406]	[7840, 1420, 3404]
3430.6053666666667	2.0	trials	1.0	2.0	75.0	biphasic	4.0	100.0	1.0	10.0	-50.0	3r_14b	3.0	14.0	bipolar		[7840, 1470, 3406]	[7840, 1420, 3404]
3432.6075901437234	2.0	trials	1.0	2.0	75.0	biphasic	4.0	100.0	1.0	10.0	-50.0	3r_14b	3.0	14.0	bipolar		[7840, 1470, 3406]	[7840, 1420, 3404]
3434.6093666666666	2.0	trials	1.0	2.0	75.0	biphasic	4.0	100.0	1.0	10.0	-50.0	3r_14b	3.0	14.0	bipolar		[7840, 1470, 3406]	[7840, 1420, 3404]
3436.6113666666665	2.0	trials	1.0	2.0	75.0	biphasic	4.0	100.0	1.0	10.0	-50.0	3r_14b	3.0	14.0	bipolar		[7840, 1470, 3406]	[7840, 1420, 3404]
3451.152433333333	2.0	trials	1.0	2.0	75.0	biphasic	5.0	100.0	1.0	10.0	50.0	3r_14b	3.0	14.0	bipolar		[7840, 1470, 3406]	[7840, 1420, 3404]
3453.154433333333	2.0	trials	1.0	2.0	75.0	biphasic	5.0	100.0	1.0	10.0	50.0	3r_14b	3.0	14.0	bipolar		[7840, 1470, 3406]	[7840, 1420, 3404]
3455.1564333333336	2.0	trials	1.0	2.0	75.0	biphasic	5.0	100.0	1.0	10.0	50.0	3r_14b	3.0	14.0	bipolar		[7840, 1470, 3406]	[7840, 1420, 3404]
3457.158433333333	2.0	trials	1.0	2.0	75.0	biphasic	5.0	100.0	1.0	10.0	50.0	3r_14b	3.0	14.0	bipolar		[7840, 1470, 3406]	[7840, 1420, 3404]
3459.160433333333	2.0	trials	1.0	2.0	75.0	biphasic	5.0	100.0	1.0	10.0	50.0	3r_14b	3.0	14.0	bipolar		[7840, 1470, 3406]	[7840, 1420, 3404]
3461.1621746639207	2.0	trials	1.0	2.0	75.0	biphasic	5.0	100.0	1.0	10.0	50.0	3r_14b	3.0	14.0	bipolar		[7840, 1470, 3406]	[7840, 1420, 3404]
3463.1644	2.0	trials	1.0	2.0	75.0	biphasic	5.0	100.0	1.0	10.0	50.0	3r_14b	3.0	14.0	bipolar		[7840, 1470, 3406]	[7840, 1420, 3404]
3465.1664	2.0	trials	1.0	2.0	75.0	biphasic	5.0	100.0	1.0	10.0	50.0	3r_14b	3.0	14.0	bipolar		[7840, 1470, 3406]	[7840, 1420, 3404]
3467.168625727124	2.0	trials	1.0	2.0	75.0	biphasic	5.0	100.0	1.0	10.0	50.0	3r_14b	3.0	14.0	bipolar		[7840, 1470, 3406]	[7840, 1420, 3404]
3469.1704	2.0	trials	1.0	2.0	75.0	biphasic	5.0	100.0	1.0	10.0	50.0	3r_14b	3.0	14.0	bipolar		[7840, 1470, 3406]	[7840, 1420, 3404]
3471.1724	2.0	trials	1.0	2.0	75.0	biphasic	5.0	100.0	1.0	10.0	50.0	3r_14b	3.0	14.0	bipolar		[7840, 1470, 3406]	[7840, 1420, 3404]
3473.1744	2.0	trials	1.0	2.0	75.0	biphasic	5.0	100.0	1.0	10.0	50.0	3r_14b	3.0	14.0	bipolar		[7840, 1470, 3406]	[7840, 1420, 3404]
3475.1764	2.0	trials	1.0	2.0	75.0	biphasic	5.0	100.0	1.0	10.0	50.0	3r_14b	3.0	14.0	bipolar		[7840, 1470, 3406]	[7840, 1420, 3404]
3477.1784	2.0	trials	1.0	2.0	75.0	biphasic	5.0	100.0	1.0	10.0	50.0	3r_14b	3.0	14.0	bipolar		[7840, 1470, 3406]	[7840, 1420, 3404]
3479.1804	2.0	trials	1.0	2.0	75.0	biphasic	5.0	100.0	1.0	10.0	50.0	3r_14b	3.0	14.0	bipolar		[7840, 1470, 3406]	[7840, 1420, 3404]
3481.1824	2.0	trials	1.0	2.0	75.0	biphasic	5.0	100.0	1.0	10.0	50.0	3r_14b	3.0	14.0	bipolar		[7840, 1470, 3406]	[7840, 1420, 3404]
3483.1844	2.0	trials	1.0	2.0	75.0	biphasic	5.0	100.0	1.0	10.0	50.0	3r_14b	3.0	14.0	bipolar		[7840, 1470, 3406]	[7840, 1420, 3404]
3485.1864	2.0	trials	1.0	2.0	75.0	biphasic	5.0	100.0	1.0	10.0	50.0	3r_14b	3.0	14.0	bipolar		[7840, 1470, 3406]	[7840, 1420, 3404]
3487.1884	2.0	trials	1.0	2.0	75.0	biphasic	5.0	100.0	1.0	10.0	50.0	3r_14b	3.0	14.0	bipolar		[7840, 1470, 3406]	[7840, 1420, 3404]
3489.1903666666667	2.0	trials	1.0	2.0	75.0	biphasic	5.0	100.0	1.0	10.0	50.0	3r_14b	3.0	14.0	bipolar		[7840, 1470, 3406]	[7840, 1420, 3404]
3491.1923666666667	2.0	trials	1.0	2.0	75.0	biphasic	5.0	100.0	1.0	10.0	50.0	3r_14b	3.0	14.0	bipolar		[7840, 1470, 3406]	[7840, 1420, 3404]
3493.1943666666666	2.0	trials	1.0	2.0	75.0	biphasic	5.0	100.0	1.0	10.0	50.0	3r_14b	3.0	14.0	bipolar		[7840, 1470, 3406]	[7840, 1420, 3404]
3495.1963666666666	2.0	trials	1.0	2.0	75.0	biphasic	5.0	100.0	1.0	10.0	50.0	3r_14b	3.0	14.0	bipolar		[7840, 1470, 3406]	[7840, 1420, 3404]
3497.1983666666665	2.0	trials	1.0	2.0	75.0	biphasic	5.0	100.0	1.0	10.0	50.0	3r_14b	3.0	14.0	bipolar		[7840, 1470, 3406]	[7840, 1420, 3404]
3499.2003666666665	2.0	trials	1.0	2.0	75.0	biphasic	5.0	100.0	1.0	10.0	50.0	3r_14b	3.0	14.0	bipolar		[7840, 1470, 3406]	[7840, 1420, 3404]
3501.202366666667	2.0	trials	1.0	2.0	75.0	biphasic	5.0	100.0	1.0	10.0	50.0	3r_14b	3.0	14.0	bipolar		[7840, 1470, 3406]	[7840, 1420, 3404]
3503.204366666667	2.0	trials	1.0	2.0	75.0	biphasic	5.0	100.0	1.0	10.0	50.0	3r_14b	3.0	14.0	bipolar		[7840, 1470, 3406]	[7840, 1420, 3404]
3505.206366666667	2.0	trials	1.0	2.0	75.0	biphasic	5.0	100.0	1.0	10.0	50.0	3r_14b	3.0	14.0	bipolar		[7840, 1470, 3406]	[7840, 1420, 3404]
3507.2083666666667	2.0	trials	1.0	2.0	75.0	biphasic	5.0	100.0	1.0	10.0	50.0	3r_14b	3.0	14.0	bipolar		[7840, 1470, 3406]	[7840, 1420, 3404]
3509.2103666666667	2.0	trials	1.0	2.0	75.0	biphasic	5.0	100.0	1.0	10.0	50.0	3r_14b	3.0	14.0	bipolar		[7840, 1470, 3406]	[7840, 1420, 3404]
3511.212366666666	2.0	trials	1.0	2.0	75.0	biphasic	5.0	100.0	1.0	10.0	50.0	3r_14b	3.0	14.0	bipolar		[7840, 1470, 3406]	[7840, 1420, 3404]
3513.2143666666666	2.0	trials	1.0	2.0	75.0	biphasic	5.0	100.0	1.0	10.0	50.0	3r_14b	3.0	14.0	bipolar		[7840, 1470, 3406]	[7840, 1420, 3404]
3515.2163333333333	2.0	trials	1.0	2.0	75.0	biphasic	5.0	100.0	1.0	10.0	50.0	3r_14b	3.0	14.0	bipolar		[7840, 1470, 3406]	[7840, 1420, 3404]
3517.218333333333	2.0	trials	1.0	2.0	75.0	biphasic	5.0	100.0	1.0	10.0	50.0	3r_14b	3.0	14.0	bipolar		[7840, 1470, 3406]	[7840, 1420, 3404]
3519.220333333333	2.0	trials	1.0	2.0	75.0	biphasic	5.0	100.0	1.0	10.0	50.0	3r_14b	3.0	14.0	bipolar		[7840, 1470, 3406]	[7840, 1420, 3404]
3521.222333333333	2.0	trials	1.0	2.0	75.0	biphasic	5.0	100.0	1.0	10.0	50.0	3r_14b	3.0	14.0	bipolar		[7840, 1470, 3406]	[7840, 1420, 3404]
3523.224333333333	2.0	trials	1.0	2.0	75.0	biphasic	5.0	100.0	1.0	10.0	50.0	3r_14b	3.0	14.0	bipolar		[7840, 1470, 3406]	[7840, 1420, 3404]
3525.226333333333	2.0	trials	1.0	2.0	75.0	biphasic	5.0	100.0	1.0	10.0	50.0	3r_14b	3.0	14.0	bipolar		[7840, 1470, 3406]	[7840, 1420, 3404]
3527.228333333333	2.0	trials	1.0	2.0	75.0	biphasic	5.0	100.0	1.0	10.0	50.0	3r_14b	3.0	14.0	bipolar		[7840, 1470, 3406]	[7840, 1420, 3404]
3529.2303333333334	2.0	trials	1.0	2.0	75.0	biphasic	5.0	100.0	1.0	10.0	50.0	3r_14b	3.0	14.0	bipolar		[7840, 1470, 3406]	[7840, 1420, 3404]
3531.2323333333334	2.0	trials	1.0	2.0	75.0	biphasic	5.0	100.0	1.0	10.0	50.0	3r_14b	3.0	14.0	bipolar		[7840, 1470, 3406]	[7840, 1420, 3404]
3533.234563361625	2.0	trials	1.0	2.0	75.0	biphasic	5.0	100.0	1.0	10.0	50.0	3r_14b	3.0	14.0	bipolar		[7840, 1470, 3406]	[7840, 1420, 3404]
3535.2363333333333	2.0	trials	1.0	2.0	75.0	biphasic	5.0	100.0	1.0	10.0	50.0	3r_14b	3.0	14.0	bipolar		[7840, 1470, 3406]	[7840, 1420, 3404]
3537.238333333333	2.0	trials	1.0	2.0	75.0	biphasic	5.0	100.0	1.0	10.0	50.0	3r_14b	3.0	14.0	bipolar		[7840, 1470, 3406]	[7840, 1420, 3404]
3539.240333333333	2.0	trials	1.0	2.0	75.0	biphasic	5.0	100.0	1.0	10.0	50.0	3r_14b	3.0	14.0	bipolar		[7840, 1470, 3406]	[7840, 1420, 3404]
3541.242333333333	2.0	trials	1.0	2.0	75.0	biphasic	5.0	100.0	1.0	10.0	50.0	3r_14b	3.0	14.0	bipolar		[7840, 1470, 3406]	[7840, 1420, 3404]
3543.2443	2.0	trials	1.0	2.0	75.0	biphasic	5.0	100.0	1.0	10.0	50.0	3r_14b	3.0	14.0	bipolar		[7840, 1470, 3406]	[7840, 1420, 3404]
3545.2463	2.0	trials	1.0	2.0	75.0	biphasic	5.0	100.0	1.0	10.0	50.0	3r_14b	3.0	14.0	bipolar		[7840, 1470, 3406]	[7840, 1420, 3404]
3547.2483	2.0	trials	1.0	2.0	75.0	biphasic	5.0	100.0	1.0	10.0	50.0	3r_14b	3.0	14.0	bipolar		[7840, 1470, 3406]	[7840, 1420, 3404]
3549.2503	2.0	trials	1.0	2.0	75.0	biphasic	5.0	100.0	1.0	10.0	50.0	3r_14b	3.0	14.0	bipolar		[7840, 1470, 3406]	[7840, 1420, 3404]
3551.2523	2.0	trials	1.0	2.0	75.0	biphasic	5.0	100.0	1.0	10.0	50.0	3r_14b	3.0	14.0	bipolar		[7840, 1470, 3406]	[7840, 1420, 3404]
3553.2543	2.0	trials	1.0	2.0	75.0	biphasic	5.0	100.0	1.0	10.0	50.0	3r_14b	3.0	14.0	bipolar		[7840, 1470, 3406]	[7840, 1420, 3404]
3555.2563	2.0	trials	1.0	2.0	75.0	biphasic	5.0	100.0	1.0	10.0	50.0	3r_14b	3.0	14.0	bipolar		[7840, 1470, 3406]	[7840, 1420, 3404]
3557.2583	2.0	trials	1.0	2.0	75.0	biphasic	5.0	100.0	1.0	10.0	50.0	3r_14b	3.0	14.0	bipolar		[7840, 1470, 3406]	[7840, 1420, 3404]
3559.2603	2.0	trials	1.0	2.0	75.0	biphasic	5.0	100.0	1.0	10.0	50.0	3r_14b	3.0	14.0	bipolar		[7840, 1470, 3406]	[7840, 1420, 3404]
3561.2623	2.0	trials	1.0	2.0	75.0	biphasic	5.0	100.0	1.0	10.0	50.0	3r_14b	3.0	14.0	bipolar		[7840, 1470, 3406]	[7840, 1420, 3404]
3563.2643	2.0	trials	1.0	2.0	75.0	biphasic	5.0	100.0	1.0	10.0	50.0	3r_14b	3.0	14.0	bipolar		[7840, 1470, 3406]	[7840, 1420, 3404]
3565.2663	2.0	trials	1.0	2.0	75.0	biphasic	5.0	100.0	1.0	10.0	50.0	3r_14b	3.0	14.0	bipolar		[7840, 1470, 3406]	[7840, 1420, 3404]
3567.2683	2.0	trials	1.0	2.0	75.0	biphasic	5.0	100.0	1.0	10.0	50.0	3r_14b	3.0	14.0	bipolar		[7840, 1470, 3406]	[7840, 1420, 3404]
3569.270266666667	2.0	trials	1.0	2.0	75.0	biphasic	5.0	100.0	1.0	10.0	50.0	3r_14b	3.0	14.0	bipolar		[7840, 1470, 3406]	[7840, 1420, 3404]
3571.272266666667	2.0	trials	1.0	2.0	75.0	biphasic	5.0	100.0	1.0	10.0	50.0	3r_14b	3.0	14.0	bipolar		[7840, 1470, 3406]	[7840, 1420, 3404]
3573.274266666667	2.0	trials	1.0	2.0	75.0	biphasic	5.0	100.0	1.0	10.0	50.0	3r_14b	3.0	14.0	bipolar		[7840, 1470, 3406]	[7840, 1420, 3404]
3575.2762666666667	2.0	trials	1.0	2.0	75.0	biphasic	5.0	100.0	1.0	10.0	50.0	3r_14b	3.0	14.0	bipolar		[7840, 1470, 3406]	[7840, 1420, 3404]
3577.2782666666667	2.0	trials	1.0	2.0	75.0	biphasic	5.0	100.0	1.0	10.0	50.0	3r_14b	3.0	14.0	bipolar		[7840, 1470, 3406]	[7840, 1420, 3404]
3579.280266666666	2.0	trials	1.0	2.0	75.0	biphasic	5.0	100.0	1.0	10.0	50.0	3r_14b	3.0	14.0	bipolar		[7840, 1470, 3406]	[7840, 1420, 3404]
3581.2822666666666	2.0	trials	1.0	2.0	75.0	biphasic	5.0	100.0	1.0	10.0	50.0	3r_14b	3.0	14.0	bipolar		[7840, 1470, 3406]	[7840, 1420, 3404]
3583.2842666666666	2.0	trials	1.0	2.0	75.0	biphasic	5.0	100.0	1.0	10.0	50.0	3r_14b	3.0	14.0	bipolar		[7840, 1470, 3406]	[7840, 1420, 3404]
3585.2862666666665	2.0	trials	1.0	2.0	75.0	biphasic	5.0	100.0	1.0	10.0	50.0	3r_14b	3.0	14.0	bipolar		[7840, 1470, 3406]	[7840, 1420, 3404]
3587.2882666666665	2.0	trials	1.0	2.0	75.0	biphasic	5.0	100.0	1.0	10.0	50.0	3r_14b	3.0	14.0	bipolar		[7840, 1470, 3406]	[7840, 1420, 3404]
3589.290266666667	2.0	trials	1.0	2.0	75.0	biphasic	5.0	100.0	1.0	10.0	50.0	3r_14b	3.0	14.0	bipolar		[7840, 1470, 3406]	[7840, 1420, 3404]
3591.292266666667	2.0	trials	1.0	2.0	75.0	biphasic	5.0	100.0	1.0	10.0	50.0	3r_14b	3.0	14.0	bipolar		[7840, 1470, 3406]	[7840, 1420, 3404]
3593.2942666666668	2.0	trials	1.0	2.0	75.0	biphasic	5.0	100.0	1.0	10.0	50.0	3r_14b	3.0	14.0	bipolar		[7840, 1470, 3406]	[7840, 1420, 3404]
3595.2962666666667	2.0	trials	1.0	2.0	75.0	biphasic	5.0	100.0	1.0	10.0	50.0	3r_14b	3.0	14.0	bipolar		[7840, 1470, 3406]	[7840, 1420, 3404]
3597.298233333333	2.0	trials	1.0	2.0	75.0	biphasic	5.0	100.0	1.0	10.0	50.0	3r_14b	3.0	14.0	bipolar		[7840, 1470, 3406]	[7840, 1420, 3404]
3599.3002333333334	2.0	trials	1.0	2.0	75.0	biphasic	5.0	100.0	1.0	10.0	50.0	3r_14b	3.0	14.0	bipolar		[7840, 1470, 3406]	[7840, 1420, 3404]
3633.508433333333	2.0	trials	1.0	2.0	75.0	biphasic	6.0	50.0	1.0	10.0	-25.0	3r_14b	3.0	14.0	bipolar		[7840, 1470, 3406]	[7840, 1420, 3404]
3635.510433333333	2.0	trials	1.0	2.0	75.0	biphasic	6.0	50.0	1.0	10.0	-25.0	3r_14b	3.0	14.0	bipolar		[7840, 1470, 3406]	[7840, 1420, 3404]
3637.512433333333	2.0	trials	1.0	2.0	75.0	biphasic	6.0	50.0	1.0	10.0	-25.0	3r_14b	3.0	14.0	bipolar		[7840, 1470, 3406]	[7840, 1420, 3404]
3639.514433333333	2.0	trials	1.0	2.0	75.0	biphasic	6.0	50.0	1.0	10.0	-25.0	3r_14b	3.0	14.0	bipolar		[7840, 1470, 3406]	[7840, 1420, 3404]
3641.516433333333	2.0	trials	1.0	2.0	75.0	biphasic	6.0	50.0	1.0	10.0	-25.0	3r_14b	3.0	14.0	bipolar		[7840, 1470, 3406]	[7840, 1420, 3404]
3643.518433333333	2.0	trials	1.0	2.0	75.0	biphasic	6.0	50.0	1.0	10.0	-25.0	3r_14b	3.0	14.0	bipolar		[7840, 1470, 3406]	[7840, 1420, 3404]
3645.520433333333	2.0	trials	1.0	2.0	75.0	biphasic	6.0	50.0	1.0	10.0	-25.0	3r_14b	3.0	14.0	bipolar		[7840, 1470, 3406]	[7840, 1420, 3404]
3647.5224	2.0	trials	1.0	2.0	75.0	biphasic	6.0	50.0	1.0	10.0	-25.0	3r_14b	3.0	14.0	bipolar		[7840, 1470, 3406]	[7840, 1420, 3404]
3649.5244	2.0	trials	1.0	2.0	75.0	biphasic	6.0	50.0	1.0	10.0	-25.0	3r_14b	3.0	14.0	bipolar		[7840, 1470, 3406]	[7840, 1420, 3404]
3651.5264	2.0	trials	1.0	2.0	75.0	biphasic	6.0	50.0	1.0	10.0	-25.0	3r_14b	3.0	14.0	bipolar		[7840, 1470, 3406]	[7840, 1420, 3404]
3653.5284	2.0	trials	1.0	2.0	75.0	biphasic	6.0	50.0	1.0	10.0	-25.0	3r_14b	3.0	14.0	bipolar		[7840, 1470, 3406]	[7840, 1420, 3404]
3655.5304	2.0	trials	1.0	2.0	75.0	biphasic	6.0	50.0	1.0	10.0	-25.0	3r_14b	3.0	14.0	bipolar		[7840, 1470, 3406]	[7840, 1420, 3404]
3657.5324	2.0	trials	1.0	2.0	75.0	biphasic	6.0	50.0	1.0	10.0	-25.0	3r_14b	3.0	14.0	bipolar		[7840, 1470, 3406]	[7840, 1420, 3404]
3659.5344	2.0	trials	1.0	2.0	75.0	biphasic	6.0	50.0	1.0	10.0	-25.0	3r_14b	3.0	14.0	bipolar		[7840, 1470, 3406]	[7840, 1420, 3404]
3661.5364	2.0	trials	1.0	2.0	75.0	biphasic	6.0	50.0	1.0	10.0	-25.0	3r_14b	3.0	14.0	bipolar		[7840, 1470, 3406]	[7840, 1420, 3404]
3663.5384	2.0	trials	1.0	2.0	75.0	biphasic	6.0	50.0	1.0	10.0	-25.0	3r_14b	3.0	14.0	bipolar		[7840, 1470, 3406]	[7840, 1420, 3404]
3665.5404	2.0	trials	1.0	2.0	75.0	biphasic	6.0	50.0	1.0	10.0	-25.0	3r_14b	3.0	14.0	bipolar		[7840, 1470, 3406]	[7840, 1420, 3404]
3667.5424	2.0	trials	1.0	2.0	75.0	biphasic	6.0	50.0	1.0	10.0	-25.0	3r_14b	3.0	14.0	bipolar		[7840, 1470, 3406]	[7840, 1420, 3404]
3669.5444	2.0	trials	1.0	2.0	75.0	biphasic	6.0	50.0	1.0	10.0	-25.0	3r_14b	3.0	14.0	bipolar		[7840, 1470, 3406]	[7840, 1420, 3404]
3671.5464	2.0	trials	1.0	2.0	75.0	biphasic	6.0	50.0	1.0	10.0	-25.0	3r_14b	3.0	14.0	bipolar		[7840, 1470, 3406]	[7840, 1420, 3404]
3673.548366666667	2.0	trials	1.0	2.0	75.0	biphasic	6.0	50.0	1.0	10.0	-25.0	3r_14b	3.0	14.0	bipolar		[7840, 1470, 3406]	[7840, 1420, 3404]
3675.550366666667	2.0	trials	1.0	2.0	75.0	biphasic	6.0	50.0	1.0	10.0	-25.0	3r_14b	3.0	14.0	bipolar		[7840, 1470, 3406]	[7840, 1420, 3404]
3677.552606090665	2.0	trials	1.0	2.0	75.0	biphasic	6.0	50.0	1.0	10.0	-25.0	3r_14b	3.0	14.0	bipolar		[7840, 1470, 3406]	[7840, 1420, 3404]
3679.5543666666663	2.0	trials	1.0	2.0	75.0	biphasic	6.0	50.0	1.0	10.0	-25.0	3r_14b	3.0	14.0	bipolar		[7840, 1470, 3406]	[7840, 1420, 3404]
3681.5563666666662	2.0	trials	1.0	2.0	75.0	biphasic	6.0	50.0	1.0	10.0	-25.0	3r_14b	3.0	14.0	bipolar		[7840, 1470, 3406]	[7840, 1420, 3404]
3683.558366666666	2.0	trials	1.0	2.0	75.0	biphasic	6.0	50.0	1.0	10.0	-25.0	3r_14b	3.0	14.0	bipolar		[7840, 1470, 3406]	[7840, 1420, 3404]
3685.5603666666666	2.0	trials	1.0	2.0	75.0	biphasic	6.0	50.0	1.0	10.0	-25.0	3r_14b	3.0	14.0	bipolar		[7840, 1470, 3406]	[7840, 1420, 3404]
3687.5623666666665	2.0	trials	1.0	2.0	75.0	biphasic	6.0	50.0	1.0	10.0	-25.0	3r_14b	3.0	14.0	bipolar		[7840, 1470, 3406]	[7840, 1420, 3404]
3689.5643666666665	2.0	trials	1.0	2.0	75.0	biphasic	6.0	50.0	1.0	10.0	-25.0	3r_14b	3.0	14.0	bipolar		[7840, 1470, 3406]	[7840, 1420, 3404]
3691.5663666666665	2.0	trials	1.0	2.0	75.0	biphasic	6.0	50.0	1.0	10.0	-25.0	3r_14b	3.0	14.0	bipolar		[7840, 1470, 3406]	[7840, 1420, 3404]
3693.568366666667	2.0	trials	1.0	2.0	75.0	biphasic	6.0	50.0	1.0	10.0	-25.0	3r_14b	3.0	14.0	bipolar		[7840, 1470, 3406]	[7840, 1420, 3404]
3695.570366666667	2.0	trials	1.0	2.0	75.0	biphasic	6.0	50.0	1.0	10.0	-25.0	3r_14b	3.0	14.0	bipolar		[7840, 1470, 3406]	[7840, 1420, 3404]
3697.5723666666663	2.0	trials	1.0	2.0	75.0	biphasic	6.0	50.0	1.0	10.0	-25.0	3r_14b	3.0	14.0	bipolar		[7840, 1470, 3406]	[7840, 1420, 3404]
3699.5743666666663	2.0	trials	1.0	2.0	75.0	biphasic	6.0	50.0	1.0	10.0	-25.0	3r_14b	3.0	14.0	bipolar		[7840, 1470, 3406]	[7840, 1420, 3404]
3701.576333333333	2.0	trials	1.0	2.0	75.0	biphasic	6.0	50.0	1.0	10.0	-25.0	3r_14b	3.0	14.0	bipolar		[7840, 1470, 3406]	[7840, 1420, 3404]
3703.578333333333	2.0	trials	1.0	2.0	75.0	biphasic	6.0	50.0	1.0	10.0	-25.0	3r_14b	3.0	14.0	bipolar		[7840, 1470, 3406]	[7840, 1420, 3404]
3705.580333333333	2.0	trials	1.0	2.0	75.0	biphasic	6.0	50.0	1.0	10.0	-25.0	3r_14b	3.0	14.0	bipolar		[7840, 1470, 3406]	[7840, 1420, 3404]
3707.582333333333	2.0	trials	1.0	2.0	75.0	biphasic	6.0	50.0	1.0	10.0	-25.0	3r_14b	3.0	14.0	bipolar		[7840, 1470, 3406]	[7840, 1420, 3404]
3709.584333333333	2.0	trials	1.0	2.0	75.0	biphasic	6.0	50.0	1.0	10.0	-25.0	3r_14b	3.0	14.0	bipolar		[7840, 1470, 3406]	[7840, 1420, 3404]
3711.586333333333	2.0	trials	1.0	2.0	75.0	biphasic	6.0	50.0	1.0	10.0	-25.0	3r_14b	3.0	14.0	bipolar		[7840, 1470, 3406]	[7840, 1420, 3404]
3713.588333333333	2.0	trials	1.0	2.0	75.0	biphasic	6.0	50.0	1.0	10.0	-25.0	3r_14b	3.0	14.0	bipolar		[7840, 1470, 3406]	[7840, 1420, 3404]
3715.5903333333335	2.0	trials	1.0	2.0	75.0	biphasic	6.0	50.0	1.0	10.0	-25.0	3r_14b	3.0	14.0	bipolar		[7840, 1470, 3406]	[7840, 1420, 3404]
3717.5923333333335	2.0	trials	1.0	2.0	75.0	biphasic	6.0	50.0	1.0	10.0	-25.0	3r_14b	3.0	14.0	bipolar		[7840, 1470, 3406]	[7840, 1420, 3404]
3719.5943333333335	2.0	trials	1.0	2.0	75.0	biphasic	6.0	50.0	1.0	10.0	-25.0	3r_14b	3.0	14.0	bipolar		[7840, 1470, 3406]	[7840, 1420, 3404]
3721.596333333333	2.0	trials	1.0	2.0	75.0	biphasic	6.0	50.0	1.0	10.0	-25.0	3r_14b	3.0	14.0	bipolar		[7840, 1470, 3406]	[7840, 1420, 3404]
3723.598333333333	2.0	trials	1.0	2.0	75.0	biphasic	6.0	50.0	1.0	10.0	-25.0	3r_14b	3.0	14.0	bipolar		[7840, 1470, 3406]	[7840, 1420, 3404]
3725.600333333333	2.0	trials	1.0	2.0	75.0	biphasic	6.0	50.0	1.0	10.0	-25.0	3r_14b	3.0	14.0	bipolar		[7840, 1470, 3406]	[7840, 1420, 3404]
3727.602333333333	2.0	trials	1.0	2.0	75.0	biphasic	6.0	50.0	1.0	10.0	-25.0	3r_14b	3.0	14.0	bipolar		[7840, 1470, 3406]	[7840, 1420, 3404]
3729.6043	2.0	trials	1.0	2.0	75.0	biphasic	6.0	50.0	1.0	10.0	-25.0	3r_14b	3.0	14.0	bipolar		[7840, 1470, 3406]	[7840, 1420, 3404]
3731.6063	2.0	trials	1.0	2.0	75.0	biphasic	6.0	50.0	1.0	10.0	-25.0	3r_14b	3.0	14.0	bipolar		[7840, 1470, 3406]	[7840, 1420, 3404]
3733.6083	2.0	trials	1.0	2.0	75.0	biphasic	6.0	50.0	1.0	10.0	-25.0	3r_14b	3.0	14.0	bipolar		[7840, 1470, 3406]	[7840, 1420, 3404]
3735.6103	2.0	trials	1.0	2.0	75.0	biphasic	6.0	50.0	1.0	10.0	-25.0	3r_14b	3.0	14.0	bipolar		[7840, 1470, 3406]	[7840, 1420, 3404]
3737.6123	2.0	trials	1.0	2.0	75.0	biphasic	6.0	50.0	1.0	10.0	-25.0	3r_14b	3.0	14.0	bipolar		[7840, 1470, 3406]	[7840, 1420, 3404]
3739.6143	2.0	trials	1.0	2.0	75.0	biphasic	6.0	50.0	1.0	10.0	-25.0	3r_14b	3.0	14.0	bipolar		[7840, 1470, 3406]	[7840, 1420, 3404]
3741.6163	2.0	trials	1.0	2.0	75.0	biphasic	6.0	50.0	1.0	10.0	-25.0	3r_14b	3.0	14.0	bipolar		[7840, 1470, 3406]	[7840, 1420, 3404]
3743.6183	2.0	trials	1.0	2.0	75.0	biphasic	6.0	50.0	1.0	10.0	-25.0	3r_14b	3.0	14.0	bipolar		[7840, 1470, 3406]	[7840, 1420, 3404]
3745.6203	2.0	trials	1.0	2.0	75.0	biphasic	6.0	50.0	1.0	10.0	-25.0	3r_14b	3.0	14.0	bipolar		[7840, 1470, 3406]	[7840, 1420, 3404]
3747.6223	2.0	trials	1.0	2.0	75.0	biphasic	6.0	50.0	1.0	10.0	-25.0	3r_14b	3.0	14.0	bipolar		[7840, 1470, 3406]	[7840, 1420, 3404]
3749.6243	2.0	trials	1.0	2.0	75.0	biphasic	6.0	50.0	1.0	10.0	-25.0	3r_14b	3.0	14.0	bipolar		[7840, 1470, 3406]	[7840, 1420, 3404]
3751.6263	2.0	trials	1.0	2.0	75.0	biphasic	6.0	50.0	1.0	10.0	-25.0	3r_14b	3.0	14.0	bipolar		[7840, 1470, 3406]	[7840, 1420, 3404]
3753.6283	2.0	trials	1.0	2.0	75.0	biphasic	6.0	50.0	1.0	10.0	-25.0	3r_14b	3.0	14.0	bipolar		[7840, 1470, 3406]	[7840, 1420, 3404]
3755.6302666666666	2.0	trials	1.0	2.0	75.0	biphasic	6.0	50.0	1.0	10.0	-25.0	3r_14b	3.0	14.0	bipolar		[7840, 1470, 3406]	[7840, 1420, 3404]
3757.6322666666665	2.0	trials	1.0	2.0	75.0	biphasic	6.0	50.0	1.0	10.0	-25.0	3r_14b	3.0	14.0	bipolar		[7840, 1470, 3406]	[7840, 1420, 3404]
3759.6342666666665	2.0	trials	1.0	2.0	75.0	biphasic	6.0	50.0	1.0	10.0	-25.0	3r_14b	3.0	14.0	bipolar		[7840, 1470, 3406]	[7840, 1420, 3404]
3761.636266666667	2.0	trials	1.0	2.0	75.0	biphasic	6.0	50.0	1.0	10.0	-25.0	3r_14b	3.0	14.0	bipolar		[7840, 1470, 3406]	[7840, 1420, 3404]
3763.638266666667	2.0	trials	1.0	2.0	75.0	biphasic	6.0	50.0	1.0	10.0	-25.0	3r_14b	3.0	14.0	bipolar		[7840, 1470, 3406]	[7840, 1420, 3404]
3765.640266666667	2.0	trials	1.0	2.0	75.0	biphasic	6.0	50.0	1.0	10.0	-25.0	3r_14b	3.0	14.0	bipolar		[7840, 1470, 3406]	[7840, 1420, 3404]
3767.6422666666663	2.0	trials	1.0	2.0	75.0	biphasic	6.0	50.0	1.0	10.0	-25.0	3r_14b	3.0	14.0	bipolar		[7840, 1470, 3406]	[7840, 1420, 3404]
3769.644266666666	2.0	trials	1.0	2.0	75.0	biphasic	6.0	50.0	1.0	10.0	-25.0	3r_14b	3.0	14.0	bipolar		[7840, 1470, 3406]	[7840, 1420, 3404]
3771.646266666666	2.0	trials	1.0	2.0	75.0	biphasic	6.0	50.0	1.0	10.0	-25.0	3r_14b	3.0	14.0	bipolar		[7840, 1470, 3406]	[7840, 1420, 3404]
3773.6482666666666	2.0	trials	1.0	2.0	75.0	biphasic	6.0	50.0	1.0	10.0	-25.0	3r_14b	3.0	14.0	bipolar		[7840, 1470, 3406]	[7840, 1420, 3404]
3775.6502666666665	2.0	trials	1.0	2.0	75.0	biphasic	6.0	50.0	1.0	10.0	-25.0	3r_14b	3.0	14.0	bipolar		[7840, 1470, 3406]	[7840, 1420, 3404]
3777.6522666666665	2.0	trials	1.0	2.0	75.0	biphasic	6.0	50.0	1.0	10.0	-25.0	3r_14b	3.0	14.0	bipolar		[7840, 1470, 3406]	[7840, 1420, 3404]
3779.6542666666655	2.0	trials	1.0	2.0	75.0	biphasic	6.0	50.0	1.0	10.0	-25.0	3r_14b	3.0	14.0	bipolar		[7840, 1470, 3406]	[7840, 1420, 3404]
3781.656266666667	2.0	trials	1.0	2.0	75.0	biphasic	6.0	50.0	1.0	10.0	-25.0	3r_14b	3.0	14.0	bipolar		[7840, 1470, 3406]	[7840, 1420, 3404]
3822.9421333333335	2.0	trials	1.0	2.0	75.0	biphasic	7.0	50.0	1.0	10.0	-50.0	3r_14b	3.0	14.0	bipolar		[7840, 1470, 3406]	[7840, 1420, 3404]
3824.944133333333	2.0	trials	1.0	2.0	75.0	biphasic	7.0	50.0	1.0	10.0	-50.0	3r_14b	3.0	14.0	bipolar		[7840, 1470, 3406]	[7840, 1420, 3404]
3826.9461	2.0	trials	1.0	2.0	75.0	biphasic	7.0	50.0	1.0	10.0	-50.0	3r_14b	3.0	14.0	bipolar		[7840, 1470, 3406]	[7840, 1420, 3404]
3828.9481	2.0	trials	1.0	2.0	75.0	biphasic	7.0	50.0	1.0	10.0	-50.0	3r_14b	3.0	14.0	bipolar		[7840, 1470, 3406]	[7840, 1420, 3404]
3830.9501	2.0	trials	1.0	2.0	75.0	biphasic	7.0	50.0	1.0	10.0	-50.0	3r_14b	3.0	14.0	bipolar		[7840, 1470, 3406]	[7840, 1420, 3404]
3832.9521	2.0	trials	1.0	2.0	75.0	biphasic	7.0	50.0	1.0	10.0	-50.0	3r_14b	3.0	14.0	bipolar		[7840, 1470, 3406]	[7840, 1420, 3404]
3834.9541	2.0	trials	1.0	2.0	75.0	biphasic	7.0	50.0	1.0	10.0	-50.0	3r_14b	3.0	14.0	bipolar		[7840, 1470, 3406]	[7840, 1420, 3404]
3836.9561	2.0	trials	1.0	2.0	75.0	biphasic	7.0	50.0	1.0	10.0	-50.0	3r_14b	3.0	14.0	bipolar		[7840, 1470, 3406]	[7840, 1420, 3404]
3838.9581	2.0	trials	1.0	2.0	75.0	biphasic	7.0	50.0	1.0	10.0	-50.0	3r_14b	3.0	14.0	bipolar		[7840, 1470, 3406]	[7840, 1420, 3404]
3840.9601	2.0	trials	1.0	2.0	75.0	biphasic	7.0	50.0	1.0	10.0	-50.0	3r_14b	3.0	14.0	bipolar		[7840, 1470, 3406]	[7840, 1420, 3404]
3842.9621	2.0	trials	1.0	2.0	75.0	biphasic	7.0	50.0	1.0	10.0	-50.0	3r_14b	3.0	14.0	bipolar		[7840, 1470, 3406]	[7840, 1420, 3404]
3844.9641	2.0	trials	1.0	2.0	75.0	biphasic	7.0	50.0	1.0	10.0	-50.0	3r_14b	3.0	14.0	bipolar		[7840, 1470, 3406]	[7840, 1420, 3404]
3846.9661	2.0	trials	1.0	2.0	75.0	biphasic	7.0	50.0	1.0	10.0	-50.0	3r_14b	3.0	14.0	bipolar		[7840, 1470, 3406]	[7840, 1420, 3404]
3848.9681	2.0	trials	1.0	2.0	75.0	biphasic	7.0	50.0	1.0	10.0	-50.0	3r_14b	3.0	14.0	bipolar		[7840, 1470, 3406]	[7840, 1420, 3404]
3850.9701	2.0	trials	1.0	2.0	75.0	biphasic	7.0	50.0	1.0	10.0	-50.0	3r_14b	3.0	14.0	bipolar		[7840, 1470, 3406]	[7840, 1420, 3404]
3852.9720666666663	2.0	trials	1.0	2.0	75.0	biphasic	7.0	50.0	1.0	10.0	-50.0	3r_14b	3.0	14.0	bipolar		[7840, 1470, 3406]	[7840, 1420, 3404]
3854.974066666666	2.0	trials	1.0	2.0	75.0	biphasic	7.0	50.0	1.0	10.0	-50.0	3r_14b	3.0	14.0	bipolar		[7840, 1470, 3406]	[7840, 1420, 3404]
3856.9760666666666	2.0	trials	1.0	2.0	75.0	biphasic	7.0	50.0	1.0	10.0	-50.0	3r_14b	3.0	14.0	bipolar		[7840, 1470, 3406]	[7840, 1420, 3404]
3858.9780666666666	2.0	trials	1.0	2.0	75.0	biphasic	7.0	50.0	1.0	10.0	-50.0	3r_14b	3.0	14.0	bipolar		[7840, 1470, 3406]	[7840, 1420, 3404]
3860.9800666666665	2.0	trials	1.0	2.0	75.0	biphasic	7.0	50.0	1.0	10.0	-50.0	3r_14b	3.0	14.0	bipolar		[7840, 1470, 3406]	[7840, 1420, 3404]
3862.9820666666665	2.0	trials	1.0	2.0	75.0	biphasic	7.0	50.0	1.0	10.0	-50.0	3r_14b	3.0	14.0	bipolar		[7840, 1470, 3406]	[7840, 1420, 3404]
3864.984066666667	2.0	trials	1.0	2.0	75.0	biphasic	7.0	50.0	1.0	10.0	-50.0	3r_14b	3.0	14.0	bipolar		[7840, 1470, 3406]	[7840, 1420, 3404]
3866.986066666667	2.0	trials	1.0	2.0	75.0	biphasic	7.0	50.0	1.0	10.0	-50.0	3r_14b	3.0	14.0	bipolar		[7840, 1470, 3406]	[7840, 1420, 3404]
3868.988066666667	2.0	trials	1.0	2.0	75.0	biphasic	7.0	50.0	1.0	10.0	-50.0	3r_14b	3.0	14.0	bipolar		[7840, 1470, 3406]	[7840, 1420, 3404]
3870.9900666666663	2.0	trials	1.0	2.0	75.0	biphasic	7.0	50.0	1.0	10.0	-50.0	3r_14b	3.0	14.0	bipolar		[7840, 1470, 3406]	[7840, 1420, 3404]
3872.9920666666662	2.0	trials	1.0	2.0	75.0	biphasic	7.0	50.0	1.0	10.0	-50.0	3r_14b	3.0	14.0	bipolar		[7840, 1470, 3406]	[7840, 1420, 3404]
3874.994066666666	2.0	trials	1.0	2.0	75.0	biphasic	7.0	50.0	1.0	10.0	-50.0	3r_14b	3.0	14.0	bipolar		[7840, 1470, 3406]	[7840, 1420, 3404]
3876.9960666666666	2.0	trials	1.0	2.0	75.0	biphasic	7.0	50.0	1.0	10.0	-50.0	3r_14b	3.0	14.0	bipolar		[7840, 1470, 3406]	[7840, 1420, 3404]
3878.9980666666665	2.0	trials	1.0	2.0	75.0	biphasic	7.0	50.0	1.0	10.0	-50.0	3r_14b	3.0	14.0	bipolar		[7840, 1470, 3406]	[7840, 1420, 3404]
3881.000033333333	2.0	trials	1.0	2.0	75.0	biphasic	7.0	50.0	1.0	10.0	-50.0	3r_14b	3.0	14.0	bipolar		[7840, 1470, 3406]	[7840, 1420, 3404]
3883.002033333333	2.0	trials	1.0	2.0	75.0	biphasic	7.0	50.0	1.0	10.0	-50.0	3r_14b	3.0	14.0	bipolar		[7840, 1470, 3406]	[7840, 1420, 3404]
3885.004033333333	2.0	trials	1.0	2.0	75.0	biphasic	7.0	50.0	1.0	10.0	-50.0	3r_14b	3.0	14.0	bipolar		[7840, 1470, 3406]	[7840, 1420, 3404]
3887.006033333333	2.0	trials	1.0	2.0	75.0	biphasic	7.0	50.0	1.0	10.0	-50.0	3r_14b	3.0	14.0	bipolar		[7840, 1470, 3406]	[7840, 1420, 3404]
3889.0080333333335	2.0	trials	1.0	2.0	75.0	biphasic	7.0	50.0	1.0	10.0	-50.0	3r_14b	3.0	14.0	bipolar		[7840, 1470, 3406]	[7840, 1420, 3404]
3891.0100333333335	2.0	trials	1.0	2.0	75.0	biphasic	7.0	50.0	1.0	10.0	-50.0	3r_14b	3.0	14.0	bipolar		[7840, 1470, 3406]	[7840, 1420, 3404]
3893.012033333333	2.0	trials	1.0	2.0	75.0	biphasic	7.0	50.0	1.0	10.0	-50.0	3r_14b	3.0	14.0	bipolar		[7840, 1470, 3406]	[7840, 1420, 3404]
3895.014033333333	2.0	trials	1.0	2.0	75.0	biphasic	7.0	50.0	1.0	10.0	-50.0	3r_14b	3.0	14.0	bipolar		[7840, 1470, 3406]	[7840, 1420, 3404]
3897.016033333333	2.0	trials	1.0	2.0	75.0	biphasic	7.0	50.0	1.0	10.0	-50.0	3r_14b	3.0	14.0	bipolar		[7840, 1470, 3406]	[7840, 1420, 3404]
3899.018033333333	2.0	trials	1.0	2.0	75.0	biphasic	7.0	50.0	1.0	10.0	-50.0	3r_14b	3.0	14.0	bipolar		[7840, 1470, 3406]	[7840, 1420, 3404]
3901.020033333333	2.0	trials	1.0	2.0	75.0	biphasic	7.0	50.0	1.0	10.0	-50.0	3r_14b	3.0	14.0	bipolar		[7840, 1470, 3406]	[7840, 1420, 3404]
3903.022033333333	2.0	trials	1.0	2.0	75.0	biphasic	7.0	50.0	1.0	10.0	-50.0	3r_14b	3.0	14.0	bipolar		[7840, 1470, 3406]	[7840, 1420, 3404]
3905.024033333333	2.0	trials	1.0	2.0	75.0	biphasic	7.0	50.0	1.0	10.0	-50.0	3r_14b	3.0	14.0	bipolar		[7840, 1470, 3406]	[7840, 1420, 3404]
3907.026	2.0	trials	1.0	2.0	75.0	biphasic	7.0	50.0	1.0	10.0	-50.0	3r_14b	3.0	14.0	bipolar		[7840, 1470, 3406]	[7840, 1420, 3404]
3909.028	2.0	trials	1.0	2.0	75.0	biphasic	7.0	50.0	1.0	10.0	-50.0	3r_14b	3.0	14.0	bipolar		[7840, 1470, 3406]	[7840, 1420, 3404]
3911.03	2.0	trials	1.0	2.0	75.0	biphasic	7.0	50.0	1.0	10.0	-50.0	3r_14b	3.0	14.0	bipolar		[7840, 1470, 3406]	[7840, 1420, 3404]
3913.032	2.0	trials	1.0	2.0	75.0	biphasic	7.0	50.0	1.0	10.0	-50.0	3r_14b	3.0	14.0	bipolar		[7840, 1470, 3406]	[7840, 1420, 3404]
3915.034	2.0	trials	1.0	2.0	75.0	biphasic	7.0	50.0	1.0	10.0	-50.0	3r_14b	3.0	14.0	bipolar		[7840, 1470, 3406]	[7840, 1420, 3404]
3917.036	2.0	trials	1.0	2.0	75.0	biphasic	7.0	50.0	1.0	10.0	-50.0	3r_14b	3.0	14.0	bipolar		[7840, 1470, 3406]	[7840, 1420, 3404]
3919.038	2.0	trials	1.0	2.0	75.0	biphasic	7.0	50.0	1.0	10.0	-50.0	3r_14b	3.0	14.0	bipolar		[7840, 1470, 3406]	[7840, 1420, 3404]
3921.04	2.0	trials	1.0	2.0	75.0	biphasic	7.0	50.0	1.0	10.0	-50.0	3r_14b	3.0	14.0	bipolar		[7840, 1470, 3406]	[7840, 1420, 3404]
3923.042	2.0	trials	1.0	2.0	75.0	biphasic	7.0	50.0	1.0	10.0	-50.0	3r_14b	3.0	14.0	bipolar		[7840, 1470, 3406]	[7840, 1420, 3404]
3925.044	2.0	trials	1.0	2.0	75.0	biphasic	7.0	50.0	1.0	10.0	-50.0	3r_14b	3.0	14.0	bipolar		[7840, 1470, 3406]	[7840, 1420, 3404]
3927.046	2.0	trials	1.0	2.0	75.0	biphasic	7.0	50.0	1.0	10.0	-50.0	3r_14b	3.0	14.0	bipolar		[7840, 1470, 3406]	[7840, 1420, 3404]
3929.048	2.0	trials	1.0	2.0	75.0	biphasic	7.0	50.0	1.0	10.0	-50.0	3r_14b	3.0	14.0	bipolar		[7840, 1470, 3406]	[7840, 1420, 3404]
3931.05	2.0	trials	1.0	2.0	75.0	biphasic	7.0	50.0	1.0	10.0	-50.0	3r_14b	3.0	14.0	bipolar		[7840, 1470, 3406]	[7840, 1420, 3404]
3933.052	2.0	trials	1.0	2.0	75.0	biphasic	7.0	50.0	1.0	10.0	-50.0	3r_14b	3.0	14.0	bipolar		[7840, 1470, 3406]	[7840, 1420, 3404]
3935.053966666667	2.0	trials	1.0	2.0	75.0	biphasic	7.0	50.0	1.0	10.0	-50.0	3r_14b	3.0	14.0	bipolar		[7840, 1470, 3406]	[7840, 1420, 3404]
3937.055966666667	2.0	trials	1.0	2.0	75.0	biphasic	7.0	50.0	1.0	10.0	-50.0	3r_14b	3.0	14.0	bipolar		[7840, 1470, 3406]	[7840, 1420, 3404]
3939.0579666666663	2.0	trials	1.0	2.0	75.0	biphasic	7.0	50.0	1.0	10.0	-50.0	3r_14b	3.0	14.0	bipolar		[7840, 1470, 3406]	[7840, 1420, 3404]
3941.0599666666662	2.0	trials	1.0	2.0	75.0	biphasic	7.0	50.0	1.0	10.0	-50.0	3r_14b	3.0	14.0	bipolar		[7840, 1470, 3406]	[7840, 1420, 3404]
3943.061966666666	2.0	trials	1.0	2.0	75.0	biphasic	7.0	50.0	1.0	10.0	-50.0	3r_14b	3.0	14.0	bipolar		[7840, 1470, 3406]	[7840, 1420, 3404]
3945.0639666666666	2.0	trials	1.0	2.0	75.0	biphasic	7.0	50.0	1.0	10.0	-50.0	3r_14b	3.0	14.0	bipolar		[7840, 1470, 3406]	[7840, 1420, 3404]
3947.0659666666666	2.0	trials	1.0	2.0	75.0	biphasic	7.0	50.0	1.0	10.0	-50.0	3r_14b	3.0	14.0	bipolar		[7840, 1470, 3406]	[7840, 1420, 3404]
3949.0679666666665	2.0	trials	1.0	2.0	75.0	biphasic	7.0	50.0	1.0	10.0	-50.0	3r_14b	3.0	14.0	bipolar		[7840, 1470, 3406]	[7840, 1420, 3404]
3951.0699666666665	2.0	trials	1.0	2.0	75.0	biphasic	7.0	50.0	1.0	10.0	-50.0	3r_14b	3.0	14.0	bipolar		[7840, 1470, 3406]	[7840, 1420, 3404]
3953.071966666667	2.0	trials	1.0	2.0	75.0	biphasic	7.0	50.0	1.0	10.0	-50.0	3r_14b	3.0	14.0	bipolar		[7840, 1470, 3406]	[7840, 1420, 3404]
3955.073966666667	2.0	trials	1.0	2.0	75.0	biphasic	7.0	50.0	1.0	10.0	-50.0	3r_14b	3.0	14.0	bipolar		[7840, 1470, 3406]	[7840, 1420, 3404]
3957.075966666667	2.0	trials	1.0	2.0	75.0	biphasic	7.0	50.0	1.0	10.0	-50.0	3r_14b	3.0	14.0	bipolar		[7840, 1470, 3406]	[7840, 1420, 3404]
3959.0779666666663	2.0	trials	1.0	2.0	75.0	biphasic	7.0	50.0	1.0	10.0	-50.0	3r_14b	3.0	14.0	bipolar		[7840, 1470, 3406]	[7840, 1420, 3404]
3961.079966666666	2.0	trials	1.0	2.0	75.0	biphasic	7.0	50.0	1.0	10.0	-50.0	3r_14b	3.0	14.0	bipolar		[7840, 1470, 3406]	[7840, 1420, 3404]
3963.081933333333	2.0	trials	1.0	2.0	75.0	biphasic	7.0	50.0	1.0	10.0	-50.0	3r_14b	3.0	14.0	bipolar		[7840, 1470, 3406]	[7840, 1420, 3404]
3965.083933333333	2.0	trials	1.0	2.0	75.0	biphasic	7.0	50.0	1.0	10.0	-50.0	3r_14b	3.0	14.0	bipolar		[7840, 1470, 3406]	[7840, 1420, 3404]
3967.085933333333	2.0	trials	1.0	2.0	75.0	biphasic	7.0	50.0	1.0	10.0	-50.0	3r_14b	3.0	14.0	bipolar		[7840, 1470, 3406]	[7840, 1420, 3404]
3969.087933333333	2.0	trials	1.0	2.0	75.0	biphasic	7.0	50.0	1.0	10.0	-50.0	3r_14b	3.0	14.0	bipolar		[7840, 1470, 3406]	[7840, 1420, 3404]
3971.089933333333	2.0	trials	1.0	2.0	75.0	biphasic	7.0	50.0	1.0	10.0	-50.0	3r_14b	3.0	14.0	bipolar		[7840, 1470, 3406]	[7840, 1420, 3404]
4007.6061	2.0	trials	1.0	2.0	75.0	biphasic	8.0	30.0	1.0	10.0	-25.0	3r_14b	3.0	14.0	bipolar		[7840, 1470, 3406]	[7840, 1420, 3404]
4009.6081	2.0	trials	1.0	2.0	75.0	biphasic	8.0	30.0	1.0	10.0	-25.0	3r_14b	3.0	14.0	bipolar		[7840, 1470, 3406]	[7840, 1420, 3404]
4011.6101	2.0	trials	1.0	2.0	75.0	biphasic	8.0	30.0	1.0	10.0	-25.0	3r_14b	3.0	14.0	bipolar		[7840, 1470, 3406]	[7840, 1420, 3404]
4013.6121	2.0	trials	1.0	2.0	75.0	biphasic	8.0	30.0	1.0	10.0	-25.0	3r_14b	3.0	14.0	bipolar		[7840, 1470, 3406]	[7840, 1420, 3404]
4015.6141	2.0	trials	1.0	2.0	75.0	biphasic	8.0	30.0	1.0	10.0	-25.0	3r_14b	3.0	14.0	bipolar		[7840, 1470, 3406]	[7840, 1420, 3404]
4017.6161	2.0	trials	1.0	2.0	75.0	biphasic	8.0	30.0	1.0	10.0	-25.0	3r_14b	3.0	14.0	bipolar		[7840, 1470, 3406]	[7840, 1420, 3404]
4019.6181	2.0	trials	1.0	2.0	75.0	biphasic	8.0	30.0	1.0	10.0	-25.0	3r_14b	3.0	14.0	bipolar		[7840, 1470, 3406]	[7840, 1420, 3404]
4021.6201	2.0	trials	1.0	2.0	75.0	biphasic	8.0	30.0	1.0	10.0	-25.0	3r_14b	3.0	14.0	bipolar		[7840, 1470, 3406]	[7840, 1420, 3404]
4023.6221	2.0	trials	1.0	2.0	75.0	biphasic	8.0	30.0	1.0	10.0	-25.0	3r_14b	3.0	14.0	bipolar		[7840, 1470, 3406]	[7840, 1420, 3404]
4025.6241	2.0	trials	1.0	2.0	75.0	biphasic	8.0	30.0	1.0	10.0	-25.0	3r_14b	3.0	14.0	bipolar		[7840, 1470, 3406]	[7840, 1420, 3404]
4027.6261	2.0	trials	1.0	2.0	75.0	biphasic	8.0	30.0	1.0	10.0	-25.0	3r_14b	3.0	14.0	bipolar		[7840, 1470, 3406]	[7840, 1420, 3404]
4029.6281	2.0	trials	1.0	2.0	75.0	biphasic	8.0	30.0	1.0	10.0	-25.0	3r_14b	3.0	14.0	bipolar		[7840, 1470, 3406]	[7840, 1420, 3404]
4033.6320666666666	2.0	trials	1.0	2.0	75.0	biphasic	8.0	30.0	1.0	10.0	-25.0	3r_14b	3.0	14.0	bipolar		[7840, 1470, 3406]	[7840, 1420, 3404]
4035.6340666666665	2.0	trials	1.0	2.0	75.0	biphasic	8.0	30.0	1.0	10.0	-25.0	3r_14b	3.0	14.0	bipolar		[7840, 1470, 3406]	[7840, 1420, 3404]
4037.6360666666665	2.0	trials	1.0	2.0	75.0	biphasic	8.0	30.0	1.0	10.0	-25.0	3r_14b	3.0	14.0	bipolar		[7840, 1470, 3406]	[7840, 1420, 3404]
4039.638066666667	2.0	trials	1.0	2.0	75.0	biphasic	8.0	30.0	1.0	10.0	-25.0	3r_14b	3.0	14.0	bipolar		[7840, 1470, 3406]	[7840, 1420, 3404]
4041.640066666667	2.0	trials	1.0	2.0	75.0	biphasic	8.0	30.0	1.0	10.0	-25.0	3r_14b	3.0	14.0	bipolar		[7840, 1470, 3406]	[7840, 1420, 3404]
4043.642066666667	2.0	trials	1.0	2.0	75.0	biphasic	8.0	30.0	1.0	10.0	-25.0	3r_14b	3.0	14.0	bipolar		[7840, 1470, 3406]	[7840, 1420, 3404]
4045.6440666666663	2.0	trials	1.0	2.0	75.0	biphasic	8.0	30.0	1.0	10.0	-25.0	3r_14b	3.0	14.0	bipolar		[7840, 1470, 3406]	[7840, 1420, 3404]
4047.6460666666662	2.0	trials	1.0	2.0	75.0	biphasic	8.0	30.0	1.0	10.0	-25.0	3r_14b	3.0	14.0	bipolar		[7840, 1470, 3406]	[7840, 1420, 3404]
4049.648066666666	2.0	trials	1.0	2.0	75.0	biphasic	8.0	30.0	1.0	10.0	-25.0	3r_14b	3.0	14.0	bipolar		[7840, 1470, 3406]	[7840, 1420, 3404]
4051.6500666666666	2.0	trials	1.0	2.0	75.0	biphasic	8.0	30.0	1.0	10.0	-25.0	3r_14b	3.0	14.0	bipolar		[7840, 1470, 3406]	[7840, 1420, 3404]
4053.6520666666665	2.0	trials	1.0	2.0	75.0	biphasic	8.0	30.0	1.0	10.0	-25.0	3r_14b	3.0	14.0	bipolar		[7840, 1470, 3406]	[7840, 1420, 3404]
4055.6540666666665	2.0	trials	1.0	2.0	75.0	biphasic	8.0	30.0	1.0	10.0	-25.0	3r_14b	3.0	14.0	bipolar		[7840, 1470, 3406]	[7840, 1420, 3404]
4057.6560666666655	2.0	trials	1.0	2.0	75.0	biphasic	8.0	30.0	1.0	10.0	-25.0	3r_14b	3.0	14.0	bipolar		[7840, 1470, 3406]	[7840, 1420, 3404]
4061.6600333333336	2.0	trials	1.0	2.0	75.0	biphasic	8.0	30.0	1.0	10.0	-25.0	3r_14b	3.0	14.0	bipolar		[7840, 1470, 3406]	[7840, 1420, 3404]
4063.6620333333335	2.0	trials	1.0	2.0	75.0	biphasic	8.0	30.0	1.0	10.0	-25.0	3r_14b	3.0	14.0	bipolar		[7840, 1470, 3406]	[7840, 1420, 3404]
4065.6640333333335	2.0	trials	1.0	2.0	75.0	biphasic	8.0	30.0	1.0	10.0	-25.0	3r_14b	3.0	14.0	bipolar		[7840, 1470, 3406]	[7840, 1420, 3404]
4067.666033333333	2.0	trials	1.0	2.0	75.0	biphasic	8.0	30.0	1.0	10.0	-25.0	3r_14b	3.0	14.0	bipolar		[7840, 1470, 3406]	[7840, 1420, 3404]
4069.668033333333	2.0	trials	1.0	2.0	75.0	biphasic	8.0	30.0	1.0	10.0	-25.0	3r_14b	3.0	14.0	bipolar		[7840, 1470, 3406]	[7840, 1420, 3404]
4071.670033333333	2.0	trials	1.0	2.0	75.0	biphasic	8.0	30.0	1.0	10.0	-25.0	3r_14b	3.0	14.0	bipolar		[7840, 1470, 3406]	[7840, 1420, 3404]
4073.672033333333	2.0	trials	1.0	2.0	75.0	biphasic	8.0	30.0	1.0	10.0	-25.0	3r_14b	3.0	14.0	bipolar		[7840, 1470, 3406]	[7840, 1420, 3404]
4075.674033333333	2.0	trials	1.0	2.0	75.0	biphasic	8.0	30.0	1.0	10.0	-25.0	3r_14b	3.0	14.0	bipolar		[7840, 1470, 3406]	[7840, 1420, 3404]
4077.676033333333	2.0	trials	1.0	2.0	75.0	biphasic	8.0	30.0	1.0	10.0	-25.0	3r_14b	3.0	14.0	bipolar		[7840, 1470, 3406]	[7840, 1420, 3404]
4079.678033333333	2.0	trials	1.0	2.0	75.0	biphasic	8.0	30.0	1.0	10.0	-25.0	3r_14b	3.0	14.0	bipolar		[7840, 1470, 3406]	[7840, 1420, 3404]
4081.6800333333335	2.0	trials	1.0	2.0	75.0	biphasic	8.0	30.0	1.0	10.0	-25.0	3r_14b	3.0	14.0	bipolar		[7840, 1470, 3406]	[7840, 1420, 3404]
4083.6820333333335	2.0	trials	1.0	2.0	75.0	biphasic	8.0	30.0	1.0	10.0	-25.0	3r_14b	3.0	14.0	bipolar		[7840, 1470, 3406]	[7840, 1420, 3404]
4087.686	2.0	trials	1.0	2.0	75.0	biphasic	8.0	30.0	1.0	10.0	-25.0	3r_14b	3.0	14.0	bipolar		[7840, 1470, 3406]	[7840, 1420, 3404]
4089.688	2.0	trials	1.0	2.0	75.0	biphasic	8.0	30.0	1.0	10.0	-25.0	3r_14b	3.0	14.0	bipolar		[7840, 1470, 3406]	[7840, 1420, 3404]
4091.69	2.0	trials	1.0	2.0	75.0	biphasic	8.0	30.0	1.0	10.0	-25.0	3r_14b	3.0	14.0	bipolar		[7840, 1470, 3406]	[7840, 1420, 3404]
4093.692	2.0	trials	1.0	2.0	75.0	biphasic	8.0	30.0	1.0	10.0	-25.0	3r_14b	3.0	14.0	bipolar		[7840, 1470, 3406]	[7840, 1420, 3404]
4095.694	1.9999999999995453	trials	1.0	2.0	75.0	biphasic	8.0	30.0	1.0	10.0	-25.0	3r_14b	3.0	14.0	bipolar		[7840, 1470, 3406]	[7840, 1420, 3404]
4097.696	2.0	trials	1.0	2.0	75.0	biphasic	8.0	30.0	1.0	10.0	-25.0	3r_14b	3.0	14.0	bipolar		[7840, 1470, 3406]	[7840, 1420, 3404]
4099.698	2.0	trials	1.0	2.0	75.0	biphasic	8.0	30.0	1.0	10.0	-25.0	3r_14b	3.0	14.0	bipolar		[7840, 1470, 3406]	[7840, 1420, 3404]
4101.7	2.0	trials	1.0	2.0	75.0	biphasic	8.0	30.0	1.0	10.0	-25.0	3r_14b	3.0	14.0	bipolar		[7840, 1470, 3406]	[7840, 1420, 3404]
4103.701732831919	2.0	trials	1.0	2.0	75.0	biphasic	8.0	30.0	1.0	10.0	-25.0	3r_14b	3.0	14.0	bipolar		[7840, 1470, 3406]	[7840, 1420, 3404]
4105.704	2.0	trials	1.0	2.0	75.0	biphasic	8.0	30.0	1.0	10.0	-25.0	3r_14b	3.0	14.0	bipolar		[7840, 1470, 3406]	[7840, 1420, 3404]
4107.705732571241	2.0	trials	1.0	2.0	75.0	biphasic	8.0	30.0	1.0	10.0	-25.0	3r_14b	3.0	14.0	bipolar		[7840, 1470, 3406]	[7840, 1420, 3404]
4109.707732440903	2.0	trials	1.0	2.0	75.0	biphasic	8.0	30.0	1.0	10.0	-25.0	3r_14b	3.0	14.0	bipolar		[7840, 1470, 3406]	[7840, 1420, 3404]
4111.71026768947	2.0	trials	1.0	2.0	75.0	biphasic	8.0	30.0	1.0	10.0	-25.0	3r_14b	3.0	14.0	bipolar		[7840, 1470, 3406]	[7840, 1420, 3404]
4115.713966666666	2.0	trials	1.0	2.0	75.0	biphasic	8.0	30.0	1.0	10.0	-25.0	3r_14b	3.0	14.0	bipolar		[7840, 1470, 3406]	[7840, 1420, 3404]
4117.715966666667	2.0	trials	1.0	2.0	75.0	biphasic	8.0	30.0	1.0	10.0	-25.0	3r_14b	3.0	14.0	bipolar		[7840, 1470, 3406]	[7840, 1420, 3404]
4119.717966666667	2.0	trials	1.0	2.0	75.0	biphasic	8.0	30.0	1.0	10.0	-25.0	3r_14b	3.0	14.0	bipolar		[7840, 1470, 3406]	[7840, 1420, 3404]
4121.719966666667	2.0	trials	1.0	2.0	75.0	biphasic	8.0	30.0	1.0	10.0	-25.0	3r_14b	3.0	14.0	bipolar		[7840, 1470, 3406]	[7840, 1420, 3404]
4123.721966666667	2.0	trials	1.0	2.0	75.0	biphasic	8.0	30.0	1.0	10.0	-25.0	3r_14b	3.0	14.0	bipolar		[7840, 1470, 3406]	[7840, 1420, 3404]
4125.724235268505	2.0	trials	1.0	2.0	75.0	biphasic	8.0	30.0	1.0	10.0	-25.0	3r_14b	3.0	14.0	bipolar		[7840, 1470, 3406]	[7840, 1420, 3404]
4127.725697934525	2.0	trials	1.0	2.0	75.0	biphasic	8.0	30.0	1.0	10.0	-25.0	3r_14b	3.0	14.0	bipolar		[7840, 1470, 3406]	[7840, 1420, 3404]
4129.727966666666	2.0	trials	1.0	2.0	75.0	biphasic	8.0	30.0	1.0	10.0	-25.0	3r_14b	3.0	14.0	bipolar		[7840, 1470, 3406]	[7840, 1420, 3404]
4131.730235659521	2.0	trials	1.0	2.0	75.0	biphasic	8.0	30.0	1.0	10.0	-25.0	3r_14b	3.0	14.0	bipolar		[7840, 1470, 3406]	[7840, 1420, 3404]
4133.731966666666	2.0	trials	1.0	2.0	75.0	biphasic	8.0	30.0	1.0	10.0	-25.0	3r_14b	3.0	14.0	bipolar		[7840, 1470, 3406]	[7840, 1420, 3404]
4135.733966666667	2.0	trials	1.0	2.0	75.0	biphasic	8.0	30.0	1.0	10.0	-25.0	3r_14b	3.0	14.0	bipolar		[7840, 1470, 3406]	[7840, 1420, 3404]
4137.735966666667	2.0	trials	1.0	2.0	75.0	biphasic	8.0	30.0	1.0	10.0	-25.0	3r_14b	3.0	14.0	bipolar		[7840, 1470, 3406]	[7840, 1420, 3404]
4143.741933333334	2.0	trials	1.0	2.0	75.0	biphasic	8.0	30.0	1.0	10.0	-25.0	3r_14b	3.0	14.0	bipolar		[7840, 1470, 3406]	[7840, 1420, 3404]
4145.744203238555	2.0	trials	1.0	2.0	75.0	biphasic	8.0	30.0	1.0	10.0	-25.0	3r_14b	3.0	14.0	bipolar		[7840, 1470, 3406]	[7840, 1420, 3404]
4147.745663297808	2.0	trials	1.0	2.0	75.0	biphasic	8.0	30.0	1.0	10.0	-25.0	3r_14b	3.0	14.0	bipolar		[7840, 1470, 3406]	[7840, 1420, 3404]
4149.747933333333	2.0	trials	1.0	2.0	75.0	biphasic	8.0	30.0	1.0	10.0	-25.0	3r_14b	3.0	14.0	bipolar		[7840, 1470, 3406]	[7840, 1420, 3404]
4151.7499333333335	2.0	trials	1.0	2.0	75.0	biphasic	8.0	30.0	1.0	10.0	-25.0	3r_14b	3.0	14.0	bipolar		[7840, 1470, 3406]	[7840, 1420, 3404]
4153.751933333333	2.0	trials	1.0	2.0	75.0	biphasic	8.0	30.0	1.0	10.0	-25.0	3r_14b	3.0	14.0	bipolar		[7840, 1470, 3406]	[7840, 1420, 3404]
4155.753662776454	2.0	trials	1.0	2.0	75.0	biphasic	8.0	30.0	1.0	10.0	-25.0	3r_14b	3.0	14.0	bipolar		[7840, 1470, 3406]	[7840, 1420, 3404]
4198.116273314861	2.0	trials	1.0	2.0	75.0	biphasic	9.0	30.0	1.0	10.0	-50.0	3r_14b	3.0	14.0	bipolar		[7840, 1470, 3406]	[7840, 1420, 3404]
4200.117726554836	2.0	trials	1.0	2.0	75.0	biphasic	9.0	30.0	1.0	10.0	-50.0	3r_14b	3.0	14.0	bipolar		[7840, 1470, 3406]	[7840, 1420, 3404]
4202.12	2.0	trials	1.0	2.0	75.0	biphasic	9.0	30.0	1.0	10.0	-50.0	3r_14b	3.0	14.0	bipolar		[7840, 1470, 3406]	[7840, 1420, 3404]
4204.122273705877	2.0	trials	1.0	2.0	75.0	biphasic	9.0	30.0	1.0	10.0	-50.0	3r_14b	3.0	14.0	bipolar		[7840, 1470, 3406]	[7840, 1420, 3404]
4206.124	2.0	trials	1.0	2.0	75.0	biphasic	9.0	30.0	1.0	10.0	-50.0	3r_14b	3.0	14.0	bipolar		[7840, 1470, 3406]	[7840, 1420, 3404]
4208.126	2.0	trials	1.0	2.0	75.0	biphasic	9.0	30.0	1.0	10.0	-50.0	3r_14b	3.0	14.0	bipolar		[7840, 1470, 3406]	[7840, 1420, 3404]
4210.128	2.0	trials	1.0	2.0	75.0	biphasic	9.0	30.0	1.0	10.0	-50.0	3r_14b	3.0	14.0	bipolar		[7840, 1470, 3406]	[7840, 1420, 3404]
4212.130274227231	2.0	trials	1.0	2.0	75.0	biphasic	9.0	30.0	1.0	10.0	-50.0	3r_14b	3.0	14.0	bipolar		[7840, 1470, 3406]	[7840, 1420, 3404]
4214.131725642465	2.0	trials	1.0	2.0	75.0	biphasic	9.0	30.0	1.0	10.0	-50.0	3r_14b	3.0	14.0	bipolar		[7840, 1470, 3406]	[7840, 1420, 3404]
4216.134	2.0	trials	1.0	2.0	75.0	biphasic	9.0	30.0	1.0	10.0	-50.0	3r_14b	3.0	14.0	bipolar		[7840, 1470, 3406]	[7840, 1420, 3404]
4218.136274618247	2.0	trials	1.0	2.0	75.0	biphasic	9.0	30.0	1.0	10.0	-50.0	3r_14b	3.0	14.0	bipolar		[7840, 1470, 3406]	[7840, 1420, 3404]
4220.138	2.0	trials	1.0	2.0	75.0	biphasic	9.0	30.0	1.0	10.0	-50.0	3r_14b	3.0	14.0	bipolar		[7840, 1470, 3406]	[7840, 1420, 3404]
4224.141966666667	2.0	trials	1.0	2.0	75.0	biphasic	9.0	30.0	1.0	10.0	-50.0	3r_14b	3.0	14.0	bipolar		[7840, 1470, 3406]	[7840, 1420, 3404]
4226.1439666666665	2.0	trials	1.0	2.0	75.0	biphasic	9.0	30.0	1.0	10.0	-50.0	3r_14b	3.0	14.0	bipolar		[7840, 1470, 3406]	[7840, 1420, 3404]
4228.145691396765	2.0	trials	1.0	2.0	75.0	biphasic	9.0	30.0	1.0	10.0	-50.0	3r_14b	3.0	14.0	bipolar		[7840, 1470, 3406]	[7840, 1420, 3404]
4230.147966666666	2.0	trials	1.0	2.0	75.0	biphasic	9.0	30.0	1.0	10.0	-50.0	3r_14b	3.0	14.0	bipolar		[7840, 1470, 3406]	[7840, 1420, 3404]
4232.150242197282	2.0	trials	1.0	2.0	75.0	biphasic	9.0	30.0	1.0	10.0	-50.0	3r_14b	3.0	14.0	bipolar		[7840, 1470, 3406]	[7840, 1420, 3404]
4234.151691005749	2.0	trials	1.0	2.0	75.0	biphasic	9.0	30.0	1.0	10.0	-50.0	3r_14b	3.0	14.0	bipolar		[7840, 1470, 3406]	[7840, 1420, 3404]
4236.153966666667	2.0	trials	1.0	2.0	75.0	biphasic	9.0	30.0	1.0	10.0	-50.0	3r_14b	3.0	14.0	bipolar		[7840, 1470, 3406]	[7840, 1420, 3404]
4238.156242588297	2.0	trials	1.0	2.0	75.0	biphasic	9.0	30.0	1.0	10.0	-50.0	3r_14b	3.0	14.0	bipolar		[7840, 1470, 3406]	[7840, 1420, 3404]
4240.157966666667	2.0	trials	1.0	2.0	75.0	biphasic	9.0	30.0	1.0	10.0	-50.0	3r_14b	3.0	14.0	bipolar		[7840, 1470, 3406]	[7840, 1420, 3404]
4242.159966666667	2.0	trials	1.0	2.0	75.0	biphasic	9.0	30.0	1.0	10.0	-50.0	3r_14b	3.0	14.0	bipolar		[7840, 1470, 3406]	[7840, 1420, 3404]
4244.161966666667	2.0	trials	1.0	2.0	75.0	biphasic	9.0	30.0	1.0	10.0	-50.0	3r_14b	3.0	14.0	bipolar		[7840, 1470, 3406]	[7840, 1420, 3404]
4246.163690223718	2.0	trials	1.0	2.0	75.0	biphasic	9.0	30.0	1.0	10.0	-50.0	3r_14b	3.0	14.0	bipolar		[7840, 1470, 3406]	[7840, 1420, 3404]
4248.165690093379	2.0	trials	1.0	2.0	75.0	biphasic	9.0	30.0	1.0	10.0	-50.0	3r_14b	3.0	14.0	bipolar		[7840, 1470, 3406]	[7840, 1420, 3404]
4252.169656499372	2.0	trials	1.0	2.0	75.0	biphasic	9.0	30.0	1.0	10.0	-50.0	3r_14b	3.0	14.0	bipolar		[7840, 1470, 3406]	[7840, 1420, 3404]
4254.171933333333	2.0	trials	1.0	2.0	75.0	biphasic	9.0	30.0	1.0	10.0	-50.0	3r_14b	3.0	14.0	bipolar		[7840, 1470, 3406]	[7840, 1420, 3404]
4256.174210428008	2.0	trials	1.0	2.0	75.0	biphasic	9.0	30.0	1.0	10.0	-50.0	3r_14b	3.0	14.0	bipolar		[7840, 1470, 3406]	[7840, 1420, 3404]
4258.175933333333	2.0	trials	1.0	2.0	75.0	biphasic	9.0	30.0	1.0	10.0	-50.0	3r_14b	3.0	14.0	bipolar		[7840, 1470, 3406]	[7840, 1420, 3404]
4260.177933333333	2.0	trials	1.0	2.0	75.0	biphasic	9.0	30.0	1.0	10.0	-50.0	3r_14b	3.0	14.0	bipolar		[7840, 1470, 3406]	[7840, 1420, 3404]
4262.179933333333	2.0	trials	1.0	2.0	75.0	biphasic	9.0	30.0	1.0	10.0	-50.0	3r_14b	3.0	14.0	bipolar		[7840, 1470, 3406]	[7840, 1420, 3404]
4264.181933333333	2.0	trials	1.0	2.0	75.0	biphasic	9.0	30.0	1.0	10.0	-50.0	3r_14b	3.0	14.0	bipolar		[7840, 1470, 3406]	[7840, 1420, 3404]
4266.183655587001	2.0	trials	1.0	2.0	75.0	biphasic	9.0	30.0	1.0	10.0	-50.0	3r_14b	3.0	14.0	bipolar		[7840, 1470, 3406]	[7840, 1420, 3404]
4268.185933333333	2.0	trials	1.0	2.0	75.0	biphasic	9.0	30.0	1.0	10.0	-50.0	3r_14b	3.0	14.0	bipolar		[7840, 1470, 3406]	[7840, 1420, 3404]
4270.188211340378	2.0	trials	1.0	2.0	75.0	biphasic	9.0	30.0	1.0	10.0	-50.0	3r_14b	3.0	14.0	bipolar		[7840, 1470, 3406]	[7840, 1420, 3404]
4272.189933333333	2.0	trials	1.0	2.0	75.0	biphasic	9.0	30.0	1.0	10.0	-50.0	3r_14b	3.0	14.0	bipolar		[7840, 1470, 3406]	[7840, 1420, 3404]
4274.1919333333335	2.0	trials	1.0	2.0	75.0	biphasic	9.0	30.0	1.0	10.0	-50.0	3r_14b	3.0	14.0	bipolar		[7840, 1470, 3406]	[7840, 1420, 3404]
4278.1959	2.0	trials	1.0	2.0	75.0	biphasic	9.0	30.0	1.0	10.0	-50.0	3r_14b	3.0	14.0	bipolar		[7840, 1470, 3406]	[7840, 1420, 3404]
4280.197621341301	2.0	trials	1.0	2.0	75.0	biphasic	9.0	30.0	1.0	10.0	-50.0	3r_14b	3.0	14.0	bipolar		[7840, 1470, 3406]	[7840, 1420, 3404]
4282.1999	2.0	trials	1.0	2.0	75.0	biphasic	9.0	30.0	1.0	10.0	-50.0	3r_14b	3.0	14.0	bipolar		[7840, 1470, 3406]	[7840, 1420, 3404]
4284.202178919412	2.0	trials	1.0	2.0	75.0	biphasic	9.0	30.0	1.0	10.0	-50.0	3r_14b	3.0	14.0	bipolar		[7840, 1470, 3406]	[7840, 1420, 3404]
4286.203620950285	2.0	trials	1.0	2.0	75.0	biphasic	9.0	30.0	1.0	10.0	-50.0	3r_14b	3.0	14.0	bipolar		[7840, 1470, 3406]	[7840, 1420, 3404]
4288.2059	2.0	trials	1.0	2.0	75.0	biphasic	9.0	30.0	1.0	10.0	-50.0	3r_14b	3.0	14.0	bipolar		[7840, 1470, 3406]	[7840, 1420, 3404]
4290.208179310428	2.0	trials	1.0	2.0	75.0	biphasic	9.0	30.0	1.0	10.0	-50.0	3r_14b	3.0	14.0	bipolar		[7840, 1470, 3406]	[7840, 1420, 3404]
4292.2099	2.0	trials	1.0	2.0	75.0	biphasic	9.0	30.0	1.0	10.0	-50.0	3r_14b	3.0	14.0	bipolar		[7840, 1470, 3406]	[7840, 1420, 3404]
4294.2119	2.0	trials	1.0	2.0	75.0	biphasic	9.0	30.0	1.0	10.0	-50.0	3r_14b	3.0	14.0	bipolar		[7840, 1470, 3406]	[7840, 1420, 3404]
4296.2139	2.0	trials	1.0	2.0	75.0	biphasic	9.0	30.0	1.0	10.0	-50.0	3r_14b	3.0	14.0	bipolar		[7840, 1470, 3406]	[7840, 1420, 3404]
4298.2159	2.0	trials	1.0	2.0	75.0	biphasic	9.0	30.0	1.0	10.0	-50.0	3r_14b	3.0	14.0	bipolar		[7840, 1470, 3406]	[7840, 1420, 3404]
4300.217620037915	2.0	trials	1.0	2.0	75.0	biphasic	9.0	30.0	1.0	10.0	-50.0	3r_14b	3.0	14.0	bipolar		[7840, 1470, 3406]	[7840, 1420, 3404]
4302.2199	2.0	trials	1.0	2.0	75.0	biphasic	9.0	30.0	1.0	10.0	-50.0	3r_14b	3.0	14.0	bipolar		[7840, 1470, 3406]	[7840, 1420, 3404]
4306.223866666666	2.0	trials	1.0	2.0	75.0	biphasic	9.0	30.0	1.0	10.0	-50.0	3r_14b	3.0	14.0	bipolar		[7840, 1470, 3406]	[7840, 1420, 3404]
4308.225866666667	2.0	trials	1.0	2.0	75.0	biphasic	9.0	30.0	1.0	10.0	-50.0	3r_14b	3.0	14.0	bipolar		[7840, 1470, 3406]	[7840, 1420, 3404]
4310.227866666667	2.0	trials	1.0	2.0	75.0	biphasic	9.0	30.0	1.0	10.0	-50.0	3r_14b	3.0	14.0	bipolar		[7840, 1470, 3406]	[7840, 1420, 3404]
4312.229866666667	2.0	trials	1.0	2.0	75.0	biphasic	9.0	30.0	1.0	10.0	-50.0	3r_14b	3.0	14.0	bipolar		[7840, 1470, 3406]	[7840, 1420, 3404]
4314.231585792215	2.0	trials	1.0	2.0	75.0	biphasic	9.0	30.0	1.0	10.0	-50.0	3r_14b	3.0	14.0	bipolar		[7840, 1470, 3406]	[7840, 1420, 3404]
4316.2338666666665	2.0	trials	1.0	2.0	75.0	biphasic	9.0	30.0	1.0	10.0	-50.0	3r_14b	3.0	14.0	bipolar		[7840, 1470, 3406]	[7840, 1420, 3404]
4318.235585531537	2.0	trials	1.0	2.0	75.0	biphasic	9.0	30.0	1.0	10.0	-50.0	3r_14b	3.0	14.0	bipolar		[7840, 1470, 3406]	[7840, 1420, 3404]
4320.237585401199	2.0	trials	1.0	2.0	75.0	biphasic	9.0	30.0	1.0	10.0	-50.0	3r_14b	3.0	14.0	bipolar		[7840, 1470, 3406]	[7840, 1420, 3404]
4322.240148062509	2.0	trials	1.0	2.0	75.0	biphasic	9.0	30.0	1.0	10.0	-50.0	3r_14b	3.0	14.0	bipolar		[7840, 1470, 3406]	[7840, 1420, 3404]
4324.241585140522	2.0	trials	1.0	2.0	75.0	biphasic	9.0	30.0	1.0	10.0	-50.0	3r_14b	3.0	14.0	bipolar		[7840, 1470, 3406]	[7840, 1420, 3404]
4326.243866666667	2.0	trials	1.0	2.0	75.0	biphasic	9.0	30.0	1.0	10.0	-50.0	3r_14b	3.0	14.0	bipolar		[7840, 1470, 3406]	[7840, 1420, 3404]
4328.246148453525	2.0	trials	1.0	2.0	75.0	biphasic	9.0	30.0	1.0	10.0	-50.0	3r_14b	3.0	14.0	bipolar		[7840, 1470, 3406]	[7840, 1420, 3404]
4334.251833333334	2.0	trials	1.0	2.0	75.0	biphasic	9.0	30.0	1.0	10.0	-50.0	3r_14b	3.0	14.0	bipolar		[7840, 1470, 3406]	[7840, 1420, 3404]
4336.253833333333	2.0	trials	1.0	2.0	75.0	biphasic	9.0	30.0	1.0	10.0	-50.0	3r_14b	3.0	14.0	bipolar		[7840, 1470, 3406]	[7840, 1420, 3404]
4338.255550894821	2.0	trials	1.0	2.0	75.0	biphasic	9.0	30.0	1.0	10.0	-50.0	3r_14b	3.0	14.0	bipolar		[7840, 1470, 3406]	[7840, 1420, 3404]
4340.257833333333	2.0	trials	1.0	2.0	75.0	biphasic	9.0	30.0	1.0	10.0	-50.0	3r_14b	3.0	14.0	bipolar		[7840, 1470, 3406]	[7840, 1420, 3404]
4342.260116032559	2.0	trials	1.0	2.0	75.0	biphasic	9.0	30.0	1.0	10.0	-50.0	3r_14b	3.0	14.0	bipolar		[7840, 1470, 3406]	[7840, 1420, 3404]
4482.991333333333	2.0	trials	1.0	2.0	75.0	biphasic	9.0	30.0	1.0	10.0	-50.0	3r_14b	3.0	14.0	bipolar		[7840, 1470, 3406]	[7840, 1420, 3404]
4484.993041341599	2.0	trials	1.0	2.0	75.0	biphasic	10.0	200.0	1.0	10.0	-25.0	3r_14b	3.0	14.0	bipolar		[7840, 1470, 3406]	[7840, 1420, 3404]
4486.995333333333	2.0	trials	1.0	2.0	75.0	biphasic	10.0	200.0	1.0	10.0	-25.0	3r_14b	3.0	14.0	bipolar		[7840, 1470, 3406]	[7840, 1420, 3404]
4488.997333333334	2.0	trials	1.0	2.0	75.0	biphasic	10.0	200.0	1.0	10.0	-25.0	3r_14b	3.0	14.0	bipolar		[7840, 1470, 3406]	[7840, 1420, 3404]
4490.999040950584	2.0	trials	1.0	2.0	75.0	biphasic	10.0	200.0	1.0	10.0	-25.0	3r_14b	3.0	14.0	bipolar		[7840, 1470, 3406]	[7840, 1420, 3404]
4493.001333333334	2.0	trials	1.0	2.0	75.0	biphasic	10.0	200.0	1.0	10.0	-25.0	3r_14b	3.0	14.0	bipolar		[7840, 1470, 3406]	[7840, 1420, 3404]
4495.003333333333	2.0	trials	1.0	2.0	75.0	biphasic	10.0	200.0	1.0	10.0	-25.0	3r_14b	3.0	14.0	bipolar		[7840, 1470, 3406]	[7840, 1420, 3404]
4497.005040559568	2.0	trials	1.0	2.0	75.0	biphasic	10.0	200.0	1.0	10.0	-25.0	3r_14b	3.0	14.0	bipolar		[7840, 1470, 3406]	[7840, 1420, 3404]
4499.007333333333	2.0	trials	1.0	2.0	75.0	biphasic	10.0	200.0	1.0	10.0	-25.0	3r_14b	3.0	14.0	bipolar		[7840, 1470, 3406]	[7840, 1420, 3404]
4501.009333333333	2.0	trials	1.0	2.0	75.0	biphasic	10.0	200.0	1.0	10.0	-25.0	3r_14b	3.0	14.0	bipolar		[7840, 1470, 3406]	[7840, 1420, 3404]
4503.0110068352205	2.0	trials	1.0	2.0	75.0	biphasic	10.0	200.0	1.0	10.0	-25.0	3r_14b	3.0	14.0	bipolar		[7840, 1470, 3406]	[7840, 1420, 3404]
4505.0133	2.0	trials	1.0	2.0	75.0	biphasic	10.0	200.0	1.0	10.0	-25.0	3r_14b	3.0	14.0	bipolar		[7840, 1470, 3406]	[7840, 1420, 3404]
4507.0153	2.0	trials	1.0	2.0	75.0	biphasic	10.0	200.0	1.0	10.0	-25.0	3r_14b	3.0	14.0	bipolar		[7840, 1470, 3406]	[7840, 1420, 3404]
4509.017593555833	2.0	trials	1.0	2.0	75.0	biphasic	10.0	200.0	1.0	10.0	-25.0	3r_14b	3.0	14.0	bipolar		[7840, 1470, 3406]	[7840, 1420, 3404]
4511.0193	2.0	trials	1.0	2.0	75.0	biphasic	10.0	200.0	1.0	10.0	-25.0	3r_14b	3.0	14.0	bipolar		[7840, 1470, 3406]	[7840, 1420, 3404]
4513.0213	2.0	trials	1.0	2.0	75.0	biphasic	10.0	200.0	1.0	10.0	-25.0	3r_14b	3.0	14.0	bipolar		[7840, 1470, 3406]	[7840, 1420, 3404]
4515.023593946848	2.0	trials	1.0	2.0	75.0	biphasic	10.0	200.0	1.0	10.0	-25.0	3r_14b	3.0	14.0	bipolar		[7840, 1470, 3406]	[7840, 1420, 3404]
4517.0253	2.0	trials	1.0	2.0	75.0	biphasic	10.0	200.0	1.0	10.0	-25.0	3r_14b	3.0	14.0	bipolar		[7840, 1470, 3406]	[7840, 1420, 3404]
4519.0273	2.0	trials	1.0	2.0	75.0	biphasic	10.0	200.0	1.0	10.0	-25.0	3r_14b	3.0	14.0	bipolar		[7840, 1470, 3406]	[7840, 1420, 3404]
4521.029594337864	2.0	trials	1.0	2.0	75.0	biphasic	10.0	200.0	1.0	10.0	-25.0	3r_14b	3.0	14.0	bipolar		[7840, 1470, 3406]	[7840, 1420, 3404]
4523.0313	2.0	trials	1.0	2.0	75.0	biphasic	10.0	200.0	1.0	10.0	-25.0	3r_14b	3.0	14.0	bipolar		[7840, 1470, 3406]	[7840, 1420, 3404]
4525.033005401497	2.0	trials	1.0	2.0	75.0	biphasic	10.0	200.0	1.0	10.0	-25.0	3r_14b	3.0	14.0	bipolar		[7840, 1470, 3406]	[7840, 1420, 3404]
4527.0353	2.0	trials	1.0	2.0	75.0	biphasic	10.0	200.0	1.0	10.0	-25.0	3r_14b	3.0	14.0	bipolar		[7840, 1470, 3406]	[7840, 1420, 3404]
4529.037266666666	2.0	trials	1.0	2.0	75.0	biphasic	10.0	200.0	1.0	10.0	-25.0	3r_14b	3.0	14.0	bipolar		[7840, 1470, 3406]	[7840, 1420, 3404]
4531.038971677151	2.0	trials	1.0	2.0	75.0	biphasic	10.0	200.0	1.0	10.0	-25.0	3r_14b	3.0	14.0	bipolar		[7840, 1470, 3406]	[7840, 1420, 3404]
4533.041266666667	2.0	trials	1.0	2.0	75.0	biphasic	10.0	200.0	1.0	10.0	-25.0	3r_14b	3.0	14.0	bipolar		[7840, 1470, 3406]	[7840, 1420, 3404]
4535.043266666667	2.0	trials	1.0	2.0	75.0	biphasic	10.0	200.0	1.0	10.0	-25.0	3r_14b	3.0	14.0	bipolar		[7840, 1470, 3406]	[7840, 1420, 3404]
4537.044971286135	2.0	trials	1.0	2.0	75.0	biphasic	10.0	200.0	1.0	10.0	-25.0	3r_14b	3.0	14.0	bipolar		[7840, 1470, 3406]	[7840, 1420, 3404]
4539.0472666666665	2.0	trials	1.0	2.0	75.0	biphasic	10.0	200.0	1.0	10.0	-25.0	3r_14b	3.0	14.0	bipolar		[7840, 1470, 3406]	[7840, 1420, 3404]
4541.049266666667	2.0	trials	1.0	2.0	75.0	biphasic	10.0	200.0	1.0	10.0	-25.0	3r_14b	3.0	14.0	bipolar		[7840, 1470, 3406]	[7840, 1420, 3404]
4543.051562438252	2.0	trials	1.0	2.0	75.0	biphasic	10.0	200.0	1.0	10.0	-25.0	3r_14b	3.0	14.0	bipolar		[7840, 1470, 3406]	[7840, 1420, 3404]
4545.053266666667	2.0	trials	1.0	2.0	75.0	biphasic	10.0	200.0	1.0	10.0	-25.0	3r_14b	3.0	14.0	bipolar		[7840, 1470, 3406]	[7840, 1420, 3404]
4547.055266666666	2.0	trials	1.0	2.0	75.0	biphasic	10.0	200.0	1.0	10.0	-25.0	3r_14b	3.0	14.0	bipolar		[7840, 1470, 3406]	[7840, 1420, 3404]
4549.057562829268	2.0	trials	1.0	2.0	75.0	biphasic	10.0	200.0	1.0	10.0	-25.0	3r_14b	3.0	14.0	bipolar		[7840, 1470, 3406]	[7840, 1420, 3404]
4551.059266666667	2.0	trials	1.0	2.0	75.0	biphasic	10.0	200.0	1.0	10.0	-25.0	3r_14b	3.0	14.0	bipolar		[7840, 1470, 3406]	[7840, 1420, 3404]
4553.061266666667	2.0	trials	1.0	2.0	75.0	biphasic	10.0	200.0	1.0	10.0	-25.0	3r_14b	3.0	14.0	bipolar		[7840, 1470, 3406]	[7840, 1420, 3404]
4555.063563220284	2.0	trials	1.0	2.0	75.0	biphasic	10.0	200.0	1.0	10.0	-25.0	3r_14b	3.0	14.0	bipolar		[7840, 1470, 3406]	[7840, 1420, 3404]
4557.065233333334	2.0	trials	1.0	2.0	75.0	biphasic	10.0	200.0	1.0	10.0	-25.0	3r_14b	3.0	14.0	bipolar		[7840, 1470, 3406]	[7840, 1420, 3404]
4559.067233333333	2.0	trials	1.0	2.0	75.0	biphasic	10.0	200.0	1.0	10.0	-25.0	3r_14b	3.0	14.0	bipolar		[7840, 1470, 3406]	[7840, 1420, 3404]
4561.069530277964	2.0	trials	1.0	2.0	75.0	biphasic	10.0	200.0	1.0	10.0	-25.0	3r_14b	3.0	14.0	bipolar		[7840, 1470, 3406]	[7840, 1420, 3404]
4563.071233333333	2.0	trials	1.0	2.0	75.0	biphasic	10.0	200.0	1.0	10.0	-25.0	3r_14b	3.0	14.0	bipolar		[7840, 1470, 3406]	[7840, 1420, 3404]
4565.0732333333335	2.0	trials	1.0	2.0	75.0	biphasic	10.0	200.0	1.0	10.0	-25.0	3r_14b	3.0	14.0	bipolar		[7840, 1470, 3406]	[7840, 1420, 3404]
4567.07553066898	2.0	trials	1.0	2.0	75.0	biphasic	10.0	200.0	1.0	10.0	-25.0	3r_14b	3.0	14.0	bipolar		[7840, 1470, 3406]	[7840, 1420, 3404]
4569.077233333333	2.0	trials	1.0	2.0	75.0	biphasic	10.0	200.0	1.0	10.0	-25.0	3r_14b	3.0	14.0	bipolar		[7840, 1470, 3406]	[7840, 1420, 3404]
4571.078935737049	2.0	trials	1.0	2.0	75.0	biphasic	10.0	200.0	1.0	10.0	-25.0	3r_14b	3.0	14.0	bipolar		[7840, 1470, 3406]	[7840, 1420, 3404]
4573.081531059996	2.0	trials	1.0	2.0	75.0	biphasic	10.0	200.0	1.0	10.0	-25.0	3r_14b	3.0	14.0	bipolar		[7840, 1470, 3406]	[7840, 1420, 3404]
4575.083233333334	2.0	trials	1.0	2.0	75.0	biphasic	10.0	200.0	1.0	10.0	-25.0	3r_14b	3.0	14.0	bipolar		[7840, 1470, 3406]	[7840, 1420, 3404]
4577.084935346033	2.0	trials	1.0	2.0	75.0	biphasic	10.0	200.0	1.0	10.0	-25.0	3r_14b	3.0	14.0	bipolar		[7840, 1470, 3406]	[7840, 1420, 3404]
4579.087531451011	2.0	trials	1.0	2.0	75.0	biphasic	10.0	200.0	1.0	10.0	-25.0	3r_14b	3.0	14.0	bipolar		[7840, 1470, 3406]	[7840, 1420, 3404]
4581.089233333333	2.0	trials	1.0	2.0	75.0	biphasic	10.0	200.0	1.0	10.0	-25.0	3r_14b	3.0	14.0	bipolar		[7840, 1470, 3406]	[7840, 1420, 3404]
4583.090901621687	2.0	trials	1.0	2.0	75.0	biphasic	10.0	200.0	1.0	10.0	-25.0	3r_14b	3.0	14.0	bipolar		[7840, 1470, 3406]	[7840, 1420, 3404]
4585.0932	2.0	trials	1.0	2.0	75.0	biphasic	10.0	200.0	1.0	10.0	-25.0	3r_14b	3.0	14.0	bipolar		[7840, 1470, 3406]	[7840, 1420, 3404]
4587.0952	2.0	trials	1.0	2.0	75.0	biphasic	10.0	200.0	1.0	10.0	-25.0	3r_14b	3.0	14.0	bipolar		[7840, 1470, 3406]	[7840, 1420, 3404]
4589.096901230671	2.0	trials	1.0	2.0	75.0	biphasic	10.0	200.0	1.0	10.0	-25.0	3r_14b	3.0	14.0	bipolar		[7840, 1470, 3406]	[7840, 1420, 3404]
4591.0992	2.0	trials	1.0	2.0	75.0	biphasic	10.0	200.0	1.0	10.0	-25.0	3r_14b	3.0	14.0	bipolar		[7840, 1470, 3406]	[7840, 1420, 3404]
4593.1012	2.0	trials	1.0	2.0	75.0	biphasic	10.0	200.0	1.0	10.0	-25.0	3r_14b	3.0	14.0	bipolar		[7840, 1470, 3406]	[7840, 1420, 3404]
4595.103499160384	2.0	trials	1.0	2.0	75.0	biphasic	10.0	200.0	1.0	10.0	-25.0	3r_14b	3.0	14.0	bipolar		[7840, 1470, 3406]	[7840, 1420, 3404]
4597.1052	2.0	trials	1.0	2.0	75.0	biphasic	10.0	200.0	1.0	10.0	-25.0	3r_14b	3.0	14.0	bipolar		[7840, 1470, 3406]	[7840, 1420, 3404]
4599.1072	2.0	trials	1.0	2.0	75.0	biphasic	10.0	200.0	1.0	10.0	-25.0	3r_14b	3.0	14.0	bipolar		[7840, 1470, 3406]	[7840, 1420, 3404]
4601.1094995514	2.0	trials	1.0	2.0	75.0	biphasic	10.0	200.0	1.0	10.0	-25.0	3r_14b	3.0	14.0	bipolar		[7840, 1470, 3406]	[7840, 1420, 3404]
4603.1112	2.0	trials	1.0	2.0	75.0	biphasic	10.0	200.0	1.0	10.0	-25.0	3r_14b	3.0	14.0	bipolar		[7840, 1470, 3406]	[7840, 1420, 3404]
4605.1132	2.0	trials	1.0	2.0	75.0	biphasic	10.0	200.0	1.0	10.0	-25.0	3r_14b	3.0	14.0	bipolar		[7840, 1470, 3406]	[7840, 1420, 3404]
4607.115499942415	2.0	trials	1.0	2.0	75.0	biphasic	10.0	200.0	1.0	10.0	-25.0	3r_14b	3.0	14.0	bipolar		[7840, 1470, 3406]	[7840, 1420, 3404]
4609.1172	2.0	trials	1.0	2.0	75.0	biphasic	10.0	200.0	1.0	10.0	-25.0	3r_14b	3.0	14.0	bipolar		[7840, 1470, 3406]	[7840, 1420, 3404]
4611.118866463616	2.0	trials	1.0	2.0	75.0	biphasic	10.0	200.0	1.0	10.0	-25.0	3r_14b	3.0	14.0	bipolar		[7840, 1470, 3406]	[7840, 1420, 3404]
4613.121467000095	2.0	trials	1.0	2.0	75.0	biphasic	10.0	200.0	1.0	10.0	-25.0	3r_14b	3.0	14.0	bipolar		[7840, 1470, 3406]	[7840, 1420, 3404]
4615.123166666666	2.0	trials	1.0	2.0	75.0	biphasic	10.0	200.0	1.0	10.0	-25.0	3r_14b	3.0	14.0	bipolar		[7840, 1470, 3406]	[7840, 1420, 3404]
4617.1248660726	2.0	trials	1.0	2.0	75.0	biphasic	10.0	200.0	1.0	10.0	-25.0	3r_14b	3.0	14.0	bipolar		[7840, 1470, 3406]	[7840, 1420, 3404]
4619.127166666667	2.0	trials	1.0	2.0	75.0	biphasic	10.0	200.0	1.0	10.0	-25.0	3r_14b	3.0	14.0	bipolar		[7840, 1470, 3406]	[7840, 1420, 3404]
4621.129166666667	2.0	trials	1.0	2.0	75.0	biphasic	10.0	200.0	1.0	10.0	-25.0	3r_14b	3.0	14.0	bipolar		[7840, 1470, 3406]	[7840, 1420, 3404]
4623.1308656815845	2.0	trials	1.0	2.0	75.0	biphasic	10.0	200.0	1.0	10.0	-25.0	3r_14b	3.0	14.0	bipolar		[7840, 1470, 3406]	[7840, 1420, 3404]
4625.1331666666665	2.0	trials	1.0	2.0	75.0	biphasic	10.0	200.0	1.0	10.0	-25.0	3r_14b	3.0	14.0	bipolar		[7840, 1470, 3406]	[7840, 1420, 3404]
4627.135166666667	2.0	trials	1.0	2.0	75.0	biphasic	10.0	200.0	1.0	10.0	-25.0	3r_14b	3.0	14.0	bipolar		[7840, 1470, 3406]	[7840, 1420, 3404]
4629.1368652905685	2.0	trials	1.0	2.0	75.0	biphasic	10.0	200.0	1.0	10.0	-25.0	3r_14b	3.0	14.0	bipolar		[7840, 1470, 3406]	[7840, 1420, 3404]
4631.139166666667	2.0	trials	1.0	2.0	75.0	biphasic	10.0	200.0	1.0	10.0	-25.0	3r_14b	3.0	14.0	bipolar		[7840, 1470, 3406]	[7840, 1420, 3404]
4702.434006148047	2.0	trials	1.0	2.0	75.0	biphasic	11.0	200.0	1.0	10.0	-50.0	3r_14b	3.0	14.0	bipolar		[7840, 1470, 3406]	[7840, 1420, 3404]
4704.4357	2.0	trials	1.0	2.0	75.0	biphasic	11.0	200.0	1.0	10.0	-50.0	3r_14b	3.0	14.0	bipolar		[7840, 1470, 3406]	[7840, 1420, 3404]
4706.437360257984	2.0	trials	1.0	2.0	75.0	biphasic	11.0	200.0	1.0	10.0	-50.0	3r_14b	3.0	14.0	bipolar		[7840, 1470, 3406]	[7840, 1420, 3404]
4708.439666666667	2.0	trials	1.0	2.0	75.0	biphasic	11.0	200.0	1.0	10.0	-50.0	3r_14b	3.0	14.0	bipolar		[7840, 1470, 3406]	[7840, 1420, 3404]
4710.441666666667	2.0	trials	1.0	2.0	75.0	biphasic	11.0	200.0	1.0	10.0	-50.0	3r_14b	3.0	14.0	bipolar		[7840, 1470, 3406]	[7840, 1420, 3404]
4712.443359866968	2.0	trials	1.0	2.0	75.0	biphasic	11.0	200.0	1.0	10.0	-50.0	3r_14b	3.0	14.0	bipolar		[7840, 1470, 3406]	[7840, 1420, 3404]
4714.4456666666665	2.0	trials	1.0	2.0	75.0	biphasic	11.0	200.0	1.0	10.0	-50.0	3r_14b	3.0	14.0	bipolar		[7840, 1470, 3406]	[7840, 1420, 3404]
4716.447666666667	2.0	trials	1.0	2.0	75.0	biphasic	11.0	200.0	1.0	10.0	-50.0	3r_14b	3.0	14.0	bipolar		[7840, 1470, 3406]	[7840, 1420, 3404]
4718.44997385742	2.0	trials	1.0	2.0	75.0	biphasic	11.0	200.0	1.0	10.0	-50.0	3r_14b	3.0	14.0	bipolar		[7840, 1470, 3406]	[7840, 1420, 3404]
4720.451666666667	2.0	trials	1.0	2.0	75.0	biphasic	11.0	200.0	1.0	10.0	-50.0	3r_14b	3.0	14.0	bipolar		[7840, 1470, 3406]	[7840, 1420, 3404]
4722.453666666666	2.0	trials	1.0	2.0	75.0	biphasic	11.0	200.0	1.0	10.0	-50.0	3r_14b	3.0	14.0	bipolar		[7840, 1470, 3406]	[7840, 1420, 3404]
4724.455974248436	2.0	trials	1.0	2.0	75.0	biphasic	11.0	200.0	1.0	10.0	-50.0	3r_14b	3.0	14.0	bipolar		[7840, 1470, 3406]	[7840, 1420, 3404]
4726.457666666666	2.0	trials	1.0	2.0	75.0	biphasic	11.0	200.0	1.0	10.0	-50.0	3r_14b	3.0	14.0	bipolar		[7840, 1470, 3406]	[7840, 1420, 3404]
4728.459666666667	2.0	trials	1.0	2.0	75.0	biphasic	11.0	200.0	1.0	10.0	-50.0	3r_14b	3.0	14.0	bipolar		[7840, 1470, 3406]	[7840, 1420, 3404]
4730.461974639452	2.0	trials	1.0	2.0	75.0	biphasic	11.0	200.0	1.0	10.0	-50.0	3r_14b	3.0	14.0	bipolar		[7840, 1470, 3406]	[7840, 1420, 3404]
4732.4636666666665	2.0	trials	1.0	2.0	75.0	biphasic	11.0	200.0	1.0	10.0	-50.0	3r_14b	3.0	14.0	bipolar		[7840, 1470, 3406]	[7840, 1420, 3404]
4734.465633333333	2.0	trials	1.0	2.0	75.0	biphasic	11.0	200.0	1.0	10.0	-50.0	3r_14b	3.0	14.0	bipolar		[7840, 1470, 3406]	[7840, 1420, 3404]
4736.467941697131	2.0	trials	1.0	2.0	75.0	biphasic	11.0	200.0	1.0	10.0	-50.0	3r_14b	3.0	14.0	bipolar		[7840, 1470, 3406]	[7840, 1420, 3404]
4738.469633333333	2.0	trials	1.0	2.0	75.0	biphasic	11.0	200.0	1.0	10.0	-50.0	3r_14b	3.0	14.0	bipolar		[7840, 1470, 3406]	[7840, 1420, 3404]
4740.471633333334	2.0	trials	1.0	2.0	75.0	biphasic	11.0	200.0	1.0	10.0	-50.0	3r_14b	3.0	14.0	bipolar		[7840, 1470, 3406]	[7840, 1420, 3404]
4742.473942088147	2.0	trials	1.0	2.0	75.0	biphasic	11.0	200.0	1.0	10.0	-50.0	3r_14b	3.0	14.0	bipolar		[7840, 1470, 3406]	[7840, 1420, 3404]
4744.4756333333335	2.0	trials	1.0	2.0	75.0	biphasic	11.0	200.0	1.0	10.0	-50.0	3r_14b	3.0	14.0	bipolar		[7840, 1470, 3406]	[7840, 1420, 3404]
4746.477633333333	2.0	trials	1.0	2.0	75.0	biphasic	11.0	200.0	1.0	10.0	-50.0	3r_14b	3.0	14.0	bipolar		[7840, 1470, 3406]	[7840, 1420, 3404]
4748.479942479163	2.0	trials	1.0	2.0	75.0	biphasic	11.0	200.0	1.0	10.0	-50.0	3r_14b	3.0	14.0	bipolar		[7840, 1470, 3406]	[7840, 1420, 3404]
4750.481633333334	2.0	trials	1.0	2.0	75.0	biphasic	11.0	200.0	1.0	10.0	-50.0	3r_14b	3.0	14.0	bipolar		[7840, 1470, 3406]	[7840, 1420, 3404]
4752.483323926867	2.0	trials	1.0	2.0	75.0	biphasic	11.0	200.0	1.0	10.0	-50.0	3r_14b	3.0	14.0	bipolar		[7840, 1470, 3406]	[7840, 1420, 3404]
4754.485633333334	2.0	trials	1.0	2.0	75.0	biphasic	11.0	200.0	1.0	10.0	-50.0	3r_14b	3.0	14.0	bipolar		[7840, 1470, 3406]	[7840, 1420, 3404]
4756.487633333333	2.0	trials	1.0	2.0	75.0	biphasic	11.0	200.0	1.0	10.0	-50.0	3r_14b	3.0	14.0	bipolar		[7840, 1470, 3406]	[7840, 1420, 3404]
4758.489323535851	2.0	trials	1.0	2.0	75.0	biphasic	11.0	200.0	1.0	10.0	-50.0	3r_14b	3.0	14.0	bipolar		[7840, 1470, 3406]	[7840, 1420, 3404]
4760.491633333333	2.0	trials	1.0	2.0	75.0	biphasic	11.0	200.0	1.0	10.0	-50.0	3r_14b	3.0	14.0	bipolar		[7840, 1470, 3406]	[7840, 1420, 3404]
4762.4936	2.0	trials	1.0	2.0	75.0	biphasic	11.0	200.0	1.0	10.0	-50.0	3r_14b	3.0	14.0	bipolar		[7840, 1470, 3406]	[7840, 1420, 3404]
4764.495289811504	2.0	trials	1.0	2.0	75.0	biphasic	11.0	200.0	1.0	10.0	-50.0	3r_14b	3.0	14.0	bipolar		[7840, 1470, 3406]	[7840, 1420, 3404]
4766.4976	2.0	trials	1.0	2.0	75.0	biphasic	11.0	200.0	1.0	10.0	-50.0	3r_14b	3.0	14.0	bipolar		[7840, 1470, 3406]	[7840, 1420, 3404]
4768.4996	2.0	trials	1.0	2.0	75.0	biphasic	11.0	200.0	1.0	10.0	-50.0	3r_14b	3.0	14.0	bipolar		[7840, 1470, 3406]	[7840, 1420, 3404]
4770.501910579552	2.0	trials	1.0	2.0	75.0	biphasic	11.0	200.0	1.0	10.0	-50.0	3r_14b	3.0	14.0	bipolar		[7840, 1470, 3406]	[7840, 1420, 3404]
4772.5036	2.0	trials	1.0	2.0	75.0	biphasic	11.0	200.0	1.0	10.0	-50.0	3r_14b	3.0	14.0	bipolar		[7840, 1470, 3406]	[7840, 1420, 3404]
4774.5056	2.0	trials	1.0	2.0	75.0	biphasic	11.0	200.0	1.0	10.0	-50.0	3r_14b	3.0	14.0	bipolar		[7840, 1470, 3406]	[7840, 1420, 3404]
4776.507910970568	2.0	trials	1.0	2.0	75.0	biphasic	11.0	200.0	1.0	10.0	-50.0	3r_14b	3.0	14.0	bipolar		[7840, 1470, 3406]	[7840, 1420, 3404]
4778.5096	2.0	trials	1.0	2.0	75.0	biphasic	11.0	200.0	1.0	10.0	-50.0	3r_14b	3.0	14.0	bipolar		[7840, 1470, 3406]	[7840, 1420, 3404]
4780.5116	2.0	trials	1.0	2.0	75.0	biphasic	11.0	200.0	1.0	10.0	-50.0	3r_14b	3.0	14.0	bipolar		[7840, 1470, 3406]	[7840, 1420, 3404]
4782.513911361582	2.0	trials	1.0	2.0	75.0	biphasic	11.0	200.0	1.0	10.0	-50.0	3r_14b	3.0	14.0	bipolar		[7840, 1470, 3406]	[7840, 1420, 3404]
4784.5156	2.0	trials	1.0	2.0	75.0	biphasic	11.0	200.0	1.0	10.0	-50.0	3r_14b	3.0	14.0	bipolar		[7840, 1470, 3406]	[7840, 1420, 3404]
4786.5176	2.0	trials	1.0	2.0	75.0	biphasic	11.0	200.0	1.0	10.0	-50.0	3r_14b	3.0	14.0	bipolar		[7840, 1470, 3406]	[7840, 1420, 3404]
4788.519878419263	2.0	trials	1.0	2.0	75.0	biphasic	11.0	200.0	1.0	10.0	-50.0	3r_14b	3.0	14.0	bipolar		[7840, 1470, 3406]	[7840, 1420, 3404]
4790.521566666666	2.0	trials	1.0	2.0	75.0	biphasic	11.0	200.0	1.0	10.0	-50.0	3r_14b	3.0	14.0	bipolar		[7840, 1470, 3406]	[7840, 1420, 3404]
4792.523254653434	2.0	trials	1.0	2.0	75.0	biphasic	11.0	200.0	1.0	10.0	-50.0	3r_14b	3.0	14.0	bipolar		[7840, 1470, 3406]	[7840, 1420, 3404]
4794.525566666666	2.0	trials	1.0	2.0	75.0	biphasic	11.0	200.0	1.0	10.0	-50.0	3r_14b	3.0	14.0	bipolar		[7840, 1470, 3406]	[7840, 1420, 3404]
4796.527566666667	2.0	trials	1.0	2.0	75.0	biphasic	11.0	200.0	1.0	10.0	-50.0	3r_14b	3.0	14.0	bipolar		[7840, 1470, 3406]	[7840, 1420, 3404]
4798.529254262418	2.0	trials	1.0	2.0	75.0	biphasic	11.0	200.0	1.0	10.0	-50.0	3r_14b	3.0	14.0	bipolar		[7840, 1470, 3406]	[7840, 1420, 3404]
4800.531566666667	2.0	trials	1.0	2.0	75.0	biphasic	11.0	200.0	1.0	10.0	-50.0	3r_14b	3.0	14.0	bipolar		[7840, 1470, 3406]	[7840, 1420, 3404]
4802.533566666667	2.0	trials	1.0	2.0	75.0	biphasic	11.0	200.0	1.0	10.0	-50.0	3r_14b	3.0	14.0	bipolar		[7840, 1470, 3406]	[7840, 1420, 3404]
4804.535253871402	2.0	trials	1.0	2.0	75.0	biphasic	11.0	200.0	1.0	10.0	-50.0	3r_14b	3.0	14.0	bipolar		[7840, 1470, 3406]	[7840, 1420, 3404]
4806.537566666667	2.0	trials	1.0	2.0	75.0	biphasic	11.0	200.0	1.0	10.0	-50.0	3r_14b	3.0	14.0	bipolar		[7840, 1470, 3406]	[7840, 1420, 3404]
4808.539566666666	2.0	trials	1.0	2.0	75.0	biphasic	11.0	200.0	1.0	10.0	-50.0	3r_14b	3.0	14.0	bipolar		[7840, 1470, 3406]	[7840, 1420, 3404]
4810.541253480387	2.0	trials	1.0	2.0	75.0	biphasic	11.0	200.0	1.0	10.0	-50.0	3r_14b	3.0	14.0	bipolar		[7840, 1470, 3406]	[7840, 1420, 3404]
4812.543566666666	2.0	trials	1.0	2.0	75.0	biphasic	11.0	200.0	1.0	10.0	-50.0	3r_14b	3.0	14.0	bipolar		[7840, 1470, 3406]	[7840, 1420, 3404]
4814.545566666667	2.0	trials	1.0	2.0	75.0	biphasic	11.0	200.0	1.0	10.0	-50.0	3r_14b	3.0	14.0	bipolar		[7840, 1470, 3406]	[7840, 1420, 3404]
4816.54721975604	2.0	trials	1.0	2.0	75.0	biphasic	11.0	200.0	1.0	10.0	-50.0	3r_14b	3.0	14.0	bipolar		[7840, 1470, 3406]	[7840, 1420, 3404]
4818.549533333334	2.0	trials	1.0	2.0	75.0	biphasic	11.0	200.0	1.0	10.0	-50.0	3r_14b	3.0	14.0	bipolar		[7840, 1470, 3406]	[7840, 1420, 3404]
4820.551533333333	2.0	trials	1.0	2.0	75.0	biphasic	11.0	200.0	1.0	10.0	-50.0	3r_14b	3.0	14.0	bipolar		[7840, 1470, 3406]	[7840, 1420, 3404]
4822.553219365025	2.0	trials	1.0	2.0	75.0	biphasic	11.0	200.0	1.0	10.0	-50.0	3r_14b	3.0	14.0	bipolar		[7840, 1470, 3406]	[7840, 1420, 3404]
4824.555533333333	2.0	trials	1.0	2.0	75.0	biphasic	11.0	200.0	1.0	10.0	-50.0	3r_14b	3.0	14.0	bipolar		[7840, 1470, 3406]	[7840, 1420, 3404]
4826.557533333334	2.0	trials	1.0	2.0	75.0	biphasic	11.0	200.0	1.0	10.0	-50.0	3r_14b	3.0	14.0	bipolar		[7840, 1470, 3406]	[7840, 1420, 3404]
4828.559847692698	2.0	trials	1.0	2.0	75.0	biphasic	11.0	200.0	1.0	10.0	-50.0	3r_14b	3.0	14.0	bipolar		[7840, 1470, 3406]	[7840, 1420, 3404]
4830.5615333333335	2.0	trials	1.0	2.0	75.0	biphasic	11.0	200.0	1.0	10.0	-50.0	3r_14b	3.0	14.0	bipolar		[7840, 1470, 3406]	[7840, 1420, 3404]
4832.563533333333	2.0	trials	1.0	2.0	75.0	biphasic	11.0	200.0	1.0	10.0	-50.0	3r_14b	3.0	14.0	bipolar		[7840, 1470, 3406]	[7840, 1420, 3404]
4834.565848083714	2.0	trials	1.0	2.0	75.0	biphasic	11.0	200.0	1.0	10.0	-50.0	3r_14b	3.0	14.0	bipolar		[7840, 1470, 3406]	[7840, 1420, 3404]
4836.567533333333	2.0	trials	1.0	2.0	75.0	biphasic	11.0	200.0	1.0	10.0	-50.0	3r_14b	3.0	14.0	bipolar		[7840, 1470, 3406]	[7840, 1420, 3404]
4838.569218322316	2.0	trials	1.0	2.0	75.0	biphasic	11.0	200.0	1.0	10.0	-50.0	3r_14b	3.0	14.0	bipolar		[7840, 1470, 3406]	[7840, 1420, 3404]
4840.571848474729	2.0	trials	1.0	2.0	75.0	biphasic	11.0	200.0	1.0	10.0	-50.0	3r_14b	3.0	14.0	bipolar		[7840, 1470, 3406]	[7840, 1420, 3404]
4842.5735	2.0	trials	1.0	2.0	75.0	biphasic	11.0	200.0	1.0	10.0	-50.0	3r_14b	3.0	14.0	bipolar		[7840, 1470, 3406]	[7840, 1420, 3404]
4844.575184597969	2.0	trials	1.0	2.0	75.0	biphasic	11.0	200.0	1.0	10.0	-50.0	3r_14b	3.0	14.0	bipolar		[7840, 1470, 3406]	[7840, 1420, 3404]
4846.5775	2.0	trials	1.0	2.0	75.0	biphasic	11.0	200.0	1.0	10.0	-50.0	3r_14b	3.0	14.0	bipolar		[7840, 1470, 3406]	[7840, 1420, 3404]
4848.5795	2.0	trials	1.0	2.0	75.0	biphasic	11.0	200.0	1.0	10.0	-50.0	3r_14b	3.0	14.0	bipolar		[7840, 1470, 3406]	[7840, 1420, 3404]
4850.581184206954	2.0	trials	1.0	2.0	75.0	biphasic	11.0	200.0	1.0	10.0	-50.0	3r_14b	3.0	14.0	bipolar		[7840, 1470, 3406]	[7840, 1420, 3404]
4909.229433333333	2.0	trials	1.0	2.0	75.0	biphasic	12.0	100.0	1.0	10.0	-5.0	3r	3.0	0.0	monopolar		[7840, 1470, 3406]	[0, 0, 0]
4911.231113591724	2.0	trials	1.0	2.0	75.0	biphasic	12.0	100.0	1.0	10.0	-5.0	3r	3.0	0.0	monopolar		[7840, 1470, 3406]	[0, 0, 0]
4913.2334	2.0	trials	1.0	2.0	75.0	biphasic	12.0	100.0	1.0	10.0	-5.0	3r	3.0	0.0	monopolar		[7840, 1470, 3406]	[0, 0, 0]
4915.2354	2.0	trials	1.0	2.0	75.0	biphasic	12.0	100.0	1.0	10.0	-5.0	3r	3.0	0.0	monopolar		[7840, 1470, 3406]	[0, 0, 0]
4917.237079867377	2.0	trials	1.0	2.0	75.0	biphasic	12.0	100.0	1.0	10.0	-5.0	3r	3.0	0.0	monopolar		[7840, 1470, 3406]	[0, 0, 0]
4919.2394	2.0	trials	1.0	2.0	75.0	biphasic	12.0	100.0	1.0	10.0	-5.0	3r	3.0	0.0	monopolar		[7840, 1470, 3406]	[0, 0, 0]
4921.2414	2.0	trials	1.0	2.0	75.0	biphasic	12.0	100.0	1.0	10.0	-5.0	3r	3.0	0.0	monopolar		[7840, 1470, 3406]	[0, 0, 0]
4923.243079476362	2.0	trials	1.0	2.0	75.0	biphasic	12.0	100.0	1.0	10.0	-5.0	3r	3.0	0.0	monopolar		[7840, 1470, 3406]	[0, 0, 0]
4925.2454	2.0	trials	1.0	2.0	75.0	biphasic	12.0	100.0	1.0	10.0	-5.0	3r	3.0	0.0	monopolar		[7840, 1470, 3406]	[0, 0, 0]
4927.2474	2.0	trials	1.0	2.0	75.0	biphasic	12.0	100.0	1.0	10.0	-5.0	3r	3.0	0.0	monopolar		[7840, 1470, 3406]	[0, 0, 0]
4929.249079085346	2.0	trials	1.0	2.0	75.0	biphasic	12.0	100.0	1.0	10.0	-5.0	3r	3.0	0.0	monopolar		[7840, 1470, 3406]	[0, 0, 0]
4931.2514	2.0	trials	1.0	2.0	75.0	biphasic	12.0	100.0	1.0	10.0	-5.0	3r	3.0	0.0	monopolar		[7840, 1470, 3406]	[0, 0, 0]
4933.2534	2.0	trials	1.0	2.0	75.0	biphasic	12.0	100.0	1.0	10.0	-5.0	3r	3.0	0.0	monopolar		[7840, 1470, 3406]	[0, 0, 0]
4935.255721305711	2.0	trials	1.0	2.0	75.0	biphasic	12.0	100.0	1.0	10.0	-5.0	3r	3.0	0.0	monopolar		[7840, 1470, 3406]	[0, 0, 0]
4937.2574	2.0	trials	1.0	2.0	75.0	biphasic	12.0	100.0	1.0	10.0	-5.0	3r	3.0	0.0	monopolar		[7840, 1470, 3406]	[0, 0, 0]
4939.2594	2.0	trials	1.0	2.0	75.0	biphasic	12.0	100.0	1.0	10.0	-5.0	3r	3.0	0.0	monopolar		[7840, 1470, 3406]	[0, 0, 0]
4941.261688363391	2.0	trials	1.0	2.0	75.0	biphasic	12.0	100.0	1.0	10.0	-5.0	3r	3.0	0.0	monopolar		[7840, 1470, 3406]	[0, 0, 0]
4943.263366666667	2.0	trials	1.0	2.0	75.0	biphasic	12.0	100.0	1.0	10.0	-5.0	3r	3.0	0.0	monopolar		[7840, 1470, 3406]	[0, 0, 0]
4945.265044709307	2.0	trials	1.0	2.0	75.0	biphasic	12.0	100.0	1.0	10.0	-5.0	3r	3.0	0.0	monopolar		[7840, 1470, 3406]	[0, 0, 0]
4947.267688754407	2.0	trials	1.0	2.0	75.0	biphasic	12.0	100.0	1.0	10.0	-5.0	3r	3.0	0.0	monopolar		[7840, 1470, 3406]	[0, 0, 0]
4949.269366666666	2.0	trials	1.0	2.0	75.0	biphasic	12.0	100.0	1.0	10.0	-5.0	3r	3.0	0.0	monopolar		[7840, 1470, 3406]	[0, 0, 0]
4951.271044318291	2.0	trials	1.0	2.0	75.0	biphasic	12.0	100.0	1.0	10.0	-5.0	3r	3.0	0.0	monopolar		[7840, 1470, 3406]	[0, 0, 0]
4953.273366666666	2.0	trials	1.0	2.0	75.0	biphasic	12.0	100.0	1.0	10.0	-5.0	3r	3.0	0.0	monopolar		[7840, 1470, 3406]	[0, 0, 0]
4955.275366666667	2.0	trials	1.0	2.0	75.0	biphasic	12.0	100.0	1.0	10.0	-5.0	3r	3.0	0.0	monopolar		[7840, 1470, 3406]	[0, 0, 0]
4957.277043927275	2.0	trials	1.0	2.0	75.0	biphasic	12.0	100.0	1.0	10.0	-5.0	3r	3.0	0.0	monopolar		[7840, 1470, 3406]	[0, 0, 0]
4959.279366666667	2.0	trials	1.0	2.0	75.0	biphasic	12.0	100.0	1.0	10.0	-5.0	3r	3.0	0.0	monopolar		[7840, 1470, 3406]	[0, 0, 0]
4961.281366666667	2.0	trials	1.0	2.0	75.0	biphasic	12.0	100.0	1.0	10.0	-5.0	3r	3.0	0.0	monopolar		[7840, 1470, 3406]	[0, 0, 0]
4963.28304353626	2.0	trials	1.0	2.0	75.0	biphasic	12.0	100.0	1.0	10.0	-5.0	3r	3.0	0.0	monopolar		[7840, 1470, 3406]	[0, 0, 0]
4965.285366666667	2.0	trials	1.0	2.0	75.0	biphasic	12.0	100.0	1.0	10.0	-5.0	3r	3.0	0.0	monopolar		[7840, 1470, 3406]	[0, 0, 0]
4967.287333333334	2.0	trials	1.0	2.0	75.0	biphasic	12.0	100.0	1.0	10.0	-5.0	3r	3.0	0.0	monopolar		[7840, 1470, 3406]	[0, 0, 0]
4969.289656854796	2.0	trials	1.0	2.0	75.0	biphasic	12.0	100.0	1.0	10.0	-5.0	3r	3.0	0.0	monopolar		[7840, 1470, 3406]	[0, 0, 0]
4971.291333333334	2.0	trials	1.0	2.0	75.0	biphasic	12.0	100.0	1.0	10.0	-5.0	3r	3.0	0.0	monopolar		[7840, 1470, 3406]	[0, 0, 0]
4973.293333333333	2.0	trials	1.0	2.0	75.0	biphasic	12.0	100.0	1.0	10.0	-5.0	3r	3.0	0.0	monopolar		[7840, 1470, 3406]	[0, 0, 0]
4975.295657245811	2.0	trials	1.0	2.0	75.0	biphasic	12.0	100.0	1.0	10.0	-5.0	3r	3.0	0.0	monopolar		[7840, 1470, 3406]	[0, 0, 0]
4977.297333333333	2.0	trials	1.0	2.0	75.0	biphasic	12.0	100.0	1.0	10.0	-5.0	3r	3.0	0.0	monopolar		[7840, 1470, 3406]	[0, 0, 0]
4979.299333333333	2.0	trials	1.0	2.0	75.0	biphasic	12.0	100.0	1.0	10.0	-5.0	3r	3.0	0.0	monopolar		[7840, 1470, 3406]	[0, 0, 0]
4981.301657636826	2.0	trials	1.0	2.0	75.0	biphasic	12.0	100.0	1.0	10.0	-5.0	3r	3.0	0.0	monopolar		[7840, 1470, 3406]	[0, 0, 0]
4983.303333333333	2.0	trials	1.0	2.0	75.0	biphasic	12.0	100.0	1.0	10.0	-5.0	3r	3.0	0.0	monopolar		[7840, 1470, 3406]	[0, 0, 0]
4985.305333333334	2.0	trials	1.0	2.0	75.0	biphasic	12.0	100.0	1.0	10.0	-5.0	3r	3.0	0.0	monopolar		[7840, 1470, 3406]	[0, 0, 0]
4987.307658027842	2.0	trials	1.0	2.0	75.0	biphasic	12.0	100.0	1.0	10.0	-5.0	3r	3.0	0.0	monopolar		[7840, 1470, 3406]	[0, 0, 0]
4989.309333333334	2.0	trials	1.0	2.0	75.0	biphasic	12.0	100.0	1.0	10.0	-5.0	3r	3.0	0.0	monopolar		[7840, 1470, 3406]	[0, 0, 0]
4991.311333333333	2.0	trials	1.0	2.0	75.0	biphasic	12.0	100.0	1.0	10.0	-5.0	3r	3.0	0.0	monopolar		[7840, 1470, 3406]	[0, 0, 0]
4993.313658418858	2.0	trials	1.0	2.0	75.0	biphasic	12.0	100.0	1.0	10.0	-5.0	3r	3.0	0.0	monopolar		[7840, 1470, 3406]	[0, 0, 0]
4995.3153	2.0	trials	1.0	2.0	75.0	biphasic	12.0	100.0	1.0	10.0	-5.0	3r	3.0	0.0	monopolar		[7840, 1470, 3406]	[0, 0, 0]
4997.316974653842	2.0	trials	1.0	2.0	75.0	biphasic	12.0	100.0	1.0	10.0	-5.0	3r	3.0	0.0	monopolar		[7840, 1470, 3406]	[0, 0, 0]
4999.3193	2.0	trials	1.0	2.0	75.0	biphasic	12.0	100.0	1.0	10.0	-5.0	3r	3.0	0.0	monopolar		[7840, 1470, 3406]	[0, 0, 0]
5001.3213	2.0	trials	1.0	2.0	75.0	biphasic	12.0	100.0	1.0	10.0	-5.0	3r	3.0	0.0	monopolar		[7840, 1470, 3406]	[0, 0, 0]
5003.322974262827	2.0	trials	1.0	2.0	75.0	biphasic	12.0	100.0	1.0	10.0	-5.0	3r	3.0	0.0	monopolar		[7840, 1470, 3406]	[0, 0, 0]
5005.3253	2.0	trials	1.0	2.0	75.0	biphasic	12.0	100.0	1.0	10.0	-5.0	3r	3.0	0.0	monopolar		[7840, 1470, 3406]	[0, 0, 0]
5007.3273	2.0	trials	1.0	2.0	75.0	biphasic	12.0	100.0	1.0	10.0	-5.0	3r	3.0	0.0	monopolar		[7840, 1470, 3406]	[0, 0, 0]
5009.328973871811	2.0	trials	1.0	2.0	75.0	biphasic	12.0	100.0	1.0	10.0	-5.0	3r	3.0	0.0	monopolar		[7840, 1470, 3406]	[0, 0, 0]
5011.3313	2.0	trials	1.0	2.0	75.0	biphasic	12.0	100.0	1.0	10.0	-5.0	3r	3.0	0.0	monopolar		[7840, 1470, 3406]	[0, 0, 0]
5013.3333	2.0	trials	1.0	2.0	75.0	biphasic	12.0	100.0	1.0	10.0	-5.0	3r	3.0	0.0	monopolar		[7840, 1470, 3406]	[0, 0, 0]
5015.334973480796	2.0	trials	1.0	2.0	75.0	biphasic	12.0	100.0	1.0	10.0	-5.0	3r	3.0	0.0	monopolar		[7840, 1470, 3406]	[0, 0, 0]
5017.3373	2.0	trials	1.0	2.0	75.0	biphasic	12.0	100.0	1.0	10.0	-5.0	3r	3.0	0.0	monopolar		[7840, 1470, 3406]	[0, 0, 0]
5019.3393	2.0	trials	1.0	2.0	75.0	biphasic	12.0	100.0	1.0	10.0	-5.0	3r	3.0	0.0	monopolar		[7840, 1470, 3406]	[0, 0, 0]
5021.341626910262	2.0	trials	1.0	2.0	75.0	biphasic	12.0	100.0	1.0	10.0	-5.0	3r	3.0	0.0	monopolar		[7840, 1470, 3406]	[0, 0, 0]
5023.343266666667	2.0	trials	1.0	2.0	75.0	biphasic	12.0	100.0	1.0	10.0	-5.0	3r	3.0	0.0	monopolar		[7840, 1470, 3406]	[0, 0, 0]
5025.345266666666	2.0	trials	1.0	2.0	75.0	biphasic	12.0	100.0	1.0	10.0	-5.0	3r	3.0	0.0	monopolar		[7840, 1470, 3406]	[0, 0, 0]
5027.347593967942	2.0	trials	1.0	2.0	75.0	biphasic	12.0	100.0	1.0	10.0	-5.0	3r	3.0	0.0	monopolar		[7840, 1470, 3406]	[0, 0, 0]
5029.349266666667	2.0	trials	1.0	2.0	75.0	biphasic	12.0	100.0	1.0	10.0	-5.0	3r	3.0	0.0	monopolar		[7840, 1470, 3406]	[0, 0, 0]
5031.351266666667	2.0	trials	1.0	2.0	75.0	biphasic	12.0	100.0	1.0	10.0	-5.0	3r	3.0	0.0	monopolar		[7840, 1470, 3406]	[0, 0, 0]
5033.353594358958	2.0	trials	1.0	2.0	75.0	biphasic	12.0	100.0	1.0	10.0	-5.0	3r	3.0	0.0	monopolar		[7840, 1470, 3406]	[0, 0, 0]
5035.3552666666665	2.0	trials	1.0	2.0	75.0	biphasic	12.0	100.0	1.0	10.0	-5.0	3r	3.0	0.0	monopolar		[7840, 1470, 3406]	[0, 0, 0]
5037.357266666667	2.0	trials	1.0	2.0	75.0	biphasic	12.0	100.0	1.0	10.0	-5.0	3r	3.0	0.0	monopolar		[7840, 1470, 3406]	[0, 0, 0]
5039.359266666666	2.0	trials	1.0	2.0	75.0	biphasic	12.0	100.0	1.0	10.0	-5.0	3r	3.0	0.0	monopolar		[7840, 1470, 3406]	[0, 0, 0]
5041.361266666667	2.0	trials	1.0	2.0	75.0	biphasic	12.0	100.0	1.0	10.0	-5.0	3r	3.0	0.0	monopolar		[7840, 1470, 3406]	[0, 0, 0]
5043.363266666666	2.0	trials	1.0	2.0	75.0	biphasic	12.0	100.0	1.0	10.0	-5.0	3r	3.0	0.0	monopolar		[7840, 1470, 3406]	[0, 0, 0]
5045.365266666667	2.0	trials	1.0	2.0	75.0	biphasic	12.0	100.0	1.0	10.0	-5.0	3r	3.0	0.0	monopolar		[7840, 1470, 3406]	[0, 0, 0]
5047.367266666667	2.0	trials	1.0	2.0	75.0	biphasic	12.0	100.0	1.0	10.0	-5.0	3r	3.0	0.0	monopolar		[7840, 1470, 3406]	[0, 0, 0]
5049.368904598378	2.0	trials	1.0	2.0	75.0	biphasic	12.0	100.0	1.0	10.0	-5.0	3r	3.0	0.0	monopolar		[7840, 1470, 3406]	[0, 0, 0]
5051.371233333333	2.0	trials	1.0	2.0	75.0	biphasic	12.0	100.0	1.0	10.0	-5.0	3r	3.0	0.0	monopolar		[7840, 1470, 3406]	[0, 0, 0]
5053.373233333334	2.0	trials	1.0	2.0	75.0	biphasic	12.0	100.0	1.0	10.0	-5.0	3r	3.0	0.0	monopolar		[7840, 1470, 3406]	[0, 0, 0]
5055.374904207363	2.0	trials	1.0	2.0	75.0	biphasic	12.0	100.0	1.0	10.0	-5.0	3r	3.0	0.0	monopolar		[7840, 1470, 3406]	[0, 0, 0]
5057.377233333334	2.0	trials	1.0	2.0	75.0	biphasic	12.0	100.0	1.0	10.0	-5.0	3r	3.0	0.0	monopolar		[7840, 1470, 3406]	[0, 0, 0]
5083.036366666666	2.0	trials	1.0	2.0	75.0	biphasic	13.0	100.0	1.0	10.0	5.0	3r	3.0	0.0	monopolar		[7840, 1470, 3406]	[0, 0, 0]
5085.038366666667	2.0	trials	1.0	2.0	75.0	biphasic	13.0	100.0	1.0	10.0	5.0	3r	3.0	0.0	monopolar		[7840, 1470, 3406]	[0, 0, 0]
5087.040002145834	2.0	trials	1.0	2.0	75.0	biphasic	13.0	100.0	1.0	10.0	5.0	3r	3.0	0.0	monopolar		[7840, 1470, 3406]	[0, 0, 0]
5089.042333333334	2.0	trials	1.0	2.0	75.0	biphasic	13.0	100.0	1.0	10.0	5.0	3r	3.0	0.0	monopolar		[7840, 1470, 3406]	[0, 0, 0]
5091.044333333333	2.0	trials	1.0	2.0	75.0	biphasic	13.0	100.0	1.0	10.0	5.0	3r	3.0	0.0	monopolar		[7840, 1470, 3406]	[0, 0, 0]
5093.046001754818	2.0	trials	1.0	2.0	75.0	biphasic	13.0	100.0	1.0	10.0	5.0	3r	3.0	0.0	monopolar		[7840, 1470, 3406]	[0, 0, 0]
5095.048333333333	2.0	trials	1.0	2.0	75.0	biphasic	13.0	100.0	1.0	10.0	5.0	3r	3.0	0.0	monopolar		[7840, 1470, 3406]	[0, 0, 0]
5097.050333333334	2.0	trials	1.0	2.0	75.0	biphasic	13.0	100.0	1.0	10.0	5.0	3r	3.0	0.0	monopolar		[7840, 1470, 3406]	[0, 0, 0]
5099.052001363802	2.0	trials	1.0	2.0	75.0	biphasic	13.0	100.0	1.0	10.0	5.0	3r	3.0	0.0	monopolar		[7840, 1470, 3406]	[0, 0, 0]
5101.0543333333335	2.0	trials	1.0	2.0	75.0	biphasic	13.0	100.0	1.0	10.0	5.0	3r	3.0	0.0	monopolar		[7840, 1470, 3406]	[0, 0, 0]
5103.056333333333	2.0	trials	1.0	2.0	75.0	biphasic	13.0	100.0	1.0	10.0	5.0	3r	3.0	0.0	monopolar		[7840, 1470, 3406]	[0, 0, 0]
5105.058665693923	2.0	trials	1.0	2.0	75.0	biphasic	13.0	100.0	1.0	10.0	5.0	3r	3.0	0.0	monopolar		[7840, 1470, 3406]	[0, 0, 0]
5107.060333333333	2.0	trials	1.0	2.0	75.0	biphasic	13.0	100.0	1.0	10.0	5.0	3r	3.0	0.0	monopolar		[7840, 1470, 3406]	[0, 0, 0]
5109.062333333333	2.0	trials	1.0	2.0	75.0	biphasic	13.0	100.0	1.0	10.0	5.0	3r	3.0	0.0	monopolar		[7840, 1470, 3406]	[0, 0, 0]
5111.064666084939	2.0	trials	1.0	2.0	75.0	biphasic	13.0	100.0	1.0	10.0	5.0	3r	3.0	0.0	monopolar		[7840, 1470, 3406]	[0, 0, 0]
5113.066333333333	2.0	trials	1.0	2.0	75.0	biphasic	13.0	100.0	1.0	10.0	5.0	3r	3.0	0.0	monopolar		[7840, 1470, 3406]	[0, 0, 0]
5115.0683	2.0	trials	1.0	2.0	75.0	biphasic	13.0	100.0	1.0	10.0	5.0	3r	3.0	0.0	monopolar		[7840, 1470, 3406]	[0, 0, 0]
5117.070633142619	2.0	trials	1.0	2.0	75.0	biphasic	13.0	100.0	1.0	10.0	5.0	3r	3.0	0.0	monopolar		[7840, 1470, 3406]	[0, 0, 0]
5119.0723	2.0	trials	1.0	2.0	75.0	biphasic	13.0	100.0	1.0	10.0	5.0	3r	3.0	0.0	monopolar		[7840, 1470, 3406]	[0, 0, 0]
5121.073966596747	2.0	trials	1.0	2.0	75.0	biphasic	13.0	100.0	1.0	10.0	5.0	3r	3.0	0.0	monopolar		[7840, 1470, 3406]	[0, 0, 0]
5123.076633533635	2.0	trials	1.0	2.0	75.0	biphasic	13.0	100.0	1.0	10.0	5.0	3r	3.0	0.0	monopolar		[7840, 1470, 3406]	[0, 0, 0]
5125.0783	2.0	trials	1.0	2.0	75.0	biphasic	13.0	100.0	1.0	10.0	5.0	3r	3.0	0.0	monopolar		[7840, 1470, 3406]	[0, 0, 0]
5127.079966205732	2.0	trials	1.0	2.0	75.0	biphasic	13.0	100.0	1.0	10.0	5.0	3r	3.0	0.0	monopolar		[7840, 1470, 3406]	[0, 0, 0]
5129.0823	2.0	trials	1.0	2.0	75.0	biphasic	13.0	100.0	1.0	10.0	5.0	3r	3.0	0.0	monopolar		[7840, 1470, 3406]	[0, 0, 0]
5131.0843	2.0	trials	1.0	2.0	75.0	biphasic	13.0	100.0	1.0	10.0	5.0	3r	3.0	0.0	monopolar		[7840, 1470, 3406]	[0, 0, 0]
5133.085965814716	2.0	trials	1.0	2.0	75.0	biphasic	13.0	100.0	1.0	10.0	5.0	3r	3.0	0.0	monopolar		[7840, 1470, 3406]	[0, 0, 0]
5135.0883	2.0	trials	1.0	2.0	75.0	biphasic	13.0	100.0	1.0	10.0	5.0	3r	3.0	0.0	monopolar		[7840, 1470, 3406]	[0, 0, 0]
5137.0903	2.0	trials	1.0	2.0	75.0	biphasic	13.0	100.0	1.0	10.0	5.0	3r	3.0	0.0	monopolar		[7840, 1470, 3406]	[0, 0, 0]
5139.0919654237005	2.0	trials	1.0	2.0	75.0	biphasic	13.0	100.0	1.0	10.0	5.0	3r	3.0	0.0	monopolar		[7840, 1470, 3406]	[0, 0, 0]
5141.094266666667	2.0	trials	1.0	2.0	75.0	biphasic	13.0	100.0	1.0	10.0	5.0	3r	3.0	0.0	monopolar		[7840, 1470, 3406]	[0, 0, 0]
5143.096266666666	2.0	trials	1.0	2.0	75.0	biphasic	13.0	100.0	1.0	10.0	5.0	3r	3.0	0.0	monopolar		[7840, 1470, 3406]	[0, 0, 0]
5145.098601634024	2.0	trials	1.0	2.0	75.0	biphasic	13.0	100.0	1.0	10.0	5.0	3r	3.0	0.0	monopolar		[7840, 1470, 3406]	[0, 0, 0]
5147.100266666666	2.0	trials	1.0	2.0	75.0	biphasic	13.0	100.0	1.0	10.0	5.0	3r	3.0	0.0	monopolar		[7840, 1470, 3406]	[0, 0, 0]
5149.102266666667	2.0	trials	1.0	2.0	75.0	biphasic	13.0	100.0	1.0	10.0	5.0	3r	3.0	0.0	monopolar		[7840, 1470, 3406]	[0, 0, 0]
5151.10460202504	2.0	trials	1.0	2.0	75.0	biphasic	13.0	100.0	1.0	10.0	5.0	3r	3.0	0.0	monopolar		[7840, 1470, 3406]	[0, 0, 0]
5153.106266666667	2.0	trials	1.0	2.0	75.0	biphasic	13.0	100.0	1.0	10.0	5.0	3r	3.0	0.0	monopolar		[7840, 1470, 3406]	[0, 0, 0]
5155.108266666667	2.0	trials	1.0	2.0	75.0	biphasic	13.0	100.0	1.0	10.0	5.0	3r	3.0	0.0	monopolar		[7840, 1470, 3406]	[0, 0, 0]
5157.110602416055	2.0	trials	1.0	2.0	75.0	biphasic	13.0	100.0	1.0	10.0	5.0	3r	3.0	0.0	monopolar		[7840, 1470, 3406]	[0, 0, 0]
5159.112266666667	2.0	trials	1.0	2.0	75.0	biphasic	13.0	100.0	1.0	10.0	5.0	3r	3.0	0.0	monopolar		[7840, 1470, 3406]	[0, 0, 0]
5161.1142666666665	2.0	trials	1.0	2.0	75.0	biphasic	13.0	100.0	1.0	10.0	5.0	3r	3.0	0.0	monopolar		[7840, 1470, 3406]	[0, 0, 0]
5163.11660280707	2.0	trials	1.0	2.0	75.0	biphasic	13.0	100.0	1.0	10.0	5.0	3r	3.0	0.0	monopolar		[7840, 1470, 3406]	[0, 0, 0]
5165.118266666666	2.0	trials	1.0	2.0	75.0	biphasic	13.0	100.0	1.0	10.0	5.0	3r	3.0	0.0	monopolar		[7840, 1470, 3406]	[0, 0, 0]
5167.120266666667	2.0	trials	1.0	2.0	75.0	biphasic	13.0	100.0	1.0	10.0	5.0	3r	3.0	0.0	monopolar		[7840, 1470, 3406]	[0, 0, 0]
5169.12256986475	2.0	trials	1.0	2.0	75.0	biphasic	13.0	100.0	1.0	10.0	5.0	3r	3.0	0.0	monopolar		[7840, 1470, 3406]	[0, 0, 0]
5171.124233333333	2.0	trials	1.0	2.0	75.0	biphasic	13.0	100.0	1.0	10.0	5.0	3r	3.0	0.0	monopolar		[7840, 1470, 3406]	[0, 0, 0]
5173.125896541283	2.0	trials	1.0	2.0	75.0	biphasic	13.0	100.0	1.0	10.0	5.0	3r	3.0	0.0	monopolar		[7840, 1470, 3406]	[0, 0, 0]
5175.128233333333	2.0	trials	1.0	2.0	75.0	biphasic	13.0	100.0	1.0	10.0	5.0	3r	3.0	0.0	monopolar		[7840, 1470, 3406]	[0, 0, 0]
5177.130233333333	2.0	trials	1.0	2.0	75.0	biphasic	13.0	100.0	1.0	10.0	5.0	3r	3.0	0.0	monopolar		[7840, 1470, 3406]	[0, 0, 0]
5179.131896150268	2.0	trials	1.0	2.0	75.0	biphasic	13.0	100.0	1.0	10.0	5.0	3r	3.0	0.0	monopolar		[7840, 1470, 3406]	[0, 0, 0]
5181.134233333333	2.0	trials	1.0	2.0	75.0	biphasic	13.0	100.0	1.0	10.0	5.0	3r	3.0	0.0	monopolar		[7840, 1470, 3406]	[0, 0, 0]
5183.136233333334	2.0	trials	1.0	2.0	75.0	biphasic	13.0	100.0	1.0	10.0	5.0	3r	3.0	0.0	monopolar		[7840, 1470, 3406]	[0, 0, 0]
5185.137895759252	2.0	trials	1.0	2.0	75.0	biphasic	13.0	100.0	1.0	10.0	5.0	3r	3.0	0.0	monopolar		[7840, 1470, 3406]	[0, 0, 0]
5187.1402333333335	2.0	trials	1.0	2.0	75.0	biphasic	13.0	100.0	1.0	10.0	5.0	3r	3.0	0.0	monopolar		[7840, 1470, 3406]	[0, 0, 0]
5189.142233333333	2.0	trials	1.0	2.0	75.0	biphasic	13.0	100.0	1.0	10.0	5.0	3r	3.0	0.0	monopolar		[7840, 1470, 3406]	[0, 0, 0]
5191.143895368236	2.0	trials	1.0	2.0	75.0	biphasic	13.0	100.0	1.0	10.0	5.0	3r	3.0	0.0	monopolar		[7840, 1470, 3406]	[0, 0, 0]
5193.146233333333	2.0	trials	1.0	2.0	75.0	biphasic	13.0	100.0	1.0	10.0	5.0	3r	3.0	0.0	monopolar		[7840, 1470, 3406]	[0, 0, 0]
5195.1482	2.0	trials	1.0	2.0	75.0	biphasic	13.0	100.0	1.0	10.0	5.0	3r	3.0	0.0	monopolar		[7840, 1470, 3406]	[0, 0, 0]
5197.150538356155	2.0	trials	1.0	2.0	75.0	biphasic	13.0	100.0	1.0	10.0	5.0	3r	3.0	0.0	monopolar		[7840, 1470, 3406]	[0, 0, 0]
5199.1522	2.0	trials	1.0	2.0	75.0	biphasic	13.0	100.0	1.0	10.0	5.0	3r	3.0	0.0	monopolar		[7840, 1470, 3406]	[0, 0, 0]
5201.1542	2.0	trials	1.0	2.0	75.0	biphasic	13.0	100.0	1.0	10.0	5.0	3r	3.0	0.0	monopolar		[7840, 1470, 3406]	[0, 0, 0]
5203.15653874717	2.0	trials	1.0	2.0	75.0	biphasic	13.0	100.0	1.0	10.0	5.0	3r	3.0	0.0	monopolar		[7840, 1470, 3406]	[0, 0, 0]
5205.1582	2.0	trials	1.0	2.0	75.0	biphasic	13.0	100.0	1.0	10.0	5.0	3r	3.0	0.0	monopolar		[7840, 1470, 3406]	[0, 0, 0]
5207.1602	2.0	trials	1.0	2.0	75.0	biphasic	13.0	100.0	1.0	10.0	5.0	3r	3.0	0.0	monopolar		[7840, 1470, 3406]	[0, 0, 0]
5209.162539138186	2.0	trials	1.0	2.0	75.0	biphasic	13.0	100.0	1.0	10.0	5.0	3r	3.0	0.0	monopolar		[7840, 1470, 3406]	[0, 0, 0]
5211.1642	2.0	trials	1.0	2.0	75.0	biphasic	13.0	100.0	1.0	10.0	5.0	3r	3.0	0.0	monopolar		[7840, 1470, 3406]	[0, 0, 0]
5213.1662	2.0	trials	1.0	2.0	75.0	biphasic	13.0	100.0	1.0	10.0	5.0	3r	3.0	0.0	monopolar		[7840, 1470, 3406]	[0, 0, 0]
5215.1682	2.0	trials	1.0	2.0	75.0	biphasic	13.0	100.0	1.0	10.0	5.0	3r	3.0	0.0	monopolar		[7840, 1470, 3406]	[0, 0, 0]
5217.1702	2.0	trials	1.0	2.0	75.0	biphasic	13.0	100.0	1.0	10.0	5.0	3r	3.0	0.0	monopolar		[7840, 1470, 3406]	[0, 0, 0]
5219.1722	2.0	trials	1.0	2.0	75.0	biphasic	13.0	100.0	1.0	10.0	5.0	3r	3.0	0.0	monopolar		[7840, 1470, 3406]	[0, 0, 0]
5221.1742	2.0	trials	1.0	2.0	75.0	biphasic	13.0	100.0	1.0	10.0	5.0	3r	3.0	0.0	monopolar		[7840, 1470, 3406]	[0, 0, 0]
5223.176166666667	2.0	trials	1.0	2.0	75.0	biphasic	13.0	100.0	1.0	10.0	5.0	3r	3.0	0.0	monopolar		[7840, 1470, 3406]	[0, 0, 0]
5225.1778264858185	2.0	trials	1.0	2.0	75.0	biphasic	13.0	100.0	1.0	10.0	5.0	3r	3.0	0.0	monopolar		[7840, 1470, 3406]	[0, 0, 0]
5227.180166666667	2.0	trials	1.0	2.0	75.0	biphasic	13.0	100.0	1.0	10.0	5.0	3r	3.0	0.0	monopolar		[7840, 1470, 3406]	[0, 0, 0]
5229.1821666666665	2.0	trials	1.0	2.0	75.0	biphasic	13.0	100.0	1.0	10.0	5.0	3r	3.0	0.0	monopolar		[7840, 1470, 3406]	[0, 0, 0]
5231.183826094803	2.0	trials	1.0	2.0	75.0	biphasic	13.0	100.0	1.0	10.0	5.0	3r	3.0	0.0	monopolar		[7840, 1470, 3406]	[0, 0, 0]
5241.074533333333	2.0	trials	1.0	2.0	75.0	biphasic	14.0	100.0	1.0	10.0	-25.0	3r	3.0	0.0	monopolar		[7840, 1470, 3406]	[0, 0, 0]
5243.076191987228	2.0	trials	1.0	2.0	75.0	biphasic	14.0	100.0	1.0	10.0	-25.0	3r	3.0	0.0	monopolar		[7840, 1470, 3406]	[0, 0, 0]
5245.078533333333	2.0	trials	1.0	2.0	75.0	biphasic	14.0	100.0	1.0	10.0	-25.0	3r	3.0	0.0	monopolar		[7840, 1470, 3406]	[0, 0, 0]
5247.080533333334	2.0	trials	1.0	2.0	75.0	biphasic	14.0	100.0	1.0	10.0	-25.0	3r	3.0	0.0	monopolar		[7840, 1470, 3406]	[0, 0, 0]
5249.082841737164	2.0	trials	1.0	2.0	75.0	biphasic	14.0	100.0	1.0	10.0	-25.0	3r	3.0	0.0	monopolar		[7840, 1470, 3406]	[0, 0, 0]
5251.0845	2.0	trials	1.0	2.0	75.0	biphasic	14.0	100.0	1.0	10.0	-25.0	3r	3.0	0.0	monopolar		[7840, 1470, 3406]	[0, 0, 0]
5253.0865	2.0	trials	1.0	2.0	75.0	biphasic	14.0	100.0	1.0	10.0	-25.0	3r	3.0	0.0	monopolar		[7840, 1470, 3406]	[0, 0, 0]
5255.08884212818	2.0	trials	1.0	2.0	75.0	biphasic	14.0	100.0	1.0	10.0	-25.0	3r	3.0	0.0	monopolar		[7840, 1470, 3406]	[0, 0, 0]
5257.0905	2.0	trials	1.0	2.0	75.0	biphasic	14.0	100.0	1.0	10.0	-25.0	3r	3.0	0.0	monopolar		[7840, 1470, 3406]	[0, 0, 0]
5259.0925	2.0	trials	1.0	2.0	75.0	biphasic	14.0	100.0	1.0	10.0	-25.0	3r	3.0	0.0	monopolar		[7840, 1470, 3406]	[0, 0, 0]
5261.094842519196	2.0	trials	1.0	2.0	75.0	biphasic	14.0	100.0	1.0	10.0	-25.0	3r	3.0	0.0	monopolar		[7840, 1470, 3406]	[0, 0, 0]
5263.0965	2.0	trials	1.0	2.0	75.0	biphasic	14.0	100.0	1.0	10.0	-25.0	3r	3.0	0.0	monopolar		[7840, 1470, 3406]	[0, 0, 0]
5265.098157220172	2.0	trials	1.0	2.0	75.0	biphasic	14.0	100.0	1.0	10.0	-25.0	3r	3.0	0.0	monopolar		[7840, 1470, 3406]	[0, 0, 0]
5267.1005	2.0	trials	1.0	2.0	75.0	biphasic	14.0	100.0	1.0	10.0	-25.0	3r	3.0	0.0	monopolar		[7840, 1470, 3406]	[0, 0, 0]
5269.1025	2.0	trials	1.0	2.0	75.0	biphasic	14.0	100.0	1.0	10.0	-25.0	3r	3.0	0.0	monopolar		[7840, 1470, 3406]	[0, 0, 0]
5271.104156829157	2.0	trials	1.0	2.0	75.0	biphasic	14.0	100.0	1.0	10.0	-25.0	3r	3.0	0.0	monopolar		[7840, 1470, 3406]	[0, 0, 0]
5273.1065	2.0	trials	1.0	2.0	75.0	biphasic	14.0	100.0	1.0	10.0	-25.0	3r	3.0	0.0	monopolar		[7840, 1470, 3406]	[0, 0, 0]
5275.1085	2.0	trials	1.0	2.0	75.0	biphasic	14.0	100.0	1.0	10.0	-25.0	3r	3.0	0.0	monopolar		[7840, 1470, 3406]	[0, 0, 0]
5277.11012310481	2.0	trials	1.0	2.0	75.0	biphasic	14.0	100.0	1.0	10.0	-25.0	3r	3.0	0.0	monopolar		[7840, 1470, 3406]	[0, 0, 0]
5279.1124666666665	2.0	trials	1.0	2.0	75.0	biphasic	14.0	100.0	1.0	10.0	-25.0	3r	3.0	0.0	monopolar		[7840, 1470, 3406]	[0, 0, 0]
5281.114466666667	2.0	trials	1.0	2.0	75.0	biphasic	14.0	100.0	1.0	10.0	-25.0	3r	3.0	0.0	monopolar		[7840, 1470, 3406]	[0, 0, 0]
5283.1161227137945	2.0	trials	1.0	2.0	75.0	biphasic	14.0	100.0	1.0	10.0	-25.0	3r	3.0	0.0	monopolar		[7840, 1470, 3406]	[0, 0, 0]
5285.118466666667	2.0	trials	1.0	2.0	75.0	biphasic	14.0	100.0	1.0	10.0	-25.0	3r	3.0	0.0	monopolar		[7840, 1470, 3406]	[0, 0, 0]
5287.120466666666	2.0	trials	1.0	2.0	75.0	biphasic	14.0	100.0	1.0	10.0	-25.0	3r	3.0	0.0	monopolar		[7840, 1470, 3406]	[0, 0, 0]
5289.122811010599	2.0	trials	1.0	2.0	75.0	biphasic	14.0	100.0	1.0	10.0	-25.0	3r	3.0	0.0	monopolar		[7840, 1470, 3406]	[0, 0, 0]
5291.124466666667	2.0	trials	1.0	2.0	75.0	biphasic	14.0	100.0	1.0	10.0	-25.0	3r	3.0	0.0	monopolar		[7840, 1470, 3406]	[0, 0, 0]
5293.126466666667	2.0	trials	1.0	2.0	75.0	biphasic	14.0	100.0	1.0	10.0	-25.0	3r	3.0	0.0	monopolar		[7840, 1470, 3406]	[0, 0, 0]
5295.128811401615	2.0	trials	1.0	2.0	75.0	biphasic	14.0	100.0	1.0	10.0	-25.0	3r	3.0	0.0	monopolar		[7840, 1470, 3406]	[0, 0, 0]
5297.1304666666665	2.0	trials	1.0	2.0	75.0	biphasic	14.0	100.0	1.0	10.0	-25.0	3r	3.0	0.0	monopolar		[7840, 1470, 3406]	[0, 0, 0]
5299.132466666667	2.0	trials	1.0	2.0	75.0	biphasic	14.0	100.0	1.0	10.0	-25.0	3r	3.0	0.0	monopolar		[7840, 1470, 3406]	[0, 0, 0]
5301.134811792631	2.0	trials	1.0	2.0	75.0	biphasic	14.0	100.0	1.0	10.0	-25.0	3r	3.0	0.0	monopolar		[7840, 1470, 3406]	[0, 0, 0]
5303.136433333333	2.0	trials	1.0	2.0	75.0	biphasic	14.0	100.0	1.0	10.0	-25.0	3r	3.0	0.0	monopolar		[7840, 1470, 3406]	[0, 0, 0]
5305.1384333333335	2.0	trials	1.0	2.0	75.0	biphasic	14.0	100.0	1.0	10.0	-25.0	3r	3.0	0.0	monopolar		[7840, 1470, 3406]	[0, 0, 0]
5307.140778850311	2.0	trials	1.0	2.0	75.0	biphasic	14.0	100.0	1.0	10.0	-25.0	3r	3.0	0.0	monopolar		[7840, 1470, 3406]	[0, 0, 0]
5309.142433333333	2.0	trials	1.0	2.0	75.0	biphasic	14.0	100.0	1.0	10.0	-25.0	3r	3.0	0.0	monopolar		[7840, 1470, 3406]	[0, 0, 0]
5311.144433333333	2.0	trials	1.0	2.0	75.0	biphasic	14.0	100.0	1.0	10.0	-25.0	3r	3.0	0.0	monopolar		[7840, 1470, 3406]	[0, 0, 0]
5313.146433333333	2.0	trials	1.0	2.0	75.0	biphasic	14.0	100.0	1.0	10.0	-25.0	3r	3.0	0.0	monopolar		[7840, 1470, 3406]	[0, 0, 0]
5315.148433333334	2.0	trials	1.0	2.0	75.0	biphasic	14.0	100.0	1.0	10.0	-25.0	3r	3.0	0.0	monopolar		[7840, 1470, 3406]	[0, 0, 0]
5317.150087164708	2.0	trials	1.0	2.0	75.0	biphasic	14.0	100.0	1.0	10.0	-25.0	3r	3.0	0.0	monopolar		[7840, 1470, 3406]	[0, 0, 0]
5319.152433333334	2.0	trials	1.0	2.0	75.0	biphasic	14.0	100.0	1.0	10.0	-25.0	3r	3.0	0.0	monopolar		[7840, 1470, 3406]	[0, 0, 0]
5321.154433333333	2.0	trials	1.0	2.0	75.0	biphasic	14.0	100.0	1.0	10.0	-25.0	3r	3.0	0.0	monopolar		[7840, 1470, 3406]	[0, 0, 0]
5323.156086773693	2.0	trials	1.0	2.0	75.0	biphasic	14.0	100.0	1.0	10.0	-25.0	3r	3.0	0.0	monopolar		[7840, 1470, 3406]	[0, 0, 0]
5325.158433333333	2.0	trials	1.0	2.0	75.0	biphasic	14.0	100.0	1.0	10.0	-25.0	3r	3.0	0.0	monopolar		[7840, 1470, 3406]	[0, 0, 0]
5327.1604333333335	2.0	trials	1.0	2.0	75.0	biphasic	14.0	100.0	1.0	10.0	-25.0	3r	3.0	0.0	monopolar		[7840, 1470, 3406]	[0, 0, 0]
5329.1620863826765	2.0	trials	1.0	2.0	75.0	biphasic	14.0	100.0	1.0	10.0	-25.0	3r	3.0	0.0	monopolar		[7840, 1470, 3406]	[0, 0, 0]
5331.1644	2.0	trials	1.0	2.0	75.0	biphasic	14.0	100.0	1.0	10.0	-25.0	3r	3.0	0.0	monopolar		[7840, 1470, 3406]	[0, 0, 0]
5333.1664	2.0	trials	1.0	2.0	75.0	biphasic	14.0	100.0	1.0	10.0	-25.0	3r	3.0	0.0	monopolar		[7840, 1470, 3406]	[0, 0, 0]
5335.168747341715	2.0	trials	1.0	2.0	75.0	biphasic	14.0	100.0	1.0	10.0	-25.0	3r	3.0	0.0	monopolar		[7840, 1470, 3406]	[0, 0, 0]
5337.1704	2.0	trials	1.0	2.0	75.0	biphasic	14.0	100.0	1.0	10.0	-25.0	3r	3.0	0.0	monopolar		[7840, 1470, 3406]	[0, 0, 0]
5339.1724	2.0	trials	1.0	2.0	75.0	biphasic	14.0	100.0	1.0	10.0	-25.0	3r	3.0	0.0	monopolar		[7840, 1470, 3406]	[0, 0, 0]
5341.174747732731	2.0	trials	1.0	2.0	75.0	biphasic	14.0	100.0	1.0	10.0	-25.0	3r	3.0	0.0	monopolar		[7840, 1470, 3406]	[0, 0, 0]
5343.1764	2.0	trials	1.0	2.0	75.0	biphasic	14.0	100.0	1.0	10.0	-25.0	3r	3.0	0.0	monopolar		[7840, 1470, 3406]	[0, 0, 0]
5345.1784	2.0	trials	1.0	2.0	75.0	biphasic	14.0	100.0	1.0	10.0	-25.0	3r	3.0	0.0	monopolar		[7840, 1470, 3406]	[0, 0, 0]
5347.1807481237465	2.0	trials	1.0	2.0	75.0	biphasic	14.0	100.0	1.0	10.0	-25.0	3r	3.0	0.0	monopolar		[7840, 1470, 3406]	[0, 0, 0]
5349.1824	2.0	trials	1.0	2.0	75.0	biphasic	14.0	100.0	1.0	10.0	-25.0	3r	3.0	0.0	monopolar		[7840, 1470, 3406]	[0, 0, 0]
5351.1844	2.0	trials	1.0	2.0	75.0	biphasic	14.0	100.0	1.0	10.0	-25.0	3r	3.0	0.0	monopolar		[7840, 1470, 3406]	[0, 0, 0]
5353.186748514762	2.0	trials	1.0	2.0	75.0	biphasic	14.0	100.0	1.0	10.0	-25.0	3r	3.0	0.0	monopolar		[7840, 1470, 3406]	[0, 0, 0]
5355.1884	2.0	trials	1.0	2.0	75.0	biphasic	14.0	100.0	1.0	10.0	-25.0	3r	3.0	0.0	monopolar		[7840, 1470, 3406]	[0, 0, 0]
5357.190366666667	2.0	trials	1.0	2.0	75.0	biphasic	14.0	100.0	1.0	10.0	-25.0	3r	3.0	0.0	monopolar		[7840, 1470, 3406]	[0, 0, 0]
5359.192366666667	2.0	trials	1.0	2.0	75.0	biphasic	14.0	100.0	1.0	10.0	-25.0	3r	3.0	0.0	monopolar		[7840, 1470, 3406]	[0, 0, 0]
5361.194366666667	2.0	trials	1.0	2.0	75.0	biphasic	14.0	100.0	1.0	10.0	-25.0	3r	3.0	0.0	monopolar		[7840, 1470, 3406]	[0, 0, 0]
5363.196366666667	2.0	trials	1.0	2.0	75.0	biphasic	14.0	100.0	1.0	10.0	-25.0	3r	3.0	0.0	monopolar		[7840, 1470, 3406]	[0, 0, 0]
5365.1983666666665	2.0	trials	1.0	2.0	75.0	biphasic	14.0	100.0	1.0	10.0	-25.0	3r	3.0	0.0	monopolar		[7840, 1470, 3406]	[0, 0, 0]
5367.200366666667	2.0	trials	1.0	2.0	75.0	biphasic	14.0	100.0	1.0	10.0	-25.0	3r	3.0	0.0	monopolar		[7840, 1470, 3406]	[0, 0, 0]
5369.202017109244	2.0	trials	1.0	2.0	75.0	biphasic	14.0	100.0	1.0	10.0	-25.0	3r	3.0	0.0	monopolar		[7840, 1470, 3406]	[0, 0, 0]
5371.204366666667	2.0	trials	1.0	2.0	75.0	biphasic	14.0	100.0	1.0	10.0	-25.0	3r	3.0	0.0	monopolar		[7840, 1470, 3406]	[0, 0, 0]
5373.206366666666	2.0	trials	1.0	2.0	75.0	biphasic	14.0	100.0	1.0	10.0	-25.0	3r	3.0	0.0	monopolar		[7840, 1470, 3406]	[0, 0, 0]
5375.2080167182285	2.0	trials	1.0	2.0	75.0	biphasic	14.0	100.0	1.0	10.0	-25.0	3r	3.0	0.0	monopolar		[7840, 1470, 3406]	[0, 0, 0]
5377.210366666666	2.0	trials	1.0	2.0	75.0	biphasic	14.0	100.0	1.0	10.0	-25.0	3r	3.0	0.0	monopolar		[7840, 1470, 3406]	[0, 0, 0]
5379.212366666667	2.0	trials	1.0	2.0	75.0	biphasic	14.0	100.0	1.0	10.0	-25.0	3r	3.0	0.0	monopolar		[7840, 1470, 3406]	[0, 0, 0]
5381.214016327212	2.0	trials	1.0	2.0	75.0	biphasic	14.0	100.0	1.0	10.0	-25.0	3r	3.0	0.0	monopolar		[7840, 1470, 3406]	[0, 0, 0]
5383.2163666666665	2.0	trials	1.0	2.0	75.0	biphasic	14.0	100.0	1.0	10.0	-25.0	3r	3.0	0.0	monopolar		[7840, 1470, 3406]	[0, 0, 0]
5385.218333333333	2.0	trials	1.0	2.0	75.0	biphasic	14.0	100.0	1.0	10.0	-25.0	3r	3.0	0.0	monopolar		[7840, 1470, 3406]	[0, 0, 0]
5387.220684063846	2.0	trials	1.0	2.0	75.0	biphasic	14.0	100.0	1.0	10.0	-25.0	3r	3.0	0.0	monopolar		[7840, 1470, 3406]	[0, 0, 0]
5389.222333333333	2.0	trials	1.0	2.0	75.0	biphasic	14.0	100.0	1.0	10.0	-25.0	3r	3.0	0.0	monopolar		[7840, 1470, 3406]	[0, 0, 0]
5420.5647	2.0	trials	1.0	2.0	75.0	biphasic	15.0	100.0	1.0	10.0	25.0	3r	3.0	0.0	monopolar		[7840, 1470, 3406]	[0, 0, 0]
5422.5667	2.0	trials	1.0	2.0	75.0	biphasic	15.0	100.0	1.0	10.0	25.0	3r	3.0	0.0	monopolar		[7840, 1470, 3406]	[0, 0, 0]
5424.569053162048	2.0	trials	1.0	2.0	75.0	biphasic	15.0	100.0	1.0	10.0	25.0	3r	3.0	0.0	monopolar		[7840, 1470, 3406]	[0, 0, 0]
5426.5707	2.0	trials	1.0	2.0	75.0	biphasic	15.0	100.0	1.0	10.0	25.0	3r	3.0	0.0	monopolar		[7840, 1470, 3406]	[0, 0, 0]
5428.5727	2.0	trials	1.0	2.0	75.0	biphasic	15.0	100.0	1.0	10.0	25.0	3r	3.0	0.0	monopolar		[7840, 1470, 3406]	[0, 0, 0]
5430.575053553063	2.0	trials	1.0	2.0	75.0	biphasic	15.0	100.0	1.0	10.0	25.0	3r	3.0	0.0	monopolar		[7840, 1470, 3406]	[0, 0, 0]
5432.5767	2.0	trials	1.0	2.0	75.0	biphasic	15.0	100.0	1.0	10.0	25.0	3r	3.0	0.0	monopolar		[7840, 1470, 3406]	[0, 0, 0]
5434.5787	2.0	trials	1.0	2.0	75.0	biphasic	15.0	100.0	1.0	10.0	25.0	3r	3.0	0.0	monopolar		[7840, 1470, 3406]	[0, 0, 0]
5436.581053944079	2.0	trials	1.0	2.0	75.0	biphasic	15.0	100.0	1.0	10.0	25.0	3r	3.0	0.0	monopolar		[7840, 1470, 3406]	[0, 0, 0]
5438.5827	2.0	trials	1.0	2.0	75.0	biphasic	15.0	100.0	1.0	10.0	25.0	3r	3.0	0.0	monopolar		[7840, 1470, 3406]	[0, 0, 0]
5440.5847	2.0	trials	1.0	2.0	75.0	biphasic	15.0	100.0	1.0	10.0	25.0	3r	3.0	0.0	monopolar		[7840, 1470, 3406]	[0, 0, 0]
5442.5867	2.0	trials	1.0	2.0	75.0	biphasic	15.0	100.0	1.0	10.0	25.0	3r	3.0	0.0	monopolar		[7840, 1470, 3406]	[0, 0, 0]
5444.5887	2.0	trials	1.0	2.0	75.0	biphasic	15.0	100.0	1.0	10.0	25.0	3r	3.0	0.0	monopolar		[7840, 1470, 3406]	[0, 0, 0]
5446.590312070944	2.0	trials	1.0	2.0	75.0	biphasic	15.0	100.0	1.0	10.0	25.0	3r	3.0	0.0	monopolar		[7840, 1470, 3406]	[0, 0, 0]
5448.592666666666	2.0	trials	1.0	2.0	75.0	biphasic	15.0	100.0	1.0	10.0	25.0	3r	3.0	0.0	monopolar		[7840, 1470, 3406]	[0, 0, 0]
5450.594666666667	2.0	trials	1.0	2.0	75.0	biphasic	15.0	100.0	1.0	10.0	25.0	3r	3.0	0.0	monopolar		[7840, 1470, 3406]	[0, 0, 0]
5452.596311679928	2.0	trials	1.0	2.0	75.0	biphasic	15.0	100.0	1.0	10.0	25.0	3r	3.0	0.0	monopolar		[7840, 1470, 3406]	[0, 0, 0]
5454.598666666667	2.0	trials	1.0	2.0	75.0	biphasic	15.0	100.0	1.0	10.0	25.0	3r	3.0	0.0	monopolar		[7840, 1470, 3406]	[0, 0, 0]
5456.600666666666	2.0	trials	1.0	2.0	75.0	biphasic	15.0	100.0	1.0	10.0	25.0	3r	3.0	0.0	monopolar		[7840, 1470, 3406]	[0, 0, 0]
5458.6023112889125	2.0	trials	1.0	2.0	75.0	biphasic	15.0	100.0	1.0	10.0	25.0	3r	3.0	0.0	monopolar		[7840, 1470, 3406]	[0, 0, 0]
5460.604666666667	2.0	trials	1.0	2.0	75.0	biphasic	15.0	100.0	1.0	10.0	25.0	3r	3.0	0.0	monopolar		[7840, 1470, 3406]	[0, 0, 0]
5462.606666666667	2.0	trials	1.0	2.0	75.0	biphasic	15.0	100.0	1.0	10.0	25.0	3r	3.0	0.0	monopolar		[7840, 1470, 3406]	[0, 0, 0]
5464.609022435483	2.0	trials	1.0	2.0	75.0	biphasic	15.0	100.0	1.0	10.0	25.0	3r	3.0	0.0	monopolar		[7840, 1470, 3406]	[0, 0, 0]
5466.6106666666665	2.0	trials	1.0	2.0	75.0	biphasic	15.0	100.0	1.0	10.0	25.0	3r	3.0	0.0	monopolar		[7840, 1470, 3406]	[0, 0, 0]
5468.612666666667	2.0	trials	1.0	2.0	75.0	biphasic	15.0	100.0	1.0	10.0	25.0	3r	3.0	0.0	monopolar		[7840, 1470, 3406]	[0, 0, 0]
5470.615022826499	2.0	trials	1.0	2.0	75.0	biphasic	15.0	100.0	1.0	10.0	25.0	3r	3.0	0.0	monopolar		[7840, 1470, 3406]	[0, 0, 0]
5472.616666666667	2.0	trials	1.0	2.0	75.0	biphasic	15.0	100.0	1.0	10.0	25.0	3r	3.0	0.0	monopolar		[7840, 1470, 3406]	[0, 0, 0]
5474.6186333333335	2.0	trials	1.0	2.0	75.0	biphasic	15.0	100.0	1.0	10.0	25.0	3r	3.0	0.0	monopolar		[7840, 1470, 3406]	[0, 0, 0]
5476.620989884179	2.0	trials	1.0	2.0	75.0	biphasic	15.0	100.0	1.0	10.0	25.0	3r	3.0	0.0	monopolar		[7840, 1470, 3406]	[0, 0, 0]
5478.622633333333	2.0	trials	1.0	2.0	75.0	biphasic	15.0	100.0	1.0	10.0	25.0	3r	3.0	0.0	monopolar		[7840, 1470, 3406]	[0, 0, 0]
5480.624633333333	2.0	trials	1.0	2.0	75.0	biphasic	15.0	100.0	1.0	10.0	25.0	3r	3.0	0.0	monopolar		[7840, 1470, 3406]	[0, 0, 0]
5482.626633333333	2.0	trials	1.0	2.0	75.0	biphasic	15.0	100.0	1.0	10.0	25.0	3r	3.0	0.0	monopolar		[7840, 1470, 3406]	[0, 0, 0]
5484.628633333334	2.0	trials	1.0	2.0	75.0	biphasic	15.0	100.0	1.0	10.0	25.0	3r	3.0	0.0	monopolar		[7840, 1470, 3406]	[0, 0, 0]
5486.630633333333	2.0	trials	1.0	2.0	75.0	biphasic	15.0	100.0	1.0	10.0	25.0	3r	3.0	0.0	monopolar		[7840, 1470, 3406]	[0, 0, 0]
5488.632633333334	2.0	trials	1.0	2.0	75.0	biphasic	15.0	100.0	1.0	10.0	25.0	3r	3.0	0.0	monopolar		[7840, 1470, 3406]	[0, 0, 0]
5490.634633333333	2.0	trials	1.0	2.0	75.0	biphasic	15.0	100.0	1.0	10.0	25.0	3r	3.0	0.0	monopolar		[7840, 1470, 3406]	[0, 0, 0]
5492.636275739826	2.0	trials	1.0	2.0	75.0	biphasic	15.0	100.0	1.0	10.0	25.0	3r	3.0	0.0	monopolar		[7840, 1470, 3406]	[0, 0, 0]
5494.638633333333	2.0	trials	1.0	2.0	75.0	biphasic	15.0	100.0	1.0	10.0	25.0	3r	3.0	0.0	monopolar		[7840, 1470, 3406]	[0, 0, 0]
5496.640633333333	2.0	trials	1.0	2.0	75.0	biphasic	15.0	100.0	1.0	10.0	25.0	3r	3.0	0.0	monopolar		[7840, 1470, 3406]	[0, 0, 0]
5498.6422753488105	2.0	trials	1.0	2.0	75.0	biphasic	15.0	100.0	1.0	10.0	25.0	3r	3.0	0.0	monopolar		[7840, 1470, 3406]	[0, 0, 0]
5500.6446	2.0	trials	1.0	2.0	75.0	biphasic	15.0	100.0	1.0	10.0	25.0	3r	3.0	0.0	monopolar		[7840, 1470, 3406]	[0, 0, 0]
5502.6466	2.0	trials	1.0	2.0	75.0	biphasic	15.0	100.0	1.0	10.0	25.0	3r	3.0	0.0	monopolar		[7840, 1470, 3406]	[0, 0, 0]
5504.648241624464	2.0	trials	1.0	2.0	75.0	biphasic	15.0	100.0	1.0	10.0	25.0	3r	3.0	0.0	monopolar		[7840, 1470, 3406]	[0, 0, 0]
5506.6506	2.0	trials	1.0	2.0	75.0	biphasic	15.0	100.0	1.0	10.0	25.0	3r	3.0	0.0	monopolar		[7840, 1470, 3406]	[0, 0, 0]
5508.6526	2.0	trials	1.0	2.0	75.0	biphasic	15.0	100.0	1.0	10.0	25.0	3r	3.0	0.0	monopolar		[7840, 1470, 3406]	[0, 0, 0]
5510.654958766599	2.0	trials	1.0	2.0	75.0	biphasic	15.0	100.0	1.0	10.0	25.0	3r	3.0	0.0	monopolar		[7840, 1470, 3406]	[0, 0, 0]
5512.6566	2.0	trials	1.0	2.0	75.0	biphasic	15.0	100.0	1.0	10.0	25.0	3r	3.0	0.0	monopolar		[7840, 1470, 3406]	[0, 0, 0]
5514.6586	2.0	trials	1.0	2.0	75.0	biphasic	15.0	100.0	1.0	10.0	25.0	3r	3.0	0.0	monopolar		[7840, 1470, 3406]	[0, 0, 0]
5516.660959157614	2.0	trials	1.0	2.0	75.0	biphasic	15.0	100.0	1.0	10.0	25.0	3r	3.0	0.0	monopolar		[7840, 1470, 3406]	[0, 0, 0]
5518.6626	2.0	trials	1.0	2.0	75.0	biphasic	15.0	100.0	1.0	10.0	25.0	3r	3.0	0.0	monopolar		[7840, 1470, 3406]	[0, 0, 0]
5520.6646	2.0	trials	1.0	2.0	75.0	biphasic	15.0	100.0	1.0	10.0	25.0	3r	3.0	0.0	monopolar		[7840, 1470, 3406]	[0, 0, 0]
5522.66695954863	2.0	trials	1.0	2.0	75.0	biphasic	15.0	100.0	1.0	10.0	25.0	3r	3.0	0.0	monopolar		[7840, 1470, 3406]	[0, 0, 0]
5524.6686	2.0	trials	1.0	2.0	75.0	biphasic	15.0	100.0	1.0	10.0	25.0	3r	3.0	0.0	monopolar		[7840, 1470, 3406]	[0, 0, 0]
5526.6706	2.0	trials	1.0	2.0	75.0	biphasic	15.0	100.0	1.0	10.0	25.0	3r	3.0	0.0	monopolar		[7840, 1470, 3406]	[0, 0, 0]
5528.672566666667	2.0	trials	1.0	2.0	75.0	biphasic	15.0	100.0	1.0	10.0	25.0	3r	3.0	0.0	monopolar		[7840, 1470, 3406]	[0, 0, 0]
5530.674566666667	2.0	trials	1.0	2.0	75.0	biphasic	15.0	100.0	1.0	10.0	25.0	3r	3.0	0.0	monopolar		[7840, 1470, 3406]	[0, 0, 0]
5532.676566666667	2.0	trials	1.0	2.0	75.0	biphasic	15.0	100.0	1.0	10.0	25.0	3r	3.0	0.0	monopolar		[7840, 1470, 3406]	[0, 0, 0]
5534.6785666666665	2.0	trials	1.0	2.0	75.0	biphasic	15.0	100.0	1.0	10.0	25.0	3r	3.0	0.0	monopolar		[7840, 1470, 3406]	[0, 0, 0]
5536.680566666667	2.0	trials	1.0	2.0	75.0	biphasic	15.0	100.0	1.0	10.0	25.0	3r	3.0	0.0	monopolar		[7840, 1470, 3406]	[0, 0, 0]
5538.682566666666	2.0	trials	1.0	2.0	75.0	biphasic	15.0	100.0	1.0	10.0	25.0	3r	3.0	0.0	monopolar		[7840, 1470, 3406]	[0, 0, 0]
5540.684566666667	2.0	trials	1.0	2.0	75.0	biphasic	15.0	100.0	1.0	10.0	25.0	3r	3.0	0.0	monopolar		[7840, 1470, 3406]	[0, 0, 0]
5542.686566666666	2.0	trials	1.0	2.0	75.0	biphasic	15.0	100.0	1.0	10.0	25.0	3r	3.0	0.0	monopolar		[7840, 1470, 3406]	[0, 0, 0]
5544.6882056843615	2.0	trials	1.0	2.0	75.0	biphasic	15.0	100.0	1.0	10.0	25.0	3r	3.0	0.0	monopolar		[7840, 1470, 3406]	[0, 0, 0]
5546.690566666667	2.0	trials	1.0	2.0	75.0	biphasic	15.0	100.0	1.0	10.0	25.0	3r	3.0	0.0	monopolar		[7840, 1470, 3406]	[0, 0, 0]
5548.692566666667	2.0	trials	1.0	2.0	75.0	biphasic	15.0	100.0	1.0	10.0	25.0	3r	3.0	0.0	monopolar		[7840, 1470, 3406]	[0, 0, 0]
5550.694205293346	2.0	trials	1.0	2.0	75.0	biphasic	15.0	100.0	1.0	10.0	25.0	3r	3.0	0.0	monopolar		[7840, 1470, 3406]	[0, 0, 0]
5552.6965666666665	2.0	trials	1.0	2.0	75.0	biphasic	15.0	100.0	1.0	10.0	25.0	3r	3.0	0.0	monopolar		[7840, 1470, 3406]	[0, 0, 0]
5554.698566666667	2.0	trials	1.0	2.0	75.0	biphasic	15.0	100.0	1.0	10.0	25.0	3r	3.0	0.0	monopolar		[7840, 1470, 3406]	[0, 0, 0]
5556.700171568999	2.0	trials	1.0	2.0	75.0	biphasic	15.0	100.0	1.0	10.0	25.0	3r	3.0	0.0	monopolar		[7840, 1470, 3406]	[0, 0, 0]
5558.702533333333	2.0	trials	1.0	2.0	75.0	biphasic	15.0	100.0	1.0	10.0	25.0	3r	3.0	0.0	monopolar		[7840, 1470, 3406]	[0, 0, 0]
5560.7045333333335	2.0	trials	1.0	2.0	75.0	biphasic	15.0	100.0	1.0	10.0	25.0	3r	3.0	0.0	monopolar		[7840, 1470, 3406]	[0, 0, 0]
5562.70689548873	2.0	trials	1.0	2.0	75.0	biphasic	15.0	100.0	1.0	10.0	25.0	3r	3.0	0.0	monopolar		[7840, 1470, 3406]	[0, 0, 0]
5564.708533333333	2.0	trials	1.0	2.0	75.0	biphasic	15.0	100.0	1.0	10.0	25.0	3r	3.0	0.0	monopolar		[7840, 1470, 3406]	[0, 0, 0]
5566.710533333333	2.0	trials	1.0	2.0	75.0	biphasic	15.0	100.0	1.0	10.0	25.0	3r	3.0	0.0	monopolar		[7840, 1470, 3406]	[0, 0, 0]
5568.712895879746	2.0	trials	1.0	2.0	75.0	biphasic	15.0	100.0	1.0	10.0	25.0	3r	3.0	0.0	monopolar		[7840, 1470, 3406]	[0, 0, 0]
5593.4693	2.0	trials	1.0	2.0	75.0	biphasic	16.0	100.0	1.0	10.0	-50.0	3r	3.0	0.0	monopolar		[7840, 1470, 3406]	[0, 0, 0]
5595.4713	2.0	trials	1.0	2.0	75.0	biphasic	16.0	100.0	1.0	10.0	-50.0	3r	3.0	0.0	monopolar		[7840, 1470, 3406]	[0, 0, 0]
5597.4733	2.0	trials	1.0	2.0	75.0	biphasic	16.0	100.0	1.0	10.0	-50.0	3r	3.0	0.0	monopolar		[7840, 1470, 3406]	[0, 0, 0]
5599.47493545085	2.0	trials	1.0	2.0	75.0	biphasic	16.0	100.0	1.0	10.0	-50.0	3r	3.0	0.0	monopolar		[7840, 1470, 3406]	[0, 0, 0]
5601.4773	2.0	trials	1.0	2.0	75.0	biphasic	16.0	100.0	1.0	10.0	-50.0	3r	3.0	0.0	monopolar		[7840, 1470, 3406]	[0, 0, 0]
5603.4793	2.0	trials	1.0	2.0	75.0	biphasic	16.0	100.0	1.0	10.0	-50.0	3r	3.0	0.0	monopolar		[7840, 1470, 3406]	[0, 0, 0]
5605.480935059835	2.0	trials	1.0	2.0	75.0	biphasic	16.0	100.0	1.0	10.0	-50.0	3r	3.0	0.0	monopolar		[7840, 1470, 3406]	[0, 0, 0]
5607.4833	2.0	trials	1.0	2.0	75.0	biphasic	16.0	100.0	1.0	10.0	-50.0	3r	3.0	0.0	monopolar		[7840, 1470, 3406]	[0, 0, 0]
5609.485266666667	2.0	trials	1.0	2.0	75.0	biphasic	16.0	100.0	1.0	10.0	-50.0	3r	3.0	0.0	monopolar		[7840, 1470, 3406]	[0, 0, 0]
5611.486901335488	2.0	trials	1.0	2.0	75.0	biphasic	16.0	100.0	1.0	10.0	-50.0	3r	3.0	0.0	monopolar		[7840, 1470, 3406]	[0, 0, 0]
5613.4892666666665	2.0	trials	1.0	2.0	75.0	biphasic	16.0	100.0	1.0	10.0	-50.0	3r	3.0	0.0	monopolar		[7840, 1470, 3406]	[0, 0, 0]
5615.491266666667	2.0	trials	1.0	2.0	75.0	biphasic	16.0	100.0	1.0	10.0	-50.0	3r	3.0	0.0	monopolar		[7840, 1470, 3406]	[0, 0, 0]
5617.493632388909	2.0	trials	1.0	2.0	75.0	biphasic	16.0	100.0	1.0	10.0	-50.0	3r	3.0	0.0	monopolar		[7840, 1470, 3406]	[0, 0, 0]
5619.495266666667	2.0	trials	1.0	2.0	75.0	biphasic	16.0	100.0	1.0	10.0	-50.0	3r	3.0	0.0	monopolar		[7840, 1470, 3406]	[0, 0, 0]
5621.497266666666	2.0	trials	1.0	2.0	75.0	biphasic	16.0	100.0	1.0	10.0	-50.0	3r	3.0	0.0	monopolar		[7840, 1470, 3406]	[0, 0, 0]
5623.499632779924	2.0	trials	1.0	2.0	75.0	biphasic	16.0	100.0	1.0	10.0	-50.0	3r	3.0	0.0	monopolar		[7840, 1470, 3406]	[0, 0, 0]
5625.501266666667	2.0	trials	1.0	2.0	75.0	biphasic	16.0	100.0	1.0	10.0	-50.0	3r	3.0	0.0	monopolar		[7840, 1470, 3406]	[0, 0, 0]
5627.503266666667	2.0	trials	1.0	2.0	75.0	biphasic	16.0	100.0	1.0	10.0	-50.0	3r	3.0	0.0	monopolar		[7840, 1470, 3406]	[0, 0, 0]
5629.505633170939	2.0	trials	1.0	2.0	75.0	biphasic	16.0	100.0	1.0	10.0	-50.0	3r	3.0	0.0	monopolar		[7840, 1470, 3406]	[0, 0, 0]
5631.5072666666665	2.0	trials	1.0	2.0	75.0	biphasic	16.0	100.0	1.0	10.0	-50.0	3r	3.0	0.0	monopolar		[7840, 1470, 3406]	[0, 0, 0]
5633.509266666667	2.0	trials	1.0	2.0	75.0	biphasic	16.0	100.0	1.0	10.0	-50.0	3r	3.0	0.0	monopolar		[7840, 1470, 3406]	[0, 0, 0]
5635.511233333334	2.0	trials	1.0	2.0	75.0	biphasic	16.0	100.0	1.0	10.0	-50.0	3r	3.0	0.0	monopolar		[7840, 1470, 3406]	[0, 0, 0]
5637.513233333333	2.0	trials	1.0	2.0	75.0	biphasic	16.0	100.0	1.0	10.0	-50.0	3r	3.0	0.0	monopolar		[7840, 1470, 3406]	[0, 0, 0]
5639.5152333333335	2.0	trials	1.0	2.0	75.0	biphasic	16.0	100.0	1.0	10.0	-50.0	3r	3.0	0.0	monopolar		[7840, 1470, 3406]	[0, 0, 0]
5641.517233333333	2.0	trials	1.0	2.0	75.0	biphasic	16.0	100.0	1.0	10.0	-50.0	3r	3.0	0.0	monopolar		[7840, 1470, 3406]	[0, 0, 0]
5643.519233333333	2.0	trials	1.0	2.0	75.0	biphasic	16.0	100.0	1.0	10.0	-50.0	3r	3.0	0.0	monopolar		[7840, 1470, 3406]	[0, 0, 0]
5645.521233333333	2.0	trials	1.0	2.0	75.0	biphasic	16.0	100.0	1.0	10.0	-50.0	3r	3.0	0.0	monopolar		[7840, 1470, 3406]	[0, 0, 0]
5647.523233333333	2.0	trials	1.0	2.0	75.0	biphasic	16.0	100.0	1.0	10.0	-50.0	3r	3.0	0.0	monopolar		[7840, 1470, 3406]	[0, 0, 0]
5649.525233333334	2.0	trials	1.0	2.0	75.0	biphasic	16.0	100.0	1.0	10.0	-50.0	3r	3.0	0.0	monopolar		[7840, 1470, 3406]	[0, 0, 0]
5651.526865395386	2.0	trials	1.0	2.0	75.0	biphasic	16.0	100.0	1.0	10.0	-50.0	3r	3.0	0.0	monopolar		[7840, 1470, 3406]	[0, 0, 0]
5653.529233333334	2.0	trials	1.0	2.0	75.0	biphasic	16.0	100.0	1.0	10.0	-50.0	3r	3.0	0.0	monopolar		[7840, 1470, 3406]	[0, 0, 0]
5655.531233333333	2.0	trials	1.0	2.0	75.0	biphasic	16.0	100.0	1.0	10.0	-50.0	3r	3.0	0.0	monopolar		[7840, 1470, 3406]	[0, 0, 0]
5657.532865004371	2.0	trials	1.0	2.0	75.0	biphasic	16.0	100.0	1.0	10.0	-50.0	3r	3.0	0.0	monopolar		[7840, 1470, 3406]	[0, 0, 0]
5659.535233333333	2.0	trials	1.0	2.0	75.0	biphasic	16.0	100.0	1.0	10.0	-50.0	3r	3.0	0.0	monopolar		[7840, 1470, 3406]	[0, 0, 0]
5661.5372333333335	2.0	trials	1.0	2.0	75.0	biphasic	16.0	100.0	1.0	10.0	-50.0	3r	3.0	0.0	monopolar		[7840, 1470, 3406]	[0, 0, 0]
5663.538831280024	2.0	trials	1.0	2.0	75.0	biphasic	16.0	100.0	1.0	10.0	-50.0	3r	3.0	0.0	monopolar		[7840, 1470, 3406]	[0, 0, 0]
5665.5412	2.0	trials	1.0	2.0	75.0	biphasic	16.0	100.0	1.0	10.0	-50.0	3r	3.0	0.0	monopolar		[7840, 1470, 3406]	[0, 0, 0]
5667.5432	2.0	trials	1.0	2.0	75.0	biphasic	16.0	100.0	1.0	10.0	-50.0	3r	3.0	0.0	monopolar		[7840, 1470, 3406]	[0, 0, 0]
5669.54556911104	2.0	trials	1.0	2.0	75.0	biphasic	16.0	100.0	1.0	10.0	-50.0	3r	3.0	0.0	monopolar		[7840, 1470, 3406]	[0, 0, 0]
5671.5472	2.0	trials	1.0	2.0	75.0	biphasic	16.0	100.0	1.0	10.0	-50.0	3r	3.0	0.0	monopolar		[7840, 1470, 3406]	[0, 0, 0]
5673.5492	2.0	trials	1.0	2.0	75.0	biphasic	16.0	100.0	1.0	10.0	-50.0	3r	3.0	0.0	monopolar		[7840, 1470, 3406]	[0, 0, 0]
5675.551569502055	2.0	trials	1.0	2.0	75.0	biphasic	16.0	100.0	1.0	10.0	-50.0	3r	3.0	0.0	monopolar		[7840, 1470, 3406]	[0, 0, 0]
5677.5532	2.0	trials	1.0	2.0	75.0	biphasic	16.0	100.0	1.0	10.0	-50.0	3r	3.0	0.0	monopolar		[7840, 1470, 3406]	[0, 0, 0]
5679.5552	2.0	trials	1.0	2.0	75.0	biphasic	16.0	100.0	1.0	10.0	-50.0	3r	3.0	0.0	monopolar		[7840, 1470, 3406]	[0, 0, 0]
5681.557569893071	2.0	trials	1.0	2.0	75.0	biphasic	16.0	100.0	1.0	10.0	-50.0	3r	3.0	0.0	monopolar		[7840, 1470, 3406]	[0, 0, 0]
5683.5592	2.0	trials	1.0	2.0	75.0	biphasic	16.0	100.0	1.0	10.0	-50.0	3r	3.0	0.0	monopolar		[7840, 1470, 3406]	[0, 0, 0]
5685.5612	2.0	trials	1.0	2.0	75.0	biphasic	16.0	100.0	1.0	10.0	-50.0	3r	3.0	0.0	monopolar		[7840, 1470, 3406]	[0, 0, 0]
5687.5632	2.0	trials	1.0	2.0	75.0	biphasic	16.0	100.0	1.0	10.0	-50.0	3r	3.0	0.0	monopolar		[7840, 1470, 3406]	[0, 0, 0]
5689.5652	2.0	trials	1.0	2.0	75.0	biphasic	16.0	100.0	1.0	10.0	-50.0	3r	3.0	0.0	monopolar		[7840, 1470, 3406]	[0, 0, 0]
5691.567166666667	2.0	trials	1.0	2.0	75.0	biphasic	16.0	100.0	1.0	10.0	-50.0	3r	3.0	0.0	monopolar		[7840, 1470, 3406]	[0, 0, 0]
5693.569166666667	2.0	trials	1.0	2.0	75.0	biphasic	16.0	100.0	1.0	10.0	-50.0	3r	3.0	0.0	monopolar		[7840, 1470, 3406]	[0, 0, 0]
5695.571166666667	2.0	trials	1.0	2.0	75.0	biphasic	16.0	100.0	1.0	10.0	-50.0	3r	3.0	0.0	monopolar		[7840, 1470, 3406]	[0, 0, 0]
5697.573166666667	2.0	trials	1.0	2.0	75.0	biphasic	16.0	100.0	1.0	10.0	-50.0	3r	3.0	0.0	monopolar		[7840, 1470, 3406]	[0, 0, 0]
5699.5751666666665	2.0	trials	1.0	2.0	75.0	biphasic	16.0	100.0	1.0	10.0	-50.0	3r	3.0	0.0	monopolar		[7840, 1470, 3406]	[0, 0, 0]
5701.577166666667	2.0	trials	1.0	2.0	75.0	biphasic	16.0	100.0	1.0	10.0	-50.0	3r	3.0	0.0	monopolar		[7840, 1470, 3406]	[0, 0, 0]
5703.578795339922	2.0	trials	1.0	2.0	75.0	biphasic	16.0	100.0	1.0	10.0	-50.0	3r	3.0	0.0	monopolar		[7840, 1470, 3406]	[0, 0, 0]
5705.581166666667	2.0	trials	1.0	2.0	75.0	biphasic	16.0	100.0	1.0	10.0	-50.0	3r	3.0	0.0	monopolar		[7840, 1470, 3406]	[0, 0, 0]
5707.583166666666	2.0	trials	1.0	2.0	75.0	biphasic	16.0	100.0	1.0	10.0	-50.0	3r	3.0	0.0	monopolar		[7840, 1470, 3406]	[0, 0, 0]
5709.584794948906	2.0	trials	1.0	2.0	75.0	biphasic	16.0	100.0	1.0	10.0	-50.0	3r	3.0	0.0	monopolar		[7840, 1470, 3406]	[0, 0, 0]
5711.587166666666	2.0	trials	1.0	2.0	75.0	biphasic	16.0	100.0	1.0	10.0	-50.0	3r	3.0	0.0	monopolar		[7840, 1470, 3406]	[0, 0, 0]
5713.589166666667	2.0	trials	1.0	2.0	75.0	biphasic	16.0	100.0	1.0	10.0	-50.0	3r	3.0	0.0	monopolar		[7840, 1470, 3406]	[0, 0, 0]
5715.591538775491	2.0	trials	1.0	2.0	75.0	biphasic	16.0	100.0	1.0	10.0	-50.0	3r	3.0	0.0	monopolar		[7840, 1470, 3406]	[0, 0, 0]
5717.593133333334	2.0	trials	1.0	2.0	75.0	biphasic	16.0	100.0	1.0	10.0	-50.0	3r	3.0	0.0	monopolar		[7840, 1470, 3406]	[0, 0, 0]
5719.595133333333	2.0	trials	1.0	2.0	75.0	biphasic	16.0	100.0	1.0	10.0	-50.0	3r	3.0	0.0	monopolar		[7840, 1470, 3406]	[0, 0, 0]
5721.5975058331705	2.0	trials	1.0	2.0	75.0	biphasic	16.0	100.0	1.0	10.0	-50.0	3r	3.0	0.0	monopolar		[7840, 1470, 3406]	[0, 0, 0]
5723.599133333333	2.0	trials	1.0	2.0	75.0	biphasic	16.0	100.0	1.0	10.0	-50.0	3r	3.0	0.0	monopolar		[7840, 1470, 3406]	[0, 0, 0]
5725.601133333334	2.0	trials	1.0	2.0	75.0	biphasic	16.0	100.0	1.0	10.0	-50.0	3r	3.0	0.0	monopolar		[7840, 1470, 3406]	[0, 0, 0]
5727.603133333333	2.0	trials	1.0	2.0	75.0	biphasic	16.0	100.0	1.0	10.0	-50.0	3r	3.0	0.0	monopolar		[7840, 1470, 3406]	[0, 0, 0]
5729.6051333333335	2.0	trials	1.0	2.0	75.0	biphasic	16.0	100.0	1.0	10.0	-50.0	3r	3.0	0.0	monopolar		[7840, 1470, 3406]	[0, 0, 0]
5731.607133333333	2.0	trials	1.0	2.0	75.0	biphasic	16.0	100.0	1.0	10.0	-50.0	3r	3.0	0.0	monopolar		[7840, 1470, 3406]	[0, 0, 0]
5733.609133333333	2.0	trials	1.0	2.0	75.0	biphasic	16.0	100.0	1.0	10.0	-50.0	3r	3.0	0.0	monopolar		[7840, 1470, 3406]	[0, 0, 0]
5735.611133333334	2.0	trials	1.0	2.0	75.0	biphasic	16.0	100.0	1.0	10.0	-50.0	3r	3.0	0.0	monopolar		[7840, 1470, 3406]	[0, 0, 0]
5737.613133333333	2.0	trials	1.0	2.0	75.0	biphasic	16.0	100.0	1.0	10.0	-50.0	3r	3.0	0.0	monopolar		[7840, 1470, 3406]	[0, 0, 0]
5739.615133333334	2.0	trials	1.0	2.0	75.0	biphasic	16.0	100.0	1.0	10.0	-50.0	3r	3.0	0.0	monopolar		[7840, 1470, 3406]	[0, 0, 0]
5741.617133333333	2.0	trials	1.0	2.0	75.0	biphasic	16.0	100.0	1.0	10.0	-50.0	3r	3.0	0.0	monopolar		[7840, 1470, 3406]	[0, 0, 0]
5789.955166666667	2.0	trials	1.0	2.0	75.0	biphasic	17.0	100.0	1.0	10.0	50.0	3r	3.0	0.0	monopolar		[7840, 1470, 3406]	[0, 0, 0]
5791.957166666667	2.0	trials	1.0	2.0	75.0	biphasic	17.0	100.0	1.0	10.0	50.0	3r	3.0	0.0	monopolar		[7840, 1470, 3406]	[0, 0, 0]
5793.9591666666665	2.0	trials	1.0	2.0	75.0	biphasic	17.0	100.0	1.0	10.0	50.0	3r	3.0	0.0	monopolar		[7840, 1470, 3406]	[0, 0, 0]
5795.961166666667	2.0	trials	1.0	2.0	75.0	biphasic	17.0	100.0	1.0	10.0	50.0	3r	3.0	0.0	monopolar		[7840, 1470, 3406]	[0, 0, 0]
5797.963166666666	2.0	trials	1.0	2.0	75.0	biphasic	17.0	100.0	1.0	10.0	50.0	3r	3.0	0.0	monopolar		[7840, 1470, 3406]	[0, 0, 0]
5799.965166666667	2.0	trials	1.0	2.0	75.0	biphasic	17.0	100.0	1.0	10.0	50.0	3r	3.0	0.0	monopolar		[7840, 1470, 3406]	[0, 0, 0]
5801.967166666666	2.0	trials	1.0	2.0	75.0	biphasic	17.0	100.0	1.0	10.0	50.0	3r	3.0	0.0	monopolar		[7840, 1470, 3406]	[0, 0, 0]
5803.969166666667	2.0	trials	1.0	2.0	75.0	biphasic	17.0	100.0	1.0	10.0	50.0	3r	3.0	0.0	monopolar		[7840, 1470, 3406]	[0, 0, 0]
5805.9711333333335	2.0	trials	1.0	2.0	75.0	biphasic	17.0	100.0	1.0	10.0	50.0	3r	3.0	0.0	monopolar		[7840, 1470, 3406]	[0, 0, 0]
5807.973133333333	2.0	trials	1.0	2.0	75.0	biphasic	17.0	100.0	1.0	10.0	50.0	3r	3.0	0.0	monopolar		[7840, 1470, 3406]	[0, 0, 0]
5809.974755079768	2.0	trials	1.0	2.0	75.0	biphasic	17.0	100.0	1.0	10.0	50.0	3r	3.0	0.0	monopolar		[7840, 1470, 3406]	[0, 0, 0]
5811.977133333334	2.0	trials	1.0	2.0	75.0	biphasic	17.0	100.0	1.0	10.0	50.0	3r	3.0	0.0	monopolar		[7840, 1470, 3406]	[0, 0, 0]
5813.979133333333	2.0	trials	1.0	2.0	75.0	biphasic	17.0	100.0	1.0	10.0	50.0	3r	3.0	0.0	monopolar		[7840, 1470, 3406]	[0, 0, 0]
5815.980754688753	2.0	trials	1.0	2.0	75.0	biphasic	17.0	100.0	1.0	10.0	50.0	3r	3.0	0.0	monopolar		[7840, 1470, 3406]	[0, 0, 0]
5817.983133333333	2.0	trials	1.0	2.0	75.0	biphasic	17.0	100.0	1.0	10.0	50.0	3r	3.0	0.0	monopolar		[7840, 1470, 3406]	[0, 0, 0]
5819.985133333334	2.0	trials	1.0	2.0	75.0	biphasic	17.0	100.0	1.0	10.0	50.0	3r	3.0	0.0	monopolar		[7840, 1470, 3406]	[0, 0, 0]
5821.987512368979	2.0	trials	1.0	2.0	75.0	biphasic	17.0	100.0	1.0	10.0	50.0	3r	3.0	0.0	monopolar		[7840, 1470, 3406]	[0, 0, 0]
5823.9891333333335	2.0	trials	1.0	2.0	75.0	biphasic	17.0	100.0	1.0	10.0	50.0	3r	3.0	0.0	monopolar		[7840, 1470, 3406]	[0, 0, 0]
5825.991133333333	2.0	trials	1.0	2.0	75.0	biphasic	17.0	100.0	1.0	10.0	50.0	3r	3.0	0.0	monopolar		[7840, 1470, 3406]	[0, 0, 0]
5827.993133333333	2.0	trials	1.0	2.0	75.0	biphasic	17.0	100.0	1.0	10.0	50.0	3r	3.0	0.0	monopolar		[7840, 1470, 3406]	[0, 0, 0]
5829.995133333333	2.0	trials	1.0	2.0	75.0	biphasic	17.0	100.0	1.0	10.0	50.0	3r	3.0	0.0	monopolar		[7840, 1470, 3406]	[0, 0, 0]
5831.997133333333	2.0	trials	1.0	2.0	75.0	biphasic	17.0	100.0	1.0	10.0	50.0	3r	3.0	0.0	monopolar		[7840, 1470, 3406]	[0, 0, 0]
5833.9991	2.0	trials	1.0	2.0	75.0	biphasic	17.0	100.0	1.0	10.0	50.0	3r	3.0	0.0	monopolar		[7840, 1470, 3406]	[0, 0, 0]
5836.0011	2.0	trials	1.0	2.0	75.0	biphasic	17.0	100.0	1.0	10.0	50.0	3r	3.0	0.0	monopolar		[7840, 1470, 3406]	[0, 0, 0]
5838.0031	2.0	trials	1.0	2.0	75.0	biphasic	17.0	100.0	1.0	10.0	50.0	3r	3.0	0.0	monopolar		[7840, 1470, 3406]	[0, 0, 0]
5840.0051	2.0	trials	1.0	2.0	75.0	biphasic	17.0	100.0	1.0	10.0	50.0	3r	3.0	0.0	monopolar		[7840, 1470, 3406]	[0, 0, 0]
5842.0071	2.0	trials	1.0	2.0	75.0	biphasic	17.0	100.0	1.0	10.0	50.0	3r	3.0	0.0	monopolar		[7840, 1470, 3406]	[0, 0, 0]
5844.0091	2.0	trials	1.0	2.0	75.0	biphasic	17.0	100.0	1.0	10.0	50.0	3r	3.0	0.0	monopolar		[7840, 1470, 3406]	[0, 0, 0]
5846.0111	2.0	trials	1.0	2.0	75.0	biphasic	17.0	100.0	1.0	10.0	50.0	3r	3.0	0.0	monopolar		[7840, 1470, 3406]	[0, 0, 0]
5848.0131	2.0	trials	1.0	2.0	75.0	biphasic	17.0	100.0	1.0	10.0	50.0	3r	3.0	0.0	monopolar		[7840, 1470, 3406]	[0, 0, 0]
5850.014719139666	2.0	trials	1.0	2.0	75.0	biphasic	17.0	100.0	1.0	10.0	50.0	3r	3.0	0.0	monopolar		[7840, 1470, 3406]	[0, 0, 0]
5852.0171	2.0	trials	1.0	2.0	75.0	biphasic	17.0	100.0	1.0	10.0	50.0	3r	3.0	0.0	monopolar		[7840, 1470, 3406]	[0, 0, 0]
5854.0191	2.0	trials	1.0	2.0	75.0	biphasic	17.0	100.0	1.0	10.0	50.0	3r	3.0	0.0	monopolar		[7840, 1470, 3406]	[0, 0, 0]
5856.020718748651	2.0	trials	1.0	2.0	75.0	biphasic	17.0	100.0	1.0	10.0	50.0	3r	3.0	0.0	monopolar		[7840, 1470, 3406]	[0, 0, 0]
5858.0231	2.0	trials	1.0	2.0	75.0	biphasic	17.0	100.0	1.0	10.0	50.0	3r	3.0	0.0	monopolar		[7840, 1470, 3406]	[0, 0, 0]
5860.025066666667	2.0	trials	1.0	2.0	75.0	biphasic	17.0	100.0	1.0	10.0	50.0	3r	3.0	0.0	monopolar		[7840, 1470, 3406]	[0, 0, 0]
5862.027448309079	2.0	trials	1.0	2.0	75.0	biphasic	17.0	100.0	1.0	10.0	50.0	3r	3.0	0.0	monopolar		[7840, 1470, 3406]	[0, 0, 0]
5864.029066666667	2.0	trials	1.0	2.0	75.0	biphasic	17.0	100.0	1.0	10.0	50.0	3r	3.0	0.0	monopolar		[7840, 1470, 3406]	[0, 0, 0]
5866.031066666666	2.0	trials	1.0	2.0	75.0	biphasic	17.0	100.0	1.0	10.0	50.0	3r	3.0	0.0	monopolar		[7840, 1470, 3406]	[0, 0, 0]
5868.033448700095	2.0	trials	1.0	2.0	75.0	biphasic	17.0	100.0	1.0	10.0	50.0	3r	3.0	0.0	monopolar		[7840, 1470, 3406]	[0, 0, 0]
5870.035066666666	2.0	trials	1.0	2.0	75.0	biphasic	17.0	100.0	1.0	10.0	50.0	3r	3.0	0.0	monopolar		[7840, 1470, 3406]	[0, 0, 0]
5872.037066666667	2.0	trials	1.0	2.0	75.0	biphasic	17.0	100.0	1.0	10.0	50.0	3r	3.0	0.0	monopolar		[7840, 1470, 3406]	[0, 0, 0]
5874.03944909111	2.0	trials	1.0	2.0	75.0	biphasic	17.0	100.0	1.0	10.0	50.0	3r	3.0	0.0	monopolar		[7840, 1470, 3406]	[0, 0, 0]
5876.041066666667	2.0	trials	1.0	2.0	75.0	biphasic	17.0	100.0	1.0	10.0	50.0	3r	3.0	0.0	monopolar		[7840, 1470, 3406]	[0, 0, 0]
5878.043066666667	2.0	trials	1.0	2.0	75.0	biphasic	17.0	100.0	1.0	10.0	50.0	3r	3.0	0.0	monopolar		[7840, 1470, 3406]	[0, 0, 0]
5880.045066666667	2.0	trials	1.0	2.0	75.0	biphasic	17.0	100.0	1.0	10.0	50.0	3r	3.0	0.0	monopolar		[7840, 1470, 3406]	[0, 0, 0]
5882.047066666667	2.0	trials	1.0	2.0	75.0	biphasic	17.0	100.0	1.0	10.0	50.0	3r	3.0	0.0	monopolar		[7840, 1470, 3406]	[0, 0, 0]
5884.0490666666665	2.0	trials	1.0	2.0	75.0	biphasic	17.0	100.0	1.0	10.0	50.0	3r	3.0	0.0	monopolar		[7840, 1470, 3406]	[0, 0, 0]
5886.051066666667	2.0	trials	1.0	2.0	75.0	biphasic	17.0	100.0	1.0	10.0	50.0	3r	3.0	0.0	monopolar		[7840, 1470, 3406]	[0, 0, 0]
5888.053033333334	2.0	trials	1.0	2.0	75.0	biphasic	17.0	100.0	1.0	10.0	50.0	3r	3.0	0.0	monopolar		[7840, 1470, 3406]	[0, 0, 0]
5890.055033333333	2.0	trials	1.0	2.0	75.0	biphasic	17.0	100.0	1.0	10.0	50.0	3r	3.0	0.0	monopolar		[7840, 1470, 3406]	[0, 0, 0]
5892.0570333333335	2.0	trials	1.0	2.0	75.0	biphasic	17.0	100.0	1.0	10.0	50.0	3r	3.0	0.0	monopolar		[7840, 1470, 3406]	[0, 0, 0]
5894.059033333333	2.0	trials	1.0	2.0	75.0	biphasic	17.0	100.0	1.0	10.0	50.0	3r	3.0	0.0	monopolar		[7840, 1470, 3406]	[0, 0, 0]
5896.060649475218	2.0	trials	1.0	2.0	75.0	biphasic	17.0	100.0	1.0	10.0	50.0	3r	3.0	0.0	monopolar		[7840, 1470, 3406]	[0, 0, 0]
5898.063033333333	2.0	trials	1.0	2.0	75.0	biphasic	17.0	100.0	1.0	10.0	50.0	3r	3.0	0.0	monopolar		[7840, 1470, 3406]	[0, 0, 0]
5900.065033333333	2.0	trials	1.0	2.0	75.0	biphasic	17.0	100.0	1.0	10.0	50.0	3r	3.0	0.0	monopolar		[7840, 1470, 3406]	[0, 0, 0]
5902.066649084202	2.0	trials	1.0	2.0	75.0	biphasic	17.0	100.0	1.0	10.0	50.0	3r	3.0	0.0	monopolar		[7840, 1470, 3406]	[0, 0, 0]
5904.069033333333	2.0	trials	1.0	2.0	75.0	biphasic	17.0	100.0	1.0	10.0	50.0	3r	3.0	0.0	monopolar		[7840, 1470, 3406]	[0, 0, 0]
5906.071033333334	2.0	trials	1.0	2.0	75.0	biphasic	17.0	100.0	1.0	10.0	50.0	3r	3.0	0.0	monopolar		[7840, 1470, 3406]	[0, 0, 0]
5908.072648693187	2.0	trials	1.0	2.0	75.0	biphasic	17.0	100.0	1.0	10.0	50.0	3r	3.0	0.0	monopolar		[7840, 1470, 3406]	[0, 0, 0]
5910.0750333333335	2.0	trials	1.0	2.0	75.0	biphasic	17.0	100.0	1.0	10.0	50.0	3r	3.0	0.0	monopolar		[7840, 1470, 3406]	[0, 0, 0]
5912.077033333333	2.0	trials	1.0	2.0	75.0	biphasic	17.0	100.0	1.0	10.0	50.0	3r	3.0	0.0	monopolar		[7840, 1470, 3406]	[0, 0, 0]
5914.07938503121	2.0	trials	1.0	2.0	75.0	biphasic	17.0	100.0	1.0	10.0	50.0	3r	3.0	0.0	monopolar		[7840, 1470, 3406]	[0, 0, 0]
5916.081	2.0	trials	1.0	2.0	75.0	biphasic	17.0	100.0	1.0	10.0	50.0	3r	3.0	0.0	monopolar		[7840, 1470, 3406]	[0, 0, 0]
5918.083	2.0	trials	1.0	2.0	75.0	biphasic	17.0	100.0	1.0	10.0	50.0	3r	3.0	0.0	monopolar		[7840, 1470, 3406]	[0, 0, 0]
5920.085385422226	2.0	trials	1.0	2.0	75.0	biphasic	17.0	100.0	1.0	10.0	50.0	3r	3.0	0.0	monopolar		[7840, 1470, 3406]	[0, 0, 0]
5922.087	2.0	trials	1.0	2.0	75.0	biphasic	17.0	100.0	1.0	10.0	50.0	3r	3.0	0.0	monopolar		[7840, 1470, 3406]	[0, 0, 0]
5924.089	2.0	trials	1.0	2.0	75.0	biphasic	17.0	100.0	1.0	10.0	50.0	3r	3.0	0.0	monopolar		[7840, 1470, 3406]	[0, 0, 0]
5926.091385813242	2.0	trials	1.0	2.0	75.0	biphasic	17.0	100.0	1.0	10.0	50.0	3r	3.0	0.0	monopolar		[7840, 1470, 3406]	[0, 0, 0]
5928.093	2.0	trials	1.0	2.0	75.0	biphasic	17.0	100.0	1.0	10.0	50.0	3r	3.0	0.0	monopolar		[7840, 1470, 3406]	[0, 0, 0]
5930.095	2.0	trials	1.0	2.0	75.0	biphasic	17.0	100.0	1.0	10.0	50.0	3r	3.0	0.0	monopolar		[7840, 1470, 3406]	[0, 0, 0]
5932.0973862042565	2.0	trials	1.0	2.0	75.0	biphasic	17.0	100.0	1.0	10.0	50.0	3r	3.0	0.0	monopolar		[7840, 1470, 3406]	[0, 0, 0]
5934.099	2.0	trials	1.0	2.0	75.0	biphasic	17.0	100.0	1.0	10.0	50.0	3r	3.0	0.0	monopolar		[7840, 1470, 3406]	[0, 0, 0]
5936.101	2.0	trials	1.0	2.0	75.0	biphasic	17.0	100.0	1.0	10.0	50.0	3r	3.0	0.0	monopolar		[7840, 1470, 3406]	[0, 0, 0]
5938.103	2.0	trials	1.0	2.0	75.0	biphasic	17.0	100.0	1.0	10.0	50.0	3r	3.0	0.0	monopolar		[7840, 1470, 3406]	[0, 0, 0]
5971.236677914279	2.0	trials	1.0	2.0	75.0	biphasic	18.0	100.0	1.0	10.0	-100.0	3r	3.0	0.0	monopolar		[7840, 1470, 3406]	[0, 0, 0]
5973.239066666667	2.0	trials	1.0	2.0	75.0	biphasic	18.0	100.0	1.0	10.0	-100.0	3r	3.0	0.0	monopolar		[7840, 1470, 3406]	[0, 0, 0]
5975.2410666666665	2.0	trials	1.0	2.0	75.0	biphasic	18.0	100.0	1.0	10.0	-100.0	3r	3.0	0.0	monopolar		[7840, 1470, 3406]	[0, 0, 0]
5977.242677523263	2.0	trials	1.0	2.0	75.0	biphasic	18.0	100.0	1.0	10.0	-100.0	3r	3.0	0.0	monopolar		[7840, 1470, 3406]	[0, 0, 0]
5979.245066666666	2.0	trials	1.0	2.0	75.0	biphasic	18.0	100.0	1.0	10.0	-100.0	3r	3.0	0.0	monopolar		[7840, 1470, 3406]	[0, 0, 0]
5981.247066666667	2.0	trials	1.0	2.0	75.0	biphasic	18.0	100.0	1.0	10.0	-100.0	3r	3.0	0.0	monopolar		[7840, 1470, 3406]	[0, 0, 0]
5983.248677132247	2.0	trials	1.0	2.0	75.0	biphasic	18.0	100.0	1.0	10.0	-100.0	3r	3.0	0.0	monopolar		[7840, 1470, 3406]	[0, 0, 0]
5985.251066666667	2.0	trials	1.0	2.0	75.0	biphasic	18.0	100.0	1.0	10.0	-100.0	3r	3.0	0.0	monopolar		[7840, 1470, 3406]	[0, 0, 0]
5987.253066666667	2.0	trials	1.0	2.0	75.0	biphasic	18.0	100.0	1.0	10.0	-100.0	3r	3.0	0.0	monopolar		[7840, 1470, 3406]	[0, 0, 0]
5989.255456592152	2.0	trials	1.0	2.0	75.0	biphasic	18.0	100.0	1.0	10.0	-100.0	3r	3.0	0.0	monopolar		[7840, 1470, 3406]	[0, 0, 0]
5991.257066666667	2.0	trials	1.0	2.0	75.0	biphasic	18.0	100.0	1.0	10.0	-100.0	3r	3.0	0.0	monopolar		[7840, 1470, 3406]	[0, 0, 0]
5993.2590666666665	2.0	trials	1.0	2.0	75.0	biphasic	18.0	100.0	1.0	10.0	-100.0	3r	3.0	0.0	monopolar		[7840, 1470, 3406]	[0, 0, 0]
5995.261456983168	2.0	trials	1.0	2.0	75.0	biphasic	18.0	100.0	1.0	10.0	-100.0	3r	3.0	0.0	monopolar		[7840, 1470, 3406]	[0, 0, 0]
5997.263033333334	2.0	trials	1.0	2.0	75.0	biphasic	18.0	100.0	1.0	10.0	-100.0	3r	3.0	0.0	monopolar		[7840, 1470, 3406]	[0, 0, 0]
5999.265033333333	2.0	trials	1.0	2.0	75.0	biphasic	18.0	100.0	1.0	10.0	-100.0	3r	3.0	0.0	monopolar		[7840, 1470, 3406]	[0, 0, 0]
6001.267424040848	2.0	trials	1.0	2.0	75.0	biphasic	18.0	100.0	1.0	10.0	-100.0	3r	3.0	0.0	monopolar		[7840, 1470, 3406]	[0, 0, 0]
6003.269033333333	2.0	trials	1.0	2.0	75.0	biphasic	18.0	100.0	1.0	10.0	-100.0	3r	3.0	0.0	monopolar		[7840, 1470, 3406]	[0, 0, 0]
6005.271033333333	2.0	trials	1.0	2.0	75.0	biphasic	18.0	100.0	1.0	10.0	-100.0	3r	3.0	0.0	monopolar		[7840, 1470, 3406]	[0, 0, 0]
6007.273033333333	2.0	trials	1.0	2.0	75.0	biphasic	18.0	100.0	1.0	10.0	-100.0	3r	3.0	0.0	monopolar		[7840, 1470, 3406]	[0, 0, 0]
6009.275033333333	2.0	trials	1.0	2.0	75.0	biphasic	18.0	100.0	1.0	10.0	-100.0	3r	3.0	0.0	monopolar		[7840, 1470, 3406]	[0, 0, 0]
6011.277033333334	2.0	trials	1.0	2.0	75.0	biphasic	18.0	100.0	1.0	10.0	-100.0	3r	3.0	0.0	monopolar		[7840, 1470, 3406]	[0, 0, 0]
6013.279033333333	2.0	trials	1.0	2.0	75.0	biphasic	18.0	100.0	1.0	10.0	-100.0	3r	3.0	0.0	monopolar		[7840, 1470, 3406]	[0, 0, 0]
6015.281033333334	2.0	trials	1.0	2.0	75.0	biphasic	18.0	100.0	1.0	10.0	-100.0	3r	3.0	0.0	monopolar		[7840, 1470, 3406]	[0, 0, 0]
6017.283033333333	2.0	trials	1.0	2.0	75.0	biphasic	18.0	100.0	1.0	10.0	-100.0	3r	3.0	0.0	monopolar		[7840, 1470, 3406]	[0, 0, 0]
6019.285033333334	2.0	trials	1.0	2.0	75.0	biphasic	18.0	100.0	1.0	10.0	-100.0	3r	3.0	0.0	monopolar		[7840, 1470, 3406]	[0, 0, 0]
6021.287033333333	2.0	trials	1.0	2.0	75.0	biphasic	18.0	100.0	1.0	10.0	-100.0	3r	3.0	0.0	monopolar		[7840, 1470, 3406]	[0, 0, 0]
6023.288607858814	2.0	trials	1.0	2.0	75.0	biphasic	18.0	100.0	1.0	10.0	-100.0	3r	3.0	0.0	monopolar		[7840, 1470, 3406]	[0, 0, 0]
6025.291	2.0	trials	1.0	2.0	75.0	biphasic	18.0	100.0	1.0	10.0	-100.0	3r	3.0	0.0	monopolar		[7840, 1470, 3406]	[0, 0, 0]
6027.293	2.0	trials	1.0	2.0	75.0	biphasic	18.0	100.0	1.0	10.0	-100.0	3r	3.0	0.0	monopolar		[7840, 1470, 3406]	[0, 0, 0]
6029.294607467799	2.0	trials	1.0	2.0	75.0	biphasic	18.0	100.0	1.0	10.0	-100.0	3r	3.0	0.0	monopolar		[7840, 1470, 3406]	[0, 0, 0]
6031.297	2.0	trials	1.0	2.0	75.0	biphasic	18.0	100.0	1.0	10.0	-100.0	3r	3.0	0.0	monopolar		[7840, 1470, 3406]	[0, 0, 0]
6033.299	2.0	trials	1.0	2.0	75.0	biphasic	18.0	100.0	1.0	10.0	-100.0	3r	3.0	0.0	monopolar		[7840, 1470, 3406]	[0, 0, 0]
6035.301392923268	2.0	trials	1.0	2.0	75.0	biphasic	18.0	100.0	1.0	10.0	-100.0	3r	3.0	0.0	monopolar		[7840, 1470, 3406]	[0, 0, 0]
6037.303	2.0	trials	1.0	2.0	75.0	biphasic	18.0	100.0	1.0	10.0	-100.0	3r	3.0	0.0	monopolar		[7840, 1470, 3406]	[0, 0, 0]
6039.305	2.0	trials	1.0	2.0	75.0	biphasic	18.0	100.0	1.0	10.0	-100.0	3r	3.0	0.0	monopolar		[7840, 1470, 3406]	[0, 0, 0]
6041.307	2.0	trials	1.0	2.0	75.0	biphasic	18.0	100.0	1.0	10.0	-100.0	3r	3.0	0.0	monopolar		[7840, 1470, 3406]	[0, 0, 0]
6043.309	2.0	trials	1.0	2.0	75.0	biphasic	18.0	100.0	1.0	10.0	-100.0	3r	3.0	0.0	monopolar		[7840, 1470, 3406]	[0, 0, 0]
6045.311	2.0	trials	1.0	2.0	75.0	biphasic	18.0	100.0	1.0	10.0	-100.0	3r	3.0	0.0	monopolar		[7840, 1470, 3406]	[0, 0, 0]
6047.313	2.0	trials	1.0	2.0	75.0	biphasic	18.0	100.0	1.0	10.0	-100.0	3r	3.0	0.0	monopolar		[7840, 1470, 3406]	[0, 0, 0]
6049.315	2.0	trials	1.0	2.0	75.0	biphasic	18.0	100.0	1.0	10.0	-100.0	3r	3.0	0.0	monopolar		[7840, 1470, 3406]	[0, 0, 0]
6051.316966666666	2.0	trials	1.0	2.0	75.0	biphasic	18.0	100.0	1.0	10.0	-100.0	3r	3.0	0.0	monopolar		[7840, 1470, 3406]	[0, 0, 0]
6053.318966666667	2.0	trials	1.0	2.0	75.0	biphasic	18.0	100.0	1.0	10.0	-100.0	3r	3.0	0.0	monopolar		[7840, 1470, 3406]	[0, 0, 0]
6055.320966666667	2.0	trials	1.0	2.0	75.0	biphasic	18.0	100.0	1.0	10.0	-100.0	3r	3.0	0.0	monopolar		[7840, 1470, 3406]	[0, 0, 0]
6057.322966666667	2.0	trials	1.0	2.0	75.0	biphasic	18.0	100.0	1.0	10.0	-100.0	3r	3.0	0.0	monopolar		[7840, 1470, 3406]	[0, 0, 0]
6059.324966666667	2.0	trials	1.0	2.0	75.0	biphasic	18.0	100.0	1.0	10.0	-100.0	3r	3.0	0.0	monopolar		[7840, 1470, 3406]	[0, 0, 0]
6061.3269666666665	2.0	trials	1.0	2.0	75.0	biphasic	18.0	100.0	1.0	10.0	-100.0	3r	3.0	0.0	monopolar		[7840, 1470, 3406]	[0, 0, 0]
6063.328966666667	2.0	trials	1.0	2.0	75.0	biphasic	18.0	100.0	1.0	10.0	-100.0	3r	3.0	0.0	monopolar		[7840, 1470, 3406]	[0, 0, 0]
6065.330966666666	2.0	trials	1.0	2.0	75.0	biphasic	18.0	100.0	1.0	10.0	-100.0	3r	3.0	0.0	monopolar		[7840, 1470, 3406]	[0, 0, 0]
6067.332966666667	2.0	trials	1.0	2.0	75.0	biphasic	18.0	100.0	1.0	10.0	-100.0	3r	3.0	0.0	monopolar		[7840, 1470, 3406]	[0, 0, 0]
6069.334571527697	2.0	trials	1.0	2.0	75.0	biphasic	18.0	100.0	1.0	10.0	-100.0	3r	3.0	0.0	monopolar		[7840, 1470, 3406]	[0, 0, 0]
6071.336966666667	2.0	trials	1.0	2.0	75.0	biphasic	18.0	100.0	1.0	10.0	-100.0	3r	3.0	0.0	monopolar		[7840, 1470, 3406]	[0, 0, 0]
6073.338966666666	2.0	trials	1.0	2.0	75.0	biphasic	18.0	100.0	1.0	10.0	-100.0	3r	3.0	0.0	monopolar		[7840, 1470, 3406]	[0, 0, 0]
6075.341362196703	2.0	trials	1.0	2.0	75.0	biphasic	18.0	100.0	1.0	10.0	-100.0	3r	3.0	0.0	monopolar		[7840, 1470, 3406]	[0, 0, 0]
6077.342966666667	2.0	trials	1.0	2.0	75.0	biphasic	18.0	100.0	1.0	10.0	-100.0	3r	3.0	0.0	monopolar		[7840, 1470, 3406]	[0, 0, 0]
6079.344933333334	2.0	trials	1.0	2.0	75.0	biphasic	18.0	100.0	1.0	10.0	-100.0	3r	3.0	0.0	monopolar		[7840, 1470, 3406]	[0, 0, 0]
6081.347329254383	2.0	trials	1.0	2.0	75.0	biphasic	18.0	100.0	1.0	10.0	-100.0	3r	3.0	0.0	monopolar		[7840, 1470, 3406]	[0, 0, 0]
6083.348933333334	2.0	trials	1.0	2.0	75.0	biphasic	18.0	100.0	1.0	10.0	-100.0	3r	3.0	0.0	monopolar		[7840, 1470, 3406]	[0, 0, 0]
6085.350933333333	2.0	trials	1.0	2.0	75.0	biphasic	18.0	100.0	1.0	10.0	-100.0	3r	3.0	0.0	monopolar		[7840, 1470, 3406]	[0, 0, 0]
6087.353329645399	2.0	trials	1.0	2.0	75.0	biphasic	18.0	100.0	1.0	10.0	-100.0	3r	3.0	0.0	monopolar		[7840, 1470, 3406]	[0, 0, 0]
6089.354933333333	2.0	trials	1.0	2.0	75.0	biphasic	18.0	100.0	1.0	10.0	-100.0	3r	3.0	0.0	monopolar		[7840, 1470, 3406]	[0, 0, 0]
6091.3569333333335	2.0	trials	1.0	2.0	75.0	biphasic	18.0	100.0	1.0	10.0	-100.0	3r	3.0	0.0	monopolar		[7840, 1470, 3406]	[0, 0, 0]
6093.358933333333	2.0	trials	1.0	2.0	75.0	biphasic	18.0	100.0	1.0	10.0	-100.0	3r	3.0	0.0	monopolar		[7840, 1470, 3406]	[0, 0, 0]
6095.360933333333	2.0	trials	1.0	2.0	75.0	biphasic	18.0	100.0	1.0	10.0	-100.0	3r	3.0	0.0	monopolar		[7840, 1470, 3406]	[0, 0, 0]
6097.362933333334	2.0	trials	1.0	2.0	75.0	biphasic	18.0	100.0	1.0	10.0	-100.0	3r	3.0	0.0	monopolar		[7840, 1470, 3406]	[0, 0, 0]
6099.364933333333	2.0	trials	1.0	2.0	75.0	biphasic	18.0	100.0	1.0	10.0	-100.0	3r	3.0	0.0	monopolar		[7840, 1470, 3406]	[0, 0, 0]
6101.366933333334	2.0	trials	1.0	2.0	75.0	biphasic	18.0	100.0	1.0	10.0	-100.0	3r	3.0	0.0	monopolar		[7840, 1470, 3406]	[0, 0, 0]
6103.368933333333	2.0	trials	1.0	2.0	75.0	biphasic	18.0	100.0	1.0	10.0	-100.0	3r	3.0	0.0	monopolar		[7840, 1470, 3406]	[0, 0, 0]
6105.3709	2.0	trials	1.0	2.0	75.0	biphasic	18.0	100.0	1.0	10.0	-100.0	3r	3.0	0.0	monopolar		[7840, 1470, 3406]	[0, 0, 0]
6107.3729	2.0	trials	1.0	2.0	75.0	biphasic	18.0	100.0	1.0	10.0	-100.0	3r	3.0	0.0	monopolar		[7840, 1470, 3406]	[0, 0, 0]
6109.374502254264	2.0	trials	1.0	2.0	75.0	biphasic	18.0	100.0	1.0	10.0	-100.0	3r	3.0	0.0	monopolar		[7840, 1470, 3406]	[0, 0, 0]
6111.3769	2.0	trials	1.0	2.0	75.0	biphasic	18.0	100.0	1.0	10.0	-100.0	3r	3.0	0.0	monopolar		[7840, 1470, 3406]	[0, 0, 0]
6113.3789	2.0	trials	1.0	2.0	75.0	biphasic	18.0	100.0	1.0	10.0	-100.0	3r	3.0	0.0	monopolar		[7840, 1470, 3406]	[0, 0, 0]
6115.380501863248	2.0	trials	1.0	2.0	75.0	biphasic	18.0	100.0	1.0	10.0	-100.0	3r	3.0	0.0	monopolar		[7840, 1470, 3406]	[0, 0, 0]
6117.3829	2.0	trials	1.0	2.0	75.0	biphasic	18.0	100.0	1.0	10.0	-100.0	3r	3.0	0.0	monopolar		[7840, 1470, 3406]	[0, 0, 0]
6119.3849	2.0	trials	1.0	2.0	75.0	biphasic	18.0	100.0	1.0	10.0	-100.0	3r	3.0	0.0	monopolar		[7840, 1470, 3406]	[0, 0, 0]
6150.398300416556	2.0	trials	1.0	2.0	75.0	biphasic	19.0	100.0	1.0	10.0	100.0	3r	3.0	0.0	monopolar		[7840, 1470, 3406]	[0, 0, 0]
6152.3999	2.0	trials	1.0	2.0	75.0	biphasic	19.0	100.0	1.0	10.0	100.0	3r	3.0	0.0	monopolar		[7840, 1470, 3406]	[0, 0, 0]
6154.4019	2.0	trials	1.0	2.0	75.0	biphasic	19.0	100.0	1.0	10.0	100.0	3r	3.0	0.0	monopolar		[7840, 1470, 3406]	[0, 0, 0]
6156.404300807571	2.0	trials	1.0	2.0	75.0	biphasic	19.0	100.0	1.0	10.0	100.0	3r	3.0	0.0	monopolar		[7840, 1470, 3406]	[0, 0, 0]
6158.405866666667	2.0	trials	1.0	2.0	75.0	biphasic	19.0	100.0	1.0	10.0	100.0	3r	3.0	0.0	monopolar		[7840, 1470, 3406]	[0, 0, 0]
6160.407866666666	2.0	trials	1.0	2.0	75.0	biphasic	19.0	100.0	1.0	10.0	100.0	3r	3.0	0.0	monopolar		[7840, 1470, 3406]	[0, 0, 0]
6162.409866666667	2.0	trials	1.0	2.0	75.0	biphasic	19.0	100.0	1.0	10.0	100.0	3r	3.0	0.0	monopolar		[7840, 1470, 3406]	[0, 0, 0]
6164.411866666666	2.0	trials	1.0	2.0	75.0	biphasic	19.0	100.0	1.0	10.0	100.0	3r	3.0	0.0	monopolar		[7840, 1470, 3406]	[0, 0, 0]
6166.413866666667	2.0	trials	1.0	2.0	75.0	biphasic	19.0	100.0	1.0	10.0	100.0	3r	3.0	0.0	monopolar		[7840, 1470, 3406]	[0, 0, 0]
6168.415866666666	2.0	trials	1.0	2.0	75.0	biphasic	19.0	100.0	1.0	10.0	100.0	3r	3.0	0.0	monopolar		[7840, 1470, 3406]	[0, 0, 0]
6170.417866666667	2.0	trials	1.0	2.0	75.0	biphasic	19.0	100.0	1.0	10.0	100.0	3r	3.0	0.0	monopolar		[7840, 1470, 3406]	[0, 0, 0]
6172.419866666667	2.0	trials	1.0	2.0	75.0	biphasic	19.0	100.0	1.0	10.0	100.0	3r	3.0	0.0	monopolar		[7840, 1470, 3406]	[0, 0, 0]
6174.421866666667	2.0	trials	1.0	2.0	75.0	biphasic	19.0	100.0	1.0	10.0	100.0	3r	3.0	0.0	monopolar		[7840, 1470, 3406]	[0, 0, 0]
6176.423866666667	2.0	trials	1.0	2.0	75.0	biphasic	19.0	100.0	1.0	10.0	100.0	3r	3.0	0.0	monopolar		[7840, 1470, 3406]	[0, 0, 0]
6178.425464425425	2.0	trials	1.0	2.0	75.0	biphasic	19.0	100.0	1.0	10.0	100.0	3r	3.0	0.0	monopolar		[7840, 1470, 3406]	[0, 0, 0]
6180.427866666667	2.0	trials	1.0	2.0	75.0	biphasic	19.0	100.0	1.0	10.0	100.0	3r	3.0	0.0	monopolar		[7840, 1470, 3406]	[0, 0, 0]
6182.429866666666	2.0	trials	1.0	2.0	75.0	biphasic	19.0	100.0	1.0	10.0	100.0	3r	3.0	0.0	monopolar		[7840, 1470, 3406]	[0, 0, 0]
6184.43146403441	2.0	trials	1.0	2.0	75.0	biphasic	19.0	100.0	1.0	10.0	100.0	3r	3.0	0.0	monopolar		[7840, 1470, 3406]	[0, 0, 0]
6186.4338333333335	2.0	trials	1.0	2.0	75.0	biphasic	19.0	100.0	1.0	10.0	100.0	3r	3.0	0.0	monopolar		[7840, 1470, 3406]	[0, 0, 0]
6188.435833333333	2.0	trials	1.0	2.0	75.0	biphasic	19.0	100.0	1.0	10.0	100.0	3r	3.0	0.0	monopolar		[7840, 1470, 3406]	[0, 0, 0]
6190.437430310063	2.0	trials	1.0	2.0	75.0	biphasic	19.0	100.0	1.0	10.0	100.0	3r	3.0	0.0	monopolar		[7840, 1470, 3406]	[0, 0, 0]
6192.439833333333	2.0	trials	1.0	2.0	75.0	biphasic	19.0	100.0	1.0	10.0	100.0	3r	3.0	0.0	monopolar		[7840, 1470, 3406]	[0, 0, 0]
6194.441833333333	2.0	trials	1.0	2.0	75.0	biphasic	19.0	100.0	1.0	10.0	100.0	3r	3.0	0.0	monopolar		[7840, 1470, 3406]	[0, 0, 0]
6196.444236747671	2.0	trials	1.0	2.0	75.0	biphasic	19.0	100.0	1.0	10.0	100.0	3r	3.0	0.0	monopolar		[7840, 1470, 3406]	[0, 0, 0]
6198.445833333333	2.0	trials	1.0	2.0	75.0	biphasic	19.0	100.0	1.0	10.0	100.0	3r	3.0	0.0	monopolar		[7840, 1470, 3406]	[0, 0, 0]
6200.447833333334	2.0	trials	1.0	2.0	75.0	biphasic	19.0	100.0	1.0	10.0	100.0	3r	3.0	0.0	monopolar		[7840, 1470, 3406]	[0, 0, 0]
6202.450237138687	2.0	trials	1.0	2.0	75.0	biphasic	19.0	100.0	1.0	10.0	100.0	3r	3.0	0.0	monopolar		[7840, 1470, 3406]	[0, 0, 0]
6204.4518333333335	2.0	trials	1.0	2.0	75.0	biphasic	19.0	100.0	1.0	10.0	100.0	3r	3.0	0.0	monopolar		[7840, 1470, 3406]	[0, 0, 0]
6206.453833333333	2.0	trials	1.0	2.0	75.0	biphasic	19.0	100.0	1.0	10.0	100.0	3r	3.0	0.0	monopolar		[7840, 1470, 3406]	[0, 0, 0]
6208.456237529703	2.0	trials	1.0	2.0	75.0	biphasic	19.0	100.0	1.0	10.0	100.0	3r	3.0	0.0	monopolar		[7840, 1470, 3406]	[0, 0, 0]
6210.457833333333	2.0	trials	1.0	2.0	75.0	biphasic	19.0	100.0	1.0	10.0	100.0	3r	3.0	0.0	monopolar		[7840, 1470, 3406]	[0, 0, 0]
6212.459833333333	2.0	trials	1.0	2.0	75.0	biphasic	19.0	100.0	1.0	10.0	100.0	3r	3.0	0.0	monopolar		[7840, 1470, 3406]	[0, 0, 0]
6214.4618	2.0	trials	1.0	2.0	75.0	biphasic	19.0	100.0	1.0	10.0	100.0	3r	3.0	0.0	monopolar		[7840, 1470, 3406]	[0, 0, 0]
6216.4638	2.0	trials	1.0	2.0	75.0	biphasic	19.0	100.0	1.0	10.0	100.0	3r	3.0	0.0	monopolar		[7840, 1470, 3406]	[0, 0, 0]
6218.4658	2.0	trials	1.0	2.0	75.0	biphasic	19.0	100.0	1.0	10.0	100.0	3r	3.0	0.0	monopolar		[7840, 1470, 3406]	[0, 0, 0]
6220.4678	2.0	trials	1.0	2.0	75.0	biphasic	19.0	100.0	1.0	10.0	100.0	3r	3.0	0.0	monopolar		[7840, 1470, 3406]	[0, 0, 0]
6222.4698	2.0	trials	1.0	2.0	75.0	biphasic	19.0	100.0	1.0	10.0	100.0	3r	3.0	0.0	monopolar		[7840, 1470, 3406]	[0, 0, 0]
6224.4718	2.0	trials	1.0	2.0	75.0	biphasic	19.0	100.0	1.0	10.0	100.0	3r	3.0	0.0	monopolar		[7840, 1470, 3406]	[0, 0, 0]
6226.4738	2.0	trials	1.0	2.0	75.0	biphasic	19.0	100.0	1.0	10.0	100.0	3r	3.0	0.0	monopolar		[7840, 1470, 3406]	[0, 0, 0]
6228.4758	2.0	trials	1.0	2.0	75.0	biphasic	19.0	100.0	1.0	10.0	100.0	3r	3.0	0.0	monopolar		[7840, 1470, 3406]	[0, 0, 0]
6230.477394369961	2.0	trials	1.0	2.0	75.0	biphasic	19.0	100.0	1.0	10.0	100.0	3r	3.0	0.0	monopolar		[7840, 1470, 3406]	[0, 0, 0]
6232.4798	2.0	trials	1.0	2.0	75.0	biphasic	19.0	100.0	1.0	10.0	100.0	3r	3.0	0.0	monopolar		[7840, 1470, 3406]	[0, 0, 0]
6234.4818	2.0	trials	1.0	2.0	75.0	biphasic	19.0	100.0	1.0	10.0	100.0	3r	3.0	0.0	monopolar		[7840, 1470, 3406]	[0, 0, 0]
6236.483393978946	2.0	trials	1.0	2.0	75.0	biphasic	19.0	100.0	1.0	10.0	100.0	3r	3.0	0.0	monopolar		[7840, 1470, 3406]	[0, 0, 0]
6238.4858	2.0	trials	1.0	2.0	75.0	biphasic	19.0	100.0	1.0	10.0	100.0	3r	3.0	0.0	monopolar		[7840, 1470, 3406]	[0, 0, 0]
6240.487766666667	2.0	trials	1.0	2.0	75.0	biphasic	19.0	100.0	1.0	10.0	100.0	3r	3.0	0.0	monopolar		[7840, 1470, 3406]	[0, 0, 0]
6242.489360254599	2.0	trials	1.0	2.0	75.0	biphasic	19.0	100.0	1.0	10.0	100.0	3r	3.0	0.0	monopolar		[7840, 1470, 3406]	[0, 0, 0]
6244.491766666667	2.0	trials	1.0	2.0	75.0	biphasic	19.0	100.0	1.0	10.0	100.0	3r	3.0	0.0	monopolar		[7840, 1470, 3406]	[0, 0, 0]
6246.4937666666665	2.0	trials	1.0	2.0	75.0	biphasic	19.0	100.0	1.0	10.0	100.0	3r	3.0	0.0	monopolar		[7840, 1470, 3406]	[0, 0, 0]
6248.496173469803	2.0	trials	1.0	2.0	75.0	biphasic	19.0	100.0	1.0	10.0	100.0	3r	3.0	0.0	monopolar		[7840, 1470, 3406]	[0, 0, 0]
6250.497766666666	2.0	trials	1.0	2.0	75.0	biphasic	19.0	100.0	1.0	10.0	100.0	3r	3.0	0.0	monopolar		[7840, 1470, 3406]	[0, 0, 0]
6252.499766666667	2.0	trials	1.0	2.0	75.0	biphasic	19.0	100.0	1.0	10.0	100.0	3r	3.0	0.0	monopolar		[7840, 1470, 3406]	[0, 0, 0]
6254.501766666666	2.0	trials	1.0	2.0	75.0	biphasic	19.0	100.0	1.0	10.0	100.0	3r	3.0	0.0	monopolar		[7840, 1470, 3406]	[0, 0, 0]
6256.503766666667	2.0	trials	1.0	2.0	75.0	biphasic	19.0	100.0	1.0	10.0	100.0	3r	3.0	0.0	monopolar		[7840, 1470, 3406]	[0, 0, 0]
6258.505766666667	2.0	trials	1.0	2.0	75.0	biphasic	19.0	100.0	1.0	10.0	100.0	3r	3.0	0.0	monopolar		[7840, 1470, 3406]	[0, 0, 0]
6260.507766666667	2.0	trials	1.0	2.0	75.0	biphasic	19.0	100.0	1.0	10.0	100.0	3r	3.0	0.0	monopolar		[7840, 1470, 3406]	[0, 0, 0]
6262.509766666667	2.0	trials	1.0	2.0	75.0	biphasic	19.0	100.0	1.0	10.0	100.0	3r	3.0	0.0	monopolar		[7840, 1470, 3406]	[0, 0, 0]
6264.5117666666665	2.0	trials	1.0	2.0	75.0	biphasic	19.0	100.0	1.0	10.0	100.0	3r	3.0	0.0	monopolar		[7840, 1470, 3406]	[0, 0, 0]
6266.513766666667	2.0	trials	1.0	2.0	75.0	biphasic	19.0	100.0	1.0	10.0	100.0	3r	3.0	0.0	monopolar		[7840, 1470, 3406]	[0, 0, 0]
6268.515733333334	2.0	trials	1.0	2.0	75.0	biphasic	19.0	100.0	1.0	10.0	100.0	3r	3.0	0.0	monopolar		[7840, 1470, 3406]	[0, 0, 0]
6270.517733333333	2.0	trials	1.0	2.0	75.0	biphasic	19.0	100.0	1.0	10.0	100.0	3r	3.0	0.0	monopolar		[7840, 1470, 3406]	[0, 0, 0]
6272.5197333333335	2.0	trials	1.0	2.0	75.0	biphasic	19.0	100.0	1.0	10.0	100.0	3r	3.0	0.0	monopolar		[7840, 1470, 3406]	[0, 0, 0]
6274.521733333333	2.0	trials	1.0	2.0	75.0	biphasic	19.0	100.0	1.0	10.0	100.0	3r	3.0	0.0	monopolar		[7840, 1470, 3406]	[0, 0, 0]
6276.523733333333	2.0	trials	1.0	2.0	75.0	biphasic	19.0	100.0	1.0	10.0	100.0	3r	3.0	0.0	monopolar		[7840, 1470, 3406]	[0, 0, 0]
6278.525733333333	2.0	trials	1.0	2.0	75.0	biphasic	19.0	100.0	1.0	10.0	100.0	3r	3.0	0.0	monopolar		[7840, 1470, 3406]	[0, 0, 0]
6280.527733333333	2.0	trials	1.0	2.0	75.0	biphasic	19.0	100.0	1.0	10.0	100.0	3r	3.0	0.0	monopolar		[7840, 1470, 3406]	[0, 0, 0]
6282.529324314497	2.0	trials	1.0	2.0	75.0	biphasic	19.0	100.0	1.0	10.0	100.0	3r	3.0	0.0	monopolar		[7840, 1470, 3406]	[0, 0, 0]
6284.531733333333	2.0	trials	1.0	2.0	75.0	biphasic	19.0	100.0	1.0	10.0	100.0	3r	3.0	0.0	monopolar		[7840, 1470, 3406]	[0, 0, 0]
6286.533733333334	2.0	trials	1.0	2.0	75.0	biphasic	19.0	100.0	1.0	10.0	100.0	3r	3.0	0.0	monopolar		[7840, 1470, 3406]	[0, 0, 0]
6288.536142743238	2.0	trials	1.0	2.0	75.0	biphasic	19.0	100.0	1.0	10.0	100.0	3r	3.0	0.0	monopolar		[7840, 1470, 3406]	[0, 0, 0]
6290.537733333334	2.0	trials	1.0	2.0	75.0	biphasic	19.0	100.0	1.0	10.0	100.0	3r	3.0	0.0	monopolar		[7840, 1470, 3406]	[0, 0, 0]
6292.539733333333	2.0	trials	1.0	2.0	75.0	biphasic	19.0	100.0	1.0	10.0	100.0	3r	3.0	0.0	monopolar		[7840, 1470, 3406]	[0, 0, 0]
6294.542109800918	2.0	trials	1.0	2.0	75.0	biphasic	19.0	100.0	1.0	10.0	100.0	3r	3.0	0.0	monopolar		[7840, 1470, 3406]	[0, 0, 0]
6296.5437	2.0	trials	1.0	2.0	75.0	biphasic	19.0	100.0	1.0	10.0	100.0	3r	3.0	0.0	monopolar		[7840, 1470, 3406]	[0, 0, 0]
6298.5457	2.0	trials	1.0	2.0	75.0	biphasic	19.0	100.0	1.0	10.0	100.0	3r	3.0	0.0	monopolar		[7840, 1470, 3406]	[0, 0, 0]
6354.958933333333	2.0	trials	1.0	2.0	75.0	biphasic	20.0	100.0	1.0	10.0	100.0	3r_14b	3.0	14.0	bipolar		[7840, 1470, 3406]	[7840, 1420, 3404]
6356.960933333334	2.0	trials	1.0	2.0	75.0	biphasic	20.0	100.0	1.0	10.0	100.0	3r_14b	3.0	14.0	bipolar		[7840, 1470, 3406]	[7840, 1420, 3404]
6358.962933333333	2.0	trials	1.0	2.0	75.0	biphasic	20.0	100.0	1.0	10.0	100.0	3r_14b	3.0	14.0	bipolar		[7840, 1470, 3406]	[7840, 1420, 3404]
6360.964933333334	2.0	trials	1.0	2.0	75.0	biphasic	20.0	100.0	1.0	10.0	100.0	3r_14b	3.0	14.0	bipolar		[7840, 1470, 3406]	[7840, 1420, 3404]
6362.966933333333	2.0	trials	1.0	2.0	75.0	biphasic	20.0	100.0	1.0	10.0	100.0	3r_14b	3.0	14.0	bipolar		[7840, 1470, 3406]	[7840, 1420, 3404]
6364.968933333334	2.0	trials	1.0	2.0	75.0	biphasic	20.0	100.0	1.0	10.0	100.0	3r_14b	3.0	14.0	bipolar		[7840, 1470, 3406]	[7840, 1420, 3404]
6366.970933333333	2.0	trials	1.0	2.0	75.0	biphasic	20.0	100.0	1.0	10.0	100.0	3r_14b	3.0	14.0	bipolar		[7840, 1470, 3406]	[7840, 1420, 3404]
6368.9729333333335	2.0	trials	1.0	2.0	75.0	biphasic	20.0	100.0	1.0	10.0	100.0	3r_14b	3.0	14.0	bipolar		[7840, 1470, 3406]	[7840, 1420, 3404]
6370.974933333333	2.0	trials	1.0	2.0	75.0	biphasic	20.0	100.0	1.0	10.0	100.0	3r_14b	3.0	14.0	bipolar		[7840, 1470, 3406]	[7840, 1420, 3404]
6372.976933333333	2.0	trials	1.0	2.0	75.0	biphasic	20.0	100.0	1.0	10.0	100.0	3r_14b	3.0	14.0	bipolar		[7840, 1470, 3406]	[7840, 1420, 3404]
6374.978933333334	2.0	trials	1.0	2.0	75.0	biphasic	20.0	100.0	1.0	10.0	100.0	3r_14b	3.0	14.0	bipolar		[7840, 1470, 3406]	[7840, 1420, 3404]
6376.980933333333	2.0	trials	1.0	2.0	75.0	biphasic	20.0	100.0	1.0	10.0	100.0	3r_14b	3.0	14.0	bipolar		[7840, 1470, 3406]	[7840, 1420, 3404]
6378.982933333334	2.0	trials	1.0	2.0	75.0	biphasic	20.0	100.0	1.0	10.0	100.0	3r_14b	3.0	14.0	bipolar		[7840, 1470, 3406]	[7840, 1420, 3404]
6380.9849	2.0	trials	1.0	2.0	75.0	biphasic	20.0	100.0	1.0	10.0	100.0	3r_14b	3.0	14.0	bipolar		[7840, 1470, 3406]	[7840, 1420, 3404]
6382.9869	2.0	trials	1.0	2.0	75.0	biphasic	20.0	100.0	1.0	10.0	100.0	3r_14b	3.0	14.0	bipolar		[7840, 1470, 3406]	[7840, 1420, 3404]
6384.9889	2.0	trials	1.0	2.0	75.0	biphasic	20.0	100.0	1.0	10.0	100.0	3r_14b	3.0	14.0	bipolar		[7840, 1470, 3406]	[7840, 1420, 3404]
6386.9909	2.0	trials	1.0	2.0	75.0	biphasic	20.0	100.0	1.0	10.0	100.0	3r_14b	3.0	14.0	bipolar		[7840, 1470, 3406]	[7840, 1420, 3404]
6388.992484049969	2.0	trials	1.0	2.0	75.0	biphasic	20.0	100.0	1.0	10.0	100.0	3r_14b	3.0	14.0	bipolar		[7840, 1470, 3406]	[7840, 1420, 3404]
6390.9949	2.0	trials	1.0	2.0	75.0	biphasic	20.0	100.0	1.0	10.0	100.0	3r_14b	3.0	14.0	bipolar		[7840, 1470, 3406]	[7840, 1420, 3404]
6392.9969	2.0	trials	1.0	2.0	75.0	biphasic	20.0	100.0	1.0	10.0	100.0	3r_14b	3.0	14.0	bipolar		[7840, 1470, 3406]	[7840, 1420, 3404]
6394.999316341101	2.0	trials	1.0	2.0	75.0	biphasic	20.0	100.0	1.0	10.0	100.0	3r_14b	3.0	14.0	bipolar		[7840, 1470, 3406]	[7840, 1420, 3404]
6397.0009	2.0	trials	1.0	2.0	75.0	biphasic	20.0	100.0	1.0	10.0	100.0	3r_14b	3.0	14.0	bipolar		[7840, 1470, 3406]	[7840, 1420, 3404]
6399.0029	2.0	trials	1.0	2.0	75.0	biphasic	20.0	100.0	1.0	10.0	100.0	3r_14b	3.0	14.0	bipolar		[7840, 1470, 3406]	[7840, 1420, 3404]
6401.005316732117	2.0	trials	1.0	2.0	75.0	biphasic	20.0	100.0	1.0	10.0	100.0	3r_14b	3.0	14.0	bipolar		[7840, 1470, 3406]	[7840, 1420, 3404]
6403.0069	2.0	trials	1.0	2.0	75.0	biphasic	20.0	100.0	1.0	10.0	100.0	3r_14b	3.0	14.0	bipolar		[7840, 1470, 3406]	[7840, 1420, 3404]
6405.0089	2.0	trials	1.0	2.0	75.0	biphasic	20.0	100.0	1.0	10.0	100.0	3r_14b	3.0	14.0	bipolar		[7840, 1470, 3406]	[7840, 1420, 3404]
6407.011317123132	2.0	trials	1.0	2.0	75.0	biphasic	20.0	100.0	1.0	10.0	100.0	3r_14b	3.0	14.0	bipolar		[7840, 1470, 3406]	[7840, 1420, 3404]
6409.012866666667	2.0	trials	1.0	2.0	75.0	biphasic	20.0	100.0	1.0	10.0	100.0	3r_14b	3.0	14.0	bipolar		[7840, 1470, 3406]	[7840, 1420, 3404]
6411.014866666666	2.0	trials	1.0	2.0	75.0	biphasic	20.0	100.0	1.0	10.0	100.0	3r_14b	3.0	14.0	bipolar		[7840, 1470, 3406]	[7840, 1420, 3404]
6413.016866666667	2.0	trials	1.0	2.0	75.0	biphasic	20.0	100.0	1.0	10.0	100.0	3r_14b	3.0	14.0	bipolar		[7840, 1470, 3406]	[7840, 1420, 3404]
6415.018866666666	2.0	trials	1.0	2.0	75.0	biphasic	20.0	100.0	1.0	10.0	100.0	3r_14b	3.0	14.0	bipolar		[7840, 1470, 3406]	[7840, 1420, 3404]
6417.020866666667	2.0	trials	1.0	2.0	75.0	biphasic	20.0	100.0	1.0	10.0	100.0	3r_14b	3.0	14.0	bipolar		[7840, 1470, 3406]	[7840, 1420, 3404]
6419.022866666666	2.0	trials	1.0	2.0	75.0	biphasic	20.0	100.0	1.0	10.0	100.0	3r_14b	3.0	14.0	bipolar		[7840, 1470, 3406]	[7840, 1420, 3404]
6421.024866666667	2.0	trials	1.0	2.0	75.0	biphasic	20.0	100.0	1.0	10.0	100.0	3r_14b	3.0	14.0	bipolar		[7840, 1470, 3406]	[7840, 1420, 3404]
6423.026866666667	2.0	trials	1.0	2.0	75.0	biphasic	20.0	100.0	1.0	10.0	100.0	3r_14b	3.0	14.0	bipolar		[7840, 1470, 3406]	[7840, 1420, 3404]
6425.0288666666665	2.0	trials	1.0	2.0	75.0	biphasic	20.0	100.0	1.0	10.0	100.0	3r_14b	3.0	14.0	bipolar		[7840, 1470, 3406]	[7840, 1420, 3404]
6427.030866666667	2.0	trials	1.0	2.0	75.0	biphasic	20.0	100.0	1.0	10.0	100.0	3r_14b	3.0	14.0	bipolar		[7840, 1470, 3406]	[7840, 1420, 3404]
6429.032866666666	2.0	trials	1.0	2.0	75.0	biphasic	20.0	100.0	1.0	10.0	100.0	3r_14b	3.0	14.0	bipolar		[7840, 1470, 3406]	[7840, 1420, 3404]
6431.034866666667	2.0	trials	1.0	2.0	75.0	biphasic	20.0	100.0	1.0	10.0	100.0	3r_14b	3.0	14.0	bipolar		[7840, 1470, 3406]	[7840, 1420, 3404]
6433.036866666666	2.0	trials	1.0	2.0	75.0	biphasic	20.0	100.0	1.0	10.0	100.0	3r_14b	3.0	14.0	bipolar		[7840, 1470, 3406]	[7840, 1420, 3404]
6435.03841438552	2.0	trials	1.0	2.0	75.0	biphasic	20.0	100.0	1.0	10.0	100.0	3r_14b	3.0	14.0	bipolar		[7840, 1470, 3406]	[7840, 1420, 3404]
6437.0408333333335	2.0	trials	1.0	2.0	75.0	biphasic	20.0	100.0	1.0	10.0	100.0	3r_14b	3.0	14.0	bipolar		[7840, 1470, 3406]	[7840, 1420, 3404]
6439.042833333333	2.0	trials	1.0	2.0	75.0	biphasic	20.0	100.0	1.0	10.0	100.0	3r_14b	3.0	14.0	bipolar		[7840, 1470, 3406]	[7840, 1420, 3404]
6441.0452526722165	2.0	trials	1.0	2.0	75.0	biphasic	20.0	100.0	1.0	10.0	100.0	3r_14b	3.0	14.0	bipolar		[7840, 1470, 3406]	[7840, 1420, 3404]
6443.046833333334	2.0	trials	1.0	2.0	75.0	biphasic	20.0	100.0	1.0	10.0	100.0	3r_14b	3.0	14.0	bipolar		[7840, 1470, 3406]	[7840, 1420, 3404]
6445.048833333333	2.0	trials	1.0	2.0	75.0	biphasic	20.0	100.0	1.0	10.0	100.0	3r_14b	3.0	14.0	bipolar		[7840, 1470, 3406]	[7840, 1420, 3404]
6447.051253063232	2.0	trials	1.0	2.0	75.0	biphasic	20.0	100.0	1.0	10.0	100.0	3r_14b	3.0	14.0	bipolar		[7840, 1470, 3406]	[7840, 1420, 3404]
6449.052833333333	2.0	trials	1.0	2.0	75.0	biphasic	20.0	100.0	1.0	10.0	100.0	3r_14b	3.0	14.0	bipolar		[7840, 1470, 3406]	[7840, 1420, 3404]
6451.054833333334	2.0	trials	1.0	2.0	75.0	biphasic	20.0	100.0	1.0	10.0	100.0	3r_14b	3.0	14.0	bipolar		[7840, 1470, 3406]	[7840, 1420, 3404]
6453.056833333333	2.0	trials	1.0	2.0	75.0	biphasic	20.0	100.0	1.0	10.0	100.0	3r_14b	3.0	14.0	bipolar		[7840, 1470, 3406]	[7840, 1420, 3404]
6455.0588333333335	2.0	trials	1.0	2.0	75.0	biphasic	20.0	100.0	1.0	10.0	100.0	3r_14b	3.0	14.0	bipolar		[7840, 1470, 3406]	[7840, 1420, 3404]
6457.060833333333	2.0	trials	1.0	2.0	75.0	biphasic	20.0	100.0	1.0	10.0	100.0	3r_14b	3.0	14.0	bipolar		[7840, 1470, 3406]	[7840, 1420, 3404]
6459.062833333333	2.0	trials	1.0	2.0	75.0	biphasic	20.0	100.0	1.0	10.0	100.0	3r_14b	3.0	14.0	bipolar		[7840, 1470, 3406]	[7840, 1420, 3404]
6461.064833333333	2.0	trials	1.0	2.0	75.0	biphasic	20.0	100.0	1.0	10.0	100.0	3r_14b	3.0	14.0	bipolar		[7840, 1470, 3406]	[7840, 1420, 3404]
6463.0668	2.0	trials	1.0	2.0	75.0	biphasic	20.0	100.0	1.0	10.0	100.0	3r_14b	3.0	14.0	bipolar		[7840, 1470, 3406]	[7840, 1420, 3404]
6465.0688	2.0	trials	1.0	2.0	75.0	biphasic	20.0	100.0	1.0	10.0	100.0	3r_14b	3.0	14.0	bipolar		[7840, 1470, 3406]	[7840, 1420, 3404]
6467.0708	2.0	trials	1.0	2.0	75.0	biphasic	20.0	100.0	1.0	10.0	100.0	3r_14b	3.0	14.0	bipolar		[7840, 1470, 3406]	[7840, 1420, 3404]
6469.0728	2.0	trials	1.0	2.0	75.0	biphasic	20.0	100.0	1.0	10.0	100.0	3r_14b	3.0	14.0	bipolar		[7840, 1470, 3406]	[7840, 1420, 3404]
6471.0748	2.0	trials	1.0	2.0	75.0	biphasic	20.0	100.0	1.0	10.0	100.0	3r_14b	3.0	14.0	bipolar		[7840, 1470, 3406]	[7840, 1420, 3404]
6473.0768	2.0	trials	1.0	2.0	75.0	biphasic	20.0	100.0	1.0	10.0	100.0	3r_14b	3.0	14.0	bipolar		[7840, 1470, 3406]	[7840, 1420, 3404]
6475.078378445418	2.0	trials	1.0	2.0	75.0	biphasic	20.0	100.0	1.0	10.0	100.0	3r_14b	3.0	14.0	bipolar		[7840, 1470, 3406]	[7840, 1420, 3404]
6477.0808	2.0	trials	1.0	2.0	75.0	biphasic	20.0	100.0	1.0	10.0	100.0	3r_14b	3.0	14.0	bipolar		[7840, 1470, 3406]	[7840, 1420, 3404]
6479.0828	2.0	trials	1.0	2.0	75.0	biphasic	20.0	100.0	1.0	10.0	100.0	3r_14b	3.0	14.0	bipolar		[7840, 1470, 3406]	[7840, 1420, 3404]
6481.084378054403	2.0	trials	1.0	2.0	75.0	biphasic	20.0	100.0	1.0	10.0	100.0	3r_14b	3.0	14.0	bipolar		[7840, 1470, 3406]	[7840, 1420, 3404]
6483.0868	2.0	trials	1.0	2.0	75.0	biphasic	20.0	100.0	1.0	10.0	100.0	3r_14b	3.0	14.0	bipolar		[7840, 1470, 3406]	[7840, 1420, 3404]
6485.0888	2.0	trials	1.0	2.0	75.0	biphasic	20.0	100.0	1.0	10.0	100.0	3r_14b	3.0	14.0	bipolar		[7840, 1470, 3406]	[7840, 1420, 3404]
6487.090377663387	2.0	trials	1.0	2.0	75.0	biphasic	20.0	100.0	1.0	10.0	100.0	3r_14b	3.0	14.0	bipolar		[7840, 1470, 3406]	[7840, 1420, 3404]
6489.092766666667	2.0	trials	1.0	2.0	75.0	biphasic	20.0	100.0	1.0	10.0	100.0	3r_14b	3.0	14.0	bipolar		[7840, 1470, 3406]	[7840, 1420, 3404]
6491.094766666667	2.0	trials	1.0	2.0	75.0	biphasic	20.0	100.0	1.0	10.0	100.0	3r_14b	3.0	14.0	bipolar		[7840, 1470, 3406]	[7840, 1420, 3404]
6493.09634393904	2.0	trials	1.0	2.0	75.0	biphasic	20.0	100.0	1.0	10.0	100.0	3r_14b	3.0	14.0	bipolar		[7840, 1470, 3406]	[7840, 1420, 3404]
6495.098766666667	2.0	trials	1.0	2.0	75.0	biphasic	20.0	100.0	1.0	10.0	100.0	3r_14b	3.0	14.0	bipolar		[7840, 1470, 3406]	[7840, 1420, 3404]
6497.1007666666665	2.0	trials	1.0	2.0	75.0	biphasic	20.0	100.0	1.0	10.0	100.0	3r_14b	3.0	14.0	bipolar		[7840, 1470, 3406]	[7840, 1420, 3404]
6499.102766666667	2.0	trials	1.0	2.0	75.0	biphasic	20.0	100.0	1.0	10.0	100.0	3r_14b	3.0	14.0	bipolar		[7840, 1470, 3406]	[7840, 1420, 3404]
6501.104766666666	2.0	trials	1.0	2.0	75.0	biphasic	20.0	100.0	1.0	10.0	100.0	3r_14b	3.0	14.0	bipolar		[7840, 1470, 3406]	[7840, 1420, 3404]
6503.106766666667	2.0	trials	1.0	2.0	75.0	biphasic	20.0	100.0	1.0	10.0	100.0	3r_14b	3.0	14.0	bipolar		[7840, 1470, 3406]	[7840, 1420, 3404]
6518.201666666667	2.0	trials	1.0	2.0	75.0	biphasic	21.0	100.0	1.0	10.0	-100.0	3r_14b	3.0	14.0	bipolar		[7840, 1470, 3406]	[7840, 1420, 3404]
6520.203666666666	2.0	trials	1.0	2.0	75.0	biphasic	21.0	100.0	1.0	10.0	-100.0	3r_14b	3.0	14.0	bipolar		[7840, 1470, 3406]	[7840, 1420, 3404]
6522.205666666667	2.0	trials	1.0	2.0	75.0	biphasic	21.0	100.0	1.0	10.0	-100.0	3r_14b	3.0	14.0	bipolar		[7840, 1470, 3406]	[7840, 1420, 3404]
6524.207666666666	2.0	trials	1.0	2.0	75.0	biphasic	21.0	100.0	1.0	10.0	-100.0	3r_14b	3.0	14.0	bipolar		[7840, 1470, 3406]	[7840, 1420, 3404]
6526.209666666667	2.0	trials	1.0	2.0	75.0	biphasic	21.0	100.0	1.0	10.0	-100.0	3r_14b	3.0	14.0	bipolar		[7840, 1470, 3406]	[7840, 1420, 3404]
6528.211666666667	2.0	trials	1.0	2.0	75.0	biphasic	21.0	100.0	1.0	10.0	-100.0	3r_14b	3.0	14.0	bipolar		[7840, 1470, 3406]	[7840, 1420, 3404]
6530.2136666666665	2.0	trials	1.0	2.0	75.0	biphasic	21.0	100.0	1.0	10.0	-100.0	3r_14b	3.0	14.0	bipolar		[7840, 1470, 3406]	[7840, 1420, 3404]
6532.215666666667	2.0	trials	1.0	2.0	75.0	biphasic	21.0	100.0	1.0	10.0	-100.0	3r_14b	3.0	14.0	bipolar		[7840, 1470, 3406]	[7840, 1420, 3404]
6534.217633333334	2.0	trials	1.0	2.0	75.0	biphasic	21.0	100.0	1.0	10.0	-100.0	3r_14b	3.0	14.0	bipolar		[7840, 1470, 3406]	[7840, 1420, 3404]
6536.219633333333	2.0	trials	1.0	2.0	75.0	biphasic	21.0	100.0	1.0	10.0	-100.0	3r_14b	3.0	14.0	bipolar		[7840, 1470, 3406]	[7840, 1420, 3404]
6538.221633333334	2.0	trials	1.0	2.0	75.0	biphasic	21.0	100.0	1.0	10.0	-100.0	3r_14b	3.0	14.0	bipolar		[7840, 1470, 3406]	[7840, 1420, 3404]
6540.223633333333	2.0	trials	1.0	2.0	75.0	biphasic	21.0	100.0	1.0	10.0	-100.0	3r_14b	3.0	14.0	bipolar		[7840, 1470, 3406]	[7840, 1420, 3404]
6542.2256333333335	2.0	trials	1.0	2.0	75.0	biphasic	21.0	100.0	1.0	10.0	-100.0	3r_14b	3.0	14.0	bipolar		[7840, 1470, 3406]	[7840, 1420, 3404]
6544.227207276875	2.0	trials	1.0	2.0	75.0	biphasic	21.0	100.0	1.0	10.0	-100.0	3r_14b	3.0	14.0	bipolar		[7840, 1470, 3406]	[7840, 1420, 3404]
6546.229633333333	2.0	trials	1.0	2.0	75.0	biphasic	21.0	100.0	1.0	10.0	-100.0	3r_14b	3.0	14.0	bipolar		[7840, 1470, 3406]	[7840, 1420, 3404]
6548.231633333334	2.0	trials	1.0	2.0	75.0	biphasic	21.0	100.0	1.0	10.0	-100.0	3r_14b	3.0	14.0	bipolar		[7840, 1470, 3406]	[7840, 1420, 3404]
6550.233206885859	2.0	trials	1.0	2.0	75.0	biphasic	21.0	100.0	1.0	10.0	-100.0	3r_14b	3.0	14.0	bipolar		[7840, 1470, 3406]	[7840, 1420, 3404]
6552.235633333334	2.0	trials	1.0	2.0	75.0	biphasic	21.0	100.0	1.0	10.0	-100.0	3r_14b	3.0	14.0	bipolar		[7840, 1470, 3406]	[7840, 1420, 3404]
6554.237633333333	2.0	trials	1.0	2.0	75.0	biphasic	21.0	100.0	1.0	10.0	-100.0	3r_14b	3.0	14.0	bipolar		[7840, 1470, 3406]	[7840, 1420, 3404]
6556.239206494844	2.0	trials	1.0	2.0	75.0	biphasic	21.0	100.0	1.0	10.0	-100.0	3r_14b	3.0	14.0	bipolar		[7840, 1470, 3406]	[7840, 1420, 3404]
6558.241633333333	2.0	trials	1.0	2.0	75.0	biphasic	21.0	100.0	1.0	10.0	-100.0	3r_14b	3.0	14.0	bipolar		[7840, 1470, 3406]	[7840, 1420, 3404]
6560.2436333333335	2.0	trials	1.0	2.0	75.0	biphasic	21.0	100.0	1.0	10.0	-100.0	3r_14b	3.0	14.0	bipolar		[7840, 1470, 3406]	[7840, 1420, 3404]
6562.2451727704965	2.0	trials	1.0	2.0	75.0	biphasic	21.0	100.0	1.0	10.0	-100.0	3r_14b	3.0	14.0	bipolar		[7840, 1470, 3406]	[7840, 1420, 3404]
6564.2476	2.0	trials	1.0	2.0	75.0	biphasic	21.0	100.0	1.0	10.0	-100.0	3r_14b	3.0	14.0	bipolar		[7840, 1470, 3406]	[7840, 1420, 3404]
6566.2496	2.0	trials	1.0	2.0	75.0	biphasic	21.0	100.0	1.0	10.0	-100.0	3r_14b	3.0	14.0	bipolar		[7840, 1470, 3406]	[7840, 1420, 3404]
6568.2516	2.0	trials	1.0	2.0	75.0	biphasic	21.0	100.0	1.0	10.0	-100.0	3r_14b	3.0	14.0	bipolar		[7840, 1470, 3406]	[7840, 1420, 3404]
6570.2536	2.0	trials	1.0	2.0	75.0	biphasic	21.0	100.0	1.0	10.0	-100.0	3r_14b	3.0	14.0	bipolar		[7840, 1470, 3406]	[7840, 1420, 3404]
6572.2556	2.0	trials	1.0	2.0	75.0	biphasic	21.0	100.0	1.0	10.0	-100.0	3r_14b	3.0	14.0	bipolar		[7840, 1470, 3406]	[7840, 1420, 3404]
6574.2576	2.0	trials	1.0	2.0	75.0	biphasic	21.0	100.0	1.0	10.0	-100.0	3r_14b	3.0	14.0	bipolar		[7840, 1470, 3406]	[7840, 1420, 3404]
6576.2596	2.0	trials	1.0	2.0	75.0	biphasic	21.0	100.0	1.0	10.0	-100.0	3r_14b	3.0	14.0	bipolar		[7840, 1470, 3406]	[7840, 1420, 3404]
6578.2616	2.0	trials	1.0	2.0	75.0	biphasic	21.0	100.0	1.0	10.0	-100.0	3r_14b	3.0	14.0	bipolar		[7840, 1470, 3406]	[7840, 1420, 3404]
6580.2636	2.0	trials	1.0	2.0	75.0	biphasic	21.0	100.0	1.0	10.0	-100.0	3r_14b	3.0	14.0	bipolar		[7840, 1470, 3406]	[7840, 1420, 3404]
6582.2656	2.0	trials	1.0	2.0	75.0	biphasic	21.0	100.0	1.0	10.0	-100.0	3r_14b	3.0	14.0	bipolar		[7840, 1470, 3406]	[7840, 1420, 3404]
6584.2676	2.0	trials	1.0	2.0	75.0	biphasic	21.0	100.0	1.0	10.0	-100.0	3r_14b	3.0	14.0	bipolar		[7840, 1470, 3406]	[7840, 1420, 3404]
6586.2696	2.0	trials	1.0	2.0	75.0	biphasic	21.0	100.0	1.0	10.0	-100.0	3r_14b	3.0	14.0	bipolar		[7840, 1470, 3406]	[7840, 1420, 3404]
6588.271566666666	2.0	trials	1.0	2.0	75.0	biphasic	21.0	100.0	1.0	10.0	-100.0	3r_14b	3.0	14.0	bipolar		[7840, 1470, 3406]	[7840, 1420, 3404]
6590.273566666667	2.0	trials	1.0	2.0	75.0	biphasic	21.0	100.0	1.0	10.0	-100.0	3r_14b	3.0	14.0	bipolar		[7840, 1470, 3406]	[7840, 1420, 3404]
6592.275566666666	2.0	trials	1.0	2.0	75.0	biphasic	21.0	100.0	1.0	10.0	-100.0	3r_14b	3.0	14.0	bipolar		[7840, 1470, 3406]	[7840, 1420, 3404]
6594.277566666667	2.0	trials	1.0	2.0	75.0	biphasic	21.0	100.0	1.0	10.0	-100.0	3r_14b	3.0	14.0	bipolar		[7840, 1470, 3406]	[7840, 1420, 3404]
6596.279566666667	2.0	trials	1.0	2.0	75.0	biphasic	21.0	100.0	1.0	10.0	-100.0	3r_14b	3.0	14.0	bipolar		[7840, 1470, 3406]	[7840, 1420, 3404]
6598.281566666667	2.0	trials	1.0	2.0	75.0	biphasic	21.0	100.0	1.0	10.0	-100.0	3r_14b	3.0	14.0	bipolar		[7840, 1470, 3406]	[7840, 1420, 3404]
6600.283566666667	2.0	trials	1.0	2.0	75.0	biphasic	21.0	100.0	1.0	10.0	-100.0	3r_14b	3.0	14.0	bipolar		[7840, 1470, 3406]	[7840, 1420, 3404]
6602.285136830395	2.0	trials	1.0	2.0	75.0	biphasic	21.0	100.0	1.0	10.0	-100.0	3r_14b	3.0	14.0	bipolar		[7840, 1470, 3406]	[7840, 1420, 3404]
6604.287566666667	2.0	trials	1.0	2.0	75.0	biphasic	21.0	100.0	1.0	10.0	-100.0	3r_14b	3.0	14.0	bipolar		[7840, 1470, 3406]	[7840, 1420, 3404]
6606.289566666666	2.0	trials	1.0	2.0	75.0	biphasic	21.0	100.0	1.0	10.0	-100.0	3r_14b	3.0	14.0	bipolar		[7840, 1470, 3406]	[7840, 1420, 3404]
6608.2919968940105	2.0	trials	1.0	2.0	75.0	biphasic	21.0	100.0	1.0	10.0	-100.0	3r_14b	3.0	14.0	bipolar		[7840, 1470, 3406]	[7840, 1420, 3404]
6610.293566666666	2.0	trials	1.0	2.0	75.0	biphasic	21.0	100.0	1.0	10.0	-100.0	3r_14b	3.0	14.0	bipolar		[7840, 1470, 3406]	[7840, 1420, 3404]
6612.295566666667	2.0	trials	1.0	2.0	75.0	biphasic	21.0	100.0	1.0	10.0	-100.0	3r_14b	3.0	14.0	bipolar		[7840, 1470, 3406]	[7840, 1420, 3404]
6614.297997285026	2.0	trials	1.0	2.0	75.0	biphasic	21.0	100.0	1.0	10.0	-100.0	3r_14b	3.0	14.0	bipolar		[7840, 1470, 3406]	[7840, 1420, 3404]
6616.299533333334	2.0	trials	1.0	2.0	75.0	biphasic	21.0	100.0	1.0	10.0	-100.0	3r_14b	3.0	14.0	bipolar		[7840, 1470, 3406]	[7840, 1420, 3404]
6618.301533333333	2.0	trials	1.0	2.0	75.0	biphasic	21.0	100.0	1.0	10.0	-100.0	3r_14b	3.0	14.0	bipolar		[7840, 1470, 3406]	[7840, 1420, 3404]
6620.303533333334	2.0	trials	1.0	2.0	75.0	biphasic	21.0	100.0	1.0	10.0	-100.0	3r_14b	3.0	14.0	bipolar		[7840, 1470, 3406]	[7840, 1420, 3404]
6622.305533333333	2.0	trials	1.0	2.0	75.0	biphasic	21.0	100.0	1.0	10.0	-100.0	3r_14b	3.0	14.0	bipolar		[7840, 1470, 3406]	[7840, 1420, 3404]
6624.307533333334	2.0	trials	1.0	2.0	75.0	biphasic	21.0	100.0	1.0	10.0	-100.0	3r_14b	3.0	14.0	bipolar		[7840, 1470, 3406]	[7840, 1420, 3404]
6626.309533333333	2.0	trials	1.0	2.0	75.0	biphasic	21.0	100.0	1.0	10.0	-100.0	3r_14b	3.0	14.0	bipolar		[7840, 1470, 3406]	[7840, 1420, 3404]
6628.3115333333335	2.0	trials	1.0	2.0	75.0	biphasic	21.0	100.0	1.0	10.0	-100.0	3r_14b	3.0	14.0	bipolar		[7840, 1470, 3406]	[7840, 1420, 3404]
6630.313533333333	2.0	trials	1.0	2.0	75.0	biphasic	21.0	100.0	1.0	10.0	-100.0	3r_14b	3.0	14.0	bipolar		[7840, 1470, 3406]	[7840, 1420, 3404]
6632.315533333333	2.0	trials	1.0	2.0	75.0	biphasic	21.0	100.0	1.0	10.0	-100.0	3r_14b	3.0	14.0	bipolar		[7840, 1470, 3406]	[7840, 1420, 3404]
6634.317533333333	2.0	trials	1.0	2.0	75.0	biphasic	21.0	100.0	1.0	10.0	-100.0	3r_14b	3.0	14.0	bipolar		[7840, 1470, 3406]	[7840, 1420, 3404]
6636.319533333333	2.0	trials	1.0	2.0	75.0	biphasic	21.0	100.0	1.0	10.0	-100.0	3r_14b	3.0	14.0	bipolar		[7840, 1470, 3406]	[7840, 1420, 3404]
6638.321533333334	2.0	trials	1.0	2.0	75.0	biphasic	21.0	100.0	1.0	10.0	-100.0	3r_14b	3.0	14.0	bipolar		[7840, 1470, 3406]	[7840, 1420, 3404]
6640.323533333333	2.0	trials	1.0	2.0	75.0	biphasic	21.0	100.0	1.0	10.0	-100.0	3r_14b	3.0	14.0	bipolar		[7840, 1470, 3406]	[7840, 1420, 3404]
6642.3255	2.0	trials	1.0	2.0	75.0	biphasic	21.0	100.0	1.0	10.0	-100.0	3r_14b	3.0	14.0	bipolar		[7840, 1470, 3406]	[7840, 1420, 3404]
6644.3275	2.0	trials	1.0	2.0	75.0	biphasic	21.0	100.0	1.0	10.0	-100.0	3r_14b	3.0	14.0	bipolar		[7840, 1470, 3406]	[7840, 1420, 3404]
6646.3295	2.0	trials	1.0	2.0	75.0	biphasic	21.0	100.0	1.0	10.0	-100.0	3r_14b	3.0	14.0	bipolar		[7840, 1470, 3406]	[7840, 1420, 3404]
6648.3315	2.0	trials	1.0	2.0	75.0	biphasic	21.0	100.0	1.0	10.0	-100.0	3r_14b	3.0	14.0	bipolar		[7840, 1470, 3406]	[7840, 1420, 3404]
6650.3335	2.0	trials	1.0	2.0	75.0	biphasic	21.0	100.0	1.0	10.0	-100.0	3r_14b	3.0	14.0	bipolar		[7840, 1470, 3406]	[7840, 1420, 3404]
6652.3355	2.0	trials	1.0	2.0	75.0	biphasic	21.0	100.0	1.0	10.0	-100.0	3r_14b	3.0	14.0	bipolar		[7840, 1470, 3406]	[7840, 1420, 3404]
6654.337933225126	2.0	trials	1.0	2.0	75.0	biphasic	21.0	100.0	1.0	10.0	-100.0	3r_14b	3.0	14.0	bipolar		[7840, 1470, 3406]	[7840, 1420, 3404]
6656.3395	2.0	trials	1.0	2.0	75.0	biphasic	21.0	100.0	1.0	10.0	-100.0	3r_14b	3.0	14.0	bipolar		[7840, 1470, 3406]	[7840, 1420, 3404]
6658.3415	2.0	trials	1.0	2.0	75.0	biphasic	21.0	100.0	1.0	10.0	-100.0	3r_14b	3.0	14.0	bipolar		[7840, 1470, 3406]	[7840, 1420, 3404]
6660.343933616142	2.0	trials	1.0	2.0	75.0	biphasic	21.0	100.0	1.0	10.0	-100.0	3r_14b	3.0	14.0	bipolar		[7840, 1470, 3406]	[7840, 1420, 3404]
6662.3455	2.0	trials	1.0	2.0	75.0	biphasic	21.0	100.0	1.0	10.0	-100.0	3r_14b	3.0	14.0	bipolar		[7840, 1470, 3406]	[7840, 1420, 3404]
6664.3475	2.0	trials	1.0	2.0	75.0	biphasic	21.0	100.0	1.0	10.0	-100.0	3r_14b	3.0	14.0	bipolar		[7840, 1470, 3406]	[7840, 1420, 3404]
6666.3495	2.0	trials	1.0	2.0	75.0	biphasic	21.0	100.0	1.0	10.0	-100.0	3r_14b	3.0	14.0	bipolar		[7840, 1470, 3406]	[7840, 1420, 3404]
6818.618733333334	2.0	trials	1.0	2.0	75.0	biphasic	22.0	30.0	1.0	10.0	-25.0	3r	3.0	0.0	monopolar		[7840, 1470, 3406]	[0, 0, 0]
6820.620733333333	2.0	trials	1.0	2.0	75.0	biphasic	22.0	30.0	1.0	10.0	-25.0	3r	3.0	0.0	monopolar		[7840, 1470, 3406]	[0, 0, 0]
6822.622733333334	2.0	trials	1.0	2.0	75.0	biphasic	22.0	30.0	1.0	10.0	-25.0	3r	3.0	0.0	monopolar		[7840, 1470, 3406]	[0, 0, 0]
6824.624733333333	2.0	trials	1.0	2.0	75.0	biphasic	22.0	30.0	1.0	10.0	-25.0	3r	3.0	0.0	monopolar		[7840, 1470, 3406]	[0, 0, 0]
6826.6267333333335	2.0	trials	1.0	2.0	75.0	biphasic	22.0	30.0	1.0	10.0	-25.0	3r	3.0	0.0	monopolar		[7840, 1470, 3406]	[0, 0, 0]
6828.628733333333	2.0	trials	1.0	2.0	75.0	biphasic	22.0	30.0	1.0	10.0	-25.0	3r	3.0	0.0	monopolar		[7840, 1470, 3406]	[0, 0, 0]
6830.630733333333	2.0	trials	1.0	2.0	75.0	biphasic	22.0	30.0	1.0	10.0	-25.0	3r	3.0	0.0	monopolar		[7840, 1470, 3406]	[0, 0, 0]
6832.632733333333	2.0	trials	1.0	2.0	75.0	biphasic	22.0	30.0	1.0	10.0	-25.0	3r	3.0	0.0	monopolar		[7840, 1470, 3406]	[0, 0, 0]
6834.634733333333	2.0	trials	1.0	2.0	75.0	biphasic	22.0	30.0	1.0	10.0	-25.0	3r	3.0	0.0	monopolar		[7840, 1470, 3406]	[0, 0, 0]
6836.636733333334	2.0	trials	1.0	2.0	75.0	biphasic	22.0	30.0	1.0	10.0	-25.0	3r	3.0	0.0	monopolar		[7840, 1470, 3406]	[0, 0, 0]
6838.638288109487	2.0	trials	1.0	2.0	75.0	biphasic	22.0	30.0	1.0	10.0	-25.0	3r	3.0	0.0	monopolar		[7840, 1470, 3406]	[0, 0, 0]
6840.640733333334	2.0	trials	1.0	2.0	75.0	biphasic	22.0	30.0	1.0	10.0	-25.0	3r	3.0	0.0	monopolar		[7840, 1470, 3406]	[0, 0, 0]
6844.64425438514	2.0	trials	1.0	2.0	75.0	biphasic	22.0	30.0	1.0	10.0	-25.0	3r	3.0	0.0	monopolar		[7840, 1470, 3406]	[0, 0, 0]
6846.6467	2.0	trials	1.0	2.0	75.0	biphasic	22.0	30.0	1.0	10.0	-25.0	3r	3.0	0.0	monopolar		[7840, 1470, 3406]	[0, 0, 0]
6848.6487	2.0	trials	1.0	2.0	75.0	biphasic	22.0	30.0	1.0	10.0	-25.0	3r	3.0	0.0	monopolar		[7840, 1470, 3406]	[0, 0, 0]
6850.6507	2.0	trials	1.0	2.0	75.0	biphasic	22.0	30.0	1.0	10.0	-25.0	3r	3.0	0.0	monopolar		[7840, 1470, 3406]	[0, 0, 0]
6852.6527	2.0	trials	1.0	2.0	75.0	biphasic	22.0	30.0	1.0	10.0	-25.0	3r	3.0	0.0	monopolar		[7840, 1470, 3406]	[0, 0, 0]
6854.6547	2.0	trials	1.0	2.0	75.0	biphasic	22.0	30.0	1.0	10.0	-25.0	3r	3.0	0.0	monopolar		[7840, 1470, 3406]	[0, 0, 0]
6856.6567	2.0	trials	1.0	2.0	75.0	biphasic	22.0	30.0	1.0	10.0	-25.0	3r	3.0	0.0	monopolar		[7840, 1470, 3406]	[0, 0, 0]
6858.6587	2.0	trials	1.0	2.0	75.0	biphasic	22.0	30.0	1.0	10.0	-25.0	3r	3.0	0.0	monopolar		[7840, 1470, 3406]	[0, 0, 0]
6860.6607	2.0	trials	1.0	2.0	75.0	biphasic	22.0	30.0	1.0	10.0	-25.0	3r	3.0	0.0	monopolar		[7840, 1470, 3406]	[0, 0, 0]
6862.6627	2.0	trials	1.0	2.0	75.0	biphasic	22.0	30.0	1.0	10.0	-25.0	3r	3.0	0.0	monopolar		[7840, 1470, 3406]	[0, 0, 0]
6864.6647	2.0	trials	1.0	2.0	75.0	biphasic	22.0	30.0	1.0	10.0	-25.0	3r	3.0	0.0	monopolar		[7840, 1470, 3406]	[0, 0, 0]
6866.6667	2.0	trials	1.0	2.0	75.0	biphasic	22.0	30.0	1.0	10.0	-25.0	3r	3.0	0.0	monopolar		[7840, 1470, 3406]	[0, 0, 0]
6868.6687	2.0	trials	1.0	2.0	75.0	biphasic	22.0	30.0	1.0	10.0	-25.0	3r	3.0	0.0	monopolar		[7840, 1470, 3406]	[0, 0, 0]
6872.672666666666	2.0	trials	1.0	2.0	75.0	biphasic	22.0	30.0	1.0	10.0	-25.0	3r	3.0	0.0	monopolar		[7840, 1470, 3406]	[0, 0, 0]
6874.674666666667	2.0	trials	1.0	2.0	75.0	biphasic	22.0	30.0	1.0	10.0	-25.0	3r	3.0	0.0	monopolar		[7840, 1470, 3406]	[0, 0, 0]
6876.676666666666	2.0	trials	1.0	2.0	75.0	biphasic	22.0	30.0	1.0	10.0	-25.0	3r	3.0	0.0	monopolar		[7840, 1470, 3406]	[0, 0, 0]
6878.678218836053	2.0	trials	1.0	2.0	75.0	biphasic	22.0	30.0	1.0	10.0	-25.0	3r	3.0	0.0	monopolar		[7840, 1470, 3406]	[0, 0, 0]
6880.680666666667	2.0	trials	1.0	2.0	75.0	biphasic	22.0	30.0	1.0	10.0	-25.0	3r	3.0	0.0	monopolar		[7840, 1470, 3406]	[0, 0, 0]
6882.682666666667	2.0	trials	1.0	2.0	75.0	biphasic	22.0	30.0	1.0	10.0	-25.0	3r	3.0	0.0	monopolar		[7840, 1470, 3406]	[0, 0, 0]
6884.684218445038	2.0	trials	1.0	2.0	75.0	biphasic	22.0	30.0	1.0	10.0	-25.0	3r	3.0	0.0	monopolar		[7840, 1470, 3406]	[0, 0, 0]
6886.6866666666665	2.0	trials	1.0	2.0	75.0	biphasic	22.0	30.0	1.0	10.0	-25.0	3r	3.0	0.0	monopolar		[7840, 1470, 3406]	[0, 0, 0]
6888.688666666667	2.0	trials	1.0	2.0	75.0	biphasic	22.0	30.0	1.0	10.0	-25.0	3r	3.0	0.0	monopolar		[7840, 1470, 3406]	[0, 0, 0]
6890.691115279369	2.0	trials	1.0	2.0	75.0	biphasic	22.0	30.0	1.0	10.0	-25.0	3r	3.0	0.0	monopolar		[7840, 1470, 3406]	[0, 0, 0]
6892.692666666667	2.0	trials	1.0	2.0	75.0	biphasic	22.0	30.0	1.0	10.0	-25.0	3r	3.0	0.0	monopolar		[7840, 1470, 3406]	[0, 0, 0]
6894.694666666666	2.0	trials	1.0	2.0	75.0	biphasic	22.0	30.0	1.0	10.0	-25.0	3r	3.0	0.0	monopolar		[7840, 1470, 3406]	[0, 0, 0]
6898.698633333333	2.0	trials	1.0	2.0	75.0	biphasic	22.0	30.0	1.0	10.0	-25.0	3r	3.0	0.0	monopolar		[7840, 1470, 3406]	[0, 0, 0]
6900.700633333333	2.0	trials	1.0	2.0	75.0	biphasic	22.0	30.0	1.0	10.0	-25.0	3r	3.0	0.0	monopolar		[7840, 1470, 3406]	[0, 0, 0]
6902.702633333333	2.0	trials	1.0	2.0	75.0	biphasic	22.0	30.0	1.0	10.0	-25.0	3r	3.0	0.0	monopolar		[7840, 1470, 3406]	[0, 0, 0]
6904.704633333334	2.0	trials	1.0	2.0	75.0	biphasic	22.0	30.0	1.0	10.0	-25.0	3r	3.0	0.0	monopolar		[7840, 1470, 3406]	[0, 0, 0]
6906.706633333333	2.0	trials	1.0	2.0	75.0	biphasic	22.0	30.0	1.0	10.0	-25.0	3r	3.0	0.0	monopolar		[7840, 1470, 3406]	[0, 0, 0]
6908.708633333334	2.0	trials	1.0	2.0	75.0	biphasic	22.0	30.0	1.0	10.0	-25.0	3r	3.0	0.0	monopolar		[7840, 1470, 3406]	[0, 0, 0]
6910.710633333333	2.0	trials	1.0	2.0	75.0	biphasic	22.0	30.0	1.0	10.0	-25.0	3r	3.0	0.0	monopolar		[7840, 1470, 3406]	[0, 0, 0]
6912.7126333333335	2.0	trials	1.0	2.0	75.0	biphasic	22.0	30.0	1.0	10.0	-25.0	3r	3.0	0.0	monopolar		[7840, 1470, 3406]	[0, 0, 0]
6914.714633333333	2.0	trials	1.0	2.0	75.0	biphasic	22.0	30.0	1.0	10.0	-25.0	3r	3.0	0.0	monopolar		[7840, 1470, 3406]	[0, 0, 0]
6916.716633333333	2.0	trials	1.0	2.0	75.0	biphasic	22.0	30.0	1.0	10.0	-25.0	3r	3.0	0.0	monopolar		[7840, 1470, 3406]	[0, 0, 0]
6918.718633333333	2.0	trials	1.0	2.0	75.0	biphasic	22.0	30.0	1.0	10.0	-25.0	3r	3.0	0.0	monopolar		[7840, 1470, 3406]	[0, 0, 0]
6920.720633333333	2.0	trials	1.0	2.0	75.0	biphasic	22.0	30.0	1.0	10.0	-25.0	3r	3.0	0.0	monopolar		[7840, 1470, 3406]	[0, 0, 0]
6922.722633333334	2.0	trials	1.0	2.0	75.0	biphasic	22.0	30.0	1.0	10.0	-25.0	3r	3.0	0.0	monopolar		[7840, 1470, 3406]	[0, 0, 0]
6926.7266	2.0	trials	1.0	2.0	75.0	biphasic	22.0	30.0	1.0	10.0	-25.0	3r	3.0	0.0	monopolar		[7840, 1470, 3406]	[0, 0, 0]
6928.7286	2.0	trials	1.0	2.0	75.0	biphasic	22.0	30.0	1.0	10.0	-25.0	3r	3.0	0.0	monopolar		[7840, 1470, 3406]	[0, 0, 0]
6930.7306	2.0	trials	1.0	2.0	75.0	biphasic	22.0	30.0	1.0	10.0	-25.0	3r	3.0	0.0	monopolar		[7840, 1470, 3406]	[0, 0, 0]
6932.7326	2.0	trials	1.0	2.0	75.0	biphasic	22.0	30.0	1.0	10.0	-25.0	3r	3.0	0.0	monopolar		[7840, 1470, 3406]	[0, 0, 0]
6934.7346	2.0	trials	1.0	2.0	75.0	biphasic	22.0	30.0	1.0	10.0	-25.0	3r	3.0	0.0	monopolar		[7840, 1470, 3406]	[0, 0, 0]
6936.737051610485	2.0	trials	1.0	2.0	75.0	biphasic	22.0	30.0	1.0	10.0	-25.0	3r	3.0	0.0	monopolar		[7840, 1470, 3406]	[0, 0, 0]
6938.7386	2.0	trials	1.0	2.0	75.0	biphasic	22.0	30.0	1.0	10.0	-25.0	3r	3.0	0.0	monopolar		[7840, 1470, 3406]	[0, 0, 0]
6940.7406	2.0	trials	1.0	2.0	75.0	biphasic	22.0	30.0	1.0	10.0	-25.0	3r	3.0	0.0	monopolar		[7840, 1470, 3406]	[0, 0, 0]
6942.7426	2.0	trials	1.0	2.0	75.0	biphasic	22.0	30.0	1.0	10.0	-25.0	3r	3.0	0.0	monopolar		[7840, 1470, 3406]	[0, 0, 0]
6944.7446	2.0	trials	1.0	2.0	75.0	biphasic	22.0	30.0	1.0	10.0	-25.0	3r	3.0	0.0	monopolar		[7840, 1470, 3406]	[0, 0, 0]
6946.7466	2.0	trials	1.0	2.0	75.0	biphasic	22.0	30.0	1.0	10.0	-25.0	3r	3.0	0.0	monopolar		[7840, 1470, 3406]	[0, 0, 0]
6948.7486	2.0	trials	1.0	2.0	75.0	biphasic	22.0	30.0	1.0	10.0	-25.0	3r	3.0	0.0	monopolar		[7840, 1470, 3406]	[0, 0, 0]
6954.7545666666665	2.0	trials	1.0	2.0	75.0	biphasic	22.0	30.0	1.0	10.0	-25.0	3r	3.0	0.0	monopolar		[7840, 1470, 3406]	[0, 0, 0]
6956.756566666667	2.0	trials	1.0	2.0	75.0	biphasic	22.0	30.0	1.0	10.0	-25.0	3r	3.0	0.0	monopolar		[7840, 1470, 3406]	[0, 0, 0]
6958.758566666666	2.0	trials	1.0	2.0	75.0	biphasic	22.0	30.0	1.0	10.0	-25.0	3r	3.0	0.0	monopolar		[7840, 1470, 3406]	[0, 0, 0]
6960.760566666667	2.0	trials	1.0	2.0	75.0	biphasic	22.0	30.0	1.0	10.0	-25.0	3r	3.0	0.0	monopolar		[7840, 1470, 3406]	[0, 0, 0]
6962.762566666666	2.0	trials	1.0	2.0	75.0	biphasic	22.0	30.0	1.0	10.0	-25.0	3r	3.0	0.0	monopolar		[7840, 1470, 3406]	[0, 0, 0]
6964.764566666667	2.0	trials	1.0	2.0	75.0	biphasic	22.0	30.0	1.0	10.0	-25.0	3r	3.0	0.0	monopolar		[7840, 1470, 3406]	[0, 0, 0]
6966.766566666666	2.0	trials	1.0	2.0	75.0	biphasic	22.0	30.0	1.0	10.0	-25.0	3r	3.0	0.0	monopolar		[7840, 1470, 3406]	[0, 0, 0]
6980.6762	2.0	trials	1.0	2.0	75.0	biphasic	23.0	30.0	1.0	10.0	-50.0	3r	3.0	0.0	monopolar		[7840, 1470, 3406]	[0, 0, 0]
6982.677745398584	2.0	trials	1.0	2.0	75.0	biphasic	23.0	30.0	1.0	10.0	-50.0	3r	3.0	0.0	monopolar		[7840, 1470, 3406]	[0, 0, 0]
6984.6802	2.0	trials	1.0	2.0	75.0	biphasic	23.0	30.0	1.0	10.0	-50.0	3r	3.0	0.0	monopolar		[7840, 1470, 3406]	[0, 0, 0]
6986.6822	2.0	trials	1.0	2.0	75.0	biphasic	23.0	30.0	1.0	10.0	-50.0	3r	3.0	0.0	monopolar		[7840, 1470, 3406]	[0, 0, 0]
6988.6842	2.0	trials	1.0	2.0	75.0	biphasic	23.0	30.0	1.0	10.0	-50.0	3r	3.0	0.0	monopolar		[7840, 1470, 3406]	[0, 0, 0]
6990.6862	2.0	trials	1.0	2.0	75.0	biphasic	23.0	30.0	1.0	10.0	-50.0	3r	3.0	0.0	monopolar		[7840, 1470, 3406]	[0, 0, 0]
6992.6882	2.0	trials	1.0	2.0	75.0	biphasic	23.0	30.0	1.0	10.0	-50.0	3r	3.0	0.0	monopolar		[7840, 1470, 3406]	[0, 0, 0]
6994.6902	2.0	trials	1.0	2.0	75.0	biphasic	23.0	30.0	1.0	10.0	-50.0	3r	3.0	0.0	monopolar		[7840, 1470, 3406]	[0, 0, 0]
6998.694166666667	2.0	trials	1.0	2.0	75.0	biphasic	23.0	30.0	1.0	10.0	-50.0	3r	3.0	0.0	monopolar		[7840, 1470, 3406]	[0, 0, 0]
7000.696166666667	2.0	trials	1.0	2.0	75.0	biphasic	23.0	30.0	1.0	10.0	-50.0	3r	3.0	0.0	monopolar		[7840, 1470, 3406]	[0, 0, 0]
7002.698166666667	2.0	trials	1.0	2.0	75.0	biphasic	23.0	30.0	1.0	10.0	-50.0	3r	3.0	0.0	monopolar		[7840, 1470, 3406]	[0, 0, 0]
7004.7001666666665	2.0	trials	1.0	2.0	75.0	biphasic	23.0	30.0	1.0	10.0	-50.0	3r	3.0	0.0	monopolar		[7840, 1470, 3406]	[0, 0, 0]
7006.702166666667	2.0	trials	1.0	2.0	75.0	biphasic	23.0	30.0	1.0	10.0	-50.0	3r	3.0	0.0	monopolar		[7840, 1470, 3406]	[0, 0, 0]
7008.704166666666	2.0	trials	1.0	2.0	75.0	biphasic	23.0	30.0	1.0	10.0	-50.0	3r	3.0	0.0	monopolar		[7840, 1470, 3406]	[0, 0, 0]
7010.706166666667	2.0	trials	1.0	2.0	75.0	biphasic	23.0	30.0	1.0	10.0	-50.0	3r	3.0	0.0	monopolar		[7840, 1470, 3406]	[0, 0, 0]
7012.708166666666	2.0	trials	1.0	2.0	75.0	biphasic	23.0	30.0	1.0	10.0	-50.0	3r	3.0	0.0	monopolar		[7840, 1470, 3406]	[0, 0, 0]
7014.710166666667	2.0	trials	1.0	2.0	75.0	biphasic	23.0	30.0	1.0	10.0	-50.0	3r	3.0	0.0	monopolar		[7840, 1470, 3406]	[0, 0, 0]
7016.712166666666	2.0	trials	1.0	2.0	75.0	biphasic	23.0	30.0	1.0	10.0	-50.0	3r	3.0	0.0	monopolar		[7840, 1470, 3406]	[0, 0, 0]
7018.714166666667	2.0	trials	1.0	2.0	75.0	biphasic	23.0	30.0	1.0	10.0	-50.0	3r	3.0	0.0	monopolar		[7840, 1470, 3406]	[0, 0, 0]
7020.716166666667	2.0	trials	1.0	2.0	75.0	biphasic	23.0	30.0	1.0	10.0	-50.0	3r	3.0	0.0	monopolar		[7840, 1470, 3406]	[0, 0, 0]
7022.717709458482	2.0	trials	1.0	2.0	75.0	biphasic	23.0	30.0	1.0	10.0	-50.0	3r	3.0	0.0	monopolar		[7840, 1470, 3406]	[0, 0, 0]
7026.722133333334	2.0	trials	1.0	2.0	75.0	biphasic	23.0	30.0	1.0	10.0	-50.0	3r	3.0	0.0	monopolar		[7840, 1470, 3406]	[0, 0, 0]
7028.723675734136	2.0	trials	1.0	2.0	75.0	biphasic	23.0	30.0	1.0	10.0	-50.0	3r	3.0	0.0	monopolar		[7840, 1470, 3406]	[0, 0, 0]
7030.726133333334	2.0	trials	1.0	2.0	75.0	biphasic	23.0	30.0	1.0	10.0	-50.0	3r	3.0	0.0	monopolar		[7840, 1470, 3406]	[0, 0, 0]
7032.728133333333	2.0	trials	1.0	2.0	75.0	biphasic	23.0	30.0	1.0	10.0	-50.0	3r	3.0	0.0	monopolar		[7840, 1470, 3406]	[0, 0, 0]
7034.730591323606	2.0	trials	1.0	2.0	75.0	biphasic	23.0	30.0	1.0	10.0	-50.0	3r	3.0	0.0	monopolar		[7840, 1470, 3406]	[0, 0, 0]
7036.732133333333	2.0	trials	1.0	2.0	75.0	biphasic	23.0	30.0	1.0	10.0	-50.0	3r	3.0	0.0	monopolar		[7840, 1470, 3406]	[0, 0, 0]
7038.734133333333	2.0	trials	1.0	2.0	75.0	biphasic	23.0	30.0	1.0	10.0	-50.0	3r	3.0	0.0	monopolar		[7840, 1470, 3406]	[0, 0, 0]
7040.736133333334	2.0	trials	1.0	2.0	75.0	biphasic	23.0	30.0	1.0	10.0	-50.0	3r	3.0	0.0	monopolar		[7840, 1470, 3406]	[0, 0, 0]
7042.738133333333	2.0	trials	1.0	2.0	75.0	biphasic	23.0	30.0	1.0	10.0	-50.0	3r	3.0	0.0	monopolar		[7840, 1470, 3406]	[0, 0, 0]
7044.740133333334	2.0	trials	1.0	2.0	75.0	biphasic	23.0	30.0	1.0	10.0	-50.0	3r	3.0	0.0	monopolar		[7840, 1470, 3406]	[0, 0, 0]
7046.742133333333	2.0	trials	1.0	2.0	75.0	biphasic	23.0	30.0	1.0	10.0	-50.0	3r	3.0	0.0	monopolar		[7840, 1470, 3406]	[0, 0, 0]
7048.744133333334	2.0	trials	1.0	2.0	75.0	biphasic	23.0	30.0	1.0	10.0	-50.0	3r	3.0	0.0	monopolar		[7840, 1470, 3406]	[0, 0, 0]
7054.7501	2.0	trials	1.0	2.0	75.0	biphasic	23.0	30.0	1.0	10.0	-50.0	3r	3.0	0.0	monopolar		[7840, 1470, 3406]	[0, 0, 0]
7056.7521	2.0	trials	1.0	2.0	75.0	biphasic	23.0	30.0	1.0	10.0	-50.0	3r	3.0	0.0	monopolar		[7840, 1470, 3406]	[0, 0, 0]
7058.7541	2.0	trials	1.0	2.0	75.0	biphasic	23.0	30.0	1.0	10.0	-50.0	3r	3.0	0.0	monopolar		[7840, 1470, 3406]	[0, 0, 0]
7060.7561	2.0	trials	1.0	2.0	75.0	biphasic	23.0	30.0	1.0	10.0	-50.0	3r	3.0	0.0	monopolar		[7840, 1470, 3406]	[0, 0, 0]
7062.7581	2.0	trials	1.0	2.0	75.0	biphasic	23.0	30.0	1.0	10.0	-50.0	3r	3.0	0.0	monopolar		[7840, 1470, 3406]	[0, 0, 0]
7064.7601	2.0	trials	1.0	2.0	75.0	biphasic	23.0	30.0	1.0	10.0	-50.0	3r	3.0	0.0	monopolar		[7840, 1470, 3406]	[0, 0, 0]
7066.7621	2.0	trials	1.0	2.0	75.0	biphasic	23.0	30.0	1.0	10.0	-50.0	3r	3.0	0.0	monopolar		[7840, 1470, 3406]	[0, 0, 0]
7068.7641	2.0	trials	1.0	2.0	75.0	biphasic	23.0	30.0	1.0	10.0	-50.0	3r	3.0	0.0	monopolar		[7840, 1470, 3406]	[0, 0, 0]
7070.7661	2.0	trials	1.0	2.0	75.0	biphasic	23.0	30.0	1.0	10.0	-50.0	3r	3.0	0.0	monopolar		[7840, 1470, 3406]	[0, 0, 0]
7072.7681	2.0	trials	1.0	2.0	75.0	biphasic	23.0	30.0	1.0	10.0	-50.0	3r	3.0	0.0	monopolar		[7840, 1470, 3406]	[0, 0, 0]
7074.770560597041	2.0	trials	1.0	2.0	75.0	biphasic	23.0	30.0	1.0	10.0	-50.0	3r	3.0	0.0	monopolar		[7840, 1470, 3406]	[0, 0, 0]
7076.7721	2.0	trials	1.0	2.0	75.0	biphasic	23.0	30.0	1.0	10.0	-50.0	3r	3.0	0.0	monopolar		[7840, 1470, 3406]	[0, 0, 0]
7080.776066666666	2.0	trials	1.0	2.0	75.0	biphasic	23.0	30.0	1.0	10.0	-50.0	3r	3.0	0.0	monopolar		[7840, 1470, 3406]	[0, 0, 0]
7082.778066666667	2.0	trials	1.0	2.0	75.0	biphasic	23.0	30.0	1.0	10.0	-50.0	3r	3.0	0.0	monopolar		[7840, 1470, 3406]	[0, 0, 0]
7084.780066666666	2.0	trials	1.0	2.0	75.0	biphasic	23.0	30.0	1.0	10.0	-50.0	3r	3.0	0.0	monopolar		[7840, 1470, 3406]	[0, 0, 0]
7086.782066666667	2.0	trials	1.0	2.0	75.0	biphasic	23.0	30.0	1.0	10.0	-50.0	3r	3.0	0.0	monopolar		[7840, 1470, 3406]	[0, 0, 0]
7088.784066666667	2.0	trials	1.0	2.0	75.0	biphasic	23.0	30.0	1.0	10.0	-50.0	3r	3.0	0.0	monopolar		[7840, 1470, 3406]	[0, 0, 0]
7090.786066666667	2.0	trials	1.0	2.0	75.0	biphasic	23.0	30.0	1.0	10.0	-50.0	3r	3.0	0.0	monopolar		[7840, 1470, 3406]	[0, 0, 0]
7092.788066666667	2.0	trials	1.0	2.0	75.0	biphasic	23.0	30.0	1.0	10.0	-50.0	3r	3.0	0.0	monopolar		[7840, 1470, 3406]	[0, 0, 0]
7094.7900666666665	2.0	trials	1.0	2.0	75.0	biphasic	23.0	30.0	1.0	10.0	-50.0	3r	3.0	0.0	monopolar		[7840, 1470, 3406]	[0, 0, 0]
7096.792066666667	2.0	trials	1.0	2.0	75.0	biphasic	23.0	30.0	1.0	10.0	-50.0	3r	3.0	0.0	monopolar		[7840, 1470, 3406]	[0, 0, 0]
7098.794066666666	2.0	trials	1.0	2.0	75.0	biphasic	23.0	30.0	1.0	10.0	-50.0	3r	3.0	0.0	monopolar		[7840, 1470, 3406]	[0, 0, 0]
7100.796066666667	2.0	trials	1.0	2.0	75.0	biphasic	23.0	30.0	1.0	10.0	-50.0	3r	3.0	0.0	monopolar		[7840, 1470, 3406]	[0, 0, 0]
7102.798066666666	2.0	trials	1.0	2.0	75.0	biphasic	23.0	30.0	1.0	10.0	-50.0	3r	3.0	0.0	monopolar		[7840, 1470, 3406]	[0, 0, 0]
7108.804033333333	2.0	trials	1.0	2.0	75.0	biphasic	23.0	30.0	1.0	10.0	-50.0	3r	3.0	0.0	monopolar		[7840, 1470, 3406]	[0, 0, 0]
7110.806033333333	2.0	trials	1.0	2.0	75.0	biphasic	23.0	30.0	1.0	10.0	-50.0	3r	3.0	0.0	monopolar		[7840, 1470, 3406]	[0, 0, 0]
7112.808033333334	2.0	trials	1.0	2.0	75.0	biphasic	23.0	30.0	1.0	10.0	-50.0	3r	3.0	0.0	monopolar		[7840, 1470, 3406]	[0, 0, 0]
7114.810033333333	2.0	trials	1.0	2.0	75.0	biphasic	23.0	30.0	1.0	10.0	-50.0	3r	3.0	0.0	monopolar		[7840, 1470, 3406]	[0, 0, 0]
7116.812033333334	2.0	trials	1.0	2.0	75.0	biphasic	23.0	30.0	1.0	10.0	-50.0	3r	3.0	0.0	monopolar		[7840, 1470, 3406]	[0, 0, 0]
7118.814033333333	2.0	trials	1.0	2.0	75.0	biphasic	23.0	30.0	1.0	10.0	-50.0	3r	3.0	0.0	monopolar		[7840, 1470, 3406]	[0, 0, 0]
7120.8160333333335	2.0	trials	1.0	2.0	75.0	biphasic	23.0	30.0	1.0	10.0	-50.0	3r	3.0	0.0	monopolar		[7840, 1470, 3406]	[0, 0, 0]
7122.818033333333	2.0	trials	1.0	2.0	75.0	biphasic	23.0	30.0	1.0	10.0	-50.0	3r	3.0	0.0	monopolar		[7840, 1470, 3406]	[0, 0, 0]
7124.820033333333	2.0	trials	1.0	2.0	75.0	biphasic	23.0	30.0	1.0	10.0	-50.0	3r	3.0	0.0	monopolar		[7840, 1470, 3406]	[0, 0, 0]
7126.822033333333	2.0	trials	1.0	2.0	75.0	biphasic	23.0	30.0	1.0	10.0	-50.0	3r	3.0	0.0	monopolar		[7840, 1470, 3406]	[0, 0, 0]
7128.824033333333	2.0	trials	1.0	2.0	75.0	biphasic	23.0	30.0	1.0	10.0	-50.0	3r	3.0	0.0	monopolar		[7840, 1470, 3406]	[0, 0, 0]
7150.880533333333	2.0	trials	1.0	2.0	75.0	biphasic	24.0	50.0	1.0	10.0	-25.0	3r	3.0	0.0	monopolar		[7840, 1470, 3406]	[0, 0, 0]
7152.882533333333	2.0	trials	1.0	2.0	75.0	biphasic	24.0	50.0	1.0	10.0	-25.0	3r	3.0	0.0	monopolar		[7840, 1470, 3406]	[0, 0, 0]
7154.884533333333	2.0	trials	1.0	2.0	75.0	biphasic	24.0	50.0	1.0	10.0	-25.0	3r	3.0	0.0	monopolar		[7840, 1470, 3406]	[0, 0, 0]
7156.886533333333	2.0	trials	1.0	2.0	75.0	biphasic	24.0	50.0	1.0	10.0	-25.0	3r	3.0	0.0	monopolar		[7840, 1470, 3406]	[0, 0, 0]
7158.888533333334	2.0	trials	1.0	2.0	75.0	biphasic	24.0	50.0	1.0	10.0	-25.0	3r	3.0	0.0	monopolar		[7840, 1470, 3406]	[0, 0, 0]
7160.8905	2.0	trials	1.0	2.0	75.0	biphasic	24.0	50.0	1.0	10.0	-25.0	3r	3.0	0.0	monopolar		[7840, 1470, 3406]	[0, 0, 0]
7162.8925	2.0	trials	1.0	2.0	75.0	biphasic	24.0	50.0	1.0	10.0	-25.0	3r	3.0	0.0	monopolar		[7840, 1470, 3406]	[0, 0, 0]
7164.8945	2.0	trials	1.0	2.0	75.0	biphasic	24.0	50.0	1.0	10.0	-25.0	3r	3.0	0.0	monopolar		[7840, 1470, 3406]	[0, 0, 0]
7166.896033405206	2.0	trials	1.0	2.0	75.0	biphasic	24.0	50.0	1.0	10.0	-25.0	3r	3.0	0.0	monopolar		[7840, 1470, 3406]	[0, 0, 0]
7168.8985	2.0	trials	1.0	2.0	75.0	biphasic	24.0	50.0	1.0	10.0	-25.0	3r	3.0	0.0	monopolar		[7840, 1470, 3406]	[0, 0, 0]
7170.9005	2.0	trials	1.0	2.0	75.0	biphasic	24.0	50.0	1.0	10.0	-25.0	3r	3.0	0.0	monopolar		[7840, 1470, 3406]	[0, 0, 0]
7172.90296698587	2.0	trials	1.0	2.0	75.0	biphasic	24.0	50.0	1.0	10.0	-25.0	3r	3.0	0.0	monopolar		[7840, 1470, 3406]	[0, 0, 0]
7174.9045	2.0	trials	1.0	2.0	75.0	biphasic	24.0	50.0	1.0	10.0	-25.0	3r	3.0	0.0	monopolar		[7840, 1470, 3406]	[0, 0, 0]
7176.9065	2.0	trials	1.0	2.0	75.0	biphasic	24.0	50.0	1.0	10.0	-25.0	3r	3.0	0.0	monopolar		[7840, 1470, 3406]	[0, 0, 0]
7178.9085	2.0	trials	1.0	2.0	75.0	biphasic	24.0	50.0	1.0	10.0	-25.0	3r	3.0	0.0	monopolar		[7840, 1470, 3406]	[0, 0, 0]
7180.9105	2.0	trials	1.0	2.0	75.0	biphasic	24.0	50.0	1.0	10.0	-25.0	3r	3.0	0.0	monopolar		[7840, 1470, 3406]	[0, 0, 0]
7182.9125	2.0	trials	1.0	2.0	75.0	biphasic	24.0	50.0	1.0	10.0	-25.0	3r	3.0	0.0	monopolar		[7840, 1470, 3406]	[0, 0, 0]
7184.9145	2.0	trials	1.0	2.0	75.0	biphasic	24.0	50.0	1.0	10.0	-25.0	3r	3.0	0.0	monopolar		[7840, 1470, 3406]	[0, 0, 0]
7186.9165	2.0	trials	1.0	2.0	75.0	biphasic	24.0	50.0	1.0	10.0	-25.0	3r	3.0	0.0	monopolar		[7840, 1470, 3406]	[0, 0, 0]
7188.918466666667	2.0	trials	1.0	2.0	75.0	biphasic	24.0	50.0	1.0	10.0	-25.0	3r	3.0	0.0	monopolar		[7840, 1470, 3406]	[0, 0, 0]
7190.9204666666665	2.0	trials	1.0	2.0	75.0	biphasic	24.0	50.0	1.0	10.0	-25.0	3r	3.0	0.0	monopolar		[7840, 1470, 3406]	[0, 0, 0]
7192.922466666667	2.0	trials	1.0	2.0	75.0	biphasic	24.0	50.0	1.0	10.0	-25.0	3r	3.0	0.0	monopolar		[7840, 1470, 3406]	[0, 0, 0]
7194.924466666666	2.0	trials	1.0	2.0	75.0	biphasic	24.0	50.0	1.0	10.0	-25.0	3r	3.0	0.0	monopolar		[7840, 1470, 3406]	[0, 0, 0]
7196.926466666667	2.0	trials	1.0	2.0	75.0	biphasic	24.0	50.0	1.0	10.0	-25.0	3r	3.0	0.0	monopolar		[7840, 1470, 3406]	[0, 0, 0]
7198.928466666666	2.0	trials	1.0	2.0	75.0	biphasic	24.0	50.0	1.0	10.0	-25.0	3r	3.0	0.0	monopolar		[7840, 1470, 3406]	[0, 0, 0]
7200.930466666667	2.0	trials	1.0	2.0	75.0	biphasic	24.0	50.0	1.0	10.0	-25.0	3r	3.0	0.0	monopolar		[7840, 1470, 3406]	[0, 0, 0]
7202.932466666667	2.0	trials	1.0	2.0	75.0	biphasic	24.0	50.0	1.0	10.0	-25.0	3r	3.0	0.0	monopolar		[7840, 1470, 3406]	[0, 0, 0]
7204.934466666667	2.0	trials	1.0	2.0	75.0	biphasic	24.0	50.0	1.0	10.0	-25.0	3r	3.0	0.0	monopolar		[7840, 1470, 3406]	[0, 0, 0]
7206.936466666667	2.0	trials	1.0	2.0	75.0	biphasic	24.0	50.0	1.0	10.0	-25.0	3r	3.0	0.0	monopolar		[7840, 1470, 3406]	[0, 0, 0]
7208.938466666666	2.0	trials	1.0	2.0	75.0	biphasic	24.0	50.0	1.0	10.0	-25.0	3r	3.0	0.0	monopolar		[7840, 1470, 3406]	[0, 0, 0]
7210.940466666667	2.0	trials	1.0	2.0	75.0	biphasic	24.0	50.0	1.0	10.0	-25.0	3r	3.0	0.0	monopolar		[7840, 1470, 3406]	[0, 0, 0]
7212.9429362593055	2.0	trials	1.0	2.0	75.0	biphasic	24.0	50.0	1.0	10.0	-25.0	3r	3.0	0.0	monopolar		[7840, 1470, 3406]	[0, 0, 0]
7214.944433333333	2.0	trials	1.0	2.0	75.0	biphasic	24.0	50.0	1.0	10.0	-25.0	3r	3.0	0.0	monopolar		[7840, 1470, 3406]	[0, 0, 0]
7216.946433333333	2.0	trials	1.0	2.0	75.0	biphasic	24.0	50.0	1.0	10.0	-25.0	3r	3.0	0.0	monopolar		[7840, 1470, 3406]	[0, 0, 0]
7218.948433333333	2.0	trials	1.0	2.0	75.0	biphasic	24.0	50.0	1.0	10.0	-25.0	3r	3.0	0.0	monopolar		[7840, 1470, 3406]	[0, 0, 0]
7220.950433333333	2.0	trials	1.0	2.0	75.0	biphasic	24.0	50.0	1.0	10.0	-25.0	3r	3.0	0.0	monopolar		[7840, 1470, 3406]	[0, 0, 0]
7222.952433333333	2.0	trials	1.0	2.0	75.0	biphasic	24.0	50.0	1.0	10.0	-25.0	3r	3.0	0.0	monopolar		[7840, 1470, 3406]	[0, 0, 0]
7224.954433333333	2.0	trials	1.0	2.0	75.0	biphasic	24.0	50.0	1.0	10.0	-25.0	3r	3.0	0.0	monopolar		[7840, 1470, 3406]	[0, 0, 0]
7226.956433333334	2.0	trials	1.0	2.0	75.0	biphasic	24.0	50.0	1.0	10.0	-25.0	3r	3.0	0.0	monopolar		[7840, 1470, 3406]	[0, 0, 0]
7228.958433333333	2.0	trials	1.0	2.0	75.0	biphasic	24.0	50.0	1.0	10.0	-25.0	3r	3.0	0.0	monopolar		[7840, 1470, 3406]	[0, 0, 0]
7230.960433333334	2.0	trials	1.0	2.0	75.0	biphasic	24.0	50.0	1.0	10.0	-25.0	3r	3.0	0.0	monopolar		[7840, 1470, 3406]	[0, 0, 0]
7232.962433333333	2.0	trials	1.0	2.0	75.0	biphasic	24.0	50.0	1.0	10.0	-25.0	3r	3.0	0.0	monopolar		[7840, 1470, 3406]	[0, 0, 0]
7234.964433333334	2.0	trials	1.0	2.0	75.0	biphasic	24.0	50.0	1.0	10.0	-25.0	3r	3.0	0.0	monopolar		[7840, 1470, 3406]	[0, 0, 0]
7236.966433333333	2.0	trials	1.0	2.0	75.0	biphasic	24.0	50.0	1.0	10.0	-25.0	3r	3.0	0.0	monopolar		[7840, 1470, 3406]	[0, 0, 0]
7238.968433333333	2.0	trials	1.0	2.0	75.0	biphasic	24.0	50.0	1.0	10.0	-25.0	3r	3.0	0.0	monopolar		[7840, 1470, 3406]	[0, 0, 0]
7240.970433333333	2.0	trials	1.0	2.0	75.0	biphasic	24.0	50.0	1.0	10.0	-25.0	3r	3.0	0.0	monopolar		[7840, 1470, 3406]	[0, 0, 0]
7242.9724	2.0	trials	1.0	2.0	75.0	biphasic	24.0	50.0	1.0	10.0	-25.0	3r	3.0	0.0	monopolar		[7840, 1470, 3406]	[0, 0, 0]
7244.9744	2.0	trials	1.0	2.0	75.0	biphasic	24.0	50.0	1.0	10.0	-25.0	3r	3.0	0.0	monopolar		[7840, 1470, 3406]	[0, 0, 0]
7246.9764	2.0	trials	1.0	2.0	75.0	biphasic	24.0	50.0	1.0	10.0	-25.0	3r	3.0	0.0	monopolar		[7840, 1470, 3406]	[0, 0, 0]
7248.9784	2.0	trials	1.0	2.0	75.0	biphasic	24.0	50.0	1.0	10.0	-25.0	3r	3.0	0.0	monopolar		[7840, 1470, 3406]	[0, 0, 0]
7250.9804	2.0	trials	1.0	2.0	75.0	biphasic	24.0	50.0	1.0	10.0	-25.0	3r	3.0	0.0	monopolar		[7840, 1470, 3406]	[0, 0, 0]
7252.9824	2.0	trials	1.0	2.0	75.0	biphasic	24.0	50.0	1.0	10.0	-25.0	3r	3.0	0.0	monopolar		[7840, 1470, 3406]	[0, 0, 0]
7254.9844	2.0	trials	1.0	2.0	75.0	biphasic	24.0	50.0	1.0	10.0	-25.0	3r	3.0	0.0	monopolar		[7840, 1470, 3406]	[0, 0, 0]
7256.9864	2.0	trials	1.0	2.0	75.0	biphasic	24.0	50.0	1.0	10.0	-25.0	3r	3.0	0.0	monopolar		[7840, 1470, 3406]	[0, 0, 0]
7258.9884	2.0	trials	1.0	2.0	75.0	biphasic	24.0	50.0	1.0	10.0	-25.0	3r	3.0	0.0	monopolar		[7840, 1470, 3406]	[0, 0, 0]
7260.9904	2.0	trials	1.0	2.0	75.0	biphasic	24.0	50.0	1.0	10.0	-25.0	3r	3.0	0.0	monopolar		[7840, 1470, 3406]	[0, 0, 0]
7262.9924	2.0	trials	1.0	2.0	75.0	biphasic	24.0	50.0	1.0	10.0	-25.0	3r	3.0	0.0	monopolar		[7840, 1470, 3406]	[0, 0, 0]
7264.9944	2.0	trials	1.0	2.0	75.0	biphasic	24.0	50.0	1.0	10.0	-25.0	3r	3.0	0.0	monopolar		[7840, 1470, 3406]	[0, 0, 0]
7266.9964	2.0	trials	1.0	2.0	75.0	biphasic	24.0	50.0	1.0	10.0	-25.0	3r	3.0	0.0	monopolar		[7840, 1470, 3406]	[0, 0, 0]
7268.998366666667	2.0	trials	1.0	2.0	75.0	biphasic	24.0	50.0	1.0	10.0	-25.0	3r	3.0	0.0	monopolar		[7840, 1470, 3406]	[0, 0, 0]
7271.000366666667	2.0	trials	1.0	2.0	75.0	biphasic	24.0	50.0	1.0	10.0	-25.0	3r	3.0	0.0	monopolar		[7840, 1470, 3406]	[0, 0, 0]
7273.002366666667	2.0	trials	1.0	2.0	75.0	biphasic	24.0	50.0	1.0	10.0	-25.0	3r	3.0	0.0	monopolar		[7840, 1470, 3406]	[0, 0, 0]
7275.004366666667	2.0	trials	1.0	2.0	75.0	biphasic	24.0	50.0	1.0	10.0	-25.0	3r	3.0	0.0	monopolar		[7840, 1470, 3406]	[0, 0, 0]
7277.006366666666	2.0	trials	1.0	2.0	75.0	biphasic	24.0	50.0	1.0	10.0	-25.0	3r	3.0	0.0	monopolar		[7840, 1470, 3406]	[0, 0, 0]
7279.008366666667	2.0	trials	1.0	2.0	75.0	biphasic	24.0	50.0	1.0	10.0	-25.0	3r	3.0	0.0	monopolar		[7840, 1470, 3406]	[0, 0, 0]
7281.010366666666	2.0	trials	1.0	2.0	75.0	biphasic	24.0	50.0	1.0	10.0	-25.0	3r	3.0	0.0	monopolar		[7840, 1470, 3406]	[0, 0, 0]
7283.012366666667	2.0	trials	1.0	2.0	75.0	biphasic	24.0	50.0	1.0	10.0	-25.0	3r	3.0	0.0	monopolar		[7840, 1470, 3406]	[0, 0, 0]
7285.014366666666	2.0	trials	1.0	2.0	75.0	biphasic	24.0	50.0	1.0	10.0	-25.0	3r	3.0	0.0	monopolar		[7840, 1470, 3406]	[0, 0, 0]
7287.016366666667	2.0	trials	1.0	2.0	75.0	biphasic	24.0	50.0	1.0	10.0	-25.0	3r	3.0	0.0	monopolar		[7840, 1470, 3406]	[0, 0, 0]
7289.018366666666	2.0	trials	1.0	2.0	75.0	biphasic	24.0	50.0	1.0	10.0	-25.0	3r	3.0	0.0	monopolar		[7840, 1470, 3406]	[0, 0, 0]
7291.020366666667	2.0	trials	1.0	2.0	75.0	biphasic	24.0	50.0	1.0	10.0	-25.0	3r	3.0	0.0	monopolar		[7840, 1470, 3406]	[0, 0, 0]
7293.022366666667	2.0	trials	1.0	2.0	75.0	biphasic	24.0	50.0	1.0	10.0	-25.0	3r	3.0	0.0	monopolar		[7840, 1470, 3406]	[0, 0, 0]
7295.024366666666	2.0	trials	1.0	2.0	75.0	biphasic	24.0	50.0	1.0	10.0	-25.0	3r	3.0	0.0	monopolar		[7840, 1470, 3406]	[0, 0, 0]
7297.026333333333	2.0	trials	1.0	2.0	75.0	biphasic	24.0	50.0	1.0	10.0	-25.0	3r	3.0	0.0	monopolar		[7840, 1470, 3406]	[0, 0, 0]
7299.028333333334	2.0	trials	1.0	2.0	75.0	biphasic	24.0	50.0	1.0	10.0	-25.0	3r	3.0	0.0	monopolar		[7840, 1470, 3406]	[0, 0, 0]
7326.984	2.0	trials	1.0	2.0	75.0	biphasic	25.0	50.0	1.0	10.0	-50.0	3r	3.0	0.0	monopolar		[7840, 1470, 3406]	[0, 0, 0]
7328.986	2.0	trials	1.0	2.0	75.0	biphasic	25.0	50.0	1.0	10.0	-50.0	3r	3.0	0.0	monopolar		[7840, 1470, 3406]	[0, 0, 0]
7330.988	2.0	trials	1.0	2.0	75.0	biphasic	25.0	50.0	1.0	10.0	-50.0	3r	3.0	0.0	monopolar		[7840, 1470, 3406]	[0, 0, 0]
7332.99	2.0	trials	1.0	2.0	75.0	biphasic	25.0	50.0	1.0	10.0	-50.0	3r	3.0	0.0	monopolar		[7840, 1470, 3406]	[0, 0, 0]
7334.992	2.0	trials	1.0	2.0	75.0	biphasic	25.0	50.0	1.0	10.0	-50.0	3r	3.0	0.0	monopolar		[7840, 1470, 3406]	[0, 0, 0]
7336.994	2.0	trials	1.0	2.0	75.0	biphasic	25.0	50.0	1.0	10.0	-50.0	3r	3.0	0.0	monopolar		[7840, 1470, 3406]	[0, 0, 0]
7338.996	2.0	trials	1.0	2.0	75.0	biphasic	25.0	50.0	1.0	10.0	-50.0	3r	3.0	0.0	monopolar		[7840, 1470, 3406]	[0, 0, 0]
7340.998	2.0	trials	1.0	2.0	75.0	biphasic	25.0	50.0	1.0	10.0	-50.0	3r	3.0	0.0	monopolar		[7840, 1470, 3406]	[0, 0, 0]
7342.999966666666	2.0	trials	1.0	2.0	75.0	biphasic	25.0	50.0	1.0	10.0	-50.0	3r	3.0	0.0	monopolar		[7840, 1470, 3406]	[0, 0, 0]
7345.001966666667	2.0	trials	1.0	2.0	75.0	biphasic	25.0	50.0	1.0	10.0	-50.0	3r	3.0	0.0	monopolar		[7840, 1470, 3406]	[0, 0, 0]
7347.003966666667	2.0	trials	1.0	2.0	75.0	biphasic	25.0	50.0	1.0	10.0	-50.0	3r	3.0	0.0	monopolar		[7840, 1470, 3406]	[0, 0, 0]
7349.005966666667	2.0	trials	1.0	2.0	75.0	biphasic	25.0	50.0	1.0	10.0	-50.0	3r	3.0	0.0	monopolar		[7840, 1470, 3406]	[0, 0, 0]
7351.008445247946	2.0	trials	1.0	2.0	75.0	biphasic	25.0	50.0	1.0	10.0	-50.0	3r	3.0	0.0	monopolar		[7840, 1470, 3406]	[0, 0, 0]
7353.009966666666	2.0	trials	1.0	2.0	75.0	biphasic	25.0	50.0	1.0	10.0	-50.0	3r	3.0	0.0	monopolar		[7840, 1470, 3406]	[0, 0, 0]
7355.011966666667	2.0	trials	1.0	2.0	75.0	biphasic	25.0	50.0	1.0	10.0	-50.0	3r	3.0	0.0	monopolar		[7840, 1470, 3406]	[0, 0, 0]
7357.013966666666	2.0	trials	1.0	2.0	75.0	biphasic	25.0	50.0	1.0	10.0	-50.0	3r	3.0	0.0	monopolar		[7840, 1470, 3406]	[0, 0, 0]
7359.015966666667	2.0	trials	1.0	2.0	75.0	biphasic	25.0	50.0	1.0	10.0	-50.0	3r	3.0	0.0	monopolar		[7840, 1470, 3406]	[0, 0, 0]
7361.017966666666	2.0	trials	1.0	2.0	75.0	biphasic	25.0	50.0	1.0	10.0	-50.0	3r	3.0	0.0	monopolar		[7840, 1470, 3406]	[0, 0, 0]
7363.019966666667	2.0	trials	1.0	2.0	75.0	biphasic	25.0	50.0	1.0	10.0	-50.0	3r	3.0	0.0	monopolar		[7840, 1470, 3406]	[0, 0, 0]
7365.021966666666	2.0	trials	1.0	2.0	75.0	biphasic	25.0	50.0	1.0	10.0	-50.0	3r	3.0	0.0	monopolar		[7840, 1470, 3406]	[0, 0, 0]
7367.023966666667	2.0	trials	1.0	2.0	75.0	biphasic	25.0	50.0	1.0	10.0	-50.0	3r	3.0	0.0	monopolar		[7840, 1470, 3406]	[0, 0, 0]
7369.025933333333	2.0	trials	1.0	2.0	75.0	biphasic	25.0	50.0	1.0	10.0	-50.0	3r	3.0	0.0	monopolar		[7840, 1470, 3406]	[0, 0, 0]
7371.027933333334	2.0	trials	1.0	2.0	75.0	biphasic	25.0	50.0	1.0	10.0	-50.0	3r	3.0	0.0	monopolar		[7840, 1470, 3406]	[0, 0, 0]
7373.029933333333	2.0	trials	1.0	2.0	75.0	biphasic	25.0	50.0	1.0	10.0	-50.0	3r	3.0	0.0	monopolar		[7840, 1470, 3406]	[0, 0, 0]
7375.031933333334	2.0	trials	1.0	2.0	75.0	biphasic	25.0	50.0	1.0	10.0	-50.0	3r	3.0	0.0	monopolar		[7840, 1470, 3406]	[0, 0, 0]
7377.033933333333	2.0	trials	1.0	2.0	75.0	biphasic	25.0	50.0	1.0	10.0	-50.0	3r	3.0	0.0	monopolar		[7840, 1470, 3406]	[0, 0, 0]
7379.035933333334	2.0	trials	1.0	2.0	75.0	biphasic	25.0	50.0	1.0	10.0	-50.0	3r	3.0	0.0	monopolar		[7840, 1470, 3406]	[0, 0, 0]
7381.037933333333	2.0	trials	1.0	2.0	75.0	biphasic	25.0	50.0	1.0	10.0	-50.0	3r	3.0	0.0	monopolar		[7840, 1470, 3406]	[0, 0, 0]
7383.039933333333	2.0	trials	1.0	2.0	75.0	biphasic	25.0	50.0	1.0	10.0	-50.0	3r	3.0	0.0	monopolar		[7840, 1470, 3406]	[0, 0, 0]
7385.041933333333	2.0	trials	1.0	2.0	75.0	biphasic	25.0	50.0	1.0	10.0	-50.0	3r	3.0	0.0	monopolar		[7840, 1470, 3406]	[0, 0, 0]
7387.043933333333	2.0	trials	1.0	2.0	75.0	biphasic	25.0	50.0	1.0	10.0	-50.0	3r	3.0	0.0	monopolar		[7840, 1470, 3406]	[0, 0, 0]
7389.045933333334	2.0	trials	1.0	2.0	75.0	biphasic	25.0	50.0	1.0	10.0	-50.0	3r	3.0	0.0	monopolar		[7840, 1470, 3406]	[0, 0, 0]
7391.047933333333	2.0	trials	1.0	2.0	75.0	biphasic	25.0	50.0	1.0	10.0	-50.0	3r	3.0	0.0	monopolar		[7840, 1470, 3406]	[0, 0, 0]
7393.049933333334	2.0	trials	1.0	2.0	75.0	biphasic	25.0	50.0	1.0	10.0	-50.0	3r	3.0	0.0	monopolar		[7840, 1470, 3406]	[0, 0, 0]
7395.051933333333	2.0	trials	1.0	2.0	75.0	biphasic	25.0	50.0	1.0	10.0	-50.0	3r	3.0	0.0	monopolar		[7840, 1470, 3406]	[0, 0, 0]
7397.0539	2.0	trials	1.0	2.0	75.0	biphasic	25.0	50.0	1.0	10.0	-50.0	3r	3.0	0.0	monopolar		[7840, 1470, 3406]	[0, 0, 0]
7399.0559	2.0	trials	1.0	2.0	75.0	biphasic	25.0	50.0	1.0	10.0	-50.0	3r	3.0	0.0	monopolar		[7840, 1470, 3406]	[0, 0, 0]
7401.0579	2.0	trials	1.0	2.0	75.0	biphasic	25.0	50.0	1.0	10.0	-50.0	3r	3.0	0.0	monopolar		[7840, 1470, 3406]	[0, 0, 0]
7403.0599	2.0	trials	1.0	2.0	75.0	biphasic	25.0	50.0	1.0	10.0	-50.0	3r	3.0	0.0	monopolar		[7840, 1470, 3406]	[0, 0, 0]
7405.0619	2.0	trials	1.0	2.0	75.0	biphasic	25.0	50.0	1.0	10.0	-50.0	3r	3.0	0.0	monopolar		[7840, 1470, 3406]	[0, 0, 0]
7407.0639	2.0	trials	1.0	2.0	75.0	biphasic	25.0	50.0	1.0	10.0	-50.0	3r	3.0	0.0	monopolar		[7840, 1470, 3406]	[0, 0, 0]
7409.0659	2.0	trials	1.0	2.0	75.0	biphasic	25.0	50.0	1.0	10.0	-50.0	3r	3.0	0.0	monopolar		[7840, 1470, 3406]	[0, 0, 0]
7411.0679	2.0	trials	1.0	2.0	75.0	biphasic	25.0	50.0	1.0	10.0	-50.0	3r	3.0	0.0	monopolar		[7840, 1470, 3406]	[0, 0, 0]
7413.0699	2.0	trials	1.0	2.0	75.0	biphasic	25.0	50.0	1.0	10.0	-50.0	3r	3.0	0.0	monopolar		[7840, 1470, 3406]	[0, 0, 0]
7415.0719	2.0	trials	1.0	2.0	75.0	biphasic	25.0	50.0	1.0	10.0	-50.0	3r	3.0	0.0	monopolar		[7840, 1470, 3406]	[0, 0, 0]
7417.0739	2.0	trials	1.0	2.0	75.0	biphasic	25.0	50.0	1.0	10.0	-50.0	3r	3.0	0.0	monopolar		[7840, 1470, 3406]	[0, 0, 0]
7419.0759	2.0	trials	1.0	2.0	75.0	biphasic	25.0	50.0	1.0	10.0	-50.0	3r	3.0	0.0	monopolar		[7840, 1470, 3406]	[0, 0, 0]
7421.0779	2.0	trials	1.0	2.0	75.0	biphasic	25.0	50.0	1.0	10.0	-50.0	3r	3.0	0.0	monopolar		[7840, 1470, 3406]	[0, 0, 0]
7423.079866666667	2.0	trials	1.0	2.0	75.0	biphasic	25.0	50.0	1.0	10.0	-50.0	3r	3.0	0.0	monopolar		[7840, 1470, 3406]	[0, 0, 0]
7425.081866666666	2.0	trials	1.0	2.0	75.0	biphasic	25.0	50.0	1.0	10.0	-50.0	3r	3.0	0.0	monopolar		[7840, 1470, 3406]	[0, 0, 0]
7427.083866666667	2.0	trials	1.0	2.0	75.0	biphasic	25.0	50.0	1.0	10.0	-50.0	3r	3.0	0.0	monopolar		[7840, 1470, 3406]	[0, 0, 0]
7429.085866666666	2.0	trials	1.0	2.0	75.0	biphasic	25.0	50.0	1.0	10.0	-50.0	3r	3.0	0.0	monopolar		[7840, 1470, 3406]	[0, 0, 0]
7431.087866666667	2.0	trials	1.0	2.0	75.0	biphasic	25.0	50.0	1.0	10.0	-50.0	3r	3.0	0.0	monopolar		[7840, 1470, 3406]	[0, 0, 0]
7433.089866666666	2.0	trials	1.0	2.0	75.0	biphasic	25.0	50.0	1.0	10.0	-50.0	3r	3.0	0.0	monopolar		[7840, 1470, 3406]	[0, 0, 0]
7435.091866666667	2.0	trials	1.0	2.0	75.0	biphasic	25.0	50.0	1.0	10.0	-50.0	3r	3.0	0.0	monopolar		[7840, 1470, 3406]	[0, 0, 0]
7437.093866666667	2.0	trials	1.0	2.0	75.0	biphasic	25.0	50.0	1.0	10.0	-50.0	3r	3.0	0.0	monopolar		[7840, 1470, 3406]	[0, 0, 0]
7439.095866666667	2.0	trials	1.0	2.0	75.0	biphasic	25.0	50.0	1.0	10.0	-50.0	3r	3.0	0.0	monopolar		[7840, 1470, 3406]	[0, 0, 0]
7441.097866666667	2.0	trials	1.0	2.0	75.0	biphasic	25.0	50.0	1.0	10.0	-50.0	3r	3.0	0.0	monopolar		[7840, 1470, 3406]	[0, 0, 0]
7443.099866666666	2.0	trials	1.0	2.0	75.0	biphasic	25.0	50.0	1.0	10.0	-50.0	3r	3.0	0.0	monopolar		[7840, 1470, 3406]	[0, 0, 0]
7445.101866666667	2.0	trials	1.0	2.0	75.0	biphasic	25.0	50.0	1.0	10.0	-50.0	3r	3.0	0.0	monopolar		[7840, 1470, 3406]	[0, 0, 0]
7447.103866666666	2.0	trials	1.0	2.0	75.0	biphasic	25.0	50.0	1.0	10.0	-50.0	3r	3.0	0.0	monopolar		[7840, 1470, 3406]	[0, 0, 0]
7449.105866666667	2.0	trials	1.0	2.0	75.0	biphasic	25.0	50.0	1.0	10.0	-50.0	3r	3.0	0.0	monopolar		[7840, 1470, 3406]	[0, 0, 0]
7451.107833333333	2.0	trials	1.0	2.0	75.0	biphasic	25.0	50.0	1.0	10.0	-50.0	3r	3.0	0.0	monopolar		[7840, 1470, 3406]	[0, 0, 0]
7453.109833333333	2.0	trials	1.0	2.0	75.0	biphasic	25.0	50.0	1.0	10.0	-50.0	3r	3.0	0.0	monopolar		[7840, 1470, 3406]	[0, 0, 0]
7455.111833333333	2.0	trials	1.0	2.0	75.0	biphasic	25.0	50.0	1.0	10.0	-50.0	3r	3.0	0.0	monopolar		[7840, 1470, 3406]	[0, 0, 0]
7457.113833333334	2.0	trials	1.0	2.0	75.0	biphasic	25.0	50.0	1.0	10.0	-50.0	3r	3.0	0.0	monopolar		[7840, 1470, 3406]	[0, 0, 0]
7459.115833333333	2.0	trials	1.0	2.0	75.0	biphasic	25.0	50.0	1.0	10.0	-50.0	3r	3.0	0.0	monopolar		[7840, 1470, 3406]	[0, 0, 0]
7461.117833333334	2.0	trials	1.0	2.0	75.0	biphasic	25.0	50.0	1.0	10.0	-50.0	3r	3.0	0.0	monopolar		[7840, 1470, 3406]	[0, 0, 0]
7463.119833333333	2.0	trials	1.0	2.0	75.0	biphasic	25.0	50.0	1.0	10.0	-50.0	3r	3.0	0.0	monopolar		[7840, 1470, 3406]	[0, 0, 0]
7465.121833333334	2.0	trials	1.0	2.0	75.0	biphasic	25.0	50.0	1.0	10.0	-50.0	3r	3.0	0.0	monopolar		[7840, 1470, 3406]	[0, 0, 0]
7467.123833333333	2.0	trials	1.0	2.0	75.0	biphasic	25.0	50.0	1.0	10.0	-50.0	3r	3.0	0.0	monopolar		[7840, 1470, 3406]	[0, 0, 0]
7469.125833333333	2.0	trials	1.0	2.0	75.0	biphasic	25.0	50.0	1.0	10.0	-50.0	3r	3.0	0.0	monopolar		[7840, 1470, 3406]	[0, 0, 0]
7471.127833333333	2.0	trials	1.0	2.0	75.0	biphasic	25.0	50.0	1.0	10.0	-50.0	3r	3.0	0.0	monopolar		[7840, 1470, 3406]	[0, 0, 0]
7473.129833333333	2.0	trials	1.0	2.0	75.0	biphasic	25.0	50.0	1.0	10.0	-50.0	3r	3.0	0.0	monopolar		[7840, 1470, 3406]	[0, 0, 0]
7475.131833333333	2.0	trials	1.0	2.0	75.0	biphasic	25.0	50.0	1.0	10.0	-50.0	3r	3.0	0.0	monopolar		[7840, 1470, 3406]	[0, 0, 0]
