onset	duration	nwb_table	train_duration	train_period	train_quantity	waveform_shape	run	pulse_duration	pulse_number	event_period	amplitude	contacts	contact_negative	contact_positive	polarity	notes	contact_negative_coord	contact_positive_coord
1991.6136	6447.410233333333	epochs																
1991.6136	2.0	trials	1.0	2.0	75.0	biphasic	0.0	100.0	1.0	10.0	-25.0	16r_2b	16.0	2.0	bipolar		[8428. 1288. 3303.]	[8428. 1238. 3303.]
1993.6156	2.0	trials	1.0	2.0	75.0	biphasic	0.0	100.0	1.0	10.0	-25.0	16r_2b	16.0	2.0	bipolar		[8428. 1288. 3303.]	[8428. 1238. 3303.]
1995.6176	2.0	trials	1.0	2.0	75.0	biphasic	0.0	100.0	1.0	10.0	-25.0	16r_2b	16.0	2.0	bipolar		[8428. 1288. 3303.]	[8428. 1238. 3303.]
1997.6196	2.0	trials	1.0	2.0	75.0	biphasic	0.0	100.0	1.0	10.0	-25.0	16r_2b	16.0	2.0	bipolar		[8428. 1288. 3303.]	[8428. 1238. 3303.]
1999.6216	2.0	trials	1.0	2.0	75.0	biphasic	0.0	100.0	1.0	10.0	-25.0	16r_2b	16.0	2.0	bipolar		[8428. 1288. 3303.]	[8428. 1238. 3303.]
2001.6236	2.0	trials	1.0	2.0	75.0	biphasic	0.0	100.0	1.0	10.0	-25.0	16r_2b	16.0	2.0	bipolar		[8428. 1288. 3303.]	[8428. 1238. 3303.]
2003.6255666666666	2.0	trials	1.0	2.0	75.0	biphasic	0.0	100.0	1.0	10.0	-25.0	16r_2b	16.0	2.0	bipolar		[8428. 1288. 3303.]	[8428. 1238. 3303.]
2005.6275666666668	2.0	trials	1.0	2.0	75.0	biphasic	0.0	100.0	1.0	10.0	-25.0	16r_2b	16.0	2.0	bipolar		[8428. 1288. 3303.]	[8428. 1238. 3303.]
2007.6295666666667	2.0	trials	1.0	2.0	75.0	biphasic	0.0	100.0	1.0	10.0	-25.0	16r_2b	16.0	2.0	bipolar		[8428. 1288. 3303.]	[8428. 1238. 3303.]
2009.6315666666667	2.0	trials	1.0	2.0	75.0	biphasic	0.0	100.0	1.0	10.0	-25.0	16r_2b	16.0	2.0	bipolar		[8428. 1288. 3303.]	[8428. 1238. 3303.]
2011.6335666666666	2.0	trials	1.0	2.0	75.0	biphasic	0.0	100.0	1.0	10.0	-25.0	16r_2b	16.0	2.0	bipolar		[8428. 1288. 3303.]	[8428. 1238. 3303.]
2013.6355666666666	2.0	trials	1.0	2.0	75.0	biphasic	0.0	100.0	1.0	10.0	-25.0	16r_2b	16.0	2.0	bipolar		[8428. 1288. 3303.]	[8428. 1238. 3303.]
2015.6375333333333	2.0	trials	1.0	2.0	75.0	biphasic	0.0	100.0	1.0	10.0	-25.0	16r_2b	16.0	2.0	bipolar		[8428. 1288. 3303.]	[8428. 1238. 3303.]
2017.6395333333332	2.0	trials	1.0	2.0	75.0	biphasic	0.0	100.0	1.0	10.0	-25.0	16r_2b	16.0	2.0	bipolar		[8428. 1288. 3303.]	[8428. 1238. 3303.]
2019.6415333333334	2.0	trials	1.0	2.0	75.0	biphasic	0.0	100.0	1.0	10.0	-25.0	16r_2b	16.0	2.0	bipolar		[8428. 1288. 3303.]	[8428. 1238. 3303.]
2021.6435333333334	2.0	trials	1.0	2.0	75.0	biphasic	0.0	100.0	1.0	10.0	-25.0	16r_2b	16.0	2.0	bipolar		[8428. 1288. 3303.]	[8428. 1238. 3303.]
2023.6455333333333	2.0	trials	1.0	2.0	75.0	biphasic	0.0	100.0	1.0	10.0	-25.0	16r_2b	16.0	2.0	bipolar		[8428. 1288. 3303.]	[8428. 1238. 3303.]
2025.6475333333333	2.0	trials	1.0	2.0	75.0	biphasic	0.0	100.0	1.0	10.0	-25.0	16r_2b	16.0	2.0	bipolar		[8428. 1288. 3303.]	[8428. 1238. 3303.]
2027.6495333333332	2.0	trials	1.0	2.0	75.0	biphasic	0.0	100.0	1.0	10.0	-25.0	16r_2b	16.0	2.0	bipolar		[8428. 1288. 3303.]	[8428. 1238. 3303.]
2029.6515	2.0	trials	1.0	2.0	75.0	biphasic	0.0	100.0	1.0	10.0	-25.0	16r_2b	16.0	2.0	bipolar		[8428. 1288. 3303.]	[8428. 1238. 3303.]
2031.6535	2.0	trials	1.0	2.0	75.0	biphasic	0.0	100.0	1.0	10.0	-25.0	16r_2b	16.0	2.0	bipolar		[8428. 1288. 3303.]	[8428. 1238. 3303.]
2033.6555	2.0	trials	1.0	2.0	75.0	biphasic	0.0	100.0	1.0	10.0	-25.0	16r_2b	16.0	2.0	bipolar		[8428. 1288. 3303.]	[8428. 1238. 3303.]
2035.6575	2.0	trials	1.0	2.0	75.0	biphasic	0.0	100.0	1.0	10.0	-25.0	16r_2b	16.0	2.0	bipolar		[8428. 1288. 3303.]	[8428. 1238. 3303.]
2037.6595	2.0	trials	1.0	2.0	75.0	biphasic	0.0	100.0	1.0	10.0	-25.0	16r_2b	16.0	2.0	bipolar		[8428. 1288. 3303.]	[8428. 1238. 3303.]
2039.6615	2.0	trials	1.0	2.0	75.0	biphasic	0.0	100.0	1.0	10.0	-25.0	16r_2b	16.0	2.0	bipolar		[8428. 1288. 3303.]	[8428. 1238. 3303.]
2041.6635	2.0	trials	1.0	2.0	75.0	biphasic	0.0	100.0	1.0	10.0	-25.0	16r_2b	16.0	2.0	bipolar		[8428. 1288. 3303.]	[8428. 1238. 3303.]
2043.6654666666666	2.0	trials	1.0	2.0	75.0	biphasic	0.0	100.0	1.0	10.0	-25.0	16r_2b	16.0	2.0	bipolar		[8428. 1288. 3303.]	[8428. 1238. 3303.]
2045.6674666666668	2.0	trials	1.0	2.0	75.0	biphasic	0.0	100.0	1.0	10.0	-25.0	16r_2b	16.0	2.0	bipolar		[8428. 1288. 3303.]	[8428. 1238. 3303.]
2047.6694666666667	2.0	trials	1.0	2.0	75.0	biphasic	0.0	100.0	1.0	10.0	-25.0	16r_2b	16.0	2.0	bipolar		[8428. 1288. 3303.]	[8428. 1238. 3303.]
2049.6713332245226	2.0	trials	1.0	2.0	75.0	biphasic	0.0	100.0	1.0	10.0	-25.0	16r_2b	16.0	2.0	bipolar		[8428. 1288. 3303.]	[8428. 1238. 3303.]
2051.6734666666666	2.0	trials	1.0	2.0	75.0	biphasic	0.0	100.0	1.0	10.0	-25.0	16r_2b	16.0	2.0	bipolar		[8428. 1288. 3303.]	[8428. 1238. 3303.]
2053.6756003695054	2.0	trials	1.0	2.0	75.0	biphasic	0.0	100.0	1.0	10.0	-25.0	16r_2b	16.0	2.0	bipolar		[8428. 1288. 3303.]	[8428. 1238. 3303.]
2055.677332833507	2.0	trials	1.0	2.0	75.0	biphasic	0.0	100.0	1.0	10.0	-25.0	16r_2b	16.0	2.0	bipolar		[8428. 1288. 3303.]	[8428. 1238. 3303.]
2057.679567296847	2.0	trials	1.0	2.0	75.0	biphasic	0.0	100.0	1.0	10.0	-25.0	16r_2b	16.0	2.0	bipolar		[8428. 1288. 3303.]	[8428. 1238. 3303.]
2059.681433333333	2.0	trials	1.0	2.0	75.0	biphasic	0.0	100.0	1.0	10.0	-25.0	16r_2b	16.0	2.0	bipolar		[8428. 1288. 3303.]	[8428. 1238. 3303.]
2061.683433333333	2.0	trials	1.0	2.0	75.0	biphasic	0.0	100.0	1.0	10.0	-25.0	16r_2b	16.0	2.0	bipolar		[8428. 1288. 3303.]	[8428. 1238. 3303.]
2063.6854333333335	2.0	trials	1.0	2.0	75.0	biphasic	0.0	100.0	1.0	10.0	-25.0	16r_2b	16.0	2.0	bipolar		[8428. 1288. 3303.]	[8428. 1238. 3303.]
2065.6872988484834	2.0	trials	1.0	2.0	75.0	biphasic	0.0	100.0	1.0	10.0	-25.0	16r_2b	16.0	2.0	bipolar		[8428. 1288. 3303.]	[8428. 1238. 3303.]
2067.6895679485397	2.0	trials	1.0	2.0	75.0	biphasic	0.0	100.0	1.0	10.0	-25.0	16r_2b	16.0	2.0	bipolar		[8428. 1288. 3303.]	[8428. 1238. 3303.]
2069.6914333333334	2.0	trials	1.0	2.0	75.0	biphasic	0.0	100.0	1.0	10.0	-25.0	16r_2b	16.0	2.0	bipolar		[8428. 1288. 3303.]	[8428. 1238. 3303.]
2071.6934	2.0	trials	1.0	2.0	75.0	biphasic	0.0	100.0	1.0	10.0	-25.0	16r_2b	16.0	2.0	bipolar		[8428. 1288. 3303.]	[8428. 1238. 3303.]
2073.6954	2.0	trials	1.0	2.0	75.0	biphasic	0.0	100.0	1.0	10.0	-25.0	16r_2b	16.0	2.0	bipolar		[8428. 1288. 3303.]	[8428. 1238. 3303.]
2075.697264863459	2.0	trials	1.0	2.0	75.0	biphasic	0.0	100.0	1.0	10.0	-25.0	16r_2b	16.0	2.0	bipolar		[8428. 1288. 3303.]	[8428. 1238. 3303.]
2077.699535266897	2.0	trials	1.0	2.0	75.0	biphasic	0.0	100.0	1.0	10.0	-25.0	16r_2b	16.0	2.0	bipolar		[8428. 1288. 3303.]	[8428. 1238. 3303.]
2079.7015353972356	2.0	trials	1.0	2.0	75.0	biphasic	0.0	100.0	1.0	10.0	-25.0	16r_2b	16.0	2.0	bipolar		[8428. 1288. 3303.]	[8428. 1238. 3303.]
2081.7032644724436	2.0	trials	1.0	2.0	75.0	biphasic	0.0	100.0	1.0	10.0	-25.0	16r_2b	16.0	2.0	bipolar		[8428. 1288. 3303.]	[8428. 1238. 3303.]
2083.7054	2.0	trials	1.0	2.0	75.0	biphasic	0.0	100.0	1.0	10.0	-25.0	16r_2b	16.0	2.0	bipolar		[8428. 1288. 3303.]	[8428. 1238. 3303.]
2085.7073666666665	2.0	trials	1.0	2.0	75.0	biphasic	0.0	100.0	1.0	10.0	-25.0	16r_2b	16.0	2.0	bipolar		[8428. 1288. 3303.]	[8428. 1238. 3303.]
2087.7093666666665	2.0	trials	1.0	2.0	75.0	biphasic	0.0	100.0	1.0	10.0	-25.0	16r_2b	16.0	2.0	bipolar		[8428. 1288. 3303.]	[8428. 1238. 3303.]
2089.711366666667	2.0	trials	1.0	2.0	75.0	biphasic	0.0	100.0	1.0	10.0	-25.0	16r_2b	16.0	2.0	bipolar		[8428. 1288. 3303.]	[8428. 1238. 3303.]
2091.71323048742	2.0	trials	1.0	2.0	75.0	biphasic	0.0	100.0	1.0	10.0	-25.0	16r_2b	16.0	2.0	bipolar		[8428. 1288. 3303.]	[8428. 1238. 3303.]
2093.71550297627	2.0	trials	1.0	2.0	75.0	biphasic	0.0	100.0	1.0	10.0	-25.0	16r_2b	16.0	2.0	bipolar		[8428. 1288. 3303.]	[8428. 1238. 3303.]
2095.7173666666667	2.0	trials	1.0	2.0	75.0	biphasic	0.0	100.0	1.0	10.0	-25.0	16r_2b	16.0	2.0	bipolar		[8428. 1288. 3303.]	[8428. 1238. 3303.]
2097.7193666666667	2.0	trials	1.0	2.0	75.0	biphasic	0.0	100.0	1.0	10.0	-25.0	16r_2b	16.0	2.0	bipolar		[8428. 1288. 3303.]	[8428. 1238. 3303.]
2099.7213333333334	2.0	trials	1.0	2.0	75.0	biphasic	0.0	100.0	1.0	10.0	-25.0	16r_2b	16.0	2.0	bipolar		[8428. 1288. 3303.]	[8428. 1238. 3303.]
2101.723196502396	2.0	trials	1.0	2.0	75.0	biphasic	0.0	100.0	1.0	10.0	-25.0	16r_2b	16.0	2.0	bipolar		[8428. 1288. 3303.]	[8428. 1238. 3303.]
2103.725470294627	2.0	trials	1.0	2.0	75.0	biphasic	0.0	100.0	1.0	10.0	-25.0	16r_2b	16.0	2.0	bipolar		[8428. 1288. 3303.]	[8428. 1238. 3303.]
2105.7273333333333	2.0	trials	1.0	2.0	75.0	biphasic	0.0	100.0	1.0	10.0	-25.0	16r_2b	16.0	2.0	bipolar		[8428. 1288. 3303.]	[8428. 1238. 3303.]
2107.729333333333	2.0	trials	1.0	2.0	75.0	biphasic	0.0	100.0	1.0	10.0	-25.0	16r_2b	16.0	2.0	bipolar		[8428. 1288. 3303.]	[8428. 1238. 3303.]
2109.731333333333	2.0	trials	1.0	2.0	75.0	biphasic	0.0	100.0	1.0	10.0	-25.0	16r_2b	16.0	2.0	bipolar		[8428. 1288. 3303.]	[8428. 1238. 3303.]
2111.7331958507034	2.0	trials	1.0	2.0	75.0	biphasic	0.0	100.0	1.0	10.0	-25.0	16r_2b	16.0	2.0	bipolar		[8428. 1288. 3303.]	[8428. 1238. 3303.]
2113.7354376129842	2.0	trials	1.0	2.0	75.0	biphasic	0.0	100.0	1.0	10.0	-25.0	16r_2b	16.0	2.0	bipolar		[8428. 1288. 3303.]	[8428. 1238. 3303.]
2115.7373	2.0	trials	1.0	2.0	75.0	biphasic	0.0	100.0	1.0	10.0	-25.0	16r_2b	16.0	2.0	bipolar		[8428. 1288. 3303.]	[8428. 1238. 3303.]
2117.7393	2.0	trials	1.0	2.0	75.0	biphasic	0.0	100.0	1.0	10.0	-25.0	16r_2b	16.0	2.0	bipolar		[8428. 1288. 3303.]	[8428. 1238. 3303.]
2119.741438004	2.0	trials	1.0	2.0	75.0	biphasic	0.0	100.0	1.0	10.0	-25.0	16r_2b	16.0	2.0	bipolar		[8428. 1288. 3303.]	[8428. 1238. 3303.]
2121.7433	2.0	trials	1.0	2.0	75.0	biphasic	0.0	100.0	1.0	10.0	-25.0	16r_2b	16.0	2.0	bipolar		[8428. 1288. 3303.]	[8428. 1238. 3303.]
2123.7453	2.0	trials	1.0	2.0	75.0	biphasic	0.0	100.0	1.0	10.0	-25.0	16r_2b	16.0	2.0	bipolar		[8428. 1288. 3303.]	[8428. 1238. 3303.]
2125.7473	2.0	trials	1.0	2.0	75.0	biphasic	0.0	100.0	1.0	10.0	-25.0	16r_2b	16.0	2.0	bipolar		[8428. 1288. 3303.]	[8428. 1238. 3303.]
2127.749161474664	2.0	trials	1.0	2.0	75.0	biphasic	0.0	100.0	1.0	10.0	-25.0	16r_2b	16.0	2.0	bipolar		[8428. 1288. 3303.]	[8428. 1238. 3303.]
2129.751405322357	2.0	trials	1.0	2.0	75.0	biphasic	0.0	100.0	1.0	10.0	-25.0	16r_2b	16.0	2.0	bipolar		[8428. 1288. 3303.]	[8428. 1238. 3303.]
2131.7532666666666	2.0	trials	1.0	2.0	75.0	biphasic	0.0	100.0	1.0	10.0	-25.0	16r_2b	16.0	2.0	bipolar		[8428. 1288. 3303.]	[8428. 1238. 3303.]
2133.7552666666666	2.0	trials	1.0	2.0	75.0	biphasic	0.0	100.0	1.0	10.0	-25.0	16r_2b	16.0	2.0	bipolar		[8428. 1288. 3303.]	[8428. 1238. 3303.]
2135.7572666666665	2.0	trials	1.0	2.0	75.0	biphasic	0.0	100.0	1.0	10.0	-25.0	16r_2b	16.0	2.0	bipolar		[8428. 1288. 3303.]	[8428. 1238. 3303.]
2137.75912748964	2.0	trials	1.0	2.0	75.0	biphasic	0.0	100.0	1.0	10.0	-25.0	16r_2b	16.0	2.0	bipolar		[8428. 1288. 3303.]	[8428. 1238. 3303.]
2139.76140597405	2.0	trials	1.0	2.0	75.0	biphasic	0.0	100.0	1.0	10.0	-25.0	16r_2b	16.0	2.0	bipolar		[8428. 1288. 3303.]	[8428. 1238. 3303.]
2152.7247333333335	2.0	trials	1.0	2.0	75.0	biphasic	1.0	100.0	1.0	10.0	25.0	16r_2b	16.0	2.0	bipolar		[8428. 1288. 3303.]	[8428. 1238. 3303.]
2154.7267333333334	2.0	trials	1.0	2.0	75.0	biphasic	1.0	100.0	1.0	10.0	25.0	16r_2b	16.0	2.0	bipolar		[8428. 1288. 3303.]	[8428. 1238. 3303.]
2156.7287333333334	2.0	trials	1.0	2.0	75.0	biphasic	1.0	100.0	1.0	10.0	25.0	16r_2b	16.0	2.0	bipolar		[8428. 1288. 3303.]	[8428. 1238. 3303.]
2158.730873875708	2.0	trials	1.0	2.0	75.0	biphasic	1.0	100.0	1.0	10.0	25.0	16r_2b	16.0	2.0	bipolar		[8428. 1288. 3303.]	[8428. 1238. 3303.]
2160.7327333333333	2.0	trials	1.0	2.0	75.0	biphasic	1.0	100.0	1.0	10.0	25.0	16r_2b	16.0	2.0	bipolar		[8428. 1288. 3303.]	[8428. 1238. 3303.]
2162.734874136385	2.0	trials	1.0	2.0	75.0	biphasic	1.0	100.0	1.0	10.0	25.0	16r_2b	16.0	2.0	bipolar		[8428. 1288. 3303.]	[8428. 1238. 3303.]
2164.7367	2.0	trials	1.0	2.0	75.0	biphasic	1.0	100.0	1.0	10.0	25.0	16r_2b	16.0	2.0	bipolar		[8428. 1288. 3303.]	[8428. 1238. 3303.]
2166.7387	2.0	trials	1.0	2.0	75.0	biphasic	1.0	100.0	1.0	10.0	25.0	16r_2b	16.0	2.0	bipolar		[8428. 1288. 3303.]	[8428. 1238. 3303.]
2168.740841194065	2.0	trials	1.0	2.0	75.0	biphasic	1.0	100.0	1.0	10.0	25.0	16r_2b	16.0	2.0	bipolar		[8428. 1288. 3303.]	[8428. 1238. 3303.]
2170.742558675615	2.0	trials	1.0	2.0	75.0	biphasic	1.0	100.0	1.0	10.0	25.0	16r_2b	16.0	2.0	bipolar		[8428. 1288. 3303.]	[8428. 1238. 3303.]
2172.744841454742	2.0	trials	1.0	2.0	75.0	biphasic	1.0	100.0	1.0	10.0	25.0	16r_2b	16.0	2.0	bipolar		[8428. 1288. 3303.]	[8428. 1238. 3303.]
2174.7467	2.0	trials	1.0	2.0	75.0	biphasic	1.0	100.0	1.0	10.0	25.0	16r_2b	16.0	2.0	bipolar		[8428. 1288. 3303.]	[8428. 1238. 3303.]
2176.7487	2.0	trials	1.0	2.0	75.0	biphasic	1.0	100.0	1.0	10.0	25.0	16r_2b	16.0	2.0	bipolar		[8428. 1288. 3303.]	[8428. 1238. 3303.]
2178.7507	2.0	trials	1.0	2.0	75.0	biphasic	1.0	100.0	1.0	10.0	25.0	16r_2b	16.0	2.0	bipolar		[8428. 1288. 3303.]	[8428. 1238. 3303.]
2180.7525246905907	2.0	trials	1.0	2.0	75.0	biphasic	1.0	100.0	1.0	10.0	25.0	16r_2b	16.0	2.0	bipolar		[8428. 1288. 3303.]	[8428. 1238. 3303.]
2182.7548087730997	2.0	trials	1.0	2.0	75.0	biphasic	1.0	100.0	1.0	10.0	25.0	16r_2b	16.0	2.0	bipolar		[8428. 1288. 3303.]	[8428. 1238. 3303.]
2184.756808903438	2.0	trials	1.0	2.0	75.0	biphasic	1.0	100.0	1.0	10.0	25.0	16r_2b	16.0	2.0	bipolar		[8428. 1288. 3303.]	[8428. 1238. 3303.]
2186.7586666666666	2.0	trials	1.0	2.0	75.0	biphasic	1.0	100.0	1.0	10.0	25.0	16r_2b	16.0	2.0	bipolar		[8428. 1288. 3303.]	[8428. 1238. 3303.]
2188.7606666666666	2.0	trials	1.0	2.0	75.0	biphasic	1.0	100.0	1.0	10.0	25.0	16r_2b	16.0	2.0	bipolar		[8428. 1288. 3303.]	[8428. 1238. 3303.]
2190.7626666666665	2.0	trials	1.0	2.0	75.0	biphasic	1.0	100.0	1.0	10.0	25.0	16r_2b	16.0	2.0	bipolar		[8428. 1288. 3303.]	[8428. 1238. 3303.]
2192.7645239085596	2.0	trials	1.0	2.0	75.0	biphasic	1.0	100.0	1.0	10.0	25.0	16r_2b	16.0	2.0	bipolar		[8428. 1288. 3303.]	[8428. 1238. 3303.]
2194.766776221795	2.0	trials	1.0	2.0	75.0	biphasic	1.0	100.0	1.0	10.0	25.0	16r_2b	16.0	2.0	bipolar		[8428. 1288. 3303.]	[8428. 1238. 3303.]
2196.7684903145514	2.0	trials	1.0	2.0	75.0	biphasic	1.0	100.0	1.0	10.0	25.0	16r_2b	16.0	2.0	bipolar		[8428. 1288. 3303.]	[8428. 1238. 3303.]
2198.7706333333335	2.0	trials	1.0	2.0	75.0	biphasic	1.0	100.0	1.0	10.0	25.0	16r_2b	16.0	2.0	bipolar		[8428. 1288. 3303.]	[8428. 1238. 3303.]
2200.7726333333335	2.0	trials	1.0	2.0	75.0	biphasic	1.0	100.0	1.0	10.0	25.0	16r_2b	16.0	2.0	bipolar		[8428. 1288. 3303.]	[8428. 1238. 3303.]
2202.7746333333334	2.0	trials	1.0	2.0	75.0	biphasic	1.0	100.0	1.0	10.0	25.0	16r_2b	16.0	2.0	bipolar		[8428. 1288. 3303.]	[8428. 1238. 3303.]
2204.7766333333334	2.0	trials	1.0	2.0	75.0	biphasic	1.0	100.0	1.0	10.0	25.0	16r_2b	16.0	2.0	bipolar		[8428. 1288. 3303.]	[8428. 1238. 3303.]
2206.7784896628586	2.0	trials	1.0	2.0	75.0	biphasic	1.0	100.0	1.0	10.0	25.0	16r_2b	16.0	2.0	bipolar		[8428. 1288. 3303.]	[8428. 1238. 3303.]
2208.780777134165	2.0	trials	1.0	2.0	75.0	biphasic	1.0	100.0	1.0	10.0	25.0	16r_2b	16.0	2.0	bipolar		[8428. 1288. 3303.]	[8428. 1238. 3303.]
2210.7826	2.0	trials	1.0	2.0	75.0	biphasic	1.0	100.0	1.0	10.0	25.0	16r_2b	16.0	2.0	bipolar		[8428. 1288. 3303.]	[8428. 1238. 3303.]
2212.7846	2.0	trials	1.0	2.0	75.0	biphasic	1.0	100.0	1.0	10.0	25.0	16r_2b	16.0	2.0	bipolar		[8428. 1288. 3303.]	[8428. 1238. 3303.]
2214.7866	2.0	trials	1.0	2.0	75.0	biphasic	1.0	100.0	1.0	10.0	25.0	16r_2b	16.0	2.0	bipolar		[8428. 1288. 3303.]	[8428. 1238. 3303.]
2216.788455677835	2.0	trials	1.0	2.0	75.0	biphasic	1.0	100.0	1.0	10.0	25.0	16r_2b	16.0	2.0	bipolar		[8428. 1288. 3303.]	[8428. 1238. 3303.]
2218.7907444525226	2.0	trials	1.0	2.0	75.0	biphasic	1.0	100.0	1.0	10.0	25.0	16r_2b	16.0	2.0	bipolar		[8428. 1288. 3303.]	[8428. 1238. 3303.]
2220.792744582861	2.0	trials	1.0	2.0	75.0	biphasic	1.0	100.0	1.0	10.0	25.0	16r_2b	16.0	2.0	bipolar		[8428. 1288. 3303.]	[8428. 1238. 3303.]
2222.7946	2.0	trials	1.0	2.0	75.0	biphasic	1.0	100.0	1.0	10.0	25.0	16r_2b	16.0	2.0	bipolar		[8428. 1288. 3303.]	[8428. 1238. 3303.]
2224.796566666667	2.0	trials	1.0	2.0	75.0	biphasic	1.0	100.0	1.0	10.0	25.0	16r_2b	16.0	2.0	bipolar		[8428. 1288. 3303.]	[8428. 1238. 3303.]
2226.798566666667	2.0	trials	1.0	2.0	75.0	biphasic	1.0	100.0	1.0	10.0	25.0	16r_2b	16.0	2.0	bipolar		[8428. 1288. 3303.]	[8428. 1238. 3303.]
2228.8004215624724	2.0	trials	1.0	2.0	75.0	biphasic	1.0	100.0	1.0	10.0	25.0	16r_2b	16.0	2.0	bipolar		[8428. 1288. 3303.]	[8428. 1238. 3303.]
2230.8025666666667	2.0	trials	1.0	2.0	75.0	biphasic	1.0	100.0	1.0	10.0	25.0	16r_2b	16.0	2.0	bipolar		[8428. 1288. 3303.]	[8428. 1238. 3303.]
2232.8045666666667	2.0	trials	1.0	2.0	75.0	biphasic	1.0	100.0	1.0	10.0	25.0	16r_2b	16.0	2.0	bipolar		[8428. 1288. 3303.]	[8428. 1238. 3303.]
2234.806712161895	2.0	trials	1.0	2.0	75.0	biphasic	1.0	100.0	1.0	10.0	25.0	16r_2b	16.0	2.0	bipolar		[8428. 1288. 3303.]	[8428. 1238. 3303.]
2236.8085666666666	2.0	trials	1.0	2.0	75.0	biphasic	1.0	100.0	1.0	10.0	25.0	16r_2b	16.0	2.0	bipolar		[8428. 1288. 3303.]	[8428. 1238. 3303.]
2238.8105666666665	2.0	trials	1.0	2.0	75.0	biphasic	1.0	100.0	1.0	10.0	25.0	16r_2b	16.0	2.0	bipolar		[8428. 1288. 3303.]	[8428. 1238. 3303.]
2240.8126792195753	2.0	trials	1.0	2.0	75.0	biphasic	1.0	100.0	1.0	10.0	25.0	16r_2b	16.0	2.0	bipolar		[8428. 1288. 3303.]	[8428. 1238. 3303.]
2242.8143873167714	2.0	trials	1.0	2.0	75.0	biphasic	1.0	100.0	1.0	10.0	25.0	16r_2b	16.0	2.0	bipolar		[8428. 1288. 3303.]	[8428. 1238. 3303.]
2244.816533333333	2.0	trials	1.0	2.0	75.0	biphasic	1.0	100.0	1.0	10.0	25.0	16r_2b	16.0	2.0	bipolar		[8428. 1288. 3303.]	[8428. 1238. 3303.]
2246.818533333333	2.0	trials	1.0	2.0	75.0	biphasic	1.0	100.0	1.0	10.0	25.0	16r_2b	16.0	2.0	bipolar		[8428. 1288. 3303.]	[8428. 1238. 3303.]
2248.820386925756	2.0	trials	1.0	2.0	75.0	biphasic	1.0	100.0	1.0	10.0	25.0	16r_2b	16.0	2.0	bipolar		[8428. 1288. 3303.]	[8428. 1238. 3303.]
2250.8225333333335	2.0	trials	1.0	2.0	75.0	biphasic	1.0	100.0	1.0	10.0	25.0	16r_2b	16.0	2.0	bipolar		[8428. 1288. 3303.]	[8428. 1238. 3303.]
2252.8245333333334	2.0	trials	1.0	2.0	75.0	biphasic	1.0	100.0	1.0	10.0	25.0	16r_2b	16.0	2.0	bipolar		[8428. 1288. 3303.]	[8428. 1238. 3303.]
2254.8266801319455	2.0	trials	1.0	2.0	75.0	biphasic	1.0	100.0	1.0	10.0	25.0	16r_2b	16.0	2.0	bipolar		[8428. 1288. 3303.]	[8428. 1238. 3303.]
2256.8285	2.0	trials	1.0	2.0	75.0	biphasic	1.0	100.0	1.0	10.0	25.0	16r_2b	16.0	2.0	bipolar		[8428. 1288. 3303.]	[8428. 1238. 3303.]
2258.8305	2.0	trials	1.0	2.0	75.0	biphasic	1.0	100.0	1.0	10.0	25.0	16r_2b	16.0	2.0	bipolar		[8428. 1288. 3303.]	[8428. 1238. 3303.]
2260.8326471896253	2.0	trials	1.0	2.0	75.0	biphasic	1.0	100.0	1.0	10.0	25.0	16r_2b	16.0	2.0	bipolar		[8428. 1288. 3303.]	[8428. 1238. 3303.]
2262.8345	2.0	trials	1.0	2.0	75.0	biphasic	1.0	100.0	1.0	10.0	25.0	16r_2b	16.0	2.0	bipolar		[8428. 1288. 3303.]	[8428. 1238. 3303.]
2264.8365	2.0	trials	1.0	2.0	75.0	biphasic	1.0	100.0	1.0	10.0	25.0	16r_2b	16.0	2.0	bipolar		[8428. 1288. 3303.]	[8428. 1238. 3303.]
2266.838647580641	2.0	trials	1.0	2.0	75.0	biphasic	1.0	100.0	1.0	10.0	25.0	16r_2b	16.0	2.0	bipolar		[8428. 1288. 3303.]	[8428. 1238. 3303.]
2268.8403522890394	2.0	trials	1.0	2.0	75.0	biphasic	1.0	100.0	1.0	10.0	25.0	16r_2b	16.0	2.0	bipolar		[8428. 1288. 3303.]	[8428. 1238. 3303.]
2270.8425	2.0	trials	1.0	2.0	75.0	biphasic	1.0	100.0	1.0	10.0	25.0	16r_2b	16.0	2.0	bipolar		[8428. 1288. 3303.]	[8428. 1238. 3303.]
2272.8444666666664	2.0	trials	1.0	2.0	75.0	biphasic	1.0	100.0	1.0	10.0	25.0	16r_2b	16.0	2.0	bipolar		[8428. 1288. 3303.]	[8428. 1238. 3303.]
2274.846318564693	2.0	trials	1.0	2.0	75.0	biphasic	1.0	100.0	1.0	10.0	25.0	16r_2b	16.0	2.0	bipolar		[8428. 1288. 3303.]	[8428. 1238. 3303.]
2276.848466666667	2.0	trials	1.0	2.0	75.0	biphasic	1.0	100.0	1.0	10.0	25.0	16r_2b	16.0	2.0	bipolar		[8428. 1288. 3303.]	[8428. 1238. 3303.]
2278.8504666666668	2.0	trials	1.0	2.0	75.0	biphasic	1.0	100.0	1.0	10.0	25.0	16r_2b	16.0	2.0	bipolar		[8428. 1288. 3303.]	[8428. 1238. 3303.]
2280.8526151596757	2.0	trials	1.0	2.0	75.0	biphasic	1.0	100.0	1.0	10.0	25.0	16r_2b	16.0	2.0	bipolar		[8428. 1288. 3303.]	[8428. 1238. 3303.]
2282.8544666666667	2.0	trials	1.0	2.0	75.0	biphasic	1.0	100.0	1.0	10.0	25.0	16r_2b	16.0	2.0	bipolar		[8428. 1288. 3303.]	[8428. 1238. 3303.]
2284.8564666666666	2.0	trials	1.0	2.0	75.0	biphasic	1.0	100.0	1.0	10.0	25.0	16r_2b	16.0	2.0	bipolar		[8428. 1288. 3303.]	[8428. 1238. 3303.]
2286.8585822173554	2.0	trials	1.0	2.0	75.0	biphasic	1.0	100.0	1.0	10.0	25.0	16r_2b	16.0	2.0	bipolar		[8428. 1288. 3303.]	[8428. 1238. 3303.]
2288.860284318992	2.0	trials	1.0	2.0	75.0	biphasic	1.0	100.0	1.0	10.0	25.0	16r_2b	16.0	2.0	bipolar		[8428. 1288. 3303.]	[8428. 1238. 3303.]
2290.8624333333332	2.0	trials	1.0	2.0	75.0	biphasic	1.0	100.0	1.0	10.0	25.0	16r_2b	16.0	2.0	bipolar		[8428. 1288. 3303.]	[8428. 1238. 3303.]
2292.864433333333	2.0	trials	1.0	2.0	75.0	biphasic	1.0	100.0	1.0	10.0	25.0	16r_2b	16.0	2.0	bipolar		[8428. 1288. 3303.]	[8428. 1238. 3303.]
2294.8662839279764	2.0	trials	1.0	2.0	75.0	biphasic	1.0	100.0	1.0	10.0	25.0	16r_2b	16.0	2.0	bipolar		[8428. 1288. 3303.]	[8428. 1238. 3303.]
2296.8684333333335	2.0	trials	1.0	2.0	75.0	biphasic	1.0	100.0	1.0	10.0	25.0	16r_2b	16.0	2.0	bipolar		[8428. 1288. 3303.]	[8428. 1238. 3303.]
2298.8704333333335	2.0	trials	1.0	2.0	75.0	biphasic	1.0	100.0	1.0	10.0	25.0	16r_2b	16.0	2.0	bipolar		[8428. 1288. 3303.]	[8428. 1238. 3303.]
2300.872283536961	2.0	trials	1.0	2.0	75.0	biphasic	1.0	100.0	1.0	10.0	25.0	16r_2b	16.0	2.0	bipolar		[8428. 1288. 3303.]	[8428. 1238. 3303.]
2325.8554	2.0	trials	1.0	2.0	75.0	biphasic	2.0	100.0	1.0	10.0	-50.0	16r_2b	16.0	2.0	bipolar		[8428. 1288. 3303.]	[8428. 1238. 3303.]
2327.8574	2.0	trials	1.0	2.0	75.0	biphasic	2.0	100.0	1.0	10.0	-50.0	16r_2b	16.0	2.0	bipolar		[8428. 1288. 3303.]	[8428. 1238. 3303.]
2329.8592483164553	2.0	trials	1.0	2.0	75.0	biphasic	2.0	100.0	1.0	10.0	-50.0	16r_2b	16.0	2.0	bipolar		[8428. 1288. 3303.]	[8428. 1238. 3303.]
2331.8614	2.0	trials	1.0	2.0	75.0	biphasic	2.0	100.0	1.0	10.0	-50.0	16r_2b	16.0	2.0	bipolar		[8428. 1288. 3303.]	[8428. 1238. 3303.]
2333.8634	2.0	trials	1.0	2.0	75.0	biphasic	2.0	100.0	1.0	10.0	-50.0	16r_2b	16.0	2.0	bipolar		[8428. 1288. 3303.]	[8428. 1238. 3303.]
2335.86555207458	2.0	trials	1.0	2.0	75.0	biphasic	2.0	100.0	1.0	10.0	-50.0	16r_2b	16.0	2.0	bipolar		[8428. 1288. 3303.]	[8428. 1238. 3303.]
2337.8674	2.0	trials	1.0	2.0	75.0	biphasic	2.0	100.0	1.0	10.0	-50.0	16r_2b	16.0	2.0	bipolar		[8428. 1288. 3303.]	[8428. 1238. 3303.]
2339.869366666667	2.0	trials	1.0	2.0	75.0	biphasic	2.0	100.0	1.0	10.0	-50.0	16r_2b	16.0	2.0	bipolar		[8428. 1288. 3303.]	[8428. 1238. 3303.]
2341.8715191322603	2.0	trials	1.0	2.0	75.0	biphasic	2.0	100.0	1.0	10.0	-50.0	16r_2b	16.0	2.0	bipolar		[8428. 1288. 3303.]	[8428. 1238. 3303.]
2343.8732140707543	2.0	trials	1.0	2.0	75.0	biphasic	2.0	100.0	1.0	10.0	-50.0	16r_2b	16.0	2.0	bipolar		[8428. 1288. 3303.]	[8428. 1238. 3303.]
2345.8753666666667	2.0	trials	1.0	2.0	75.0	biphasic	2.0	100.0	1.0	10.0	-50.0	16r_2b	16.0	2.0	bipolar		[8428. 1288. 3303.]	[8428. 1238. 3303.]
2347.877519523276	2.0	trials	1.0	2.0	75.0	biphasic	2.0	100.0	1.0	10.0	-50.0	16r_2b	16.0	2.0	bipolar		[8428. 1288. 3303.]	[8428. 1238. 3303.]
2349.8792136797388	2.0	trials	1.0	2.0	75.0	biphasic	2.0	100.0	1.0	10.0	-50.0	16r_2b	16.0	2.0	bipolar		[8428. 1288. 3303.]	[8428. 1238. 3303.]
2351.8813666666665	2.0	trials	1.0	2.0	75.0	biphasic	2.0	100.0	1.0	10.0	-50.0	16r_2b	16.0	2.0	bipolar		[8428. 1288. 3303.]	[8428. 1238. 3303.]
2353.8833666666665	2.0	trials	1.0	2.0	75.0	biphasic	2.0	100.0	1.0	10.0	-50.0	16r_2b	16.0	2.0	bipolar		[8428. 1288. 3303.]	[8428. 1238. 3303.]
2355.885179955392	2.0	trials	1.0	2.0	75.0	biphasic	2.0	100.0	1.0	10.0	-50.0	16r_2b	16.0	2.0	bipolar		[8428. 1288. 3303.]	[8428. 1238. 3303.]
2357.887333333333	2.0	trials	1.0	2.0	75.0	biphasic	2.0	100.0	1.0	10.0	-50.0	16r_2b	16.0	2.0	bipolar		[8428. 1288. 3303.]	[8428. 1238. 3303.]
2359.8893333333335	2.0	trials	1.0	2.0	75.0	biphasic	2.0	100.0	1.0	10.0	-50.0	16r_2b	16.0	2.0	bipolar		[8428. 1288. 3303.]	[8428. 1238. 3303.]
2361.8914871023103	2.0	trials	1.0	2.0	75.0	biphasic	2.0	100.0	1.0	10.0	-50.0	16r_2b	16.0	2.0	bipolar		[8428. 1288. 3303.]	[8428. 1238. 3303.]
2363.893179434038	2.0	trials	1.0	2.0	75.0	biphasic	2.0	100.0	1.0	10.0	-50.0	16r_2b	16.0	2.0	bipolar		[8428. 1288. 3303.]	[8428. 1238. 3303.]
2365.8953333333334	2.0	trials	1.0	2.0	75.0	biphasic	2.0	100.0	1.0	10.0	-50.0	16r_2b	16.0	2.0	bipolar		[8428. 1288. 3303.]	[8428. 1238. 3303.]
2367.897487493326	2.0	trials	1.0	2.0	75.0	biphasic	2.0	100.0	1.0	10.0	-50.0	16r_2b	16.0	2.0	bipolar		[8428. 1288. 3303.]	[8428. 1238. 3303.]
2369.8993333333333	2.0	trials	1.0	2.0	75.0	biphasic	2.0	100.0	1.0	10.0	-50.0	16r_2b	16.0	2.0	bipolar		[8428. 1288. 3303.]	[8428. 1238. 3303.]
2371.9013	2.0	trials	1.0	2.0	75.0	biphasic	2.0	100.0	1.0	10.0	-50.0	16r_2b	16.0	2.0	bipolar		[8428. 1288. 3303.]	[8428. 1238. 3303.]
2373.9034545510062	2.0	trials	1.0	2.0	75.0	biphasic	2.0	100.0	1.0	10.0	-50.0	16r_2b	16.0	2.0	bipolar		[8428. 1288. 3303.]	[8428. 1238. 3303.]
2375.9054546813445	2.0	trials	1.0	2.0	75.0	biphasic	2.0	100.0	1.0	10.0	-50.0	16r_2b	16.0	2.0	bipolar		[8428. 1288. 3303.]	[8428. 1238. 3303.]
2377.9073	2.0	trials	1.0	2.0	75.0	biphasic	2.0	100.0	1.0	10.0	-50.0	16r_2b	16.0	2.0	bipolar		[8428. 1288. 3303.]	[8428. 1238. 3303.]
2379.9093	2.0	trials	1.0	2.0	75.0	biphasic	2.0	100.0	1.0	10.0	-50.0	16r_2b	16.0	2.0	bipolar		[8428. 1288. 3303.]	[8428. 1238. 3303.]
2381.9111449276597	2.0	trials	1.0	2.0	75.0	biphasic	2.0	100.0	1.0	10.0	-50.0	16r_2b	16.0	2.0	bipolar		[8428. 1288. 3303.]	[8428. 1238. 3303.]
2383.9133	2.0	trials	1.0	2.0	75.0	biphasic	2.0	100.0	1.0	10.0	-50.0	16r_2b	16.0	2.0	bipolar		[8428. 1288. 3303.]	[8428. 1238. 3303.]
2385.9153	2.0	trials	1.0	2.0	75.0	biphasic	2.0	100.0	1.0	10.0	-50.0	16r_2b	16.0	2.0	bipolar		[8428. 1288. 3303.]	[8428. 1238. 3303.]
2387.917266666667	2.0	trials	1.0	2.0	75.0	biphasic	2.0	100.0	1.0	10.0	-50.0	16r_2b	16.0	2.0	bipolar		[8428. 1288. 3303.]	[8428. 1238. 3303.]
2389.9192666666668	2.0	trials	1.0	2.0	75.0	biphasic	2.0	100.0	1.0	10.0	-50.0	16r_2b	16.0	2.0	bipolar		[8428. 1288. 3303.]	[8428. 1238. 3303.]
2391.9212666666667	2.0	trials	1.0	2.0	75.0	biphasic	2.0	100.0	1.0	10.0	-50.0	16r_2b	16.0	2.0	bipolar		[8428. 1288. 3303.]	[8428. 1238. 3303.]
2393.9232666666667	2.0	trials	1.0	2.0	75.0	biphasic	2.0	100.0	1.0	10.0	-50.0	16r_2b	16.0	2.0	bipolar		[8428. 1288. 3303.]	[8428. 1238. 3303.]
2395.925422651395	2.0	trials	1.0	2.0	75.0	biphasic	2.0	100.0	1.0	10.0	-50.0	16r_2b	16.0	2.0	bipolar		[8428. 1288. 3303.]	[8428. 1238. 3303.]
2397.9272666666666	2.0	trials	1.0	2.0	75.0	biphasic	2.0	100.0	1.0	10.0	-50.0	16r_2b	16.0	2.0	bipolar		[8428. 1288. 3303.]	[8428. 1238. 3303.]
2399.9292666666665	2.0	trials	1.0	2.0	75.0	biphasic	2.0	100.0	1.0	10.0	-50.0	16r_2b	16.0	2.0	bipolar		[8428. 1288. 3303.]	[8428. 1238. 3303.]
2401.93142304241	2.0	trials	1.0	2.0	75.0	biphasic	2.0	100.0	1.0	10.0	-50.0	16r_2b	16.0	2.0	bipolar		[8428. 1288. 3303.]	[8428. 1238. 3303.]
2403.9332666666664	2.0	trials	1.0	2.0	75.0	biphasic	2.0	100.0	1.0	10.0	-50.0	16r_2b	16.0	2.0	bipolar		[8428. 1288. 3303.]	[8428. 1238. 3303.]
2405.935233333333	2.0	trials	1.0	2.0	75.0	biphasic	2.0	100.0	1.0	10.0	-50.0	16r_2b	16.0	2.0	bipolar		[8428. 1288. 3303.]	[8428. 1238. 3303.]
2407.9370765665967	2.0	trials	1.0	2.0	75.0	biphasic	2.0	100.0	1.0	10.0	-50.0	16r_2b	16.0	2.0	bipolar		[8428. 1288. 3303.]	[8428. 1238. 3303.]
2409.939076436258	2.0	trials	1.0	2.0	75.0	biphasic	2.0	100.0	1.0	10.0	-50.0	16r_2b	16.0	2.0	bipolar		[8428. 1288. 3303.]	[8428. 1238. 3303.]
2411.9412333333335	2.0	trials	1.0	2.0	75.0	biphasic	2.0	100.0	1.0	10.0	-50.0	16r_2b	16.0	2.0	bipolar		[8428. 1288. 3303.]	[8428. 1238. 3303.]
2413.943390491106	2.0	trials	1.0	2.0	75.0	biphasic	2.0	100.0	1.0	10.0	-50.0	16r_2b	16.0	2.0	bipolar		[8428. 1288. 3303.]	[8428. 1238. 3303.]
2415.9452333333334	2.0	trials	1.0	2.0	75.0	biphasic	2.0	100.0	1.0	10.0	-50.0	16r_2b	16.0	2.0	bipolar		[8428. 1288. 3303.]	[8428. 1238. 3303.]
2417.9472333333333	2.0	trials	1.0	2.0	75.0	biphasic	2.0	100.0	1.0	10.0	-50.0	16r_2b	16.0	2.0	bipolar		[8428. 1288. 3303.]	[8428. 1238. 3303.]
2419.9492333333333	2.0	trials	1.0	2.0	75.0	biphasic	2.0	100.0	1.0	10.0	-50.0	16r_2b	16.0	2.0	bipolar		[8428. 1288. 3303.]	[8428. 1238. 3303.]
2421.951357679125	2.0	trials	1.0	2.0	75.0	biphasic	2.0	100.0	1.0	10.0	-50.0	16r_2b	16.0	2.0	bipolar		[8428. 1288. 3303.]	[8428. 1238. 3303.]
2423.9532	2.0	trials	1.0	2.0	75.0	biphasic	2.0	100.0	1.0	10.0	-50.0	16r_2b	16.0	2.0	bipolar		[8428. 1288. 3303.]	[8428. 1238. 3303.]
2425.9552	2.0	trials	1.0	2.0	75.0	biphasic	2.0	100.0	1.0	10.0	-50.0	16r_2b	16.0	2.0	bipolar		[8428. 1288. 3303.]	[8428. 1238. 3303.]
2427.9573580701403	2.0	trials	1.0	2.0	75.0	biphasic	2.0	100.0	1.0	10.0	-50.0	16r_2b	16.0	2.0	bipolar		[8428. 1288. 3303.]	[8428. 1238. 3303.]
2429.9592	2.0	trials	1.0	2.0	75.0	biphasic	2.0	100.0	1.0	10.0	-50.0	16r_2b	16.0	2.0	bipolar		[8428. 1288. 3303.]	[8428. 1238. 3303.]
2431.9612	2.0	trials	1.0	2.0	75.0	biphasic	2.0	100.0	1.0	10.0	-50.0	16r_2b	16.0	2.0	bipolar		[8428. 1288. 3303.]	[8428. 1238. 3303.]
2433.963358461156	2.0	trials	1.0	2.0	75.0	biphasic	2.0	100.0	1.0	10.0	-50.0	16r_2b	16.0	2.0	bipolar		[8428. 1288. 3303.]	[8428. 1238. 3303.]
2435.965041408526	2.0	trials	1.0	2.0	75.0	biphasic	2.0	100.0	1.0	10.0	-50.0	16r_2b	16.0	2.0	bipolar		[8428. 1288. 3303.]	[8428. 1238. 3303.]
2437.967166666667	2.0	trials	1.0	2.0	75.0	biphasic	2.0	100.0	1.0	10.0	-50.0	16r_2b	16.0	2.0	bipolar		[8428. 1288. 3303.]	[8428. 1238. 3303.]
2439.9693255188363	2.0	trials	1.0	2.0	75.0	biphasic	2.0	100.0	1.0	10.0	-50.0	16r_2b	16.0	2.0	bipolar		[8428. 1288. 3303.]	[8428. 1238. 3303.]
2441.9710076841793	2.0	trials	1.0	2.0	75.0	biphasic	2.0	100.0	1.0	10.0	-50.0	16r_2b	16.0	2.0	bipolar		[8428. 1288. 3303.]	[8428. 1238. 3303.]
2443.9731666666667	2.0	trials	1.0	2.0	75.0	biphasic	2.0	100.0	1.0	10.0	-50.0	16r_2b	16.0	2.0	bipolar		[8428. 1288. 3303.]	[8428. 1238. 3303.]
2445.975325909852	2.0	trials	1.0	2.0	75.0	biphasic	2.0	100.0	1.0	10.0	-50.0	16r_2b	16.0	2.0	bipolar		[8428. 1288. 3303.]	[8428. 1238. 3303.]
2447.9770072931638	2.0	trials	1.0	2.0	75.0	biphasic	2.0	100.0	1.0	10.0	-50.0	16r_2b	16.0	2.0	bipolar		[8428. 1288. 3303.]	[8428. 1238. 3303.]
2449.9791666666665	2.0	trials	1.0	2.0	75.0	biphasic	2.0	100.0	1.0	10.0	-50.0	16r_2b	16.0	2.0	bipolar		[8428. 1288. 3303.]	[8428. 1238. 3303.]
2451.9811666666665	2.0	trials	1.0	2.0	75.0	biphasic	2.0	100.0	1.0	10.0	-50.0	16r_2b	16.0	2.0	bipolar		[8428. 1288. 3303.]	[8428. 1238. 3303.]
2453.983326431206	2.0	trials	1.0	2.0	75.0	biphasic	2.0	100.0	1.0	10.0	-50.0	16r_2b	16.0	2.0	bipolar		[8428. 1288. 3303.]	[8428. 1238. 3303.]
2455.985133333333	2.0	trials	1.0	2.0	75.0	biphasic	2.0	100.0	1.0	10.0	-50.0	16r_2b	16.0	2.0	bipolar		[8428. 1288. 3303.]	[8428. 1238. 3303.]
2457.9871333333335	2.0	trials	1.0	2.0	75.0	biphasic	2.0	100.0	1.0	10.0	-50.0	16r_2b	16.0	2.0	bipolar		[8428. 1288. 3303.]	[8428. 1238. 3303.]
2459.9891333333335	2.0	trials	1.0	2.0	75.0	biphasic	2.0	100.0	1.0	10.0	-50.0	16r_2b	16.0	2.0	bipolar		[8428. 1288. 3303.]	[8428. 1238. 3303.]
2461.990973047463	2.0	trials	1.0	2.0	75.0	biphasic	2.0	100.0	1.0	10.0	-50.0	16r_2b	16.0	2.0	bipolar		[8428. 1288. 3303.]	[8428. 1238. 3303.]
2463.9931333333334	2.0	trials	1.0	2.0	75.0	biphasic	2.0	100.0	1.0	10.0	-50.0	16r_2b	16.0	2.0	bipolar		[8428. 1288. 3303.]	[8428. 1238. 3303.]
2465.9951333333333	2.0	trials	1.0	2.0	75.0	biphasic	2.0	100.0	1.0	10.0	-50.0	16r_2b	16.0	2.0	bipolar		[8428. 1288. 3303.]	[8428. 1238. 3303.]
2467.9971333333333	2.0	trials	1.0	2.0	75.0	biphasic	2.0	100.0	1.0	10.0	-50.0	16r_2b	16.0	2.0	bipolar		[8428. 1288. 3303.]	[8428. 1238. 3303.]
2469.9991333333332	2.0	trials	1.0	2.0	75.0	biphasic	2.0	100.0	1.0	10.0	-50.0	16r_2b	16.0	2.0	bipolar		[8428. 1288. 3303.]	[8428. 1238. 3303.]
2472.0011	2.0	trials	1.0	2.0	75.0	biphasic	2.0	100.0	1.0	10.0	-50.0	16r_2b	16.0	2.0	bipolar		[8428. 1288. 3303.]	[8428. 1238. 3303.]
2474.0029389321003	2.0	trials	1.0	2.0	75.0	biphasic	2.0	100.0	1.0	10.0	-50.0	16r_2b	16.0	2.0	bipolar		[8428. 1288. 3303.]	[8428. 1238. 3303.]
2510.2272333333335	2.0	trials	1.0	2.0	75.0	biphasic	3.0	100.0	1.0	10.0	50.0	16r_2b	16.0	2.0	bipolar		[8428. 1288. 3303.]	[8428. 1238. 3303.]
2512.2292333333335	2.0	trials	1.0	2.0	75.0	biphasic	3.0	100.0	1.0	10.0	50.0	16r_2b	16.0	2.0	bipolar		[8428. 1288. 3303.]	[8428. 1238. 3303.]
2514.2310696464147	2.0	trials	1.0	2.0	75.0	biphasic	3.0	100.0	1.0	10.0	50.0	16r_2b	16.0	2.0	bipolar		[8428. 1288. 3303.]	[8428. 1238. 3303.]
2516.2332333333334	2.0	trials	1.0	2.0	75.0	biphasic	3.0	100.0	1.0	10.0	50.0	16r_2b	16.0	2.0	bipolar		[8428. 1288. 3303.]	[8428. 1238. 3303.]
2518.2352333333333	2.0	trials	1.0	2.0	75.0	biphasic	3.0	100.0	1.0	10.0	50.0	16r_2b	16.0	2.0	bipolar		[8428. 1288. 3303.]	[8428. 1238. 3303.]
2520.237397411289	2.0	trials	1.0	2.0	75.0	biphasic	3.0	100.0	1.0	10.0	50.0	16r_2b	16.0	2.0	bipolar		[8428. 1288. 3303.]	[8428. 1238. 3303.]
2522.2392333333332	2.0	trials	1.0	2.0	75.0	biphasic	3.0	100.0	1.0	10.0	50.0	16r_2b	16.0	2.0	bipolar		[8428. 1288. 3303.]	[8428. 1238. 3303.]
2524.2412	2.0	trials	1.0	2.0	75.0	biphasic	3.0	100.0	1.0	10.0	50.0	16r_2b	16.0	2.0	bipolar		[8428. 1288. 3303.]	[8428. 1238. 3303.]
2526.243364468969	2.0	trials	1.0	2.0	75.0	biphasic	3.0	100.0	1.0	10.0	50.0	16r_2b	16.0	2.0	bipolar		[8428. 1288. 3303.]	[8428. 1238. 3303.]
2528.2450354007137	2.0	trials	1.0	2.0	75.0	biphasic	3.0	100.0	1.0	10.0	50.0	16r_2b	16.0	2.0	bipolar		[8428. 1288. 3303.]	[8428. 1238. 3303.]
2530.2472	2.0	trials	1.0	2.0	75.0	biphasic	3.0	100.0	1.0	10.0	50.0	16r_2b	16.0	2.0	bipolar		[8428. 1288. 3303.]	[8428. 1238. 3303.]
2532.2492	2.0	trials	1.0	2.0	75.0	biphasic	3.0	100.0	1.0	10.0	50.0	16r_2b	16.0	2.0	bipolar		[8428. 1288. 3303.]	[8428. 1238. 3303.]
2534.251035009698	2.0	trials	1.0	2.0	75.0	biphasic	3.0	100.0	1.0	10.0	50.0	16r_2b	16.0	2.0	bipolar		[8428. 1288. 3303.]	[8428. 1238. 3303.]
2536.2532	2.0	trials	1.0	2.0	75.0	biphasic	3.0	100.0	1.0	10.0	50.0	16r_2b	16.0	2.0	bipolar		[8428. 1288. 3303.]	[8428. 1238. 3303.]
2538.2552	2.0	trials	1.0	2.0	75.0	biphasic	3.0	100.0	1.0	10.0	50.0	16r_2b	16.0	2.0	bipolar		[8428. 1288. 3303.]	[8428. 1238. 3303.]
2540.257365381339	2.0	trials	1.0	2.0	75.0	biphasic	3.0	100.0	1.0	10.0	50.0	16r_2b	16.0	2.0	bipolar		[8428. 1288. 3303.]	[8428. 1238. 3303.]
2542.2591666666667	2.0	trials	1.0	2.0	75.0	biphasic	3.0	100.0	1.0	10.0	50.0	16r_2b	16.0	2.0	bipolar		[8428. 1288. 3303.]	[8428. 1238. 3303.]
2544.2611666666667	2.0	trials	1.0	2.0	75.0	biphasic	3.0	100.0	1.0	10.0	50.0	16r_2b	16.0	2.0	bipolar		[8428. 1288. 3303.]	[8428. 1238. 3303.]
2546.263332439019	2.0	trials	1.0	2.0	75.0	biphasic	3.0	100.0	1.0	10.0	50.0	16r_2b	16.0	2.0	bipolar		[8428. 1288. 3303.]	[8428. 1238. 3303.]
2548.2651666666666	2.0	trials	1.0	2.0	75.0	biphasic	3.0	100.0	1.0	10.0	50.0	16r_2b	16.0	2.0	bipolar		[8428. 1288. 3303.]	[8428. 1238. 3303.]
2550.2671666666665	2.0	trials	1.0	2.0	75.0	biphasic	3.0	100.0	1.0	10.0	50.0	16r_2b	16.0	2.0	bipolar		[8428. 1288. 3303.]	[8428. 1238. 3303.]
2552.2691666666665	2.0	trials	1.0	2.0	75.0	biphasic	3.0	100.0	1.0	10.0	50.0	16r_2b	16.0	2.0	bipolar		[8428. 1288. 3303.]	[8428. 1238. 3303.]
2554.2710003729817	2.0	trials	1.0	2.0	75.0	biphasic	3.0	100.0	1.0	10.0	50.0	16r_2b	16.0	2.0	bipolar		[8428. 1288. 3303.]	[8428. 1238. 3303.]
2556.273166666667	2.0	trials	1.0	2.0	75.0	biphasic	3.0	100.0	1.0	10.0	50.0	16r_2b	16.0	2.0	bipolar		[8428. 1288. 3303.]	[8428. 1238. 3303.]
2558.2751333333335	2.0	trials	1.0	2.0	75.0	biphasic	3.0	100.0	1.0	10.0	50.0	16r_2b	16.0	2.0	bipolar		[8428. 1288. 3303.]	[8428. 1238. 3303.]
2560.276966648635	2.0	trials	1.0	2.0	75.0	biphasic	3.0	100.0	1.0	10.0	50.0	16r_2b	16.0	2.0	bipolar		[8428. 1288. 3303.]	[8428. 1238. 3303.]
2562.2791333333334	2.0	trials	1.0	2.0	75.0	biphasic	3.0	100.0	1.0	10.0	50.0	16r_2b	16.0	2.0	bipolar		[8428. 1288. 3303.]	[8428. 1238. 3303.]
2564.2811333333334	2.0	trials	1.0	2.0	75.0	biphasic	3.0	100.0	1.0	10.0	50.0	16r_2b	16.0	2.0	bipolar		[8428. 1288. 3303.]	[8428. 1238. 3303.]
2566.283300409069	2.0	trials	1.0	2.0	75.0	biphasic	3.0	100.0	1.0	10.0	50.0	16r_2b	16.0	2.0	bipolar		[8428. 1288. 3303.]	[8428. 1238. 3303.]
2568.2851333333333	2.0	trials	1.0	2.0	75.0	biphasic	3.0	100.0	1.0	10.0	50.0	16r_2b	16.0	2.0	bipolar		[8428. 1288. 3303.]	[8428. 1238. 3303.]
2570.2871333333333	2.0	trials	1.0	2.0	75.0	biphasic	3.0	100.0	1.0	10.0	50.0	16r_2b	16.0	2.0	bipolar		[8428. 1288. 3303.]	[8428. 1238. 3303.]
2572.289133333333	2.0	trials	1.0	2.0	75.0	biphasic	3.0	100.0	1.0	10.0	50.0	16r_2b	16.0	2.0	bipolar		[8428. 1288. 3303.]	[8428. 1238. 3303.]
2574.291133333333	2.0	trials	1.0	2.0	75.0	biphasic	3.0	100.0	1.0	10.0	50.0	16r_2b	16.0	2.0	bipolar		[8428. 1288. 3303.]	[8428. 1238. 3303.]
2576.2931	2.0	trials	1.0	2.0	75.0	biphasic	3.0	100.0	1.0	10.0	50.0	16r_2b	16.0	2.0	bipolar		[8428. 1288. 3303.]	[8428. 1238. 3303.]
2578.2951	2.0	trials	1.0	2.0	75.0	biphasic	3.0	100.0	1.0	10.0	50.0	16r_2b	16.0	2.0	bipolar		[8428. 1288. 3303.]	[8428. 1238. 3303.]
2580.2969320119187	2.0	trials	1.0	2.0	75.0	biphasic	3.0	100.0	1.0	10.0	50.0	16r_2b	16.0	2.0	bipolar		[8428. 1288. 3303.]	[8428. 1238. 3303.]
2582.2991	2.0	trials	1.0	2.0	75.0	biphasic	3.0	100.0	1.0	10.0	50.0	16r_2b	16.0	2.0	bipolar		[8428. 1288. 3303.]	[8428. 1238. 3303.]
2584.3011	2.0	trials	1.0	2.0	75.0	biphasic	3.0	100.0	1.0	10.0	50.0	16r_2b	16.0	2.0	bipolar		[8428. 1288. 3303.]	[8428. 1238. 3303.]
2586.302931620903	2.0	trials	1.0	2.0	75.0	biphasic	3.0	100.0	1.0	10.0	50.0	16r_2b	16.0	2.0	bipolar		[8428. 1288. 3303.]	[8428. 1238. 3303.]
2588.3051	2.0	trials	1.0	2.0	75.0	biphasic	3.0	100.0	1.0	10.0	50.0	16r_2b	16.0	2.0	bipolar		[8428. 1288. 3303.]	[8428. 1238. 3303.]
2590.3071	2.0	trials	1.0	2.0	75.0	biphasic	3.0	100.0	1.0	10.0	50.0	16r_2b	16.0	2.0	bipolar		[8428. 1288. 3303.]	[8428. 1238. 3303.]
2592.3092687701346	2.0	trials	1.0	2.0	75.0	biphasic	3.0	100.0	1.0	10.0	50.0	16r_2b	16.0	2.0	bipolar		[8428. 1288. 3303.]	[8428. 1238. 3303.]
2594.3110666666666	2.0	trials	1.0	2.0	75.0	biphasic	3.0	100.0	1.0	10.0	50.0	16r_2b	16.0	2.0	bipolar		[8428. 1288. 3303.]	[8428. 1238. 3303.]
2596.3130666666666	2.0	trials	1.0	2.0	75.0	biphasic	3.0	100.0	1.0	10.0	50.0	16r_2b	16.0	2.0	bipolar		[8428. 1288. 3303.]	[8428. 1238. 3303.]
2598.3150666666666	2.0	trials	1.0	2.0	75.0	biphasic	3.0	100.0	1.0	10.0	50.0	16r_2b	16.0	2.0	bipolar		[8428. 1288. 3303.]	[8428. 1238. 3303.]
2600.316897375202	2.0	trials	1.0	2.0	75.0	biphasic	3.0	100.0	1.0	10.0	50.0	16r_2b	16.0	2.0	bipolar		[8428. 1288. 3303.]	[8428. 1238. 3303.]
2602.3190666666665	2.0	trials	1.0	2.0	75.0	biphasic	3.0	100.0	1.0	10.0	50.0	16r_2b	16.0	2.0	bipolar		[8428. 1288. 3303.]	[8428. 1238. 3303.]
2604.321066666667	2.0	trials	1.0	2.0	75.0	biphasic	3.0	100.0	1.0	10.0	50.0	16r_2b	16.0	2.0	bipolar		[8428. 1288. 3303.]	[8428. 1238. 3303.]
2606.322896984186	2.0	trials	1.0	2.0	75.0	biphasic	3.0	100.0	1.0	10.0	50.0	16r_2b	16.0	2.0	bipolar		[8428. 1288. 3303.]	[8428. 1238. 3303.]
2608.3250666666668	2.0	trials	1.0	2.0	75.0	biphasic	3.0	100.0	1.0	10.0	50.0	16r_2b	16.0	2.0	bipolar		[8428. 1288. 3303.]	[8428. 1238. 3303.]
2610.3270666666667	2.0	trials	1.0	2.0	75.0	biphasic	3.0	100.0	1.0	10.0	50.0	16r_2b	16.0	2.0	bipolar		[8428. 1288. 3303.]	[8428. 1238. 3303.]
2612.329203406849	2.0	trials	1.0	2.0	75.0	biphasic	3.0	100.0	1.0	10.0	50.0	16r_2b	16.0	2.0	bipolar		[8428. 1288. 3303.]	[8428. 1238. 3303.]
2614.3310333333334	2.0	trials	1.0	2.0	75.0	biphasic	3.0	100.0	1.0	10.0	50.0	16r_2b	16.0	2.0	bipolar		[8428. 1288. 3303.]	[8428. 1238. 3303.]
2616.3330333333333	2.0	trials	1.0	2.0	75.0	biphasic	3.0	100.0	1.0	10.0	50.0	16r_2b	16.0	2.0	bipolar		[8428. 1288. 3303.]	[8428. 1238. 3303.]
2618.335203797865	2.0	trials	1.0	2.0	75.0	biphasic	3.0	100.0	1.0	10.0	50.0	16r_2b	16.0	2.0	bipolar		[8428. 1288. 3303.]	[8428. 1238. 3303.]
2620.3370333333332	2.0	trials	1.0	2.0	75.0	biphasic	3.0	100.0	1.0	10.0	50.0	16r_2b	16.0	2.0	bipolar		[8428. 1288. 3303.]	[8428. 1238. 3303.]
2622.339033333333	2.0	trials	1.0	2.0	75.0	biphasic	3.0	100.0	1.0	10.0	50.0	16r_2b	16.0	2.0	bipolar		[8428. 1288. 3303.]	[8428. 1238. 3303.]
2624.341033333333	2.0	trials	1.0	2.0	75.0	biphasic	3.0	100.0	1.0	10.0	50.0	16r_2b	16.0	2.0	bipolar		[8428. 1288. 3303.]	[8428. 1238. 3303.]
2626.3428623474697	2.0	trials	1.0	2.0	75.0	biphasic	3.0	100.0	1.0	10.0	50.0	16r_2b	16.0	2.0	bipolar		[8428. 1288. 3303.]	[8428. 1238. 3303.]
2628.3450333333335	2.0	trials	1.0	2.0	75.0	biphasic	3.0	100.0	1.0	10.0	50.0	16r_2b	16.0	2.0	bipolar		[8428. 1288. 3303.]	[8428. 1238. 3303.]
2630.347	2.0	trials	1.0	2.0	75.0	biphasic	3.0	100.0	1.0	10.0	50.0	16r_2b	16.0	2.0	bipolar		[8428. 1288. 3303.]	[8428. 1238. 3303.]
2632.349171376899	2.0	trials	1.0	2.0	75.0	biphasic	3.0	100.0	1.0	10.0	50.0	16r_2b	16.0	2.0	bipolar		[8428. 1288. 3303.]	[8428. 1238. 3303.]
2634.351	2.0	trials	1.0	2.0	75.0	biphasic	3.0	100.0	1.0	10.0	50.0	16r_2b	16.0	2.0	bipolar		[8428. 1288. 3303.]	[8428. 1238. 3303.]
2636.353	2.0	trials	1.0	2.0	75.0	biphasic	3.0	100.0	1.0	10.0	50.0	16r_2b	16.0	2.0	bipolar		[8428. 1288. 3303.]	[8428. 1238. 3303.]
2638.3551717679147	2.0	trials	1.0	2.0	75.0	biphasic	3.0	100.0	1.0	10.0	50.0	16r_2b	16.0	2.0	bipolar		[8428. 1288. 3303.]	[8428. 1238. 3303.]
2640.357	2.0	trials	1.0	2.0	75.0	biphasic	3.0	100.0	1.0	10.0	50.0	16r_2b	16.0	2.0	bipolar		[8428. 1288. 3303.]	[8428. 1238. 3303.]
2642.359	2.0	trials	1.0	2.0	75.0	biphasic	3.0	100.0	1.0	10.0	50.0	16r_2b	16.0	2.0	bipolar		[8428. 1288. 3303.]	[8428. 1238. 3303.]
2644.361	2.0	trials	1.0	2.0	75.0	biphasic	3.0	100.0	1.0	10.0	50.0	16r_2b	16.0	2.0	bipolar		[8428. 1288. 3303.]	[8428. 1238. 3303.]
2646.363	2.0	trials	1.0	2.0	75.0	biphasic	3.0	100.0	1.0	10.0	50.0	16r_2b	16.0	2.0	bipolar		[8428. 1288. 3303.]	[8428. 1238. 3303.]
2648.3649666666665	2.0	trials	1.0	2.0	75.0	biphasic	3.0	100.0	1.0	10.0	50.0	16r_2b	16.0	2.0	bipolar		[8428. 1288. 3303.]	[8428. 1238. 3303.]
2650.3669666666665	2.0	trials	1.0	2.0	75.0	biphasic	3.0	100.0	1.0	10.0	50.0	16r_2b	16.0	2.0	bipolar		[8428. 1288. 3303.]	[8428. 1238. 3303.]
2652.3687939864067	2.0	trials	1.0	2.0	75.0	biphasic	3.0	100.0	1.0	10.0	50.0	16r_2b	16.0	2.0	bipolar		[8428. 1288. 3303.]	[8428. 1238. 3303.]
2654.370966666667	2.0	trials	1.0	2.0	75.0	biphasic	3.0	100.0	1.0	10.0	50.0	16r_2b	16.0	2.0	bipolar		[8428. 1288. 3303.]	[8428. 1238. 3303.]
2656.372966666667	2.0	trials	1.0	2.0	75.0	biphasic	3.0	100.0	1.0	10.0	50.0	16r_2b	16.0	2.0	bipolar		[8428. 1288. 3303.]	[8428. 1238. 3303.]
2658.3751397379647	2.0	trials	1.0	2.0	75.0	biphasic	3.0	100.0	1.0	10.0	50.0	16r_2b	16.0	2.0	bipolar		[8428. 1288. 3303.]	[8428. 1238. 3303.]
2752.3991666666666	2.0	trials	1.0	2.0	75.0	biphasic	4.0	100.0	1.0	10.0	-100.0	16r_2b	16.0	2.0	bipolar		[8428. 1288. 3303.]	[8428. 1238. 3303.]
2754.4011666666665	2.0	trials	1.0	2.0	75.0	biphasic	4.0	100.0	1.0	10.0	-100.0	16r_2b	16.0	2.0	bipolar		[8428. 1288. 3303.]	[8428. 1238. 3303.]
2756.4033461200097	2.0	trials	1.0	2.0	75.0	biphasic	4.0	100.0	1.0	10.0	-100.0	16r_2b	16.0	2.0	bipolar		[8428. 1288. 3303.]	[8428. 1238. 3303.]
2758.4051666666664	2.0	trials	1.0	2.0	75.0	biphasic	4.0	100.0	1.0	10.0	-100.0	16r_2b	16.0	2.0	bipolar		[8428. 1288. 3303.]	[8428. 1238. 3303.]
2760.407166666667	2.0	trials	1.0	2.0	75.0	biphasic	4.0	100.0	1.0	10.0	-100.0	16r_2b	16.0	2.0	bipolar		[8428. 1288. 3303.]	[8428. 1238. 3303.]
2762.409166666667	2.0	trials	1.0	2.0	75.0	biphasic	4.0	100.0	1.0	10.0	-100.0	16r_2b	16.0	2.0	bipolar		[8428. 1288. 3303.]	[8428. 1238. 3303.]
2764.410953358662	2.0	trials	1.0	2.0	75.0	biphasic	4.0	100.0	1.0	10.0	-100.0	16r_2b	16.0	2.0	bipolar		[8428. 1288. 3303.]	[8428. 1238. 3303.]
2766.4131333333335	2.0	trials	1.0	2.0	75.0	biphasic	4.0	100.0	1.0	10.0	-100.0	16r_2b	16.0	2.0	bipolar		[8428. 1288. 3303.]	[8428. 1238. 3303.]
2768.4151333333334	2.0	trials	1.0	2.0	75.0	biphasic	4.0	100.0	1.0	10.0	-100.0	16r_2b	16.0	2.0	bipolar		[8428. 1288. 3303.]	[8428. 1238. 3303.]
2770.4169529676465	2.0	trials	1.0	2.0	75.0	biphasic	4.0	100.0	1.0	10.0	-100.0	16r_2b	16.0	2.0	bipolar		[8428. 1288. 3303.]	[8428. 1238. 3303.]
2772.4191333333333	2.0	trials	1.0	2.0	75.0	biphasic	4.0	100.0	1.0	10.0	-100.0	16r_2b	16.0	2.0	bipolar		[8428. 1288. 3303.]	[8428. 1238. 3303.]
2774.4211333333333	2.0	trials	1.0	2.0	75.0	biphasic	4.0	100.0	1.0	10.0	-100.0	16r_2b	16.0	2.0	bipolar		[8428. 1288. 3303.]	[8428. 1238. 3303.]
2776.4233140900596	2.0	trials	1.0	2.0	75.0	biphasic	4.0	100.0	1.0	10.0	-100.0	16r_2b	16.0	2.0	bipolar		[8428. 1288. 3303.]	[8428. 1238. 3303.]
2778.425133333333	2.0	trials	1.0	2.0	75.0	biphasic	4.0	100.0	1.0	10.0	-100.0	16r_2b	16.0	2.0	bipolar		[8428. 1288. 3303.]	[8428. 1238. 3303.]
2780.427133333333	2.0	trials	1.0	2.0	75.0	biphasic	4.0	100.0	1.0	10.0	-100.0	16r_2b	16.0	2.0	bipolar		[8428. 1288. 3303.]	[8428. 1238. 3303.]
2782.4293144810754	2.0	trials	1.0	2.0	75.0	biphasic	4.0	100.0	1.0	10.0	-100.0	16r_2b	16.0	2.0	bipolar		[8428. 1288. 3303.]	[8428. 1238. 3303.]
2784.4311	2.0	trials	1.0	2.0	75.0	biphasic	4.0	100.0	1.0	10.0	-100.0	16r_2b	16.0	2.0	bipolar		[8428. 1288. 3303.]	[8428. 1238. 3303.]
2786.4331	2.0	trials	1.0	2.0	75.0	biphasic	4.0	100.0	1.0	10.0	-100.0	16r_2b	16.0	2.0	bipolar		[8428. 1288. 3303.]	[8428. 1238. 3303.]
2788.4351	2.0	trials	1.0	2.0	75.0	biphasic	4.0	100.0	1.0	10.0	-100.0	16r_2b	16.0	2.0	bipolar		[8428. 1288. 3303.]	[8428. 1238. 3303.]
2790.4371	2.0	trials	1.0	2.0	75.0	biphasic	4.0	100.0	1.0	10.0	-100.0	16r_2b	16.0	2.0	bipolar		[8428. 1288. 3303.]	[8428. 1238. 3303.]
2792.4391	2.0	trials	1.0	2.0	75.0	biphasic	4.0	100.0	1.0	10.0	-100.0	16r_2b	16.0	2.0	bipolar		[8428. 1288. 3303.]	[8428. 1238. 3303.]
2794.4411	2.0	trials	1.0	2.0	75.0	biphasic	4.0	100.0	1.0	10.0	-100.0	16r_2b	16.0	2.0	bipolar		[8428. 1288. 3303.]	[8428. 1238. 3303.]
2796.4429179399144	2.0	trials	1.0	2.0	75.0	biphasic	4.0	100.0	1.0	10.0	-100.0	16r_2b	16.0	2.0	bipolar		[8428. 1288. 3303.]	[8428. 1238. 3303.]
2798.4451	2.0	trials	1.0	2.0	75.0	biphasic	4.0	100.0	1.0	10.0	-100.0	16r_2b	16.0	2.0	bipolar		[8428. 1288. 3303.]	[8428. 1238. 3303.]
2800.4471	2.0	trials	1.0	2.0	75.0	biphasic	4.0	100.0	1.0	10.0	-100.0	16r_2b	16.0	2.0	bipolar		[8428. 1288. 3303.]	[8428. 1238. 3303.]
2802.44924911779	2.0	trials	1.0	2.0	75.0	biphasic	4.0	100.0	1.0	10.0	-100.0	16r_2b	16.0	2.0	bipolar		[8428. 1288. 3303.]	[8428. 1238. 3303.]
2804.4510666666665	2.0	trials	1.0	2.0	75.0	biphasic	4.0	100.0	1.0	10.0	-100.0	16r_2b	16.0	2.0	bipolar		[8428. 1288. 3303.]	[8428. 1238. 3303.]
2806.4530666666665	2.0	trials	1.0	2.0	75.0	biphasic	4.0	100.0	1.0	10.0	-100.0	16r_2b	16.0	2.0	bipolar		[8428. 1288. 3303.]	[8428. 1238. 3303.]
2808.455249508805	2.0	trials	1.0	2.0	75.0	biphasic	4.0	100.0	1.0	10.0	-100.0	16r_2b	16.0	2.0	bipolar		[8428. 1288. 3303.]	[8428. 1238. 3303.]
2810.457066666667	2.0	trials	1.0	2.0	75.0	biphasic	4.0	100.0	1.0	10.0	-100.0	16r_2b	16.0	2.0	bipolar		[8428. 1288. 3303.]	[8428. 1238. 3303.]
2812.459066666667	2.0	trials	1.0	2.0	75.0	biphasic	4.0	100.0	1.0	10.0	-100.0	16r_2b	16.0	2.0	bipolar		[8428. 1288. 3303.]	[8428. 1238. 3303.]
2814.4610666666667	2.0	trials	1.0	2.0	75.0	biphasic	4.0	100.0	1.0	10.0	-100.0	16r_2b	16.0	2.0	bipolar		[8428. 1288. 3303.]	[8428. 1238. 3303.]
2816.4628833031975	2.0	trials	1.0	2.0	75.0	biphasic	4.0	100.0	1.0	10.0	-100.0	16r_2b	16.0	2.0	bipolar		[8428. 1288. 3303.]	[8428. 1238. 3303.]
2818.4650666666666	2.0	trials	1.0	2.0	75.0	biphasic	4.0	100.0	1.0	10.0	-100.0	16r_2b	16.0	2.0	bipolar		[8428. 1288. 3303.]	[8428. 1238. 3303.]
2820.4670333333333	2.0	trials	1.0	2.0	75.0	biphasic	4.0	100.0	1.0	10.0	-100.0	16r_2b	16.0	2.0	bipolar		[8428. 1288. 3303.]	[8428. 1238. 3303.]
2822.4692170878398	2.0	trials	1.0	2.0	75.0	biphasic	4.0	100.0	1.0	10.0	-100.0	16r_2b	16.0	2.0	bipolar		[8428. 1288. 3303.]	[8428. 1238. 3303.]
2824.4710333333333	2.0	trials	1.0	2.0	75.0	biphasic	4.0	100.0	1.0	10.0	-100.0	16r_2b	16.0	2.0	bipolar		[8428. 1288. 3303.]	[8428. 1238. 3303.]
2826.473033333333	2.0	trials	1.0	2.0	75.0	biphasic	4.0	100.0	1.0	10.0	-100.0	16r_2b	16.0	2.0	bipolar		[8428. 1288. 3303.]	[8428. 1238. 3303.]
2828.475033333333	2.0	trials	1.0	2.0	75.0	biphasic	4.0	100.0	1.0	10.0	-100.0	16r_2b	16.0	2.0	bipolar		[8428. 1288. 3303.]	[8428. 1238. 3303.]
2830.477033333333	2.0	trials	1.0	2.0	75.0	biphasic	4.0	100.0	1.0	10.0	-100.0	16r_2b	16.0	2.0	bipolar		[8428. 1288. 3303.]	[8428. 1238. 3303.]
2832.4790333333335	2.0	trials	1.0	2.0	75.0	biphasic	4.0	100.0	1.0	10.0	-100.0	16r_2b	16.0	2.0	bipolar		[8428. 1288. 3303.]	[8428. 1238. 3303.]
2834.4810333333335	2.0	trials	1.0	2.0	75.0	biphasic	4.0	100.0	1.0	10.0	-100.0	16r_2b	16.0	2.0	bipolar		[8428. 1288. 3303.]	[8428. 1238. 3303.]
2836.482848666481	2.0	trials	1.0	2.0	75.0	biphasic	4.0	100.0	1.0	10.0	-100.0	16r_2b	16.0	2.0	bipolar		[8428. 1288. 3303.]	[8428. 1238. 3303.]
2838.4850333333334	2.0	trials	1.0	2.0	75.0	biphasic	4.0	100.0	1.0	10.0	-100.0	16r_2b	16.0	2.0	bipolar		[8428. 1288. 3303.]	[8428. 1238. 3303.]
2840.487	2.0	trials	1.0	2.0	75.0	biphasic	4.0	100.0	1.0	10.0	-100.0	16r_2b	16.0	2.0	bipolar		[8428. 1288. 3303.]	[8428. 1238. 3303.]
2842.4888149421345	2.0	trials	1.0	2.0	75.0	biphasic	4.0	100.0	1.0	10.0	-100.0	16r_2b	16.0	2.0	bipolar		[8428. 1288. 3303.]	[8428. 1238. 3303.]
2844.491	2.0	trials	1.0	2.0	75.0	biphasic	4.0	100.0	1.0	10.0	-100.0	16r_2b	16.0	2.0	bipolar		[8428. 1288. 3303.]	[8428. 1238. 3303.]
2846.493	2.0	trials	1.0	2.0	75.0	biphasic	4.0	100.0	1.0	10.0	-100.0	16r_2b	16.0	2.0	bipolar		[8428. 1288. 3303.]	[8428. 1238. 3303.]
2848.4951854489054	2.0	trials	1.0	2.0	75.0	biphasic	4.0	100.0	1.0	10.0	-100.0	16r_2b	16.0	2.0	bipolar		[8428. 1288. 3303.]	[8428. 1238. 3303.]
2850.497	2.0	trials	1.0	2.0	75.0	biphasic	4.0	100.0	1.0	10.0	-100.0	16r_2b	16.0	2.0	bipolar		[8428. 1288. 3303.]	[8428. 1238. 3303.]
2852.499	2.0	trials	1.0	2.0	75.0	biphasic	4.0	100.0	1.0	10.0	-100.0	16r_2b	16.0	2.0	bipolar		[8428. 1288. 3303.]	[8428. 1238. 3303.]
2854.501	2.0	trials	1.0	2.0	75.0	biphasic	4.0	100.0	1.0	10.0	-100.0	16r_2b	16.0	2.0	bipolar		[8428. 1288. 3303.]	[8428. 1238. 3303.]
2856.503	2.0	trials	1.0	2.0	75.0	biphasic	4.0	100.0	1.0	10.0	-100.0	16r_2b	16.0	2.0	bipolar		[8428. 1288. 3303.]	[8428. 1238. 3303.]
2858.504966666667	2.0	trials	1.0	2.0	75.0	biphasic	4.0	100.0	1.0	10.0	-100.0	16r_2b	16.0	2.0	bipolar		[8428. 1288. 3303.]	[8428. 1238. 3303.]
2860.506966666667	2.0	trials	1.0	2.0	75.0	biphasic	4.0	100.0	1.0	10.0	-100.0	16r_2b	16.0	2.0	bipolar		[8428. 1288. 3303.]	[8428. 1238. 3303.]
2862.508780305418	2.0	trials	1.0	2.0	75.0	biphasic	4.0	100.0	1.0	10.0	-100.0	16r_2b	16.0	2.0	bipolar		[8428. 1288. 3303.]	[8428. 1238. 3303.]
2864.5109666666667	2.0	trials	1.0	2.0	75.0	biphasic	4.0	100.0	1.0	10.0	-100.0	16r_2b	16.0	2.0	bipolar		[8428. 1288. 3303.]	[8428. 1238. 3303.]
2866.5129666666667	2.0	trials	1.0	2.0	75.0	biphasic	4.0	100.0	1.0	10.0	-100.0	16r_2b	16.0	2.0	bipolar		[8428. 1288. 3303.]	[8428. 1238. 3303.]
2868.5147799144024	2.0	trials	1.0	2.0	75.0	biphasic	4.0	100.0	1.0	10.0	-100.0	16r_2b	16.0	2.0	bipolar		[8428. 1288. 3303.]	[8428. 1238. 3303.]
2870.5169666666666	2.0	trials	1.0	2.0	75.0	biphasic	4.0	100.0	1.0	10.0	-100.0	16r_2b	16.0	2.0	bipolar		[8428. 1288. 3303.]	[8428. 1238. 3303.]
2872.5189666666665	2.0	trials	1.0	2.0	75.0	biphasic	4.0	100.0	1.0	10.0	-100.0	16r_2b	16.0	2.0	bipolar		[8428. 1288. 3303.]	[8428. 1238. 3303.]
2874.521153809971	2.0	trials	1.0	2.0	75.0	biphasic	4.0	100.0	1.0	10.0	-100.0	16r_2b	16.0	2.0	bipolar		[8428. 1288. 3303.]	[8428. 1238. 3303.]
2876.522933333333	2.0	trials	1.0	2.0	75.0	biphasic	4.0	100.0	1.0	10.0	-100.0	16r_2b	16.0	2.0	bipolar		[8428. 1288. 3303.]	[8428. 1238. 3303.]
2878.524933333333	2.0	trials	1.0	2.0	75.0	biphasic	4.0	100.0	1.0	10.0	-100.0	16r_2b	16.0	2.0	bipolar		[8428. 1288. 3303.]	[8428. 1238. 3303.]
2880.5269333333335	2.0	trials	1.0	2.0	75.0	biphasic	4.0	100.0	1.0	10.0	-100.0	16r_2b	16.0	2.0	bipolar		[8428. 1288. 3303.]	[8428. 1238. 3303.]
2882.5289333333335	2.0	trials	1.0	2.0	75.0	biphasic	4.0	100.0	1.0	10.0	-100.0	16r_2b	16.0	2.0	bipolar		[8428. 1288. 3303.]	[8428. 1238. 3303.]
2884.5309333333335	2.0	trials	1.0	2.0	75.0	biphasic	4.0	100.0	1.0	10.0	-100.0	16r_2b	16.0	2.0	bipolar		[8428. 1288. 3303.]	[8428. 1238. 3303.]
2886.5329333333334	2.0	trials	1.0	2.0	75.0	biphasic	4.0	100.0	1.0	10.0	-100.0	16r_2b	16.0	2.0	bipolar		[8428. 1288. 3303.]	[8428. 1238. 3303.]
2888.534745277686	2.0	trials	1.0	2.0	75.0	biphasic	4.0	100.0	1.0	10.0	-100.0	16r_2b	16.0	2.0	bipolar		[8428. 1288. 3303.]	[8428. 1238. 3303.]
2890.5369333333333	2.0	trials	1.0	2.0	75.0	biphasic	4.0	100.0	1.0	10.0	-100.0	16r_2b	16.0	2.0	bipolar		[8428. 1288. 3303.]	[8428. 1238. 3303.]
2892.5389333333333	2.0	trials	1.0	2.0	75.0	biphasic	4.0	100.0	1.0	10.0	-100.0	16r_2b	16.0	2.0	bipolar		[8428. 1288. 3303.]	[8428. 1238. 3303.]
2894.541121780021	2.0	trials	1.0	2.0	75.0	biphasic	4.0	100.0	1.0	10.0	-100.0	16r_2b	16.0	2.0	bipolar		[8428. 1288. 3303.]	[8428. 1238. 3303.]
2896.5429	2.0	trials	1.0	2.0	75.0	biphasic	4.0	100.0	1.0	10.0	-100.0	16r_2b	16.0	2.0	bipolar		[8428. 1288. 3303.]	[8428. 1238. 3303.]
2898.5449	2.0	trials	1.0	2.0	75.0	biphasic	4.0	100.0	1.0	10.0	-100.0	16r_2b	16.0	2.0	bipolar		[8428. 1288. 3303.]	[8428. 1238. 3303.]
2900.5469	2.0	trials	1.0	2.0	75.0	biphasic	4.0	100.0	1.0	10.0	-100.0	16r_2b	16.0	2.0	bipolar		[8428. 1288. 3303.]	[8428. 1238. 3303.]
2916.4921	2.0	trials	1.0	2.0	75.0	biphasic	5.0	100.0	1.0	10.0	-5.0	16r_2b	16.0	2.0	bipolar		[8428. 1288. 3303.]	[8428. 1238. 3303.]
2918.4941	2.0	trials	1.0	2.0	75.0	biphasic	5.0	100.0	1.0	10.0	-5.0	16r_2b	16.0	2.0	bipolar		[8428. 1288. 3303.]	[8428. 1238. 3303.]
2920.496290136477	2.0	trials	1.0	2.0	75.0	biphasic	5.0	100.0	1.0	10.0	-5.0	16r_2b	16.0	2.0	bipolar		[8428. 1288. 3303.]	[8428. 1238. 3303.]
2922.4981	2.0	trials	1.0	2.0	75.0	biphasic	5.0	100.0	1.0	10.0	-5.0	16r_2b	16.0	2.0	bipolar		[8428. 1288. 3303.]	[8428. 1238. 3303.]
2924.5001	2.0	trials	1.0	2.0	75.0	biphasic	5.0	100.0	1.0	10.0	-5.0	16r_2b	16.0	2.0	bipolar		[8428. 1288. 3303.]	[8428. 1238. 3303.]
2926.5020666666665	2.0	trials	1.0	2.0	75.0	biphasic	5.0	100.0	1.0	10.0	-5.0	16r_2b	16.0	2.0	bipolar		[8428. 1288. 3303.]	[8428. 1238. 3303.]
2928.504066666667	2.0	trials	1.0	2.0	75.0	biphasic	5.0	100.0	1.0	10.0	-5.0	16r_2b	16.0	2.0	bipolar		[8428. 1288. 3303.]	[8428. 1238. 3303.]
2930.506066666667	2.0	trials	1.0	2.0	75.0	biphasic	5.0	100.0	1.0	10.0	-5.0	16r_2b	16.0	2.0	bipolar		[8428. 1288. 3303.]	[8428. 1238. 3303.]
2932.5080666666668	2.0	trials	1.0	2.0	75.0	biphasic	5.0	100.0	1.0	10.0	-5.0	16r_2b	16.0	2.0	bipolar		[8428. 1288. 3303.]	[8428. 1238. 3303.]
2934.509875617847	2.0	trials	1.0	2.0	75.0	biphasic	5.0	100.0	1.0	10.0	-5.0	16r_2b	16.0	2.0	bipolar		[8428. 1288. 3303.]	[8428. 1238. 3303.]
2936.5120666666667	2.0	trials	1.0	2.0	75.0	biphasic	5.0	100.0	1.0	10.0	-5.0	16r_2b	16.0	2.0	bipolar		[8428. 1288. 3303.]	[8428. 1238. 3303.]
2938.5140666666666	2.0	trials	1.0	2.0	75.0	biphasic	5.0	100.0	1.0	10.0	-5.0	16r_2b	16.0	2.0	bipolar		[8428. 1288. 3303.]	[8428. 1238. 3303.]
2940.515875226831	2.0	trials	1.0	2.0	75.0	biphasic	5.0	100.0	1.0	10.0	-5.0	16r_2b	16.0	2.0	bipolar		[8428. 1288. 3303.]	[8428. 1238. 3303.]
2942.5180666666665	2.0	trials	1.0	2.0	75.0	biphasic	5.0	100.0	1.0	10.0	-5.0	16r_2b	16.0	2.0	bipolar		[8428. 1288. 3303.]	[8428. 1238. 3303.]
2944.5200666666665	2.0	trials	1.0	2.0	75.0	biphasic	5.0	100.0	1.0	10.0	-5.0	16r_2b	16.0	2.0	bipolar		[8428. 1288. 3303.]	[8428. 1238. 3303.]
2946.522225164207	2.0	trials	1.0	2.0	75.0	biphasic	5.0	100.0	1.0	10.0	-5.0	16r_2b	16.0	2.0	bipolar		[8428. 1288. 3303.]	[8428. 1238. 3303.]
2948.524033333333	2.0	trials	1.0	2.0	75.0	biphasic	5.0	100.0	1.0	10.0	-5.0	16r_2b	16.0	2.0	bipolar		[8428. 1288. 3303.]	[8428. 1238. 3303.]
2950.5260333333335	2.0	trials	1.0	2.0	75.0	biphasic	5.0	100.0	1.0	10.0	-5.0	16r_2b	16.0	2.0	bipolar		[8428. 1288. 3303.]	[8428. 1238. 3303.]
2952.5280333333335	2.0	trials	1.0	2.0	75.0	biphasic	5.0	100.0	1.0	10.0	-5.0	16r_2b	16.0	2.0	bipolar		[8428. 1288. 3303.]	[8428. 1238. 3303.]
2954.5300333333334	2.0	trials	1.0	2.0	75.0	biphasic	5.0	100.0	1.0	10.0	-5.0	16r_2b	16.0	2.0	bipolar		[8428. 1288. 3303.]	[8428. 1238. 3303.]
2956.5320333333334	2.0	trials	1.0	2.0	75.0	biphasic	5.0	100.0	1.0	10.0	-5.0	16r_2b	16.0	2.0	bipolar		[8428. 1288. 3303.]	[8428. 1238. 3303.]
2958.5340333333334	2.0	trials	1.0	2.0	75.0	biphasic	5.0	100.0	1.0	10.0	-5.0	16r_2b	16.0	2.0	bipolar		[8428. 1288. 3303.]	[8428. 1238. 3303.]
2960.5358405901147	2.0	trials	1.0	2.0	75.0	biphasic	5.0	100.0	1.0	10.0	-5.0	16r_2b	16.0	2.0	bipolar		[8428. 1288. 3303.]	[8428. 1238. 3303.]
2962.5380333333333	2.0	trials	1.0	2.0	75.0	biphasic	5.0	100.0	1.0	10.0	-5.0	16r_2b	16.0	2.0	bipolar		[8428. 1288. 3303.]	[8428. 1238. 3303.]
2964.54	2.0	trials	1.0	2.0	75.0	biphasic	5.0	100.0	1.0	10.0	-5.0	16r_2b	16.0	2.0	bipolar		[8428. 1288. 3303.]	[8428. 1238. 3303.]
2966.5421931342576	2.0	trials	1.0	2.0	75.0	biphasic	5.0	100.0	1.0	10.0	-5.0	16r_2b	16.0	2.0	bipolar		[8428. 1288. 3303.]	[8428. 1238. 3303.]
2968.544	2.0	trials	1.0	2.0	75.0	biphasic	5.0	100.0	1.0	10.0	-5.0	16r_2b	16.0	2.0	bipolar		[8428. 1288. 3303.]	[8428. 1238. 3303.]
2970.546	2.0	trials	1.0	2.0	75.0	biphasic	5.0	100.0	1.0	10.0	-5.0	16r_2b	16.0	2.0	bipolar		[8428. 1288. 3303.]	[8428. 1238. 3303.]
2972.548	2.0	trials	1.0	2.0	75.0	biphasic	5.0	100.0	1.0	10.0	-5.0	16r_2b	16.0	2.0	bipolar		[8428. 1288. 3303.]	[8428. 1238. 3303.]
2974.55	2.0	trials	1.0	2.0	75.0	biphasic	5.0	100.0	1.0	10.0	-5.0	16r_2b	16.0	2.0	bipolar		[8428. 1288. 3303.]	[8428. 1238. 3303.]
2976.552	2.0	trials	1.0	2.0	75.0	biphasic	5.0	100.0	1.0	10.0	-5.0	16r_2b	16.0	2.0	bipolar		[8428. 1288. 3303.]	[8428. 1238. 3303.]
2978.554	2.0	trials	1.0	2.0	75.0	biphasic	5.0	100.0	1.0	10.0	-5.0	16r_2b	16.0	2.0	bipolar		[8428. 1288. 3303.]	[8428. 1238. 3303.]
2980.5558059533982	2.0	trials	1.0	2.0	75.0	biphasic	5.0	100.0	1.0	10.0	-5.0	16r_2b	16.0	2.0	bipolar		[8428. 1288. 3303.]	[8428. 1238. 3303.]
2982.558	2.0	trials	1.0	2.0	75.0	biphasic	5.0	100.0	1.0	10.0	-5.0	16r_2b	16.0	2.0	bipolar		[8428. 1288. 3303.]	[8428. 1238. 3303.]
2984.5599666666667	2.0	trials	1.0	2.0	75.0	biphasic	5.0	100.0	1.0	10.0	-5.0	16r_2b	16.0	2.0	bipolar		[8428. 1288. 3303.]	[8428. 1238. 3303.]
2986.5617722290513	2.0	trials	1.0	2.0	75.0	biphasic	5.0	100.0	1.0	10.0	-5.0	16r_2b	16.0	2.0	bipolar		[8428. 1288. 3303.]	[8428. 1238. 3303.]
2988.5639666666666	2.0	trials	1.0	2.0	75.0	biphasic	5.0	100.0	1.0	10.0	-5.0	16r_2b	16.0	2.0	bipolar		[8428. 1288. 3303.]	[8428. 1238. 3303.]
2990.5659666666666	2.0	trials	1.0	2.0	75.0	biphasic	5.0	100.0	1.0	10.0	-5.0	16r_2b	16.0	2.0	bipolar		[8428. 1288. 3303.]	[8428. 1238. 3303.]
2992.5681614953232	2.0	trials	1.0	2.0	75.0	biphasic	5.0	100.0	1.0	10.0	-5.0	16r_2b	16.0	2.0	bipolar		[8428. 1288. 3303.]	[8428. 1238. 3303.]
2994.5699666666665	2.0	trials	1.0	2.0	75.0	biphasic	5.0	100.0	1.0	10.0	-5.0	16r_2b	16.0	2.0	bipolar		[8428. 1288. 3303.]	[8428. 1238. 3303.]
2996.571966666667	2.0	trials	1.0	2.0	75.0	biphasic	5.0	100.0	1.0	10.0	-5.0	16r_2b	16.0	2.0	bipolar		[8428. 1288. 3303.]	[8428. 1238. 3303.]
2998.573966666667	2.0	trials	1.0	2.0	75.0	biphasic	5.0	100.0	1.0	10.0	-5.0	16r_2b	16.0	2.0	bipolar		[8428. 1288. 3303.]	[8428. 1238. 3303.]
3000.575966666667	2.0	trials	1.0	2.0	75.0	biphasic	5.0	100.0	1.0	10.0	-5.0	16r_2b	16.0	2.0	bipolar		[8428. 1288. 3303.]	[8428. 1238. 3303.]
3002.5779666666667	2.0	trials	1.0	2.0	75.0	biphasic	5.0	100.0	1.0	10.0	-5.0	16r_2b	16.0	2.0	bipolar		[8428. 1288. 3303.]	[8428. 1238. 3303.]
3004.5799333333334	2.0	trials	1.0	2.0	75.0	biphasic	5.0	100.0	1.0	10.0	-5.0	16r_2b	16.0	2.0	bipolar		[8428. 1288. 3303.]	[8428. 1238. 3303.]
3006.581737592335	2.0	trials	1.0	2.0	75.0	biphasic	5.0	100.0	1.0	10.0	-5.0	16r_2b	16.0	2.0	bipolar		[8428. 1288. 3303.]	[8428. 1238. 3303.]
3008.5839333333333	2.0	trials	1.0	2.0	75.0	biphasic	5.0	100.0	1.0	10.0	-5.0	16r_2b	16.0	2.0	bipolar		[8428. 1288. 3303.]	[8428. 1238. 3303.]
3010.5859333333333	2.0	trials	1.0	2.0	75.0	biphasic	5.0	100.0	1.0	10.0	-5.0	16r_2b	16.0	2.0	bipolar		[8428. 1288. 3303.]	[8428. 1238. 3303.]
3012.587737201319	2.0	trials	1.0	2.0	75.0	biphasic	5.0	100.0	1.0	10.0	-5.0	16r_2b	16.0	2.0	bipolar		[8428. 1288. 3303.]	[8428. 1238. 3303.]
3014.589933333333	2.0	trials	1.0	2.0	75.0	biphasic	5.0	100.0	1.0	10.0	-5.0	16r_2b	16.0	2.0	bipolar		[8428. 1288. 3303.]	[8428. 1238. 3303.]
3016.591933333333	2.0	trials	1.0	2.0	75.0	biphasic	5.0	100.0	1.0	10.0	-5.0	16r_2b	16.0	2.0	bipolar		[8428. 1288. 3303.]	[8428. 1238. 3303.]
3018.5941298563885	2.0	trials	1.0	2.0	75.0	biphasic	5.0	100.0	1.0	10.0	-5.0	16r_2b	16.0	2.0	bipolar		[8428. 1288. 3303.]	[8428. 1238. 3303.]
3020.5959333333335	2.0	trials	1.0	2.0	75.0	biphasic	5.0	100.0	1.0	10.0	-5.0	16r_2b	16.0	2.0	bipolar		[8428. 1288. 3303.]	[8428. 1238. 3303.]
3022.5979	2.0	trials	1.0	2.0	75.0	biphasic	5.0	100.0	1.0	10.0	-5.0	16r_2b	16.0	2.0	bipolar		[8428. 1288. 3303.]	[8428. 1238. 3303.]
3024.5999	2.0	trials	1.0	2.0	75.0	biphasic	5.0	100.0	1.0	10.0	-5.0	16r_2b	16.0	2.0	bipolar		[8428. 1288. 3303.]	[8428. 1238. 3303.]
3026.6019	2.0	trials	1.0	2.0	75.0	biphasic	5.0	100.0	1.0	10.0	-5.0	16r_2b	16.0	2.0	bipolar		[8428. 1288. 3303.]	[8428. 1238. 3303.]
3028.6039	2.0	trials	1.0	2.0	75.0	biphasic	5.0	100.0	1.0	10.0	-5.0	16r_2b	16.0	2.0	bipolar		[8428. 1288. 3303.]	[8428. 1238. 3303.]
3030.6059	2.0	trials	1.0	2.0	75.0	biphasic	5.0	100.0	1.0	10.0	-5.0	16r_2b	16.0	2.0	bipolar		[8428. 1288. 3303.]	[8428. 1238. 3303.]
3032.6077025646027	2.0	trials	1.0	2.0	75.0	biphasic	5.0	100.0	1.0	10.0	-5.0	16r_2b	16.0	2.0	bipolar		[8428. 1288. 3303.]	[8428. 1238. 3303.]
3034.6099	2.0	trials	1.0	2.0	75.0	biphasic	5.0	100.0	1.0	10.0	-5.0	16r_2b	16.0	2.0	bipolar		[8428. 1288. 3303.]	[8428. 1238. 3303.]
3036.6119	2.0	trials	1.0	2.0	75.0	biphasic	5.0	100.0	1.0	10.0	-5.0	16r_2b	16.0	2.0	bipolar		[8428. 1288. 3303.]	[8428. 1238. 3303.]
3038.614097826439	2.0	trials	1.0	2.0	75.0	biphasic	5.0	100.0	1.0	10.0	-5.0	16r_2b	16.0	2.0	bipolar		[8428. 1288. 3303.]	[8428. 1238. 3303.]
3040.6159	2.0	trials	1.0	2.0	75.0	biphasic	5.0	100.0	1.0	10.0	-5.0	16r_2b	16.0	2.0	bipolar		[8428. 1288. 3303.]	[8428. 1238. 3303.]
3042.6178666666665	2.0	trials	1.0	2.0	75.0	biphasic	5.0	100.0	1.0	10.0	-5.0	16r_2b	16.0	2.0	bipolar		[8428. 1288. 3303.]	[8428. 1238. 3303.]
3044.6198666666664	2.0	trials	1.0	2.0	75.0	biphasic	5.0	100.0	1.0	10.0	-5.0	16r_2b	16.0	2.0	bipolar		[8428. 1288. 3303.]	[8428. 1238. 3303.]
3046.621866666667	2.0	trials	1.0	2.0	75.0	biphasic	5.0	100.0	1.0	10.0	-5.0	16r_2b	16.0	2.0	bipolar		[8428. 1288. 3303.]	[8428. 1238. 3303.]
3048.623866666667	2.0	trials	1.0	2.0	75.0	biphasic	5.0	100.0	1.0	10.0	-5.0	16r_2b	16.0	2.0	bipolar		[8428. 1288. 3303.]	[8428. 1238. 3303.]
3050.6258666666668	2.0	trials	1.0	2.0	75.0	biphasic	5.0	100.0	1.0	10.0	-5.0	16r_2b	16.0	2.0	bipolar		[8428. 1288. 3303.]	[8428. 1238. 3303.]
3052.6278666666667	2.0	trials	1.0	2.0	75.0	biphasic	5.0	100.0	1.0	10.0	-5.0	16r_2b	16.0	2.0	bipolar		[8428. 1288. 3303.]	[8428. 1238. 3303.]
3054.6298666666667	2.0	trials	1.0	2.0	75.0	biphasic	5.0	100.0	1.0	10.0	-5.0	16r_2b	16.0	2.0	bipolar		[8428. 1288. 3303.]	[8428. 1238. 3303.]
3056.6318666666666	2.0	trials	1.0	2.0	75.0	biphasic	5.0	100.0	1.0	10.0	-5.0	16r_2b	16.0	2.0	bipolar		[8428. 1288. 3303.]	[8428. 1238. 3303.]
3058.634065796489	2.0	trials	1.0	2.0	75.0	biphasic	5.0	100.0	1.0	10.0	-5.0	16r_2b	16.0	2.0	bipolar		[8428. 1288. 3303.]	[8428. 1238. 3303.]
3060.6358666666665	2.0	trials	1.0	2.0	75.0	biphasic	5.0	100.0	1.0	10.0	-5.0	16r_2b	16.0	2.0	bipolar		[8428. 1288. 3303.]	[8428. 1238. 3303.]
3062.637833333333	2.0	trials	1.0	2.0	75.0	biphasic	5.0	100.0	1.0	10.0	-5.0	16r_2b	16.0	2.0	bipolar		[8428. 1288. 3303.]	[8428. 1238. 3303.]
3064.640032854169	2.0	trials	1.0	2.0	75.0	biphasic	5.0	100.0	1.0	10.0	-5.0	16r_2b	16.0	2.0	bipolar		[8428. 1288. 3303.]	[8428. 1238. 3303.]
3082.459533333333	2.0	trials	1.0	2.0	75.0	biphasic	6.0	100.0	1.0	10.0	5.0	16r_2b	16.0	2.0	bipolar		[8428. 1288. 3303.]	[8428. 1238. 3303.]
3084.461533333333	2.0	trials	1.0	2.0	75.0	biphasic	6.0	100.0	1.0	10.0	5.0	16r_2b	16.0	2.0	bipolar		[8428. 1288. 3303.]	[8428. 1238. 3303.]
3086.4635	2.0	trials	1.0	2.0	75.0	biphasic	6.0	100.0	1.0	10.0	5.0	16r_2b	16.0	2.0	bipolar		[8428. 1288. 3303.]	[8428. 1238. 3303.]
3088.4655	2.0	trials	1.0	2.0	75.0	biphasic	6.0	100.0	1.0	10.0	5.0	16r_2b	16.0	2.0	bipolar		[8428. 1288. 3303.]	[8428. 1238. 3303.]
3090.467298797702	2.0	trials	1.0	2.0	75.0	biphasic	6.0	100.0	1.0	10.0	5.0	16r_2b	16.0	2.0	bipolar		[8428. 1288. 3303.]	[8428. 1238. 3303.]
3092.4695	2.0	trials	1.0	2.0	75.0	biphasic	6.0	100.0	1.0	10.0	5.0	16r_2b	16.0	2.0	bipolar		[8428. 1288. 3303.]	[8428. 1238. 3303.]
3094.4715	2.0	trials	1.0	2.0	75.0	biphasic	6.0	100.0	1.0	10.0	5.0	16r_2b	16.0	2.0	bipolar		[8428. 1288. 3303.]	[8428. 1238. 3303.]
3096.47370159334	2.0	trials	1.0	2.0	75.0	biphasic	6.0	100.0	1.0	10.0	5.0	16r_2b	16.0	2.0	bipolar		[8428. 1288. 3303.]	[8428. 1238. 3303.]
3098.4755	2.0	trials	1.0	2.0	75.0	biphasic	6.0	100.0	1.0	10.0	5.0	16r_2b	16.0	2.0	bipolar		[8428. 1288. 3303.]	[8428. 1238. 3303.]
3100.4775	2.0	trials	1.0	2.0	75.0	biphasic	6.0	100.0	1.0	10.0	5.0	16r_2b	16.0	2.0	bipolar		[8428. 1288. 3303.]	[8428. 1238. 3303.]
3102.4797019843554	2.0	trials	1.0	2.0	75.0	biphasic	6.0	100.0	1.0	10.0	5.0	16r_2b	16.0	2.0	bipolar		[8428. 1288. 3303.]	[8428. 1238. 3303.]
3104.4815	2.0	trials	1.0	2.0	75.0	biphasic	6.0	100.0	1.0	10.0	5.0	16r_2b	16.0	2.0	bipolar		[8428. 1288. 3303.]	[8428. 1238. 3303.]
3106.4834666666666	2.0	trials	1.0	2.0	75.0	biphasic	6.0	100.0	1.0	10.0	5.0	16r_2b	16.0	2.0	bipolar		[8428. 1288. 3303.]	[8428. 1238. 3303.]
3108.4854666666665	2.0	trials	1.0	2.0	75.0	biphasic	6.0	100.0	1.0	10.0	5.0	16r_2b	16.0	2.0	bipolar		[8428. 1288. 3303.]	[8428. 1238. 3303.]
3110.4872641609854	2.0	trials	1.0	2.0	75.0	biphasic	6.0	100.0	1.0	10.0	5.0	16r_2b	16.0	2.0	bipolar		[8428. 1288. 3303.]	[8428. 1238. 3303.]
3112.489466666667	2.0	trials	1.0	2.0	75.0	biphasic	6.0	100.0	1.0	10.0	5.0	16r_2b	16.0	2.0	bipolar		[8428. 1288. 3303.]	[8428. 1238. 3303.]
3114.491466666667	2.0	trials	1.0	2.0	75.0	biphasic	6.0	100.0	1.0	10.0	5.0	16r_2b	16.0	2.0	bipolar		[8428. 1288. 3303.]	[8428. 1238. 3303.]
3116.49326376997	2.0	trials	1.0	2.0	75.0	biphasic	6.0	100.0	1.0	10.0	5.0	16r_2b	16.0	2.0	bipolar		[8428. 1288. 3303.]	[8428. 1238. 3303.]
3118.4954666666667	2.0	trials	1.0	2.0	75.0	biphasic	6.0	100.0	1.0	10.0	5.0	16r_2b	16.0	2.0	bipolar		[8428. 1288. 3303.]	[8428. 1238. 3303.]
3120.4974666666667	2.0	trials	1.0	2.0	75.0	biphasic	6.0	100.0	1.0	10.0	5.0	16r_2b	16.0	2.0	bipolar		[8428. 1288. 3303.]	[8428. 1238. 3303.]
3122.499669954406	2.0	trials	1.0	2.0	75.0	biphasic	6.0	100.0	1.0	10.0	5.0	16r_2b	16.0	2.0	bipolar		[8428. 1288. 3303.]	[8428. 1238. 3303.]
3124.5014666666666	2.0	trials	1.0	2.0	75.0	biphasic	6.0	100.0	1.0	10.0	5.0	16r_2b	16.0	2.0	bipolar		[8428. 1288. 3303.]	[8428. 1238. 3303.]
3126.5034333333333	2.0	trials	1.0	2.0	75.0	biphasic	6.0	100.0	1.0	10.0	5.0	16r_2b	16.0	2.0	bipolar		[8428. 1288. 3303.]	[8428. 1238. 3303.]
3128.5054333333333	2.0	trials	1.0	2.0	75.0	biphasic	6.0	100.0	1.0	10.0	5.0	16r_2b	16.0	2.0	bipolar		[8428. 1288. 3303.]	[8428. 1238. 3303.]
3130.507433333333	2.0	trials	1.0	2.0	75.0	biphasic	6.0	100.0	1.0	10.0	5.0	16r_2b	16.0	2.0	bipolar		[8428. 1288. 3303.]	[8428. 1238. 3303.]
3132.509433333333	2.0	trials	1.0	2.0	75.0	biphasic	6.0	100.0	1.0	10.0	5.0	16r_2b	16.0	2.0	bipolar		[8428. 1288. 3303.]	[8428. 1238. 3303.]
3134.511433333333	2.0	trials	1.0	2.0	75.0	biphasic	6.0	100.0	1.0	10.0	5.0	16r_2b	16.0	2.0	bipolar		[8428. 1288. 3303.]	[8428. 1238. 3303.]
3136.5134333333335	2.0	trials	1.0	2.0	75.0	biphasic	6.0	100.0	1.0	10.0	5.0	16r_2b	16.0	2.0	bipolar		[8428. 1288. 3303.]	[8428. 1238. 3303.]
3138.5154333333335	2.0	trials	1.0	2.0	75.0	biphasic	6.0	100.0	1.0	10.0	5.0	16r_2b	16.0	2.0	bipolar		[8428. 1288. 3303.]	[8428. 1238. 3303.]
3140.5174333333334	2.0	trials	1.0	2.0	75.0	biphasic	6.0	100.0	1.0	10.0	5.0	16r_2b	16.0	2.0	bipolar		[8428. 1288. 3303.]	[8428. 1238. 3303.]
3142.519228742238	2.0	trials	1.0	2.0	75.0	biphasic	6.0	100.0	1.0	10.0	5.0	16r_2b	16.0	2.0	bipolar		[8428. 1288. 3303.]	[8428. 1238. 3303.]
3144.5214333333333	2.0	trials	1.0	2.0	75.0	biphasic	6.0	100.0	1.0	10.0	5.0	16r_2b	16.0	2.0	bipolar		[8428. 1288. 3303.]	[8428. 1238. 3303.]
3146.5234	2.0	trials	1.0	2.0	75.0	biphasic	6.0	100.0	1.0	10.0	5.0	16r_2b	16.0	2.0	bipolar		[8428. 1288. 3303.]	[8428. 1238. 3303.]
3148.5254	2.0	trials	1.0	2.0	75.0	biphasic	6.0	100.0	1.0	10.0	5.0	16r_2b	16.0	2.0	bipolar		[8428. 1288. 3303.]	[8428. 1238. 3303.]
3150.5274	2.0	trials	1.0	2.0	75.0	biphasic	6.0	100.0	1.0	10.0	5.0	16r_2b	16.0	2.0	bipolar		[8428. 1288. 3303.]	[8428. 1238. 3303.]
3152.5294	2.0	trials	1.0	2.0	75.0	biphasic	6.0	100.0	1.0	10.0	5.0	16r_2b	16.0	2.0	bipolar		[8428. 1288. 3303.]	[8428. 1238. 3303.]
3154.5314	2.0	trials	1.0	2.0	75.0	biphasic	6.0	100.0	1.0	10.0	5.0	16r_2b	16.0	2.0	bipolar		[8428. 1288. 3303.]	[8428. 1238. 3303.]
3156.5334	2.0	trials	1.0	2.0	75.0	biphasic	6.0	100.0	1.0	10.0	5.0	16r_2b	16.0	2.0	bipolar		[8428. 1288. 3303.]	[8428. 1238. 3303.]
3158.5354	2.0	trials	1.0	2.0	75.0	biphasic	6.0	100.0	1.0	10.0	5.0	16r_2b	16.0	2.0	bipolar		[8428. 1288. 3303.]	[8428. 1238. 3303.]
3160.5374	2.0	trials	1.0	2.0	75.0	biphasic	6.0	100.0	1.0	10.0	5.0	16r_2b	16.0	2.0	bipolar		[8428. 1288. 3303.]	[8428. 1238. 3303.]
3162.5394	2.0	trials	1.0	2.0	75.0	biphasic	6.0	100.0	1.0	10.0	5.0	16r_2b	16.0	2.0	bipolar		[8428. 1288. 3303.]	[8428. 1238. 3303.]
3164.5414	2.0	trials	1.0	2.0	75.0	biphasic	6.0	100.0	1.0	10.0	5.0	16r_2b	16.0	2.0	bipolar		[8428. 1288. 3303.]	[8428. 1238. 3303.]
3166.5433666666668	2.0	trials	1.0	2.0	75.0	biphasic	6.0	100.0	1.0	10.0	5.0	16r_2b	16.0	2.0	bipolar		[8428. 1288. 3303.]	[8428. 1238. 3303.]
3168.545572952186	2.0	trials	1.0	2.0	75.0	biphasic	6.0	100.0	1.0	10.0	5.0	16r_2b	16.0	2.0	bipolar		[8428. 1288. 3303.]	[8428. 1238. 3303.]
3170.5473666666667	2.0	trials	1.0	2.0	75.0	biphasic	6.0	100.0	1.0	10.0	5.0	16r_2b	16.0	2.0	bipolar		[8428. 1288. 3303.]	[8428. 1238. 3303.]
3172.5493666666666	2.0	trials	1.0	2.0	75.0	biphasic	6.0	100.0	1.0	10.0	5.0	16r_2b	16.0	2.0	bipolar		[8428. 1288. 3303.]	[8428. 1238. 3303.]
3174.5513666666666	2.0	trials	1.0	2.0	75.0	biphasic	6.0	100.0	1.0	10.0	5.0	16r_2b	16.0	2.0	bipolar		[8428. 1288. 3303.]	[8428. 1238. 3303.]
3176.5533666666665	2.0	trials	1.0	2.0	75.0	biphasic	6.0	100.0	1.0	10.0	5.0	16r_2b	16.0	2.0	bipolar		[8428. 1288. 3303.]	[8428. 1238. 3303.]
3178.5553666666665	2.0	trials	1.0	2.0	75.0	biphasic	6.0	100.0	1.0	10.0	5.0	16r_2b	16.0	2.0	bipolar		[8428. 1288. 3303.]	[8428. 1238. 3303.]
3180.5573666666664	2.0	trials	1.0	2.0	75.0	biphasic	6.0	100.0	1.0	10.0	5.0	16r_2b	16.0	2.0	bipolar		[8428. 1288. 3303.]	[8428. 1238. 3303.]
3182.559159468805	2.0	trials	1.0	2.0	75.0	biphasic	6.0	100.0	1.0	10.0	5.0	16r_2b	16.0	2.0	bipolar		[8428. 1288. 3303.]	[8428. 1238. 3303.]
3184.561366666667	2.0	trials	1.0	2.0	75.0	biphasic	6.0	100.0	1.0	10.0	5.0	16r_2b	16.0	2.0	bipolar		[8428. 1288. 3303.]	[8428. 1238. 3303.]
3186.5633333333335	2.0	trials	1.0	2.0	75.0	biphasic	6.0	100.0	1.0	10.0	5.0	16r_2b	16.0	2.0	bipolar		[8428. 1288. 3303.]	[8428. 1238. 3303.]
3188.565125744458	2.0	trials	1.0	2.0	75.0	biphasic	6.0	100.0	1.0	10.0	5.0	16r_2b	16.0	2.0	bipolar		[8428. 1288. 3303.]	[8428. 1238. 3303.]
3190.5673333333334	2.0	trials	1.0	2.0	75.0	biphasic	6.0	100.0	1.0	10.0	5.0	16r_2b	16.0	2.0	bipolar		[8428. 1288. 3303.]	[8428. 1238. 3303.]
3192.5693333333334	2.0	trials	1.0	2.0	75.0	biphasic	6.0	100.0	1.0	10.0	5.0	16r_2b	16.0	2.0	bipolar		[8428. 1288. 3303.]	[8428. 1238. 3303.]
3194.5713333333333	2.0	trials	1.0	2.0	75.0	biphasic	6.0	100.0	1.0	10.0	5.0	16r_2b	16.0	2.0	bipolar		[8428. 1288. 3303.]	[8428. 1238. 3303.]
3196.5733333333333	2.0	trials	1.0	2.0	75.0	biphasic	6.0	100.0	1.0	10.0	5.0	16r_2b	16.0	2.0	bipolar		[8428. 1288. 3303.]	[8428. 1238. 3303.]
3198.575333333333	2.0	trials	1.0	2.0	75.0	biphasic	6.0	100.0	1.0	10.0	5.0	16r_2b	16.0	2.0	bipolar		[8428. 1288. 3303.]	[8428. 1238. 3303.]
3200.577333333333	2.0	trials	1.0	2.0	75.0	biphasic	6.0	100.0	1.0	10.0	5.0	16r_2b	16.0	2.0	bipolar		[8428. 1288. 3303.]	[8428. 1238. 3303.]
3202.579333333333	2.0	trials	1.0	2.0	75.0	biphasic	6.0	100.0	1.0	10.0	5.0	16r_2b	16.0	2.0	bipolar		[8428. 1288. 3303.]	[8428. 1238. 3303.]
3204.5813333333335	2.0	trials	1.0	2.0	75.0	biphasic	6.0	100.0	1.0	10.0	5.0	16r_2b	16.0	2.0	bipolar		[8428. 1288. 3303.]	[8428. 1238. 3303.]
3206.5833	2.0	trials	1.0	2.0	75.0	biphasic	6.0	100.0	1.0	10.0	5.0	16r_2b	16.0	2.0	bipolar		[8428. 1288. 3303.]	[8428. 1238. 3303.]
3208.5850911077414	2.0	trials	1.0	2.0	75.0	biphasic	6.0	100.0	1.0	10.0	5.0	16r_2b	16.0	2.0	bipolar		[8428. 1288. 3303.]	[8428. 1238. 3303.]
3210.5873	2.0	trials	1.0	2.0	75.0	biphasic	6.0	100.0	1.0	10.0	5.0	16r_2b	16.0	2.0	bipolar		[8428. 1288. 3303.]	[8428. 1238. 3303.]
3212.5893	2.0	trials	1.0	2.0	75.0	biphasic	6.0	100.0	1.0	10.0	5.0	16r_2b	16.0	2.0	bipolar		[8428. 1288. 3303.]	[8428. 1238. 3303.]
3214.5915092833015	2.0	trials	1.0	2.0	75.0	biphasic	6.0	100.0	1.0	10.0	5.0	16r_2b	16.0	2.0	bipolar		[8428. 1288. 3303.]	[8428. 1238. 3303.]
3216.5933	2.0	trials	1.0	2.0	75.0	biphasic	6.0	100.0	1.0	10.0	5.0	16r_2b	16.0	2.0	bipolar		[8428. 1288. 3303.]	[8428. 1238. 3303.]
3218.5953	2.0	trials	1.0	2.0	75.0	biphasic	6.0	100.0	1.0	10.0	5.0	16r_2b	16.0	2.0	bipolar		[8428. 1288. 3303.]	[8428. 1238. 3303.]
3220.5973	2.0	trials	1.0	2.0	75.0	biphasic	6.0	100.0	1.0	10.0	5.0	16r_2b	16.0	2.0	bipolar		[8428. 1288. 3303.]	[8428. 1238. 3303.]
3222.5993	2.0	trials	1.0	2.0	75.0	biphasic	6.0	100.0	1.0	10.0	5.0	16r_2b	16.0	2.0	bipolar		[8428. 1288. 3303.]	[8428. 1238. 3303.]
3224.6013	2.0	trials	1.0	2.0	75.0	biphasic	6.0	100.0	1.0	10.0	5.0	16r_2b	16.0	2.0	bipolar		[8428. 1288. 3303.]	[8428. 1238. 3303.]
3226.6032666666665	2.0	trials	1.0	2.0	75.0	biphasic	6.0	100.0	1.0	10.0	5.0	16r_2b	16.0	2.0	bipolar		[8428. 1288. 3303.]	[8428. 1238. 3303.]
3228.6052666666665	2.0	trials	1.0	2.0	75.0	biphasic	6.0	100.0	1.0	10.0	5.0	16r_2b	16.0	2.0	bipolar		[8428. 1288. 3303.]	[8428. 1238. 3303.]
3230.607266666667	2.0	trials	1.0	2.0	75.0	biphasic	6.0	100.0	1.0	10.0	5.0	16r_2b	16.0	2.0	bipolar		[8428. 1288. 3303.]	[8428. 1238. 3303.]
3245.8812886796036	2.0	trials	1.0	2.0	75.0	biphasic	7.0	100.0	1.0	10.0	-10.0	16r_2b	16.0	2.0	bipolar		[8428. 1288. 3303.]	[8428. 1238. 3303.]
3247.8835	2.0	trials	1.0	2.0	75.0	biphasic	7.0	100.0	1.0	10.0	-10.0	16r_2b	16.0	2.0	bipolar		[8428. 1288. 3303.]	[8428. 1238. 3303.]
3249.8855	2.0	trials	1.0	2.0	75.0	biphasic	7.0	100.0	1.0	10.0	-10.0	16r_2b	16.0	2.0	bipolar		[8428. 1288. 3303.]	[8428. 1238. 3303.]
3251.8877117114394	2.0	trials	1.0	2.0	75.0	biphasic	7.0	100.0	1.0	10.0	-10.0	16r_2b	16.0	2.0	bipolar		[8428. 1288. 3303.]	[8428. 1238. 3303.]
3253.8895	2.0	trials	1.0	2.0	75.0	biphasic	7.0	100.0	1.0	10.0	-10.0	16r_2b	16.0	2.0	bipolar		[8428. 1288. 3303.]	[8428. 1238. 3303.]
3255.8915	2.0	trials	1.0	2.0	75.0	biphasic	7.0	100.0	1.0	10.0	-10.0	16r_2b	16.0	2.0	bipolar		[8428. 1288. 3303.]	[8428. 1238. 3303.]
3257.8935	2.0	trials	1.0	2.0	75.0	biphasic	7.0	100.0	1.0	10.0	-10.0	16r_2b	16.0	2.0	bipolar		[8428. 1288. 3303.]	[8428. 1238. 3303.]
3259.8955	2.0	trials	1.0	2.0	75.0	biphasic	7.0	100.0	1.0	10.0	-10.0	16r_2b	16.0	2.0	bipolar		[8428. 1288. 3303.]	[8428. 1238. 3303.]
3261.8975	2.0	trials	1.0	2.0	75.0	biphasic	7.0	100.0	1.0	10.0	-10.0	16r_2b	16.0	2.0	bipolar		[8428. 1288. 3303.]	[8428. 1238. 3303.]
3263.8994666666667	2.0	trials	1.0	2.0	75.0	biphasic	7.0	100.0	1.0	10.0	-10.0	16r_2b	16.0	2.0	bipolar		[8428. 1288. 3303.]	[8428. 1238. 3303.]
3265.9014666666667	2.0	trials	1.0	2.0	75.0	biphasic	7.0	100.0	1.0	10.0	-10.0	16r_2b	16.0	2.0	bipolar		[8428. 1288. 3303.]	[8428. 1238. 3303.]
3267.9034666666666	2.0	trials	1.0	2.0	75.0	biphasic	7.0	100.0	1.0	10.0	-10.0	16r_2b	16.0	2.0	bipolar		[8428. 1288. 3303.]	[8428. 1238. 3303.]
3269.9054666666666	2.0	trials	1.0	2.0	75.0	biphasic	7.0	100.0	1.0	10.0	-10.0	16r_2b	16.0	2.0	bipolar		[8428. 1288. 3303.]	[8428. 1238. 3303.]
3271.9076796814898	2.0	trials	1.0	2.0	75.0	biphasic	7.0	100.0	1.0	10.0	-10.0	16r_2b	16.0	2.0	bipolar		[8428. 1288. 3303.]	[8428. 1238. 3303.]
3273.9094666666665	2.0	trials	1.0	2.0	75.0	biphasic	7.0	100.0	1.0	10.0	-10.0	16r_2b	16.0	2.0	bipolar		[8428. 1288. 3303.]	[8428. 1238. 3303.]
3275.9114666666665	2.0	trials	1.0	2.0	75.0	biphasic	7.0	100.0	1.0	10.0	-10.0	16r_2b	16.0	2.0	bipolar		[8428. 1288. 3303.]	[8428. 1238. 3303.]
3277.913680072505	2.0	trials	1.0	2.0	75.0	biphasic	7.0	100.0	1.0	10.0	-10.0	16r_2b	16.0	2.0	bipolar		[8428. 1288. 3303.]	[8428. 1238. 3303.]
3279.915466666667	2.0	trials	1.0	2.0	75.0	biphasic	7.0	100.0	1.0	10.0	-10.0	16r_2b	16.0	2.0	bipolar		[8428. 1288. 3303.]	[8428. 1238. 3303.]
3281.9174666666668	2.0	trials	1.0	2.0	75.0	biphasic	7.0	100.0	1.0	10.0	-10.0	16r_2b	16.0	2.0	bipolar		[8428. 1288. 3303.]	[8428. 1238. 3303.]
3283.9194333333335	2.0	trials	1.0	2.0	75.0	biphasic	7.0	100.0	1.0	10.0	-10.0	16r_2b	16.0	2.0	bipolar		[8428. 1288. 3303.]	[8428. 1238. 3303.]
3285.9214333333334	2.0	trials	1.0	2.0	75.0	biphasic	7.0	100.0	1.0	10.0	-10.0	16r_2b	16.0	2.0	bipolar		[8428. 1288. 3303.]	[8428. 1238. 3303.]
3287.9234333333334	2.0	trials	1.0	2.0	75.0	biphasic	7.0	100.0	1.0	10.0	-10.0	16r_2b	16.0	2.0	bipolar		[8428. 1288. 3303.]	[8428. 1238. 3303.]
3289.9254333333333	2.0	trials	1.0	2.0	75.0	biphasic	7.0	100.0	1.0	10.0	-10.0	16r_2b	16.0	2.0	bipolar		[8428. 1288. 3303.]	[8428. 1238. 3303.]
3291.927219015155	2.0	trials	1.0	2.0	75.0	biphasic	7.0	100.0	1.0	10.0	-10.0	16r_2b	16.0	2.0	bipolar		[8428. 1288. 3303.]	[8428. 1238. 3303.]
3293.9294333333332	2.0	trials	1.0	2.0	75.0	biphasic	7.0	100.0	1.0	10.0	-10.0	16r_2b	16.0	2.0	bipolar		[8428. 1288. 3303.]	[8428. 1238. 3303.]
3295.931433333333	2.0	trials	1.0	2.0	75.0	biphasic	7.0	100.0	1.0	10.0	-10.0	16r_2b	16.0	2.0	bipolar		[8428. 1288. 3303.]	[8428. 1238. 3303.]
3297.933433333333	2.0	trials	1.0	2.0	75.0	biphasic	7.0	100.0	1.0	10.0	-10.0	16r_2b	16.0	2.0	bipolar		[8428. 1288. 3303.]	[8428. 1238. 3303.]
3299.9354333333335	2.0	trials	1.0	2.0	75.0	biphasic	7.0	100.0	1.0	10.0	-10.0	16r_2b	16.0	2.0	bipolar		[8428. 1288. 3303.]	[8428. 1238. 3303.]
3301.9374333333335	2.0	trials	1.0	2.0	75.0	biphasic	7.0	100.0	1.0	10.0	-10.0	16r_2b	16.0	2.0	bipolar		[8428. 1288. 3303.]	[8428. 1238. 3303.]
3303.9394	2.0	trials	1.0	2.0	75.0	biphasic	7.0	100.0	1.0	10.0	-10.0	16r_2b	16.0	2.0	bipolar		[8428. 1288. 3303.]	[8428. 1238. 3303.]
3305.9414	2.0	trials	1.0	2.0	75.0	biphasic	7.0	100.0	1.0	10.0	-10.0	16r_2b	16.0	2.0	bipolar		[8428. 1288. 3303.]	[8428. 1238. 3303.]
3307.9434	2.0	trials	1.0	2.0	75.0	biphasic	7.0	100.0	1.0	10.0	-10.0	16r_2b	16.0	2.0	bipolar		[8428. 1288. 3303.]	[8428. 1238. 3303.]
3309.9454	2.0	trials	1.0	2.0	75.0	biphasic	7.0	100.0	1.0	10.0	-10.0	16r_2b	16.0	2.0	bipolar		[8428. 1288. 3303.]	[8428. 1238. 3303.]
3311.9474	2.0	trials	1.0	2.0	75.0	biphasic	7.0	100.0	1.0	10.0	-10.0	16r_2b	16.0	2.0	bipolar		[8428. 1288. 3303.]	[8428. 1238. 3303.]
3313.9494	2.0	trials	1.0	2.0	75.0	biphasic	7.0	100.0	1.0	10.0	-10.0	16r_2b	16.0	2.0	bipolar		[8428. 1288. 3303.]	[8428. 1238. 3303.]
3315.9514	2.0	trials	1.0	2.0	75.0	biphasic	7.0	100.0	1.0	10.0	-10.0	16r_2b	16.0	2.0	bipolar		[8428. 1288. 3303.]	[8428. 1238. 3303.]
3317.953183987423	2.0	trials	1.0	2.0	75.0	biphasic	7.0	100.0	1.0	10.0	-10.0	16r_2b	16.0	2.0	bipolar		[8428. 1288. 3303.]	[8428. 1238. 3303.]
3319.9554	2.0	trials	1.0	2.0	75.0	biphasic	7.0	100.0	1.0	10.0	-10.0	16r_2b	16.0	2.0	bipolar		[8428. 1288. 3303.]	[8428. 1238. 3303.]
3321.9574	2.0	trials	1.0	2.0	75.0	biphasic	7.0	100.0	1.0	10.0	-10.0	16r_2b	16.0	2.0	bipolar		[8428. 1288. 3303.]	[8428. 1238. 3303.]
3323.9594	2.0	trials	1.0	2.0	75.0	biphasic	7.0	100.0	1.0	10.0	-10.0	16r_2b	16.0	2.0	bipolar		[8428. 1288. 3303.]	[8428. 1238. 3303.]
3325.961366666667	2.0	trials	1.0	2.0	75.0	biphasic	7.0	100.0	1.0	10.0	-10.0	16r_2b	16.0	2.0	bipolar		[8428. 1288. 3303.]	[8428. 1238. 3303.]
3327.963366666667	2.0	trials	1.0	2.0	75.0	biphasic	7.0	100.0	1.0	10.0	-10.0	16r_2b	16.0	2.0	bipolar		[8428. 1288. 3303.]	[8428. 1238. 3303.]
3329.965366666667	2.0	trials	1.0	2.0	75.0	biphasic	7.0	100.0	1.0	10.0	-10.0	16r_2b	16.0	2.0	bipolar		[8428. 1288. 3303.]	[8428. 1238. 3303.]
3331.9673666666667	2.0	trials	1.0	2.0	75.0	biphasic	7.0	100.0	1.0	10.0	-10.0	16r_2b	16.0	2.0	bipolar		[8428. 1288. 3303.]	[8428. 1238. 3303.]
3333.9693666666667	2.0	trials	1.0	2.0	75.0	biphasic	7.0	100.0	1.0	10.0	-10.0	16r_2b	16.0	2.0	bipolar		[8428. 1288. 3303.]	[8428. 1238. 3303.]
3335.9713666666667	2.0	trials	1.0	2.0	75.0	biphasic	7.0	100.0	1.0	10.0	-10.0	16r_2b	16.0	2.0	bipolar		[8428. 1288. 3303.]	[8428. 1238. 3303.]
3337.9733666666666	2.0	trials	1.0	2.0	75.0	biphasic	7.0	100.0	1.0	10.0	-10.0	16r_2b	16.0	2.0	bipolar		[8428. 1288. 3303.]	[8428. 1238. 3303.]
3339.9753666666666	2.0	trials	1.0	2.0	75.0	biphasic	7.0	100.0	1.0	10.0	-10.0	16r_2b	16.0	2.0	bipolar		[8428. 1288. 3303.]	[8428. 1238. 3303.]
3341.9773666666665	2.0	trials	1.0	2.0	75.0	biphasic	7.0	100.0	1.0	10.0	-10.0	16r_2b	16.0	2.0	bipolar		[8428. 1288. 3303.]	[8428. 1238. 3303.]
3343.979584373671	2.0	trials	1.0	2.0	75.0	biphasic	7.0	100.0	1.0	10.0	-10.0	16r_2b	16.0	2.0	bipolar		[8428. 1288. 3303.]	[8428. 1238. 3303.]
3345.981333333333	2.0	trials	1.0	2.0	75.0	biphasic	7.0	100.0	1.0	10.0	-10.0	16r_2b	16.0	2.0	bipolar		[8428. 1288. 3303.]	[8428. 1238. 3303.]
3347.983333333333	2.0	trials	1.0	2.0	75.0	biphasic	7.0	100.0	1.0	10.0	-10.0	16r_2b	16.0	2.0	bipolar		[8428. 1288. 3303.]	[8428. 1238. 3303.]
3349.9853333333335	2.0	trials	1.0	2.0	75.0	biphasic	7.0	100.0	1.0	10.0	-10.0	16r_2b	16.0	2.0	bipolar		[8428. 1288. 3303.]	[8428. 1238. 3303.]
3351.9873333333335	2.0	trials	1.0	2.0	75.0	biphasic	7.0	100.0	1.0	10.0	-10.0	16r_2b	16.0	2.0	bipolar		[8428. 1288. 3303.]	[8428. 1238. 3303.]
3353.9893333333334	2.0	trials	1.0	2.0	75.0	biphasic	7.0	100.0	1.0	10.0	-10.0	16r_2b	16.0	2.0	bipolar		[8428. 1288. 3303.]	[8428. 1238. 3303.]
3355.9913333333334	2.0	trials	1.0	2.0	75.0	biphasic	7.0	100.0	1.0	10.0	-10.0	16r_2b	16.0	2.0	bipolar		[8428. 1288. 3303.]	[8428. 1238. 3303.]
3357.9933333333333	2.0	trials	1.0	2.0	75.0	biphasic	7.0	100.0	1.0	10.0	-10.0	16r_2b	16.0	2.0	bipolar		[8428. 1288. 3303.]	[8428. 1238. 3303.]
3359.9953333333333	2.0	trials	1.0	2.0	75.0	biphasic	7.0	100.0	1.0	10.0	-10.0	16r_2b	16.0	2.0	bipolar		[8428. 1288. 3303.]	[8428. 1238. 3303.]
3361.9973333333332	2.0	trials	1.0	2.0	75.0	biphasic	7.0	100.0	1.0	10.0	-10.0	16r_2b	16.0	2.0	bipolar		[8428. 1288. 3303.]	[8428. 1238. 3303.]
3363.9991143229745	2.0	trials	1.0	2.0	75.0	biphasic	7.0	100.0	1.0	10.0	-10.0	16r_2b	16.0	2.0	bipolar		[8428. 1288. 3303.]	[8428. 1238. 3303.]
3366.0013	2.0	trials	1.0	2.0	75.0	biphasic	7.0	100.0	1.0	10.0	-10.0	16r_2b	16.0	2.0	bipolar		[8428. 1288. 3303.]	[8428. 1238. 3303.]
3368.0033	2.0	trials	1.0	2.0	75.0	biphasic	7.0	100.0	1.0	10.0	-10.0	16r_2b	16.0	2.0	bipolar		[8428. 1288. 3303.]	[8428. 1238. 3303.]
3370.0053	2.0	trials	1.0	2.0	75.0	biphasic	7.0	100.0	1.0	10.0	-10.0	16r_2b	16.0	2.0	bipolar		[8428. 1288. 3303.]	[8428. 1238. 3303.]
3372.0073	2.0	trials	1.0	2.0	75.0	biphasic	7.0	100.0	1.0	10.0	-10.0	16r_2b	16.0	2.0	bipolar		[8428. 1288. 3303.]	[8428. 1238. 3303.]
3374.0093	2.0	trials	1.0	2.0	75.0	biphasic	7.0	100.0	1.0	10.0	-10.0	16r_2b	16.0	2.0	bipolar		[8428. 1288. 3303.]	[8428. 1238. 3303.]
3376.0113	2.0	trials	1.0	2.0	75.0	biphasic	7.0	100.0	1.0	10.0	-10.0	16r_2b	16.0	2.0	bipolar		[8428. 1288. 3303.]	[8428. 1238. 3303.]
3378.0133	2.0	trials	1.0	2.0	75.0	biphasic	7.0	100.0	1.0	10.0	-10.0	16r_2b	16.0	2.0	bipolar		[8428. 1288. 3303.]	[8428. 1238. 3303.]
3380.0153	2.0	trials	1.0	2.0	75.0	biphasic	7.0	100.0	1.0	10.0	-10.0	16r_2b	16.0	2.0	bipolar		[8428. 1288. 3303.]	[8428. 1238. 3303.]
3382.0173	2.0	trials	1.0	2.0	75.0	biphasic	7.0	100.0	1.0	10.0	-10.0	16r_2b	16.0	2.0	bipolar		[8428. 1288. 3303.]	[8428. 1238. 3303.]
3384.019079686258	2.0	trials	1.0	2.0	75.0	biphasic	7.0	100.0	1.0	10.0	-10.0	16r_2b	16.0	2.0	bipolar		[8428. 1288. 3303.]	[8428. 1238. 3303.]
3386.0213	2.0	trials	1.0	2.0	75.0	biphasic	7.0	100.0	1.0	10.0	-10.0	16r_2b	16.0	2.0	bipolar		[8428. 1288. 3303.]	[8428. 1238. 3303.]
3388.0232666666666	2.0	trials	1.0	2.0	75.0	biphasic	7.0	100.0	1.0	10.0	-10.0	16r_2b	16.0	2.0	bipolar		[8428. 1288. 3303.]	[8428. 1238. 3303.]
3390.025045961911	2.0	trials	1.0	2.0	75.0	biphasic	7.0	100.0	1.0	10.0	-10.0	16r_2b	16.0	2.0	bipolar		[8428. 1288. 3303.]	[8428. 1238. 3303.]
3392.0272666666665	2.0	trials	1.0	2.0	75.0	biphasic	7.0	100.0	1.0	10.0	-10.0	16r_2b	16.0	2.0	bipolar		[8428. 1288. 3303.]	[8428. 1238. 3303.]
3394.0292666666664	2.0	trials	1.0	2.0	75.0	biphasic	7.0	100.0	1.0	10.0	-10.0	16r_2b	16.0	2.0	bipolar		[8428. 1288. 3303.]	[8428. 1238. 3303.]
3425.4227666666666	2.0	trials	1.0	2.0	75.0	biphasic	8.0	100.0	1.0	10.0	10.0	16r_2b	16.0	2.0	bipolar		[8428. 1288. 3303.]	[8428. 1238. 3303.]
3427.4247666666665	2.0	trials	1.0	2.0	75.0	biphasic	8.0	100.0	1.0	10.0	10.0	16r_2b	16.0	2.0	bipolar		[8428. 1288. 3303.]	[8428. 1238. 3303.]
3429.4267666666665	2.0	trials	1.0	2.0	75.0	biphasic	8.0	100.0	1.0	10.0	10.0	16r_2b	16.0	2.0	bipolar		[8428. 1288. 3303.]	[8428. 1238. 3303.]
3431.428766666667	2.0	trials	1.0	2.0	75.0	biphasic	8.0	100.0	1.0	10.0	10.0	16r_2b	16.0	2.0	bipolar		[8428. 1288. 3303.]	[8428. 1238. 3303.]
3433.430766666667	2.0	trials	1.0	2.0	75.0	biphasic	8.0	100.0	1.0	10.0	10.0	16r_2b	16.0	2.0	bipolar		[8428. 1288. 3303.]	[8428. 1238. 3303.]
3435.432766666667	2.0	trials	1.0	2.0	75.0	biphasic	8.0	100.0	1.0	10.0	10.0	16r_2b	16.0	2.0	bipolar		[8428. 1288. 3303.]	[8428. 1238. 3303.]
3437.4347666666667	2.0	trials	1.0	2.0	75.0	biphasic	8.0	100.0	1.0	10.0	10.0	16r_2b	16.0	2.0	bipolar		[8428. 1288. 3303.]	[8428. 1238. 3303.]
3439.4365094116856	2.0	trials	1.0	2.0	75.0	biphasic	8.0	100.0	1.0	10.0	10.0	16r_2b	16.0	2.0	bipolar		[8428. 1288. 3303.]	[8428. 1238. 3303.]
3441.4387333333334	2.0	trials	1.0	2.0	75.0	biphasic	8.0	100.0	1.0	10.0	10.0	16r_2b	16.0	2.0	bipolar		[8428. 1288. 3303.]	[8428. 1238. 3303.]
3443.4407333333334	2.0	trials	1.0	2.0	75.0	biphasic	8.0	100.0	1.0	10.0	10.0	16r_2b	16.0	2.0	bipolar		[8428. 1288. 3303.]	[8428. 1238. 3303.]
3445.4427333333333	2.0	trials	1.0	2.0	75.0	biphasic	8.0	100.0	1.0	10.0	10.0	16r_2b	16.0	2.0	bipolar		[8428. 1288. 3303.]	[8428. 1238. 3303.]
3447.4447333333333	2.0	trials	1.0	2.0	75.0	biphasic	8.0	100.0	1.0	10.0	10.0	16r_2b	16.0	2.0	bipolar		[8428. 1288. 3303.]	[8428. 1238. 3303.]
3449.446733333333	2.0	trials	1.0	2.0	75.0	biphasic	8.0	100.0	1.0	10.0	10.0	16r_2b	16.0	2.0	bipolar		[8428. 1288. 3303.]	[8428. 1238. 3303.]
3451.448733333333	2.0	trials	1.0	2.0	75.0	biphasic	8.0	100.0	1.0	10.0	10.0	16r_2b	16.0	2.0	bipolar		[8428. 1288. 3303.]	[8428. 1238. 3303.]
3453.450733333333	2.0	trials	1.0	2.0	75.0	biphasic	8.0	100.0	1.0	10.0	10.0	16r_2b	16.0	2.0	bipolar		[8428. 1288. 3303.]	[8428. 1238. 3303.]
3455.4527333333335	2.0	trials	1.0	2.0	75.0	biphasic	8.0	100.0	1.0	10.0	10.0	16r_2b	16.0	2.0	bipolar		[8428. 1288. 3303.]	[8428. 1238. 3303.]
3457.4547333333335	2.0	trials	1.0	2.0	75.0	biphasic	8.0	100.0	1.0	10.0	10.0	16r_2b	16.0	2.0	bipolar		[8428. 1288. 3303.]	[8428. 1238. 3303.]
3459.4565081083	2.0	trials	1.0	2.0	75.0	biphasic	8.0	100.0	1.0	10.0	10.0	16r_2b	16.0	2.0	bipolar		[8428. 1288. 3303.]	[8428. 1238. 3303.]
3461.4587	2.0	trials	1.0	2.0	75.0	biphasic	8.0	100.0	1.0	10.0	10.0	16r_2b	16.0	2.0	bipolar		[8428. 1288. 3303.]	[8428. 1238. 3303.]
3463.4607	2.0	trials	1.0	2.0	75.0	biphasic	8.0	100.0	1.0	10.0	10.0	16r_2b	16.0	2.0	bipolar		[8428. 1288. 3303.]	[8428. 1238. 3303.]
3465.462925616076	2.0	trials	1.0	2.0	75.0	biphasic	8.0	100.0	1.0	10.0	10.0	16r_2b	16.0	2.0	bipolar		[8428. 1288. 3303.]	[8428. 1238. 3303.]
3467.4647	2.0	trials	1.0	2.0	75.0	biphasic	8.0	100.0	1.0	10.0	10.0	16r_2b	16.0	2.0	bipolar		[8428. 1288. 3303.]	[8428. 1238. 3303.]
3469.4667	2.0	trials	1.0	2.0	75.0	biphasic	8.0	100.0	1.0	10.0	10.0	16r_2b	16.0	2.0	bipolar		[8428. 1288. 3303.]	[8428. 1238. 3303.]
3471.4687	2.0	trials	1.0	2.0	75.0	biphasic	8.0	100.0	1.0	10.0	10.0	16r_2b	16.0	2.0	bipolar		[8428. 1288. 3303.]	[8428. 1238. 3303.]
3473.4707	2.0	trials	1.0	2.0	75.0	biphasic	8.0	100.0	1.0	10.0	10.0	16r_2b	16.0	2.0	bipolar		[8428. 1288. 3303.]	[8428. 1238. 3303.]
3475.4727	2.0	trials	1.0	2.0	75.0	biphasic	8.0	100.0	1.0	10.0	10.0	16r_2b	16.0	2.0	bipolar		[8428. 1288. 3303.]	[8428. 1238. 3303.]
3477.4747	2.0	trials	1.0	2.0	75.0	biphasic	8.0	100.0	1.0	10.0	10.0	16r_2b	16.0	2.0	bipolar		[8428. 1288. 3303.]	[8428. 1238. 3303.]
3479.4767	2.0	trials	1.0	2.0	75.0	biphasic	8.0	100.0	1.0	10.0	10.0	16r_2b	16.0	2.0	bipolar		[8428. 1288. 3303.]	[8428. 1238. 3303.]
3481.478666666667	2.0	trials	1.0	2.0	75.0	biphasic	8.0	100.0	1.0	10.0	10.0	16r_2b	16.0	2.0	bipolar		[8428. 1288. 3303.]	[8428. 1238. 3303.]
3483.480666666667	2.0	trials	1.0	2.0	75.0	biphasic	8.0	100.0	1.0	10.0	10.0	16r_2b	16.0	2.0	bipolar		[8428. 1288. 3303.]	[8428. 1238. 3303.]
3485.482893586126	2.0	trials	1.0	2.0	75.0	biphasic	8.0	100.0	1.0	10.0	10.0	16r_2b	16.0	2.0	bipolar		[8428. 1288. 3303.]	[8428. 1238. 3303.]
3487.4846666666667	2.0	trials	1.0	2.0	75.0	biphasic	8.0	100.0	1.0	10.0	10.0	16r_2b	16.0	2.0	bipolar		[8428. 1288. 3303.]	[8428. 1238. 3303.]
3489.4866666666667	2.0	trials	1.0	2.0	75.0	biphasic	8.0	100.0	1.0	10.0	10.0	16r_2b	16.0	2.0	bipolar		[8428. 1288. 3303.]	[8428. 1238. 3303.]
3491.4886666666666	2.0	trials	1.0	2.0	75.0	biphasic	8.0	100.0	1.0	10.0	10.0	16r_2b	16.0	2.0	bipolar		[8428. 1288. 3303.]	[8428. 1238. 3303.]
3493.4906666666666	2.0	trials	1.0	2.0	75.0	biphasic	8.0	100.0	1.0	10.0	10.0	16r_2b	16.0	2.0	bipolar		[8428. 1288. 3303.]	[8428. 1238. 3303.]
3495.4926666666665	2.0	trials	1.0	2.0	75.0	biphasic	8.0	100.0	1.0	10.0	10.0	16r_2b	16.0	2.0	bipolar		[8428. 1288. 3303.]	[8428. 1238. 3303.]
3497.4946666666665	2.0	trials	1.0	2.0	75.0	biphasic	8.0	100.0	1.0	10.0	10.0	16r_2b	16.0	2.0	bipolar		[8428. 1288. 3303.]	[8428. 1238. 3303.]
3499.4966666666664	2.0	trials	1.0	2.0	75.0	biphasic	8.0	100.0	1.0	10.0	10.0	16r_2b	16.0	2.0	bipolar		[8428. 1288. 3303.]	[8428. 1238. 3303.]
3501.498666666667	2.0	trials	1.0	2.0	75.0	biphasic	8.0	100.0	1.0	10.0	10.0	16r_2b	16.0	2.0	bipolar		[8428. 1288. 3303.]	[8428. 1238. 3303.]
3503.5006333333336	2.0	trials	1.0	2.0	75.0	biphasic	8.0	100.0	1.0	10.0	10.0	16r_2b	16.0	2.0	bipolar		[8428. 1288. 3303.]	[8428. 1238. 3303.]
3505.5026333333335	2.0	trials	1.0	2.0	75.0	biphasic	8.0	100.0	1.0	10.0	10.0	16r_2b	16.0	2.0	bipolar		[8428. 1288. 3303.]	[8428. 1238. 3303.]
3507.5046333333335	2.0	trials	1.0	2.0	75.0	biphasic	8.0	100.0	1.0	10.0	10.0	16r_2b	16.0	2.0	bipolar		[8428. 1288. 3303.]	[8428. 1238. 3303.]
3509.5066333333334	2.0	trials	1.0	2.0	75.0	biphasic	8.0	100.0	1.0	10.0	10.0	16r_2b	16.0	2.0	bipolar		[8428. 1288. 3303.]	[8428. 1238. 3303.]
3511.5086333333334	2.0	trials	1.0	2.0	75.0	biphasic	8.0	100.0	1.0	10.0	10.0	16r_2b	16.0	2.0	bipolar		[8428. 1288. 3303.]	[8428. 1238. 3303.]
3513.5106333333333	2.0	trials	1.0	2.0	75.0	biphasic	8.0	100.0	1.0	10.0	10.0	16r_2b	16.0	2.0	bipolar		[8428. 1288. 3303.]	[8428. 1238. 3303.]
3515.5126333333333	2.0	trials	1.0	2.0	75.0	biphasic	8.0	100.0	1.0	10.0	10.0	16r_2b	16.0	2.0	bipolar		[8428. 1288. 3303.]	[8428. 1238. 3303.]
3517.514633333333	2.0	trials	1.0	2.0	75.0	biphasic	8.0	100.0	1.0	10.0	10.0	16r_2b	16.0	2.0	bipolar		[8428. 1288. 3303.]	[8428. 1238. 3303.]
3519.516633333333	2.0	trials	1.0	2.0	75.0	biphasic	8.0	100.0	1.0	10.0	10.0	16r_2b	16.0	2.0	bipolar		[8428. 1288. 3303.]	[8428. 1238. 3303.]
3521.518633333333	2.0	trials	1.0	2.0	75.0	biphasic	8.0	100.0	1.0	10.0	10.0	16r_2b	16.0	2.0	bipolar		[8428. 1288. 3303.]	[8428. 1238. 3303.]
3523.5206333333335	2.0	trials	1.0	2.0	75.0	biphasic	8.0	100.0	1.0	10.0	10.0	16r_2b	16.0	2.0	bipolar		[8428. 1288. 3303.]	[8428. 1238. 3303.]
3525.5226	2.0	trials	1.0	2.0	75.0	biphasic	8.0	100.0	1.0	10.0	10.0	16r_2b	16.0	2.0	bipolar		[8428. 1288. 3303.]	[8428. 1238. 3303.]
3527.5246	2.0	trials	1.0	2.0	75.0	biphasic	8.0	100.0	1.0	10.0	10.0	16r_2b	16.0	2.0	bipolar		[8428. 1288. 3303.]	[8428. 1238. 3303.]
3529.5266	2.0	trials	1.0	2.0	75.0	biphasic	8.0	100.0	1.0	10.0	10.0	16r_2b	16.0	2.0	bipolar		[8428. 1288. 3303.]	[8428. 1238. 3303.]
3531.5283700827886	2.0	trials	1.0	2.0	75.0	biphasic	8.0	100.0	1.0	10.0	10.0	16r_2b	16.0	2.0	bipolar		[8428. 1288. 3303.]	[8428. 1238. 3303.]
3533.5306	2.0	trials	1.0	2.0	75.0	biphasic	8.0	100.0	1.0	10.0	10.0	16r_2b	16.0	2.0	bipolar		[8428. 1288. 3303.]	[8428. 1238. 3303.]
3535.5326	2.0	trials	1.0	2.0	75.0	biphasic	8.0	100.0	1.0	10.0	10.0	16r_2b	16.0	2.0	bipolar		[8428. 1288. 3303.]	[8428. 1238. 3303.]
3537.5346	2.0	trials	1.0	2.0	75.0	biphasic	8.0	100.0	1.0	10.0	10.0	16r_2b	16.0	2.0	bipolar		[8428. 1288. 3303.]	[8428. 1238. 3303.]
3539.5366	2.0	trials	1.0	2.0	75.0	biphasic	8.0	100.0	1.0	10.0	10.0	16r_2b	16.0	2.0	bipolar		[8428. 1288. 3303.]	[8428. 1238. 3303.]
3541.5386	2.0	trials	1.0	2.0	75.0	biphasic	8.0	100.0	1.0	10.0	10.0	16r_2b	16.0	2.0	bipolar		[8428. 1288. 3303.]	[8428. 1238. 3303.]
3543.5406	2.0	trials	1.0	2.0	75.0	biphasic	8.0	100.0	1.0	10.0	10.0	16r_2b	16.0	2.0	bipolar		[8428. 1288. 3303.]	[8428. 1238. 3303.]
3545.5425666666665	2.0	trials	1.0	2.0	75.0	biphasic	8.0	100.0	1.0	10.0	10.0	16r_2b	16.0	2.0	bipolar		[8428. 1288. 3303.]	[8428. 1238. 3303.]
3547.5445666666665	2.0	trials	1.0	2.0	75.0	biphasic	8.0	100.0	1.0	10.0	10.0	16r_2b	16.0	2.0	bipolar		[8428. 1288. 3303.]	[8428. 1238. 3303.]
3549.546566666667	2.0	trials	1.0	2.0	75.0	biphasic	8.0	100.0	1.0	10.0	10.0	16r_2b	16.0	2.0	bipolar		[8428. 1288. 3303.]	[8428. 1238. 3303.]
3551.548566666667	2.0	trials	1.0	2.0	75.0	biphasic	8.0	100.0	1.0	10.0	10.0	16r_2b	16.0	2.0	bipolar		[8428. 1288. 3303.]	[8428. 1238. 3303.]
3553.550566666667	2.0	trials	1.0	2.0	75.0	biphasic	8.0	100.0	1.0	10.0	10.0	16r_2b	16.0	2.0	bipolar		[8428. 1288. 3303.]	[8428. 1238. 3303.]
3555.5525666666667	2.0	trials	1.0	2.0	75.0	biphasic	8.0	100.0	1.0	10.0	10.0	16r_2b	16.0	2.0	bipolar		[8428. 1288. 3303.]	[8428. 1238. 3303.]
3557.5545666666667	2.0	trials	1.0	2.0	75.0	biphasic	8.0	100.0	1.0	10.0	10.0	16r_2b	16.0	2.0	bipolar		[8428. 1288. 3303.]	[8428. 1238. 3303.]
3559.5565666666666	2.0	trials	1.0	2.0	75.0	biphasic	8.0	100.0	1.0	10.0	10.0	16r_2b	16.0	2.0	bipolar		[8428. 1288. 3303.]	[8428. 1238. 3303.]
3561.5585666666666	2.0	trials	1.0	2.0	75.0	biphasic	8.0	100.0	1.0	10.0	10.0	16r_2b	16.0	2.0	bipolar		[8428. 1288. 3303.]	[8428. 1238. 3303.]
3563.5605666666665	2.0	trials	1.0	2.0	75.0	biphasic	8.0	100.0	1.0	10.0	10.0	16r_2b	16.0	2.0	bipolar		[8428. 1288. 3303.]	[8428. 1238. 3303.]
3565.5625666666665	2.0	trials	1.0	2.0	75.0	biphasic	8.0	100.0	1.0	10.0	10.0	16r_2b	16.0	2.0	bipolar		[8428. 1288. 3303.]	[8428. 1238. 3303.]
3567.564533333333	2.0	trials	1.0	2.0	75.0	biphasic	8.0	100.0	1.0	10.0	10.0	16r_2b	16.0	2.0	bipolar		[8428. 1288. 3303.]	[8428. 1238. 3303.]
3569.566533333333	2.0	trials	1.0	2.0	75.0	biphasic	8.0	100.0	1.0	10.0	10.0	16r_2b	16.0	2.0	bipolar		[8428. 1288. 3303.]	[8428. 1238. 3303.]
3571.568533333333	2.0	trials	1.0	2.0	75.0	biphasic	8.0	100.0	1.0	10.0	10.0	16r_2b	16.0	2.0	bipolar		[8428. 1288. 3303.]	[8428. 1238. 3303.]
3573.5705333333335	2.0	trials	1.0	2.0	75.0	biphasic	8.0	100.0	1.0	10.0	10.0	16r_2b	16.0	2.0	bipolar		[8428. 1288. 3303.]	[8428. 1238. 3303.]
3596.1190333333334	2.0	trials	1.0	2.0	75.0	biphasic	9.0	100.0	1.0	10.0	100.0	16r_2b	16.0	2.0	bipolar		[8428. 1288. 3303.]	[8428. 1238. 3303.]
3598.1210333333333	2.0	trials	1.0	2.0	75.0	biphasic	9.0	100.0	1.0	10.0	100.0	16r_2b	16.0	2.0	bipolar		[8428. 1288. 3303.]	[8428. 1238. 3303.]
3600.1230333333333	2.0	trials	1.0	2.0	75.0	biphasic	9.0	100.0	1.0	10.0	100.0	16r_2b	16.0	2.0	bipolar		[8428. 1288. 3303.]	[8428. 1238. 3303.]
3602.125	2.0	trials	1.0	2.0	75.0	biphasic	9.0	100.0	1.0	10.0	100.0	16r_2b	16.0	2.0	bipolar		[8428. 1288. 3303.]	[8428. 1238. 3303.]
3604.127	2.0	trials	1.0	2.0	75.0	biphasic	9.0	100.0	1.0	10.0	100.0	16r_2b	16.0	2.0	bipolar		[8428. 1288. 3303.]	[8428. 1238. 3303.]
3606.129	2.0	trials	1.0	2.0	75.0	biphasic	9.0	100.0	1.0	10.0	100.0	16r_2b	16.0	2.0	bipolar		[8428. 1288. 3303.]	[8428. 1238. 3303.]
3608.131	2.0	trials	1.0	2.0	75.0	biphasic	9.0	100.0	1.0	10.0	100.0	16r_2b	16.0	2.0	bipolar		[8428. 1288. 3303.]	[8428. 1238. 3303.]
3610.133	2.0	trials	1.0	2.0	75.0	biphasic	9.0	100.0	1.0	10.0	100.0	16r_2b	16.0	2.0	bipolar		[8428. 1288. 3303.]	[8428. 1238. 3303.]
3612.135	2.0	trials	1.0	2.0	75.0	biphasic	9.0	100.0	1.0	10.0	100.0	16r_2b	16.0	2.0	bipolar		[8428. 1288. 3303.]	[8428. 1238. 3303.]
3614.137	2.0	trials	1.0	2.0	75.0	biphasic	9.0	100.0	1.0	10.0	100.0	16r_2b	16.0	2.0	bipolar		[8428. 1288. 3303.]	[8428. 1238. 3303.]
3616.139	2.0	trials	1.0	2.0	75.0	biphasic	9.0	100.0	1.0	10.0	100.0	16r_2b	16.0	2.0	bipolar		[8428. 1288. 3303.]	[8428. 1238. 3303.]
3618.141	2.0	trials	1.0	2.0	75.0	biphasic	9.0	100.0	1.0	10.0	100.0	16r_2b	16.0	2.0	bipolar		[8428. 1288. 3303.]	[8428. 1238. 3303.]
3620.143	2.0	trials	1.0	2.0	75.0	biphasic	9.0	100.0	1.0	10.0	100.0	16r_2b	16.0	2.0	bipolar		[8428. 1288. 3303.]	[8428. 1238. 3303.]
3622.145	2.0	trials	1.0	2.0	75.0	biphasic	9.0	100.0	1.0	10.0	100.0	16r_2b	16.0	2.0	bipolar		[8428. 1288. 3303.]	[8428. 1238. 3303.]
3624.1469666666667	2.0	trials	1.0	2.0	75.0	biphasic	9.0	100.0	1.0	10.0	100.0	16r_2b	16.0	2.0	bipolar		[8428. 1288. 3303.]	[8428. 1238. 3303.]
3626.1489666666666	2.0	trials	1.0	2.0	75.0	biphasic	9.0	100.0	1.0	10.0	100.0	16r_2b	16.0	2.0	bipolar		[8428. 1288. 3303.]	[8428. 1238. 3303.]
3628.1509666666666	2.0	trials	1.0	2.0	75.0	biphasic	9.0	100.0	1.0	10.0	100.0	16r_2b	16.0	2.0	bipolar		[8428. 1288. 3303.]	[8428. 1238. 3303.]
3630.1529666666665	2.0	trials	1.0	2.0	75.0	biphasic	9.0	100.0	1.0	10.0	100.0	16r_2b	16.0	2.0	bipolar		[8428. 1288. 3303.]	[8428. 1238. 3303.]
3632.1549666666665	2.0	trials	1.0	2.0	75.0	biphasic	9.0	100.0	1.0	10.0	100.0	16r_2b	16.0	2.0	bipolar		[8428. 1288. 3303.]	[8428. 1238. 3303.]
3634.1569666666664	2.0	trials	1.0	2.0	75.0	biphasic	9.0	100.0	1.0	10.0	100.0	16r_2b	16.0	2.0	bipolar		[8428. 1288. 3303.]	[8428. 1238. 3303.]
3636.158966666667	2.0	trials	1.0	2.0	75.0	biphasic	9.0	100.0	1.0	10.0	100.0	16r_2b	16.0	2.0	bipolar		[8428. 1288. 3303.]	[8428. 1238. 3303.]
3638.160966666667	2.0	trials	1.0	2.0	75.0	biphasic	9.0	100.0	1.0	10.0	100.0	16r_2b	16.0	2.0	bipolar		[8428. 1288. 3303.]	[8428. 1238. 3303.]
3640.1629666666668	2.0	trials	1.0	2.0	75.0	biphasic	9.0	100.0	1.0	10.0	100.0	16r_2b	16.0	2.0	bipolar		[8428. 1288. 3303.]	[8428. 1238. 3303.]
3642.1649666666667	2.0	trials	1.0	2.0	75.0	biphasic	9.0	100.0	1.0	10.0	100.0	16r_2b	16.0	2.0	bipolar		[8428. 1288. 3303.]	[8428. 1238. 3303.]
3644.1669333333334	2.0	trials	1.0	2.0	75.0	biphasic	9.0	100.0	1.0	10.0	100.0	16r_2b	16.0	2.0	bipolar		[8428. 1288. 3303.]	[8428. 1238. 3303.]
3646.1689333333334	2.0	trials	1.0	2.0	75.0	biphasic	9.0	100.0	1.0	10.0	100.0	16r_2b	16.0	2.0	bipolar		[8428. 1288. 3303.]	[8428. 1238. 3303.]
3648.1709333333333	2.0	trials	1.0	2.0	75.0	biphasic	9.0	100.0	1.0	10.0	100.0	16r_2b	16.0	2.0	bipolar		[8428. 1288. 3303.]	[8428. 1238. 3303.]
3650.1729333333333	2.0	trials	1.0	2.0	75.0	biphasic	9.0	100.0	1.0	10.0	100.0	16r_2b	16.0	2.0	bipolar		[8428. 1288. 3303.]	[8428. 1238. 3303.]
3652.1749333333332	2.0	trials	1.0	2.0	75.0	biphasic	9.0	100.0	1.0	10.0	100.0	16r_2b	16.0	2.0	bipolar		[8428. 1288. 3303.]	[8428. 1238. 3303.]
3654.176933333333	2.0	trials	1.0	2.0	75.0	biphasic	9.0	100.0	1.0	10.0	100.0	16r_2b	16.0	2.0	bipolar		[8428. 1288. 3303.]	[8428. 1238. 3303.]
3656.178933333333	2.0	trials	1.0	2.0	75.0	biphasic	9.0	100.0	1.0	10.0	100.0	16r_2b	16.0	2.0	bipolar		[8428. 1288. 3303.]	[8428. 1238. 3303.]
3658.1809333333335	2.0	trials	1.0	2.0	75.0	biphasic	9.0	100.0	1.0	10.0	100.0	16r_2b	16.0	2.0	bipolar		[8428. 1288. 3303.]	[8428. 1238. 3303.]
3660.1829333333335	2.0	trials	1.0	2.0	75.0	biphasic	9.0	100.0	1.0	10.0	100.0	16r_2b	16.0	2.0	bipolar		[8428. 1288. 3303.]	[8428. 1238. 3303.]
3662.1849333333334	2.0	trials	1.0	2.0	75.0	biphasic	9.0	100.0	1.0	10.0	100.0	16r_2b	16.0	2.0	bipolar		[8428. 1288. 3303.]	[8428. 1238. 3303.]
3664.1869333333334	2.0	trials	1.0	2.0	75.0	biphasic	9.0	100.0	1.0	10.0	100.0	16r_2b	16.0	2.0	bipolar		[8428. 1288. 3303.]	[8428. 1238. 3303.]
3666.1889	2.0	trials	1.0	2.0	75.0	biphasic	9.0	100.0	1.0	10.0	100.0	16r_2b	16.0	2.0	bipolar		[8428. 1288. 3303.]	[8428. 1238. 3303.]
3668.1909	2.0	trials	1.0	2.0	75.0	biphasic	9.0	100.0	1.0	10.0	100.0	16r_2b	16.0	2.0	bipolar		[8428. 1288. 3303.]	[8428. 1238. 3303.]
3670.1929	2.0	trials	1.0	2.0	75.0	biphasic	9.0	100.0	1.0	10.0	100.0	16r_2b	16.0	2.0	bipolar		[8428. 1288. 3303.]	[8428. 1238. 3303.]
3672.1949	2.0	trials	1.0	2.0	75.0	biphasic	9.0	100.0	1.0	10.0	100.0	16r_2b	16.0	2.0	bipolar		[8428. 1288. 3303.]	[8428. 1238. 3303.]
3674.1969	2.0	trials	1.0	2.0	75.0	biphasic	9.0	100.0	1.0	10.0	100.0	16r_2b	16.0	2.0	bipolar		[8428. 1288. 3303.]	[8428. 1238. 3303.]
3676.1989	2.0	trials	1.0	2.0	75.0	biphasic	9.0	100.0	1.0	10.0	100.0	16r_2b	16.0	2.0	bipolar		[8428. 1288. 3303.]	[8428. 1238. 3303.]
3678.2009	2.0	trials	1.0	2.0	75.0	biphasic	9.0	100.0	1.0	10.0	100.0	16r_2b	16.0	2.0	bipolar		[8428. 1288. 3303.]	[8428. 1238. 3303.]
3680.2029	2.0	trials	1.0	2.0	75.0	biphasic	9.0	100.0	1.0	10.0	100.0	16r_2b	16.0	2.0	bipolar		[8428. 1288. 3303.]	[8428. 1238. 3303.]
3682.2049	2.0	trials	1.0	2.0	75.0	biphasic	9.0	100.0	1.0	10.0	100.0	16r_2b	16.0	2.0	bipolar		[8428. 1288. 3303.]	[8428. 1238. 3303.]
3684.2069	2.0	trials	1.0	2.0	75.0	biphasic	9.0	100.0	1.0	10.0	100.0	16r_2b	16.0	2.0	bipolar		[8428. 1288. 3303.]	[8428. 1238. 3303.]
3686.2089	2.0	trials	1.0	2.0	75.0	biphasic	9.0	100.0	1.0	10.0	100.0	16r_2b	16.0	2.0	bipolar		[8428. 1288. 3303.]	[8428. 1238. 3303.]
3688.210866666667	2.0	trials	1.0	2.0	75.0	biphasic	9.0	100.0	1.0	10.0	100.0	16r_2b	16.0	2.0	bipolar		[8428. 1288. 3303.]	[8428. 1238. 3303.]
3690.2128666666667	2.0	trials	1.0	2.0	75.0	biphasic	9.0	100.0	1.0	10.0	100.0	16r_2b	16.0	2.0	bipolar		[8428. 1288. 3303.]	[8428. 1238. 3303.]
3692.2148666666667	2.0	trials	1.0	2.0	75.0	biphasic	9.0	100.0	1.0	10.0	100.0	16r_2b	16.0	2.0	bipolar		[8428. 1288. 3303.]	[8428. 1238. 3303.]
3694.2168666666666	2.0	trials	1.0	2.0	75.0	biphasic	9.0	100.0	1.0	10.0	100.0	16r_2b	16.0	2.0	bipolar		[8428. 1288. 3303.]	[8428. 1238. 3303.]
3696.2188666666666	2.0	trials	1.0	2.0	75.0	biphasic	9.0	100.0	1.0	10.0	100.0	16r_2b	16.0	2.0	bipolar		[8428. 1288. 3303.]	[8428. 1238. 3303.]
3698.2208666666666	2.0	trials	1.0	2.0	75.0	biphasic	9.0	100.0	1.0	10.0	100.0	16r_2b	16.0	2.0	bipolar		[8428. 1288. 3303.]	[8428. 1238. 3303.]
3700.2228666666665	2.0	trials	1.0	2.0	75.0	biphasic	9.0	100.0	1.0	10.0	100.0	16r_2b	16.0	2.0	bipolar		[8428. 1288. 3303.]	[8428. 1238. 3303.]
3702.2248666666665	2.0	trials	1.0	2.0	75.0	biphasic	9.0	100.0	1.0	10.0	100.0	16r_2b	16.0	2.0	bipolar		[8428. 1288. 3303.]	[8428. 1238. 3303.]
3704.226866666667	2.0	trials	1.0	2.0	75.0	biphasic	9.0	100.0	1.0	10.0	100.0	16r_2b	16.0	2.0	bipolar		[8428. 1288. 3303.]	[8428. 1238. 3303.]
3706.228866666667	2.0	trials	1.0	2.0	75.0	biphasic	9.0	100.0	1.0	10.0	100.0	16r_2b	16.0	2.0	bipolar		[8428. 1288. 3303.]	[8428. 1238. 3303.]
3708.2308666666668	2.0	trials	1.0	2.0	75.0	biphasic	9.0	100.0	1.0	10.0	100.0	16r_2b	16.0	2.0	bipolar		[8428. 1288. 3303.]	[8428. 1238. 3303.]
3710.2328333333335	2.0	trials	1.0	2.0	75.0	biphasic	9.0	100.0	1.0	10.0	100.0	16r_2b	16.0	2.0	bipolar		[8428. 1288. 3303.]	[8428. 1238. 3303.]
3712.2348333333334	2.0	trials	1.0	2.0	75.0	biphasic	9.0	100.0	1.0	10.0	100.0	16r_2b	16.0	2.0	bipolar		[8428. 1288. 3303.]	[8428. 1238. 3303.]
3714.2368333333334	2.0	trials	1.0	2.0	75.0	biphasic	9.0	100.0	1.0	10.0	100.0	16r_2b	16.0	2.0	bipolar		[8428. 1288. 3303.]	[8428. 1238. 3303.]
3716.2388333333333	2.0	trials	1.0	2.0	75.0	biphasic	9.0	100.0	1.0	10.0	100.0	16r_2b	16.0	2.0	bipolar		[8428. 1288. 3303.]	[8428. 1238. 3303.]
3718.2408333333333	2.0	trials	1.0	2.0	75.0	biphasic	9.0	100.0	1.0	10.0	100.0	16r_2b	16.0	2.0	bipolar		[8428. 1288. 3303.]	[8428. 1238. 3303.]
3720.2428333333332	2.0	trials	1.0	2.0	75.0	biphasic	9.0	100.0	1.0	10.0	100.0	16r_2b	16.0	2.0	bipolar		[8428. 1288. 3303.]	[8428. 1238. 3303.]
3722.244833333333	2.0	trials	1.0	2.0	75.0	biphasic	9.0	100.0	1.0	10.0	100.0	16r_2b	16.0	2.0	bipolar		[8428. 1288. 3303.]	[8428. 1238. 3303.]
3724.246833333333	2.0	trials	1.0	2.0	75.0	biphasic	9.0	100.0	1.0	10.0	100.0	16r_2b	16.0	2.0	bipolar		[8428. 1288. 3303.]	[8428. 1238. 3303.]
3726.2488333333336	2.0	trials	1.0	2.0	75.0	biphasic	9.0	100.0	1.0	10.0	100.0	16r_2b	16.0	2.0	bipolar		[8428. 1288. 3303.]	[8428. 1238. 3303.]
3728.2508333333335	2.0	trials	1.0	2.0	75.0	biphasic	9.0	100.0	1.0	10.0	100.0	16r_2b	16.0	2.0	bipolar		[8428. 1288. 3303.]	[8428. 1238. 3303.]
3730.2530761883513	2.0	trials	1.0	2.0	75.0	biphasic	9.0	100.0	1.0	10.0	100.0	16r_2b	16.0	2.0	bipolar		[8428. 1288. 3303.]	[8428. 1238. 3303.]
3732.2548	2.0	trials	1.0	2.0	75.0	biphasic	9.0	100.0	1.0	10.0	100.0	16r_2b	16.0	2.0	bipolar		[8428. 1288. 3303.]	[8428. 1238. 3303.]
3734.2568	2.0	trials	1.0	2.0	75.0	biphasic	9.0	100.0	1.0	10.0	100.0	16r_2b	16.0	2.0	bipolar		[8428. 1288. 3303.]	[8428. 1238. 3303.]
3736.2588	2.0	trials	1.0	2.0	75.0	biphasic	9.0	100.0	1.0	10.0	100.0	16r_2b	16.0	2.0	bipolar		[8428. 1288. 3303.]	[8428. 1238. 3303.]
3738.2608	2.0	trials	1.0	2.0	75.0	biphasic	9.0	100.0	1.0	10.0	100.0	16r_2b	16.0	2.0	bipolar		[8428. 1288. 3303.]	[8428. 1238. 3303.]
3740.2628	2.0	trials	1.0	2.0	75.0	biphasic	9.0	100.0	1.0	10.0	100.0	16r_2b	16.0	2.0	bipolar		[8428. 1288. 3303.]	[8428. 1238. 3303.]
3742.2648	2.0	trials	1.0	2.0	75.0	biphasic	9.0	100.0	1.0	10.0	100.0	16r_2b	16.0	2.0	bipolar		[8428. 1288. 3303.]	[8428. 1238. 3303.]
3744.2668	2.0	trials	1.0	2.0	75.0	biphasic	9.0	100.0	1.0	10.0	100.0	16r_2b	16.0	2.0	bipolar		[8428. 1288. 3303.]	[8428. 1238. 3303.]
3837.4949666666666	2.0	trials	1.0	2.0	75.0	biphasic	10.0	100.0	1.0	10.0	-5.0	10r_7b	10.0	7.0	bipolar		[8428.  888. 3303.]	[8428.  938. 3303.]
3839.4969666666666	2.0	trials	1.0	2.0	75.0	biphasic	10.0	100.0	1.0	10.0	-5.0	10r_7b	10.0	7.0	bipolar		[8428.  888. 3303.]	[8428.  938. 3303.]
3841.4989666666665	2.0	trials	1.0	2.0	75.0	biphasic	10.0	100.0	1.0	10.0	-5.0	10r_7b	10.0	7.0	bipolar		[8428.  888. 3303.]	[8428.  938. 3303.]
3843.5009666666665	2.0	trials	1.0	2.0	75.0	biphasic	10.0	100.0	1.0	10.0	-5.0	10r_7b	10.0	7.0	bipolar		[8428.  888. 3303.]	[8428.  938. 3303.]
3845.5029666666665	2.0	trials	1.0	2.0	75.0	biphasic	10.0	100.0	1.0	10.0	-5.0	10r_7b	10.0	7.0	bipolar		[8428.  888. 3303.]	[8428.  938. 3303.]
3847.504966666667	2.0	trials	1.0	2.0	75.0	biphasic	10.0	100.0	1.0	10.0	-5.0	10r_7b	10.0	7.0	bipolar		[8428.  888. 3303.]	[8428.  938. 3303.]
3849.506966666667	2.0	trials	1.0	2.0	75.0	biphasic	10.0	100.0	1.0	10.0	-5.0	10r_7b	10.0	7.0	bipolar		[8428.  888. 3303.]	[8428.  938. 3303.]
3851.5089666666668	2.0	trials	1.0	2.0	75.0	biphasic	10.0	100.0	1.0	10.0	-5.0	10r_7b	10.0	7.0	bipolar		[8428.  888. 3303.]	[8428.  938. 3303.]
3853.5109333333335	2.0	trials	1.0	2.0	75.0	biphasic	10.0	100.0	1.0	10.0	-5.0	10r_7b	10.0	7.0	bipolar		[8428.  888. 3303.]	[8428.  938. 3303.]
3855.5129333333334	2.0	trials	1.0	2.0	75.0	biphasic	10.0	100.0	1.0	10.0	-5.0	10r_7b	10.0	7.0	bipolar		[8428.  888. 3303.]	[8428.  938. 3303.]
3857.5149333333334	2.0	trials	1.0	2.0	75.0	biphasic	10.0	100.0	1.0	10.0	-5.0	10r_7b	10.0	7.0	bipolar		[8428.  888. 3303.]	[8428.  938. 3303.]
3859.5169333333333	2.0	trials	1.0	2.0	75.0	biphasic	10.0	100.0	1.0	10.0	-5.0	10r_7b	10.0	7.0	bipolar		[8428.  888. 3303.]	[8428.  938. 3303.]
3861.5189333333333	2.0	trials	1.0	2.0	75.0	biphasic	10.0	100.0	1.0	10.0	-5.0	10r_7b	10.0	7.0	bipolar		[8428.  888. 3303.]	[8428.  938. 3303.]
3863.5209333333332	2.0	trials	1.0	2.0	75.0	biphasic	10.0	100.0	1.0	10.0	-5.0	10r_7b	10.0	7.0	bipolar		[8428.  888. 3303.]	[8428.  938. 3303.]
3865.522933333333	2.0	trials	1.0	2.0	75.0	biphasic	10.0	100.0	1.0	10.0	-5.0	10r_7b	10.0	7.0	bipolar		[8428.  888. 3303.]	[8428.  938. 3303.]
3867.524933333333	2.0	trials	1.0	2.0	75.0	biphasic	10.0	100.0	1.0	10.0	-5.0	10r_7b	10.0	7.0	bipolar		[8428.  888. 3303.]	[8428.  938. 3303.]
3869.5269333333335	2.0	trials	1.0	2.0	75.0	biphasic	10.0	100.0	1.0	10.0	-5.0	10r_7b	10.0	7.0	bipolar		[8428.  888. 3303.]	[8428.  938. 3303.]
3871.5289333333335	2.0	trials	1.0	2.0	75.0	biphasic	10.0	100.0	1.0	10.0	-5.0	10r_7b	10.0	7.0	bipolar		[8428.  888. 3303.]	[8428.  938. 3303.]
3873.5309333333335	2.0	trials	1.0	2.0	75.0	biphasic	10.0	100.0	1.0	10.0	-5.0	10r_7b	10.0	7.0	bipolar		[8428.  888. 3303.]	[8428.  938. 3303.]
3875.5329	2.0	trials	1.0	2.0	75.0	biphasic	10.0	100.0	1.0	10.0	-5.0	10r_7b	10.0	7.0	bipolar		[8428.  888. 3303.]	[8428.  938. 3303.]
3877.5349	2.0	trials	1.0	2.0	75.0	biphasic	10.0	100.0	1.0	10.0	-5.0	10r_7b	10.0	7.0	bipolar		[8428.  888. 3303.]	[8428.  938. 3303.]
3879.5369	2.0	trials	1.0	2.0	75.0	biphasic	10.0	100.0	1.0	10.0	-5.0	10r_7b	10.0	7.0	bipolar		[8428.  888. 3303.]	[8428.  938. 3303.]
3881.5389	2.0	trials	1.0	2.0	75.0	biphasic	10.0	100.0	1.0	10.0	-5.0	10r_7b	10.0	7.0	bipolar		[8428.  888. 3303.]	[8428.  938. 3303.]
3883.5409	2.0	trials	1.0	2.0	75.0	biphasic	10.0	100.0	1.0	10.0	-5.0	10r_7b	10.0	7.0	bipolar		[8428.  888. 3303.]	[8428.  938. 3303.]
3885.5429	2.0	trials	1.0	2.0	75.0	biphasic	10.0	100.0	1.0	10.0	-5.0	10r_7b	10.0	7.0	bipolar		[8428.  888. 3303.]	[8428.  938. 3303.]
3887.5449	2.0	trials	1.0	2.0	75.0	biphasic	10.0	100.0	1.0	10.0	-5.0	10r_7b	10.0	7.0	bipolar		[8428.  888. 3303.]	[8428.  938. 3303.]
3889.5469	2.0	trials	1.0	2.0	75.0	biphasic	10.0	100.0	1.0	10.0	-5.0	10r_7b	10.0	7.0	bipolar		[8428.  888. 3303.]	[8428.  938. 3303.]
3891.5489	2.0	trials	1.0	2.0	75.0	biphasic	10.0	100.0	1.0	10.0	-5.0	10r_7b	10.0	7.0	bipolar		[8428.  888. 3303.]	[8428.  938. 3303.]
3893.5509	2.0	trials	1.0	2.0	75.0	biphasic	10.0	100.0	1.0	10.0	-5.0	10r_7b	10.0	7.0	bipolar		[8428.  888. 3303.]	[8428.  938. 3303.]
3895.5529	2.0	trials	1.0	2.0	75.0	biphasic	10.0	100.0	1.0	10.0	-5.0	10r_7b	10.0	7.0	bipolar		[8428.  888. 3303.]	[8428.  938. 3303.]
3897.554866666667	2.0	trials	1.0	2.0	75.0	biphasic	10.0	100.0	1.0	10.0	-5.0	10r_7b	10.0	7.0	bipolar		[8428.  888. 3303.]	[8428.  938. 3303.]
3899.556866666667	2.0	trials	1.0	2.0	75.0	biphasic	10.0	100.0	1.0	10.0	-5.0	10r_7b	10.0	7.0	bipolar		[8428.  888. 3303.]	[8428.  938. 3303.]
3901.5588666666667	2.0	trials	1.0	2.0	75.0	biphasic	10.0	100.0	1.0	10.0	-5.0	10r_7b	10.0	7.0	bipolar		[8428.  888. 3303.]	[8428.  938. 3303.]
3903.5608666666667	2.0	trials	1.0	2.0	75.0	biphasic	10.0	100.0	1.0	10.0	-5.0	10r_7b	10.0	7.0	bipolar		[8428.  888. 3303.]	[8428.  938. 3303.]
3905.5628666666667	2.0	trials	1.0	2.0	75.0	biphasic	10.0	100.0	1.0	10.0	-5.0	10r_7b	10.0	7.0	bipolar		[8428.  888. 3303.]	[8428.  938. 3303.]
3907.5648666666666	2.0	trials	1.0	2.0	75.0	biphasic	10.0	100.0	1.0	10.0	-5.0	10r_7b	10.0	7.0	bipolar		[8428.  888. 3303.]	[8428.  938. 3303.]
3909.5668666666666	2.0	trials	1.0	2.0	75.0	biphasic	10.0	100.0	1.0	10.0	-5.0	10r_7b	10.0	7.0	bipolar		[8428.  888. 3303.]	[8428.  938. 3303.]
3911.5688666666665	2.0	trials	1.0	2.0	75.0	biphasic	10.0	100.0	1.0	10.0	-5.0	10r_7b	10.0	7.0	bipolar		[8428.  888. 3303.]	[8428.  938. 3303.]
3913.5708666666665	2.0	trials	1.0	2.0	75.0	biphasic	10.0	100.0	1.0	10.0	-5.0	10r_7b	10.0	7.0	bipolar		[8428.  888. 3303.]	[8428.  938. 3303.]
3915.572866666667	2.0	trials	1.0	2.0	75.0	biphasic	10.0	100.0	1.0	10.0	-5.0	10r_7b	10.0	7.0	bipolar		[8428.  888. 3303.]	[8428.  938. 3303.]
3917.574866666667	2.0	trials	1.0	2.0	75.0	biphasic	10.0	100.0	1.0	10.0	-5.0	10r_7b	10.0	7.0	bipolar		[8428.  888. 3303.]	[8428.  938. 3303.]
3919.5768333333335	2.0	trials	1.0	2.0	75.0	biphasic	10.0	100.0	1.0	10.0	-5.0	10r_7b	10.0	7.0	bipolar		[8428.  888. 3303.]	[8428.  938. 3303.]
3921.5788333333335	2.0	trials	1.0	2.0	75.0	biphasic	10.0	100.0	1.0	10.0	-5.0	10r_7b	10.0	7.0	bipolar		[8428.  888. 3303.]	[8428.  938. 3303.]
3923.5808333333334	2.0	trials	1.0	2.0	75.0	biphasic	10.0	100.0	1.0	10.0	-5.0	10r_7b	10.0	7.0	bipolar		[8428.  888. 3303.]	[8428.  938. 3303.]
3925.5828333333334	2.0	trials	1.0	2.0	75.0	biphasic	10.0	100.0	1.0	10.0	-5.0	10r_7b	10.0	7.0	bipolar		[8428.  888. 3303.]	[8428.  938. 3303.]
3927.5848333333333	2.0	trials	1.0	2.0	75.0	biphasic	10.0	100.0	1.0	10.0	-5.0	10r_7b	10.0	7.0	bipolar		[8428.  888. 3303.]	[8428.  938. 3303.]
3929.5868333333333	2.0	trials	1.0	2.0	75.0	biphasic	10.0	100.0	1.0	10.0	-5.0	10r_7b	10.0	7.0	bipolar		[8428.  888. 3303.]	[8428.  938. 3303.]
3931.5888333333332	2.0	trials	1.0	2.0	75.0	biphasic	10.0	100.0	1.0	10.0	-5.0	10r_7b	10.0	7.0	bipolar		[8428.  888. 3303.]	[8428.  938. 3303.]
3933.590833333333	2.0	trials	1.0	2.0	75.0	biphasic	10.0	100.0	1.0	10.0	-5.0	10r_7b	10.0	7.0	bipolar		[8428.  888. 3303.]	[8428.  938. 3303.]
3935.592833333333	2.0	trials	1.0	2.0	75.0	biphasic	10.0	100.0	1.0	10.0	-5.0	10r_7b	10.0	7.0	bipolar		[8428.  888. 3303.]	[8428.  938. 3303.]
3937.5948333333336	2.0	trials	1.0	2.0	75.0	biphasic	10.0	100.0	1.0	10.0	-5.0	10r_7b	10.0	7.0	bipolar		[8428.  888. 3303.]	[8428.  938. 3303.]
3939.5968333333335	2.0	trials	1.0	2.0	75.0	biphasic	10.0	100.0	1.0	10.0	-5.0	10r_7b	10.0	7.0	bipolar		[8428.  888. 3303.]	[8428.  938. 3303.]
3941.5988	2.0	trials	1.0	2.0	75.0	biphasic	10.0	100.0	1.0	10.0	-5.0	10r_7b	10.0	7.0	bipolar		[8428.  888. 3303.]	[8428.  938. 3303.]
3943.6008	2.0	trials	1.0	2.0	75.0	biphasic	10.0	100.0	1.0	10.0	-5.0	10r_7b	10.0	7.0	bipolar		[8428.  888. 3303.]	[8428.  938. 3303.]
3945.6028	2.0	trials	1.0	2.0	75.0	biphasic	10.0	100.0	1.0	10.0	-5.0	10r_7b	10.0	7.0	bipolar		[8428.  888. 3303.]	[8428.  938. 3303.]
3947.6048	2.0	trials	1.0	2.0	75.0	biphasic	10.0	100.0	1.0	10.0	-5.0	10r_7b	10.0	7.0	bipolar		[8428.  888. 3303.]	[8428.  938. 3303.]
3949.6068	2.0	trials	1.0	2.0	75.0	biphasic	10.0	100.0	1.0	10.0	-5.0	10r_7b	10.0	7.0	bipolar		[8428.  888. 3303.]	[8428.  938. 3303.]
3951.6088	2.0	trials	1.0	2.0	75.0	biphasic	10.0	100.0	1.0	10.0	-5.0	10r_7b	10.0	7.0	bipolar		[8428.  888. 3303.]	[8428.  938. 3303.]
3953.6108	2.0	trials	1.0	2.0	75.0	biphasic	10.0	100.0	1.0	10.0	-5.0	10r_7b	10.0	7.0	bipolar		[8428.  888. 3303.]	[8428.  938. 3303.]
3955.6128	2.0	trials	1.0	2.0	75.0	biphasic	10.0	100.0	1.0	10.0	-5.0	10r_7b	10.0	7.0	bipolar		[8428.  888. 3303.]	[8428.  938. 3303.]
3957.6148	2.0	trials	1.0	2.0	75.0	biphasic	10.0	100.0	1.0	10.0	-5.0	10r_7b	10.0	7.0	bipolar		[8428.  888. 3303.]	[8428.  938. 3303.]
3959.6168	2.0	trials	1.0	2.0	75.0	biphasic	10.0	100.0	1.0	10.0	-5.0	10r_7b	10.0	7.0	bipolar		[8428.  888. 3303.]	[8428.  938. 3303.]
3961.6188	2.0	trials	1.0	2.0	75.0	biphasic	10.0	100.0	1.0	10.0	-5.0	10r_7b	10.0	7.0	bipolar		[8428.  888. 3303.]	[8428.  938. 3303.]
3963.6207666666664	2.0	trials	1.0	2.0	75.0	biphasic	10.0	100.0	1.0	10.0	-5.0	10r_7b	10.0	7.0	bipolar		[8428.  888. 3303.]	[8428.  938. 3303.]
3965.622766666667	2.0	trials	1.0	2.0	75.0	biphasic	10.0	100.0	1.0	10.0	-5.0	10r_7b	10.0	7.0	bipolar		[8428.  888. 3303.]	[8428.  938. 3303.]
3967.624766666667	2.0	trials	1.0	2.0	75.0	biphasic	10.0	100.0	1.0	10.0	-5.0	10r_7b	10.0	7.0	bipolar		[8428.  888. 3303.]	[8428.  938. 3303.]
3969.6267666666668	2.0	trials	1.0	2.0	75.0	biphasic	10.0	100.0	1.0	10.0	-5.0	10r_7b	10.0	7.0	bipolar		[8428.  888. 3303.]	[8428.  938. 3303.]
3971.6287666666667	2.0	trials	1.0	2.0	75.0	biphasic	10.0	100.0	1.0	10.0	-5.0	10r_7b	10.0	7.0	bipolar		[8428.  888. 3303.]	[8428.  938. 3303.]
3973.6307666666667	2.0	trials	1.0	2.0	75.0	biphasic	10.0	100.0	1.0	10.0	-5.0	10r_7b	10.0	7.0	bipolar		[8428.  888. 3303.]	[8428.  938. 3303.]
3975.6327666666666	2.0	trials	1.0	2.0	75.0	biphasic	10.0	100.0	1.0	10.0	-5.0	10r_7b	10.0	7.0	bipolar		[8428.  888. 3303.]	[8428.  938. 3303.]
3977.6347666666666	2.0	trials	1.0	2.0	75.0	biphasic	10.0	100.0	1.0	10.0	-5.0	10r_7b	10.0	7.0	bipolar		[8428.  888. 3303.]	[8428.  938. 3303.]
3979.6367666666665	2.0	trials	1.0	2.0	75.0	biphasic	10.0	100.0	1.0	10.0	-5.0	10r_7b	10.0	7.0	bipolar		[8428.  888. 3303.]	[8428.  938. 3303.]
3981.6387666666665	2.0	trials	1.0	2.0	75.0	biphasic	10.0	100.0	1.0	10.0	-5.0	10r_7b	10.0	7.0	bipolar		[8428.  888. 3303.]	[8428.  938. 3303.]
3983.640766666667	2.0	trials	1.0	2.0	75.0	biphasic	10.0	100.0	1.0	10.0	-5.0	10r_7b	10.0	7.0	bipolar		[8428.  888. 3303.]	[8428.  938. 3303.]
3985.642766666667	2.0	trials	1.0	2.0	75.0	biphasic	10.0	100.0	1.0	10.0	-5.0	10r_7b	10.0	7.0	bipolar		[8428.  888. 3303.]	[8428.  938. 3303.]
4000.7866	2.0	trials	1.0	2.0	75.0	biphasic	11.0	100.0	1.0	10.0	5.0	10r_7b	10.0	7.0	bipolar		[8428.  888. 3303.]	[8428.  938. 3303.]
4002.7886	2.0	trials	1.0	2.0	75.0	biphasic	11.0	100.0	1.0	10.0	5.0	10r_7b	10.0	7.0	bipolar		[8428.  888. 3303.]	[8428.  938. 3303.]
4004.7906	2.0	trials	1.0	2.0	75.0	biphasic	11.0	100.0	1.0	10.0	5.0	10r_7b	10.0	7.0	bipolar		[8428.  888. 3303.]	[8428.  938. 3303.]
4006.7926	2.0	trials	1.0	2.0	75.0	biphasic	11.0	100.0	1.0	10.0	5.0	10r_7b	10.0	7.0	bipolar		[8428.  888. 3303.]	[8428.  938. 3303.]
4008.7946	2.0	trials	1.0	2.0	75.0	biphasic	11.0	100.0	1.0	10.0	5.0	10r_7b	10.0	7.0	bipolar		[8428.  888. 3303.]	[8428.  938. 3303.]
4010.796566666667	2.0	trials	1.0	2.0	75.0	biphasic	11.0	100.0	1.0	10.0	5.0	10r_7b	10.0	7.0	bipolar		[8428.  888. 3303.]	[8428.  938. 3303.]
4012.798566666667	2.0	trials	1.0	2.0	75.0	biphasic	11.0	100.0	1.0	10.0	5.0	10r_7b	10.0	7.0	bipolar		[8428.  888. 3303.]	[8428.  938. 3303.]
4014.800566666667	2.0	trials	1.0	2.0	75.0	biphasic	11.0	100.0	1.0	10.0	5.0	10r_7b	10.0	7.0	bipolar		[8428.  888. 3303.]	[8428.  938. 3303.]
4016.8025666666667	2.0	trials	1.0	2.0	75.0	biphasic	11.0	100.0	1.0	10.0	5.0	10r_7b	10.0	7.0	bipolar		[8428.  888. 3303.]	[8428.  938. 3303.]
4018.8045666666667	2.0	trials	1.0	2.0	75.0	biphasic	11.0	100.0	1.0	10.0	5.0	10r_7b	10.0	7.0	bipolar		[8428.  888. 3303.]	[8428.  938. 3303.]
4020.8065666666666	2.0	trials	1.0	2.0	75.0	biphasic	11.0	100.0	1.0	10.0	5.0	10r_7b	10.0	7.0	bipolar		[8428.  888. 3303.]	[8428.  938. 3303.]
4022.8085666666666	2.0	trials	1.0	2.0	75.0	biphasic	11.0	100.0	1.0	10.0	5.0	10r_7b	10.0	7.0	bipolar		[8428.  888. 3303.]	[8428.  938. 3303.]
4024.8105666666665	2.0	trials	1.0	2.0	75.0	biphasic	11.0	100.0	1.0	10.0	5.0	10r_7b	10.0	7.0	bipolar		[8428.  888. 3303.]	[8428.  938. 3303.]
4026.8125666666665	2.0	trials	1.0	2.0	75.0	biphasic	11.0	100.0	1.0	10.0	5.0	10r_7b	10.0	7.0	bipolar		[8428.  888. 3303.]	[8428.  938. 3303.]
4028.8145666666665	2.0	trials	1.0	2.0	75.0	biphasic	11.0	100.0	1.0	10.0	5.0	10r_7b	10.0	7.0	bipolar		[8428.  888. 3303.]	[8428.  938. 3303.]
4030.816566666667	2.0	trials	1.0	2.0	75.0	biphasic	11.0	100.0	1.0	10.0	5.0	10r_7b	10.0	7.0	bipolar		[8428.  888. 3303.]	[8428.  938. 3303.]
4032.818566666667	2.0	trials	1.0	2.0	75.0	biphasic	11.0	100.0	1.0	10.0	5.0	10r_7b	10.0	7.0	bipolar		[8428.  888. 3303.]	[8428.  938. 3303.]
4034.8205333333335	2.0	trials	1.0	2.0	75.0	biphasic	11.0	100.0	1.0	10.0	5.0	10r_7b	10.0	7.0	bipolar		[8428.  888. 3303.]	[8428.  938. 3303.]
4036.8225333333335	2.0	trials	1.0	2.0	75.0	biphasic	11.0	100.0	1.0	10.0	5.0	10r_7b	10.0	7.0	bipolar		[8428.  888. 3303.]	[8428.  938. 3303.]
4038.8245333333334	2.0	trials	1.0	2.0	75.0	biphasic	11.0	100.0	1.0	10.0	5.0	10r_7b	10.0	7.0	bipolar		[8428.  888. 3303.]	[8428.  938. 3303.]
4040.8265333333334	2.0	trials	1.0	2.0	75.0	biphasic	11.0	100.0	1.0	10.0	5.0	10r_7b	10.0	7.0	bipolar		[8428.  888. 3303.]	[8428.  938. 3303.]
4042.8285333333333	2.0	trials	1.0	2.0	75.0	biphasic	11.0	100.0	1.0	10.0	5.0	10r_7b	10.0	7.0	bipolar		[8428.  888. 3303.]	[8428.  938. 3303.]
4044.8305333333333	2.0	trials	1.0	2.0	75.0	biphasic	11.0	100.0	1.0	10.0	5.0	10r_7b	10.0	7.0	bipolar		[8428.  888. 3303.]	[8428.  938. 3303.]
4046.8325333333332	2.0	trials	1.0	2.0	75.0	biphasic	11.0	100.0	1.0	10.0	5.0	10r_7b	10.0	7.0	bipolar		[8428.  888. 3303.]	[8428.  938. 3303.]
4048.834533333333	2.0	trials	1.0	2.0	75.0	biphasic	11.0	100.0	1.0	10.0	5.0	10r_7b	10.0	7.0	bipolar		[8428.  888. 3303.]	[8428.  938. 3303.]
4050.836533333333	2.0	trials	1.0	2.0	75.0	biphasic	11.0	100.0	1.0	10.0	5.0	10r_7b	10.0	7.0	bipolar		[8428.  888. 3303.]	[8428.  938. 3303.]
4052.8385333333335	2.0	trials	1.0	2.0	75.0	biphasic	11.0	100.0	1.0	10.0	5.0	10r_7b	10.0	7.0	bipolar		[8428.  888. 3303.]	[8428.  938. 3303.]
4054.8405333333335	2.0	trials	1.0	2.0	75.0	biphasic	11.0	100.0	1.0	10.0	5.0	10r_7b	10.0	7.0	bipolar		[8428.  888. 3303.]	[8428.  938. 3303.]
4056.8425	2.0	trials	1.0	2.0	75.0	biphasic	11.0	100.0	1.0	10.0	5.0	10r_7b	10.0	7.0	bipolar		[8428.  888. 3303.]	[8428.  938. 3303.]
4058.8445	2.0	trials	1.0	2.0	75.0	biphasic	11.0	100.0	1.0	10.0	5.0	10r_7b	10.0	7.0	bipolar		[8428.  888. 3303.]	[8428.  938. 3303.]
4060.8465	2.0	trials	1.0	2.0	75.0	biphasic	11.0	100.0	1.0	10.0	5.0	10r_7b	10.0	7.0	bipolar		[8428.  888. 3303.]	[8428.  938. 3303.]
4062.8485	2.0	trials	1.0	2.0	75.0	biphasic	11.0	100.0	1.0	10.0	5.0	10r_7b	10.0	7.0	bipolar		[8428.  888. 3303.]	[8428.  938. 3303.]
4064.8505	2.0	trials	1.0	2.0	75.0	biphasic	11.0	100.0	1.0	10.0	5.0	10r_7b	10.0	7.0	bipolar		[8428.  888. 3303.]	[8428.  938. 3303.]
4066.8525	2.0	trials	1.0	2.0	75.0	biphasic	11.0	100.0	1.0	10.0	5.0	10r_7b	10.0	7.0	bipolar		[8428.  888. 3303.]	[8428.  938. 3303.]
4068.8545	2.0	trials	1.0	2.0	75.0	biphasic	11.0	100.0	1.0	10.0	5.0	10r_7b	10.0	7.0	bipolar		[8428.  888. 3303.]	[8428.  938. 3303.]
4070.8565	2.0	trials	1.0	2.0	75.0	biphasic	11.0	100.0	1.0	10.0	5.0	10r_7b	10.0	7.0	bipolar		[8428.  888. 3303.]	[8428.  938. 3303.]
4072.8585	2.0	trials	1.0	2.0	75.0	biphasic	11.0	100.0	1.0	10.0	5.0	10r_7b	10.0	7.0	bipolar		[8428.  888. 3303.]	[8428.  938. 3303.]
4074.8605	2.0	trials	1.0	2.0	75.0	biphasic	11.0	100.0	1.0	10.0	5.0	10r_7b	10.0	7.0	bipolar		[8428.  888. 3303.]	[8428.  938. 3303.]
4076.8625	2.0	trials	1.0	2.0	75.0	biphasic	11.0	100.0	1.0	10.0	5.0	10r_7b	10.0	7.0	bipolar		[8428.  888. 3303.]	[8428.  938. 3303.]
4078.8645	2.0	trials	1.0	2.0	75.0	biphasic	11.0	100.0	1.0	10.0	5.0	10r_7b	10.0	7.0	bipolar		[8428.  888. 3303.]	[8428.  938. 3303.]
4080.866466666667	2.0	trials	1.0	2.0	75.0	biphasic	11.0	100.0	1.0	10.0	5.0	10r_7b	10.0	7.0	bipolar		[8428.  888. 3303.]	[8428.  938. 3303.]
4082.868466666667	2.0	trials	1.0	2.0	75.0	biphasic	11.0	100.0	1.0	10.0	5.0	10r_7b	10.0	7.0	bipolar		[8428.  888. 3303.]	[8428.  938. 3303.]
4084.8704666666667	2.0	trials	1.0	2.0	75.0	biphasic	11.0	100.0	1.0	10.0	5.0	10r_7b	10.0	7.0	bipolar		[8428.  888. 3303.]	[8428.  938. 3303.]
4086.8724666666667	2.0	trials	1.0	2.0	75.0	biphasic	11.0	100.0	1.0	10.0	5.0	10r_7b	10.0	7.0	bipolar		[8428.  888. 3303.]	[8428.  938. 3303.]
4088.8744666666666	2.0	trials	1.0	2.0	75.0	biphasic	11.0	100.0	1.0	10.0	5.0	10r_7b	10.0	7.0	bipolar		[8428.  888. 3303.]	[8428.  938. 3303.]
4090.8764666666666	2.0	trials	1.0	2.0	75.0	biphasic	11.0	100.0	1.0	10.0	5.0	10r_7b	10.0	7.0	bipolar		[8428.  888. 3303.]	[8428.  938. 3303.]
4092.8784666666666	2.0	trials	1.0	2.0	75.0	biphasic	11.0	100.0	1.0	10.0	5.0	10r_7b	10.0	7.0	bipolar		[8428.  888. 3303.]	[8428.  938. 3303.]
4094.8804666666665	2.0	trials	1.0	2.0	75.0	biphasic	11.0	100.0	1.0	10.0	5.0	10r_7b	10.0	7.0	bipolar		[8428.  888. 3303.]	[8428.  938. 3303.]
4096.882466666667	2.0	trials	1.0	2.0	75.0	biphasic	11.0	100.0	1.0	10.0	5.0	10r_7b	10.0	7.0	bipolar		[8428.  888. 3303.]	[8428.  938. 3303.]
4098.884466666666	2.0	trials	1.0	2.0	75.0	biphasic	11.0	100.0	1.0	10.0	5.0	10r_7b	10.0	7.0	bipolar		[8428.  888. 3303.]	[8428.  938. 3303.]
4100.886466666667	2.0	trials	1.0	2.0	75.0	biphasic	11.0	100.0	1.0	10.0	5.0	10r_7b	10.0	7.0	bipolar		[8428.  888. 3303.]	[8428.  938. 3303.]
4102.8884333333335	2.0	trials	1.0	2.0	75.0	biphasic	11.0	100.0	1.0	10.0	5.0	10r_7b	10.0	7.0	bipolar		[8428.  888. 3303.]	[8428.  938. 3303.]
4104.89016608788	2.0	trials	1.0	2.0	75.0	biphasic	11.0	100.0	1.0	10.0	5.0	10r_7b	10.0	7.0	bipolar		[8428.  888. 3303.]	[8428.  938. 3303.]
4106.892433333333	2.0	trials	1.0	2.0	75.0	biphasic	11.0	100.0	1.0	10.0	5.0	10r_7b	10.0	7.0	bipolar		[8428.  888. 3303.]	[8428.  938. 3303.]
4108.894165827202	2.0	trials	1.0	2.0	75.0	biphasic	11.0	100.0	1.0	10.0	5.0	10r_7b	10.0	7.0	bipolar		[8428.  888. 3303.]	[8428.  938. 3303.]
4110.896165696864	2.0	trials	1.0	2.0	75.0	biphasic	11.0	100.0	1.0	10.0	5.0	10r_7b	10.0	7.0	bipolar		[8428.  888. 3303.]	[8428.  938. 3303.]
4112.8987011001755	2.0	trials	1.0	2.0	75.0	biphasic	11.0	100.0	1.0	10.0	5.0	10r_7b	10.0	7.0	bipolar		[8428.  888. 3303.]	[8428.  938. 3303.]
4114.900701230515	2.0	trials	1.0	2.0	75.0	biphasic	11.0	100.0	1.0	10.0	5.0	10r_7b	10.0	7.0	bipolar		[8428.  888. 3303.]	[8428.  938. 3303.]
4116.902433333334	2.0	trials	1.0	2.0	75.0	biphasic	11.0	100.0	1.0	10.0	5.0	10r_7b	10.0	7.0	bipolar		[8428.  888. 3303.]	[8428.  938. 3303.]
4118.904433333333	2.0	trials	1.0	2.0	75.0	biphasic	11.0	100.0	1.0	10.0	5.0	10r_7b	10.0	7.0	bipolar		[8428.  888. 3303.]	[8428.  938. 3303.]
4120.906433333334	2.0	trials	1.0	2.0	75.0	biphasic	11.0	100.0	1.0	10.0	5.0	10r_7b	10.0	7.0	bipolar		[8428.  888. 3303.]	[8428.  938. 3303.]
4122.908433333333	2.0	trials	1.0	2.0	75.0	biphasic	11.0	100.0	1.0	10.0	5.0	10r_7b	10.0	7.0	bipolar		[8428.  888. 3303.]	[8428.  938. 3303.]
4124.9104333333335	2.0	trials	1.0	2.0	75.0	biphasic	11.0	100.0	1.0	10.0	5.0	10r_7b	10.0	7.0	bipolar		[8428.  888. 3303.]	[8428.  938. 3303.]
4126.912668679211	2.0	trials	1.0	2.0	75.0	biphasic	11.0	100.0	1.0	10.0	5.0	10r_7b	10.0	7.0	bipolar		[8428.  888. 3303.]	[8428.  938. 3303.]
4128.914131190486	2.0	trials	1.0	2.0	75.0	biphasic	11.0	100.0	1.0	10.0	5.0	10r_7b	10.0	7.0	bipolar		[8428.  888. 3303.]	[8428.  938. 3303.]
4130.9164	2.0	trials	1.0	2.0	75.0	biphasic	11.0	100.0	1.0	10.0	5.0	10r_7b	10.0	7.0	bipolar		[8428.  888. 3303.]	[8428.  938. 3303.]
4132.918669070225	2.0	trials	1.0	2.0	75.0	biphasic	11.0	100.0	1.0	10.0	5.0	10r_7b	10.0	7.0	bipolar		[8428.  888. 3303.]	[8428.  938. 3303.]
4134.9204	2.0	trials	1.0	2.0	75.0	biphasic	11.0	100.0	1.0	10.0	5.0	10r_7b	10.0	7.0	bipolar		[8428.  888. 3303.]	[8428.  938. 3303.]
4136.9224	2.0	trials	1.0	2.0	75.0	biphasic	11.0	100.0	1.0	10.0	5.0	10r_7b	10.0	7.0	bipolar		[8428.  888. 3303.]	[8428.  938. 3303.]
4138.9244	2.0	trials	1.0	2.0	75.0	biphasic	11.0	100.0	1.0	10.0	5.0	10r_7b	10.0	7.0	bipolar		[8428.  888. 3303.]	[8428.  938. 3303.]
4140.9264	2.0	trials	1.0	2.0	75.0	biphasic	11.0	100.0	1.0	10.0	5.0	10r_7b	10.0	7.0	bipolar		[8428.  888. 3303.]	[8428.  938. 3303.]
4142.928130278116	2.0	trials	1.0	2.0	75.0	biphasic	11.0	100.0	1.0	10.0	5.0	10r_7b	10.0	7.0	bipolar		[8428.  888. 3303.]	[8428.  938. 3303.]
4144.9304	2.0	trials	1.0	2.0	75.0	biphasic	11.0	100.0	1.0	10.0	5.0	10r_7b	10.0	7.0	bipolar		[8428.  888. 3303.]	[8428.  938. 3303.]
4146.932669982596	2.0	trials	1.0	2.0	75.0	biphasic	11.0	100.0	1.0	10.0	5.0	10r_7b	10.0	7.0	bipolar		[8428.  888. 3303.]	[8428.  938. 3303.]
4148.934096553769	2.0	trials	1.0	2.0	75.0	biphasic	11.0	100.0	1.0	10.0	5.0	10r_7b	10.0	7.0	bipolar		[8428.  888. 3303.]	[8428.  938. 3303.]
4174.521028221287	2.0	trials	1.0	2.0	75.0	biphasic	12.0	100.0	1.0	10.0	-25.0	10r_7b	10.0	7.0	bipolar		[8428.  888. 3303.]	[8428.  938. 3303.]
4176.5233	2.0	trials	1.0	2.0	75.0	biphasic	12.0	100.0	1.0	10.0	-25.0	10r_7b	10.0	7.0	bipolar		[8428.  888. 3303.]	[8428.  938. 3303.]
4178.5253	2.0	trials	1.0	2.0	75.0	biphasic	12.0	100.0	1.0	10.0	-25.0	10r_7b	10.0	7.0	bipolar		[8428.  888. 3303.]	[8428.  938. 3303.]
4180.527027830271	2.0	trials	1.0	2.0	75.0	biphasic	12.0	100.0	1.0	10.0	-25.0	10r_7b	10.0	7.0	bipolar		[8428.  888. 3303.]	[8428.  938. 3303.]
4182.5293	2.0	trials	1.0	2.0	75.0	biphasic	12.0	100.0	1.0	10.0	-25.0	10r_7b	10.0	7.0	bipolar		[8428.  888. 3303.]	[8428.  938. 3303.]
4184.531572430441	2.0	trials	1.0	2.0	75.0	biphasic	12.0	100.0	1.0	10.0	-25.0	10r_7b	10.0	7.0	bipolar		[8428.  888. 3303.]	[8428.  938. 3303.]
4186.5333	2.0	trials	1.0	2.0	75.0	biphasic	12.0	100.0	1.0	10.0	-25.0	10r_7b	10.0	7.0	bipolar		[8428.  888. 3303.]	[8428.  938. 3303.]
4188.5353	2.0	trials	1.0	2.0	75.0	biphasic	12.0	100.0	1.0	10.0	-25.0	10r_7b	10.0	7.0	bipolar		[8428.  888. 3303.]	[8428.  938. 3303.]
4190.537266666666	2.0	trials	1.0	2.0	75.0	biphasic	12.0	100.0	1.0	10.0	-25.0	10r_7b	10.0	7.0	bipolar		[8428.  888. 3303.]	[8428.  938. 3303.]
4192.539266666667	2.0	trials	1.0	2.0	75.0	biphasic	12.0	100.0	1.0	10.0	-25.0	10r_7b	10.0	7.0	bipolar		[8428.  888. 3303.]	[8428.  938. 3303.]
4194.540993584571	2.0	trials	1.0	2.0	75.0	biphasic	12.0	100.0	1.0	10.0	-25.0	10r_7b	10.0	7.0	bipolar		[8428.  888. 3303.]	[8428.  938. 3303.]
4196.543266666667	2.0	trials	1.0	2.0	75.0	biphasic	12.0	100.0	1.0	10.0	-25.0	10r_7b	10.0	7.0	bipolar		[8428.  888. 3303.]	[8428.  938. 3303.]
4198.545540009475	2.0	trials	1.0	2.0	75.0	biphasic	12.0	100.0	1.0	10.0	-25.0	10r_7b	10.0	7.0	bipolar		[8428.  888. 3303.]	[8428.  938. 3303.]
4200.546993193555	2.0	trials	1.0	2.0	75.0	biphasic	12.0	100.0	1.0	10.0	-25.0	10r_7b	10.0	7.0	bipolar		[8428.  888. 3303.]	[8428.  938. 3303.]
4202.549266666667	2.0	trials	1.0	2.0	75.0	biphasic	12.0	100.0	1.0	10.0	-25.0	10r_7b	10.0	7.0	bipolar		[8428.  888. 3303.]	[8428.  938. 3303.]
4204.551540400491	2.0	trials	1.0	2.0	75.0	biphasic	12.0	100.0	1.0	10.0	-25.0	10r_7b	10.0	7.0	bipolar		[8428.  888. 3303.]	[8428.  938. 3303.]
4206.553266666667	2.0	trials	1.0	2.0	75.0	biphasic	12.0	100.0	1.0	10.0	-25.0	10r_7b	10.0	7.0	bipolar		[8428.  888. 3303.]	[8428.  938. 3303.]
4208.554992672201	2.0	trials	1.0	2.0	75.0	biphasic	12.0	100.0	1.0	10.0	-25.0	10r_7b	10.0	7.0	bipolar		[8428.  888. 3303.]	[8428.  938. 3303.]
4210.557266666667	2.0	trials	1.0	2.0	75.0	biphasic	12.0	100.0	1.0	10.0	-25.0	10r_7b	10.0	7.0	bipolar		[8428.  888. 3303.]	[8428.  938. 3303.]
4212.558992411524	2.0	trials	1.0	2.0	75.0	biphasic	12.0	100.0	1.0	10.0	-25.0	10r_7b	10.0	7.0	bipolar		[8428.  888. 3303.]	[8428.  938. 3303.]
4214.5609589478545	2.0	trials	1.0	2.0	75.0	biphasic	12.0	100.0	1.0	10.0	-25.0	10r_7b	10.0	7.0	bipolar		[8428.  888. 3303.]	[8428.  938. 3303.]
4216.563507849187	2.0	trials	1.0	2.0	75.0	biphasic	12.0	100.0	1.0	10.0	-25.0	10r_7b	10.0	7.0	bipolar		[8428.  888. 3303.]	[8428.  938. 3303.]
4218.564958687177	2.0	trials	1.0	2.0	75.0	biphasic	12.0	100.0	1.0	10.0	-25.0	10r_7b	10.0	7.0	bipolar		[8428.  888. 3303.]	[8428.  938. 3303.]
4220.567233333333	2.0	trials	1.0	2.0	75.0	biphasic	12.0	100.0	1.0	10.0	-25.0	10r_7b	10.0	7.0	bipolar		[8428.  888. 3303.]	[8428.  938. 3303.]
4222.569508240203	2.0	trials	1.0	2.0	75.0	biphasic	12.0	100.0	1.0	10.0	-25.0	10r_7b	10.0	7.0	bipolar		[8428.  888. 3303.]	[8428.  938. 3303.]
4224.571233333333	2.0	trials	1.0	2.0	75.0	biphasic	12.0	100.0	1.0	10.0	-25.0	10r_7b	10.0	7.0	bipolar		[8428.  888. 3303.]	[8428.  938. 3303.]
4226.5732333333335	2.0	trials	1.0	2.0	75.0	biphasic	12.0	100.0	1.0	10.0	-25.0	10r_7b	10.0	7.0	bipolar		[8428.  888. 3303.]	[8428.  938. 3303.]
4228.575233333333	2.0	trials	1.0	2.0	75.0	biphasic	12.0	100.0	1.0	10.0	-25.0	10r_7b	10.0	7.0	bipolar		[8428.  888. 3303.]	[8428.  938. 3303.]
4230.577233333333	2.0	trials	1.0	2.0	75.0	biphasic	12.0	100.0	1.0	10.0	-25.0	10r_7b	10.0	7.0	bipolar		[8428.  888. 3303.]	[8428.  938. 3303.]
4232.578957774807	2.0	trials	1.0	2.0	75.0	biphasic	12.0	100.0	1.0	10.0	-25.0	10r_7b	10.0	7.0	bipolar		[8428.  888. 3303.]	[8428.  938. 3303.]
4234.581233333333	2.0	trials	1.0	2.0	75.0	biphasic	12.0	100.0	1.0	10.0	-25.0	10r_7b	10.0	7.0	bipolar		[8428.  888. 3303.]	[8428.  938. 3303.]
4236.583475819237	2.0	trials	1.0	2.0	75.0	biphasic	12.0	100.0	1.0	10.0	-25.0	10r_7b	10.0	7.0	bipolar		[8428.  888. 3303.]	[8428.  938. 3303.]
4238.58492405046	2.0	trials	1.0	2.0	75.0	biphasic	12.0	100.0	1.0	10.0	-25.0	10r_7b	10.0	7.0	bipolar		[8428.  888. 3303.]	[8428.  938. 3303.]
4240.5872	2.0	trials	1.0	2.0	75.0	biphasic	12.0	100.0	1.0	10.0	-25.0	10r_7b	10.0	7.0	bipolar		[8428.  888. 3303.]	[8428.  938. 3303.]
4242.5892	2.0	trials	1.0	2.0	75.0	biphasic	12.0	100.0	1.0	10.0	-25.0	10r_7b	10.0	7.0	bipolar		[8428.  888. 3303.]	[8428.  938. 3303.]
4244.5912	2.0	trials	1.0	2.0	75.0	biphasic	12.0	100.0	1.0	10.0	-25.0	10r_7b	10.0	7.0	bipolar		[8428.  888. 3303.]	[8428.  938. 3303.]
4246.592923529107	2.0	trials	1.0	2.0	75.0	biphasic	12.0	100.0	1.0	10.0	-25.0	10r_7b	10.0	7.0	bipolar		[8428.  888. 3303.]	[8428.  938. 3303.]
4248.5952	2.0	trials	1.0	2.0	75.0	biphasic	12.0	100.0	1.0	10.0	-25.0	10r_7b	10.0	7.0	bipolar		[8428.  888. 3303.]	[8428.  938. 3303.]
4250.597476731607	2.0	trials	1.0	2.0	75.0	biphasic	12.0	100.0	1.0	10.0	-25.0	10r_7b	10.0	7.0	bipolar		[8428.  888. 3303.]	[8428.  938. 3303.]
4252.598923138091	2.0	trials	1.0	2.0	75.0	biphasic	12.0	100.0	1.0	10.0	-25.0	10r_7b	10.0	7.0	bipolar		[8428.  888. 3303.]	[8428.  938. 3303.]
4254.6012	2.0	trials	1.0	2.0	75.0	biphasic	12.0	100.0	1.0	10.0	-25.0	10r_7b	10.0	7.0	bipolar		[8428.  888. 3303.]	[8428.  938. 3303.]
4256.603477122622	2.0	trials	1.0	2.0	75.0	biphasic	12.0	100.0	1.0	10.0	-25.0	10r_7b	10.0	7.0	bipolar		[8428.  888. 3303.]	[8428.  938. 3303.]
4258.6052	2.0	trials	1.0	2.0	75.0	biphasic	12.0	100.0	1.0	10.0	-25.0	10r_7b	10.0	7.0	bipolar		[8428.  888. 3303.]	[8428.  938. 3303.]
4260.607166666667	2.0	trials	1.0	2.0	75.0	biphasic	12.0	100.0	1.0	10.0	-25.0	10r_7b	10.0	7.0	bipolar		[8428.  888. 3303.]	[8428.  938. 3303.]
4262.609166666667	2.0	trials	1.0	2.0	75.0	biphasic	12.0	100.0	1.0	10.0	-25.0	10r_7b	10.0	7.0	bipolar		[8428.  888. 3303.]	[8428.  938. 3303.]
4264.611166666667	2.0	trials	1.0	2.0	75.0	biphasic	12.0	100.0	1.0	10.0	-25.0	10r_7b	10.0	7.0	bipolar		[8428.  888. 3303.]	[8428.  938. 3303.]
4266.61288889239	2.0	trials	1.0	2.0	75.0	biphasic	12.0	100.0	1.0	10.0	-25.0	10r_7b	10.0	7.0	bipolar		[8428.  888. 3303.]	[8428.  938. 3303.]
4268.6151666666665	2.0	trials	1.0	2.0	75.0	biphasic	12.0	100.0	1.0	10.0	-25.0	10r_7b	10.0	7.0	bipolar		[8428.  888. 3303.]	[8428.  938. 3303.]
4270.6174447016565	2.0	trials	1.0	2.0	75.0	biphasic	12.0	100.0	1.0	10.0	-25.0	10r_7b	10.0	7.0	bipolar		[8428.  888. 3303.]	[8428.  938. 3303.]
4272.618888501374	2.0	trials	1.0	2.0	75.0	biphasic	12.0	100.0	1.0	10.0	-25.0	10r_7b	10.0	7.0	bipolar		[8428.  888. 3303.]	[8428.  938. 3303.]
4274.621166666667	2.0	trials	1.0	2.0	75.0	biphasic	12.0	100.0	1.0	10.0	-25.0	10r_7b	10.0	7.0	bipolar		[8428.  888. 3303.]	[8428.  938. 3303.]
4276.623166666666	2.0	trials	1.0	2.0	75.0	biphasic	12.0	100.0	1.0	10.0	-25.0	10r_7b	10.0	7.0	bipolar		[8428.  888. 3303.]	[8428.  938. 3303.]
4278.625166666667	2.0	trials	1.0	2.0	75.0	biphasic	12.0	100.0	1.0	10.0	-25.0	10r_7b	10.0	7.0	bipolar		[8428.  888. 3303.]	[8428.  938. 3303.]
4280.62688798002	2.0	trials	1.0	2.0	75.0	biphasic	12.0	100.0	1.0	10.0	-25.0	10r_7b	10.0	7.0	bipolar		[8428.  888. 3303.]	[8428.  938. 3303.]
4282.629166666667	2.0	trials	1.0	2.0	75.0	biphasic	12.0	100.0	1.0	10.0	-25.0	10r_7b	10.0	7.0	bipolar		[8428.  888. 3303.]	[8428.  938. 3303.]
4284.630854386012	2.0	trials	1.0	2.0	75.0	biphasic	12.0	100.0	1.0	10.0	-25.0	10r_7b	10.0	7.0	bipolar		[8428.  888. 3303.]	[8428.  938. 3303.]
4286.632854255674	2.0	trials	1.0	2.0	75.0	biphasic	12.0	100.0	1.0	10.0	-25.0	10r_7b	10.0	7.0	bipolar		[8428.  888. 3303.]	[8428.  938. 3303.]
4288.635412541368	2.0	trials	1.0	2.0	75.0	biphasic	12.0	100.0	1.0	10.0	-25.0	10r_7b	10.0	7.0	bipolar		[8428.  888. 3303.]	[8428.  938. 3303.]
4290.636853994996	2.0	trials	1.0	2.0	75.0	biphasic	12.0	100.0	1.0	10.0	-25.0	10r_7b	10.0	7.0	bipolar		[8428.  888. 3303.]	[8428.  938. 3303.]
4292.639133333333	2.0	trials	1.0	2.0	75.0	biphasic	12.0	100.0	1.0	10.0	-25.0	10r_7b	10.0	7.0	bipolar		[8428.  888. 3303.]	[8428.  938. 3303.]
4294.641412932384	2.0	trials	1.0	2.0	75.0	biphasic	12.0	100.0	1.0	10.0	-25.0	10r_7b	10.0	7.0	bipolar		[8428.  888. 3303.]	[8428.  938. 3303.]
4296.643133333333	2.0	trials	1.0	2.0	75.0	biphasic	12.0	100.0	1.0	10.0	-25.0	10r_7b	10.0	7.0	bipolar		[8428.  888. 3303.]	[8428.  938. 3303.]
4298.645133333333	2.0	trials	1.0	2.0	75.0	biphasic	12.0	100.0	1.0	10.0	-25.0	10r_7b	10.0	7.0	bipolar		[8428.  888. 3303.]	[8428.  938. 3303.]
4300.647133333333	2.0	trials	1.0	2.0	75.0	biphasic	12.0	100.0	1.0	10.0	-25.0	10r_7b	10.0	7.0	bipolar		[8428.  888. 3303.]	[8428.  938. 3303.]
4302.649413453738	2.0	trials	1.0	2.0	75.0	biphasic	12.0	100.0	1.0	10.0	-25.0	10r_7b	10.0	7.0	bipolar		[8428.  888. 3303.]	[8428.  938. 3303.]
4304.650853082627	2.0	trials	1.0	2.0	75.0	biphasic	12.0	100.0	1.0	10.0	-25.0	10r_7b	10.0	7.0	bipolar		[8428.  888. 3303.]	[8428.  938. 3303.]
4306.653133333333	2.0	trials	1.0	2.0	75.0	biphasic	12.0	100.0	1.0	10.0	-25.0	10r_7b	10.0	7.0	bipolar		[8428.  888. 3303.]	[8428.  938. 3303.]
4308.655380511418	2.0	trials	1.0	2.0	75.0	biphasic	12.0	100.0	1.0	10.0	-25.0	10r_7b	10.0	7.0	bipolar		[8428.  888. 3303.]	[8428.  938. 3303.]
4310.6571	2.0	trials	1.0	2.0	75.0	biphasic	12.0	100.0	1.0	10.0	-25.0	10r_7b	10.0	7.0	bipolar		[8428.  888. 3303.]	[8428.  938. 3303.]
4312.6591	2.0	trials	1.0	2.0	75.0	biphasic	12.0	100.0	1.0	10.0	-25.0	10r_7b	10.0	7.0	bipolar		[8428.  888. 3303.]	[8428.  938. 3303.]
4314.6611	2.0	trials	1.0	2.0	75.0	biphasic	12.0	100.0	1.0	10.0	-25.0	10r_7b	10.0	7.0	bipolar		[8428.  888. 3303.]	[8428.  938. 3303.]
4316.6631	2.0	trials	1.0	2.0	75.0	biphasic	12.0	100.0	1.0	10.0	-25.0	10r_7b	10.0	7.0	bipolar		[8428.  888. 3303.]	[8428.  938. 3303.]
4318.664818836925	2.0	trials	1.0	2.0	75.0	biphasic	12.0	100.0	1.0	10.0	-25.0	10r_7b	10.0	7.0	bipolar		[8428.  888. 3303.]	[8428.  938. 3303.]
4320.6671	2.0	trials	1.0	2.0	75.0	biphasic	12.0	100.0	1.0	10.0	-25.0	10r_7b	10.0	7.0	bipolar		[8428.  888. 3303.]	[8428.  938. 3303.]
4322.669381423788	2.0	trials	1.0	2.0	75.0	biphasic	12.0	100.0	1.0	10.0	-25.0	10r_7b	10.0	7.0	bipolar		[8428.  888. 3303.]	[8428.  938. 3303.]
4342.156183974207	2.0	trials	1.0	2.0	75.0	biphasic	13.0	100.0	1.0	10.0	25.0	10r_7b	10.0	7.0	bipolar		[8428.  888. 3303.]	[8428.  938. 3303.]
4344.158433333333	2.0	trials	1.0	2.0	75.0	biphasic	13.0	100.0	1.0	10.0	25.0	10r_7b	10.0	7.0	bipolar		[8428.  888. 3303.]	[8428.  938. 3303.]
4346.160716286505	2.0	trials	1.0	2.0	75.0	biphasic	13.0	100.0	1.0	10.0	25.0	10r_7b	10.0	7.0	bipolar		[8428.  888. 3303.]	[8428.  938. 3303.]
4348.162433333333	2.0	trials	1.0	2.0	75.0	biphasic	13.0	100.0	1.0	10.0	25.0	10r_7b	10.0	7.0	bipolar		[8428.  888. 3303.]	[8428.  938. 3303.]
4350.164433333333	2.0	trials	1.0	2.0	75.0	biphasic	13.0	100.0	1.0	10.0	25.0	10r_7b	10.0	7.0	bipolar		[8428.  888. 3303.]	[8428.  938. 3303.]
4352.166433333334	2.0	trials	1.0	2.0	75.0	biphasic	13.0	100.0	1.0	10.0	25.0	10r_7b	10.0	7.0	bipolar		[8428.  888. 3303.]	[8428.  938. 3303.]
4354.168433333333	2.0	trials	1.0	2.0	75.0	biphasic	13.0	100.0	1.0	10.0	25.0	10r_7b	10.0	7.0	bipolar		[8428.  888. 3303.]	[8428.  938. 3303.]
4356.170149728506	2.0	trials	1.0	2.0	75.0	biphasic	13.0	100.0	1.0	10.0	25.0	10r_7b	10.0	7.0	bipolar		[8428.  888. 3303.]	[8428.  938. 3303.]
4358.172433333333	2.0	trials	1.0	2.0	75.0	biphasic	13.0	100.0	1.0	10.0	25.0	10r_7b	10.0	7.0	bipolar		[8428.  888. 3303.]	[8428.  938. 3303.]
4360.1747171988745	2.0	trials	1.0	2.0	75.0	biphasic	13.0	100.0	1.0	10.0	25.0	10r_7b	10.0	7.0	bipolar		[8428.  888. 3303.]	[8428.  938. 3303.]
4362.176433333333	2.0	trials	1.0	2.0	75.0	biphasic	13.0	100.0	1.0	10.0	25.0	10r_7b	10.0	7.0	bipolar		[8428.  888. 3303.]	[8428.  938. 3303.]
4364.1784333333335	2.0	trials	1.0	2.0	75.0	biphasic	13.0	100.0	1.0	10.0	25.0	10r_7b	10.0	7.0	bipolar		[8428.  888. 3303.]	[8428.  938. 3303.]
4366.180433333333	2.0	trials	1.0	2.0	75.0	biphasic	13.0	100.0	1.0	10.0	25.0	10r_7b	10.0	7.0	bipolar		[8428.  888. 3303.]	[8428.  938. 3303.]
4368.1824	2.0	trials	1.0	2.0	75.0	biphasic	13.0	100.0	1.0	10.0	25.0	10r_7b	10.0	7.0	bipolar		[8428.  888. 3303.]	[8428.  938. 3303.]
4370.184115482805	2.0	trials	1.0	2.0	75.0	biphasic	13.0	100.0	1.0	10.0	25.0	10r_7b	10.0	7.0	bipolar		[8428.  888. 3303.]	[8428.  938. 3303.]
4372.1864	2.0	trials	1.0	2.0	75.0	biphasic	13.0	100.0	1.0	10.0	25.0	10r_7b	10.0	7.0	bipolar		[8428.  888. 3303.]	[8428.  938. 3303.]
4374.188684777909	2.0	trials	1.0	2.0	75.0	biphasic	13.0	100.0	1.0	10.0	25.0	10r_7b	10.0	7.0	bipolar		[8428.  888. 3303.]	[8428.  938. 3303.]
4376.190115091789	2.0	trials	1.0	2.0	75.0	biphasic	13.0	100.0	1.0	10.0	25.0	10r_7b	10.0	7.0	bipolar		[8428.  888. 3303.]	[8428.  938. 3303.]
4378.1924	2.0	trials	1.0	2.0	75.0	biphasic	13.0	100.0	1.0	10.0	25.0	10r_7b	10.0	7.0	bipolar		[8428.  888. 3303.]	[8428.  938. 3303.]
4380.1946851689245	2.0	trials	1.0	2.0	75.0	biphasic	13.0	100.0	1.0	10.0	25.0	10r_7b	10.0	7.0	bipolar		[8428.  888. 3303.]	[8428.  938. 3303.]
4382.1964	2.0	trials	1.0	2.0	75.0	biphasic	13.0	100.0	1.0	10.0	25.0	10r_7b	10.0	7.0	bipolar		[8428.  888. 3303.]	[8428.  938. 3303.]
4384.1984	2.0	trials	1.0	2.0	75.0	biphasic	13.0	100.0	1.0	10.0	25.0	10r_7b	10.0	7.0	bipolar		[8428.  888. 3303.]	[8428.  938. 3303.]
4386.2004	2.0	trials	1.0	2.0	75.0	biphasic	13.0	100.0	1.0	10.0	25.0	10r_7b	10.0	7.0	bipolar		[8428.  888. 3303.]	[8428.  938. 3303.]
4388.2024	2.0	trials	1.0	2.0	75.0	biphasic	13.0	100.0	1.0	10.0	25.0	10r_7b	10.0	7.0	bipolar		[8428.  888. 3303.]	[8428.  938. 3303.]
4390.20411417942	2.0	trials	1.0	2.0	75.0	biphasic	13.0	100.0	1.0	10.0	25.0	10r_7b	10.0	7.0	bipolar		[8428.  888. 3303.]	[8428.  938. 3303.]
4392.20665261762	2.0	trials	1.0	2.0	75.0	biphasic	13.0	100.0	1.0	10.0	25.0	10r_7b	10.0	7.0	bipolar		[8428.  888. 3303.]	[8428.  938. 3303.]
4394.208080585411	2.0	trials	1.0	2.0	75.0	biphasic	13.0	100.0	1.0	10.0	25.0	10r_7b	10.0	7.0	bipolar		[8428.  888. 3303.]	[8428.  938. 3303.]
4396.210366666666	2.0	trials	1.0	2.0	75.0	biphasic	13.0	100.0	1.0	10.0	25.0	10r_7b	10.0	7.0	bipolar		[8428.  888. 3303.]	[8428.  938. 3303.]
4398.212653008636	2.0	trials	1.0	2.0	75.0	biphasic	13.0	100.0	1.0	10.0	25.0	10r_7b	10.0	7.0	bipolar		[8428.  888. 3303.]	[8428.  938. 3303.]
4400.214366666667	2.0	trials	1.0	2.0	75.0	biphasic	13.0	100.0	1.0	10.0	25.0	10r_7b	10.0	7.0	bipolar		[8428.  888. 3303.]	[8428.  938. 3303.]
4402.2163666666665	2.0	trials	1.0	2.0	75.0	biphasic	13.0	100.0	1.0	10.0	25.0	10r_7b	10.0	7.0	bipolar		[8428.  888. 3303.]	[8428.  938. 3303.]
4404.218366666667	2.0	trials	1.0	2.0	75.0	biphasic	13.0	100.0	1.0	10.0	25.0	10r_7b	10.0	7.0	bipolar		[8428.  888. 3303.]	[8428.  938. 3303.]
4406.220366666666	2.0	trials	1.0	2.0	75.0	biphasic	13.0	100.0	1.0	10.0	25.0	10r_7b	10.0	7.0	bipolar		[8428.  888. 3303.]	[8428.  938. 3303.]
4408.222079673042	2.0	trials	1.0	2.0	75.0	biphasic	13.0	100.0	1.0	10.0	25.0	10r_7b	10.0	7.0	bipolar		[8428.  888. 3303.]	[8428.  938. 3303.]
4410.224366666666	2.0	trials	1.0	2.0	75.0	biphasic	13.0	100.0	1.0	10.0	25.0	10r_7b	10.0	7.0	bipolar		[8428.  888. 3303.]	[8428.  938. 3303.]
4412.226653921006	2.0	trials	1.0	2.0	75.0	biphasic	13.0	100.0	1.0	10.0	25.0	10r_7b	10.0	7.0	bipolar		[8428.  888. 3303.]	[8428.  938. 3303.]
4414.228079282026	2.0	trials	1.0	2.0	75.0	biphasic	13.0	100.0	1.0	10.0	25.0	10r_7b	10.0	7.0	bipolar		[8428.  888. 3303.]	[8428.  938. 3303.]
4416.230333333333	2.0	trials	1.0	2.0	75.0	biphasic	13.0	100.0	1.0	10.0	25.0	10r_7b	10.0	7.0	bipolar		[8428.  888. 3303.]	[8428.  938. 3303.]
4418.232333333333	2.0	trials	1.0	2.0	75.0	biphasic	13.0	100.0	1.0	10.0	25.0	10r_7b	10.0	7.0	bipolar		[8428.  888. 3303.]	[8428.  938. 3303.]
4420.234333333334	2.0	trials	1.0	2.0	75.0	biphasic	13.0	100.0	1.0	10.0	25.0	10r_7b	10.0	7.0	bipolar		[8428.  888. 3303.]	[8428.  938. 3303.]
4422.236045427341	2.0	trials	1.0	2.0	75.0	biphasic	13.0	100.0	1.0	10.0	25.0	10r_7b	10.0	7.0	bipolar		[8428.  888. 3303.]	[8428.  938. 3303.]
4424.238333333334	2.0	trials	1.0	2.0	75.0	biphasic	13.0	100.0	1.0	10.0	25.0	10r_7b	10.0	7.0	bipolar		[8428.  888. 3303.]	[8428.  938. 3303.]
4426.24062150004	2.0	trials	1.0	2.0	75.0	biphasic	13.0	100.0	1.0	10.0	25.0	10r_7b	10.0	7.0	bipolar		[8428.  888. 3303.]	[8428.  938. 3303.]
4428.242045036325	2.0	trials	1.0	2.0	75.0	biphasic	13.0	100.0	1.0	10.0	25.0	10r_7b	10.0	7.0	bipolar		[8428.  888. 3303.]	[8428.  938. 3303.]
4430.244333333333	2.0	trials	1.0	2.0	75.0	biphasic	13.0	100.0	1.0	10.0	25.0	10r_7b	10.0	7.0	bipolar		[8428.  888. 3303.]	[8428.  938. 3303.]
4432.246621891056	2.0	trials	1.0	2.0	75.0	biphasic	13.0	100.0	1.0	10.0	25.0	10r_7b	10.0	7.0	bipolar		[8428.  888. 3303.]	[8428.  938. 3303.]
4434.248333333333	2.0	trials	1.0	2.0	75.0	biphasic	13.0	100.0	1.0	10.0	25.0	10r_7b	10.0	7.0	bipolar		[8428.  888. 3303.]	[8428.  938. 3303.]
4436.250333333333	2.0	trials	1.0	2.0	75.0	biphasic	13.0	100.0	1.0	10.0	25.0	10r_7b	10.0	7.0	bipolar		[8428.  888. 3303.]	[8428.  938. 3303.]
4438.252333333333	2.0	trials	1.0	2.0	75.0	biphasic	13.0	100.0	1.0	10.0	25.0	10r_7b	10.0	7.0	bipolar		[8428.  888. 3303.]	[8428.  938. 3303.]
4440.2543	2.0	trials	1.0	2.0	75.0	biphasic	13.0	100.0	1.0	10.0	25.0	10r_7b	10.0	7.0	bipolar		[8428.  888. 3303.]	[8428.  938. 3303.]
4442.256010790625	2.0	trials	1.0	2.0	75.0	biphasic	13.0	100.0	1.0	10.0	25.0	10r_7b	10.0	7.0	bipolar		[8428.  888. 3303.]	[8428.  938. 3303.]
4444.2583	2.0	trials	1.0	2.0	75.0	biphasic	13.0	100.0	1.0	10.0	25.0	10r_7b	10.0	7.0	bipolar		[8428.  888. 3303.]	[8428.  938. 3303.]
4446.26058947009	2.0	trials	1.0	2.0	75.0	biphasic	13.0	100.0	1.0	10.0	25.0	10r_7b	10.0	7.0	bipolar		[8428.  888. 3303.]	[8428.  938. 3303.]
4448.262010399609	2.0	trials	1.0	2.0	75.0	biphasic	13.0	100.0	1.0	10.0	25.0	10r_7b	10.0	7.0	bipolar		[8428.  888. 3303.]	[8428.  938. 3303.]
4450.2643	2.0	trials	1.0	2.0	75.0	biphasic	13.0	100.0	1.0	10.0	25.0	10r_7b	10.0	7.0	bipolar		[8428.  888. 3303.]	[8428.  938. 3303.]
4452.2663	2.0	trials	1.0	2.0	75.0	biphasic	13.0	100.0	1.0	10.0	25.0	10r_7b	10.0	7.0	bipolar		[8428.  888. 3303.]	[8428.  938. 3303.]
4454.2683	2.0	trials	1.0	2.0	75.0	biphasic	13.0	100.0	1.0	10.0	25.0	10r_7b	10.0	7.0	bipolar		[8428.  888. 3303.]	[8428.  938. 3303.]
4456.2703	2.0	trials	1.0	2.0	75.0	biphasic	13.0	100.0	1.0	10.0	25.0	10r_7b	10.0	7.0	bipolar		[8428.  888. 3303.]	[8428.  938. 3303.]
4458.2723	2.0	trials	1.0	2.0	75.0	biphasic	13.0	100.0	1.0	10.0	25.0	10r_7b	10.0	7.0	bipolar		[8428.  888. 3303.]	[8428.  938. 3303.]
4460.274009617578	2.0	trials	1.0	2.0	75.0	biphasic	13.0	100.0	1.0	10.0	25.0	10r_7b	10.0	7.0	bipolar		[8428.  888. 3303.]	[8428.  938. 3303.]
4462.276009487239	2.0	trials	1.0	2.0	75.0	biphasic	13.0	100.0	1.0	10.0	25.0	10r_7b	10.0	7.0	bipolar		[8428.  888. 3303.]	[8428.  938. 3303.]
4464.278557309802	2.0	trials	1.0	2.0	75.0	biphasic	13.0	100.0	1.0	10.0	25.0	10r_7b	10.0	7.0	bipolar		[8428.  888. 3303.]	[8428.  938. 3303.]
4466.279975893231	2.0	trials	1.0	2.0	75.0	biphasic	13.0	100.0	1.0	10.0	25.0	10r_7b	10.0	7.0	bipolar		[8428.  888. 3303.]	[8428.  938. 3303.]
4468.282266666667	2.0	trials	1.0	2.0	75.0	biphasic	13.0	100.0	1.0	10.0	25.0	10r_7b	10.0	7.0	bipolar		[8428.  888. 3303.]	[8428.  938. 3303.]
4470.2845577008175	2.0	trials	1.0	2.0	75.0	biphasic	13.0	100.0	1.0	10.0	25.0	10r_7b	10.0	7.0	bipolar		[8428.  888. 3303.]	[8428.  938. 3303.]
4472.286266666667	2.0	trials	1.0	2.0	75.0	biphasic	13.0	100.0	1.0	10.0	25.0	10r_7b	10.0	7.0	bipolar		[8428.  888. 3303.]	[8428.  938. 3303.]
4474.2882666666665	2.0	trials	1.0	2.0	75.0	biphasic	13.0	100.0	1.0	10.0	25.0	10r_7b	10.0	7.0	bipolar		[8428.  888. 3303.]	[8428.  938. 3303.]
4476.290266666667	2.0	trials	1.0	2.0	75.0	biphasic	13.0	100.0	1.0	10.0	25.0	10r_7b	10.0	7.0	bipolar		[8428.  888. 3303.]	[8428.  938. 3303.]
4478.2925582221715	2.0	trials	1.0	2.0	75.0	biphasic	13.0	100.0	1.0	10.0	25.0	10r_7b	10.0	7.0	bipolar		[8428.  888. 3303.]	[8428.  938. 3303.]
4480.294266666667	2.0	trials	1.0	2.0	75.0	biphasic	13.0	100.0	1.0	10.0	25.0	10r_7b	10.0	7.0	bipolar		[8428.  888. 3303.]	[8428.  938. 3303.]
4482.296266666666	2.0	trials	1.0	2.0	75.0	biphasic	13.0	100.0	1.0	10.0	25.0	10r_7b	10.0	7.0	bipolar		[8428.  888. 3303.]	[8428.  938. 3303.]
4484.298558613187	2.0	trials	1.0	2.0	75.0	biphasic	13.0	100.0	1.0	10.0	25.0	10r_7b	10.0	7.0	bipolar		[8428.  888. 3303.]	[8428.  938. 3303.]
4486.300266666667	2.0	trials	1.0	2.0	75.0	biphasic	13.0	100.0	1.0	10.0	25.0	10r_7b	10.0	7.0	bipolar		[8428.  888. 3303.]	[8428.  938. 3303.]
4488.301941126176	2.0	trials	1.0	2.0	75.0	biphasic	13.0	100.0	1.0	10.0	25.0	10r_7b	10.0	7.0	bipolar		[8428.  888. 3303.]	[8428.  938. 3303.]
4490.304525670867	2.0	trials	1.0	2.0	75.0	biphasic	13.0	100.0	1.0	10.0	25.0	10r_7b	10.0	7.0	bipolar		[8428.  888. 3303.]	[8428.  938. 3303.]
4504.517866666667	2.0	trials	1.0	2.0	75.0	biphasic	14.0	100.0	1.0	10.0	-50.0	10r_7b	10.0	7.0	bipolar		[8428.  888. 3303.]	[8428.  938. 3303.]
4506.5195732734655	2.0	trials	1.0	2.0	75.0	biphasic	14.0	100.0	1.0	10.0	-50.0	10r_7b	10.0	7.0	bipolar		[8428.  888. 3303.]	[8428.  938. 3303.]
4508.521866666667	2.0	trials	1.0	2.0	75.0	biphasic	14.0	100.0	1.0	10.0	-50.0	10r_7b	10.0	7.0	bipolar		[8428.  888. 3303.]	[8428.  938. 3303.]
4510.523833333334	2.0	trials	1.0	2.0	75.0	biphasic	14.0	100.0	1.0	10.0	-50.0	10r_7b	10.0	7.0	bipolar		[8428.  888. 3303.]	[8428.  938. 3303.]
4512.526127117587	2.0	trials	1.0	2.0	75.0	biphasic	14.0	100.0	1.0	10.0	-50.0	10r_7b	10.0	7.0	bipolar		[8428.  888. 3303.]	[8428.  938. 3303.]
4514.527833333334	2.0	trials	1.0	2.0	75.0	biphasic	14.0	100.0	1.0	10.0	-50.0	10r_7b	10.0	7.0	bipolar		[8428.  888. 3303.]	[8428.  938. 3303.]
4516.529833333333	2.0	trials	1.0	2.0	75.0	biphasic	14.0	100.0	1.0	10.0	-50.0	10r_7b	10.0	7.0	bipolar		[8428.  888. 3303.]	[8428.  938. 3303.]
4518.532127508602	2.0	trials	1.0	2.0	75.0	biphasic	14.0	100.0	1.0	10.0	-50.0	10r_7b	10.0	7.0	bipolar		[8428.  888. 3303.]	[8428.  938. 3303.]
4520.533833333333	2.0	trials	1.0	2.0	75.0	biphasic	14.0	100.0	1.0	10.0	-50.0	10r_7b	10.0	7.0	bipolar		[8428.  888. 3303.]	[8428.  938. 3303.]
4522.535833333333	2.0	trials	1.0	2.0	75.0	biphasic	14.0	100.0	1.0	10.0	-50.0	10r_7b	10.0	7.0	bipolar		[8428.  888. 3303.]	[8428.  938. 3303.]
4524.538127899617	2.0	trials	1.0	2.0	75.0	biphasic	14.0	100.0	1.0	10.0	-50.0	10r_7b	10.0	7.0	bipolar		[8428.  888. 3303.]	[8428.  938. 3303.]
4526.539833333333	2.0	trials	1.0	2.0	75.0	biphasic	14.0	100.0	1.0	10.0	-50.0	10r_7b	10.0	7.0	bipolar		[8428.  888. 3303.]	[8428.  938. 3303.]
4528.541833333334	2.0	trials	1.0	2.0	75.0	biphasic	14.0	100.0	1.0	10.0	-50.0	10r_7b	10.0	7.0	bipolar		[8428.  888. 3303.]	[8428.  938. 3303.]
4530.544128290633	2.0	trials	1.0	2.0	75.0	biphasic	14.0	100.0	1.0	10.0	-50.0	10r_7b	10.0	7.0	bipolar		[8428.  888. 3303.]	[8428.  938. 3303.]
4532.545833333334	2.0	trials	1.0	2.0	75.0	biphasic	14.0	100.0	1.0	10.0	-50.0	10r_7b	10.0	7.0	bipolar		[8428.  888. 3303.]	[8428.  938. 3303.]
4534.547538115395	2.0	trials	1.0	2.0	75.0	biphasic	14.0	100.0	1.0	10.0	-50.0	10r_7b	10.0	7.0	bipolar		[8428.  888. 3303.]	[8428.  938. 3303.]
4536.550095348313	2.0	trials	1.0	2.0	75.0	biphasic	14.0	100.0	1.0	10.0	-50.0	10r_7b	10.0	7.0	bipolar		[8428.  888. 3303.]	[8428.  938. 3303.]
4538.5518	2.0	trials	1.0	2.0	75.0	biphasic	14.0	100.0	1.0	10.0	-50.0	10r_7b	10.0	7.0	bipolar		[8428.  888. 3303.]	[8428.  938. 3303.]
4540.553504391048	2.0	trials	1.0	2.0	75.0	biphasic	14.0	100.0	1.0	10.0	-50.0	10r_7b	10.0	7.0	bipolar		[8428.  888. 3303.]	[8428.  938. 3303.]
4542.556095739329	2.0	trials	1.0	2.0	75.0	biphasic	14.0	100.0	1.0	10.0	-50.0	10r_7b	10.0	7.0	bipolar		[8428.  888. 3303.]	[8428.  938. 3303.]
4544.5578	2.0	trials	1.0	2.0	75.0	biphasic	14.0	100.0	1.0	10.0	-50.0	10r_7b	10.0	7.0	bipolar		[8428.  888. 3303.]	[8428.  938. 3303.]
4546.559504000033	2.0	trials	1.0	2.0	75.0	biphasic	14.0	100.0	1.0	10.0	-50.0	10r_7b	10.0	7.0	bipolar		[8428.  888. 3303.]	[8428.  938. 3303.]
4548.5618	2.0	trials	1.0	2.0	75.0	biphasic	14.0	100.0	1.0	10.0	-50.0	10r_7b	10.0	7.0	bipolar		[8428.  888. 3303.]	[8428.  938. 3303.]
4550.5638	2.0	trials	1.0	2.0	75.0	biphasic	14.0	100.0	1.0	10.0	-50.0	10r_7b	10.0	7.0	bipolar		[8428.  888. 3303.]	[8428.  938. 3303.]
4552.565503609017	2.0	trials	1.0	2.0	75.0	biphasic	14.0	100.0	1.0	10.0	-50.0	10r_7b	10.0	7.0	bipolar		[8428.  888. 3303.]	[8428.  938. 3303.]
4554.5678	2.0	trials	1.0	2.0	75.0	biphasic	14.0	100.0	1.0	10.0	-50.0	10r_7b	10.0	7.0	bipolar		[8428.  888. 3303.]	[8428.  938. 3303.]
4556.5698	2.0	trials	1.0	2.0	75.0	biphasic	14.0	100.0	1.0	10.0	-50.0	10r_7b	10.0	7.0	bipolar		[8428.  888. 3303.]	[8428.  938. 3303.]
4558.571503218001	2.0	trials	1.0	2.0	75.0	biphasic	14.0	100.0	1.0	10.0	-50.0	10r_7b	10.0	7.0	bipolar		[8428.  888. 3303.]	[8428.  938. 3303.]
4560.573766666666	2.0	trials	1.0	2.0	75.0	biphasic	14.0	100.0	1.0	10.0	-50.0	10r_7b	10.0	7.0	bipolar		[8428.  888. 3303.]	[8428.  938. 3303.]
4562.575766666667	2.0	trials	1.0	2.0	75.0	biphasic	14.0	100.0	1.0	10.0	-50.0	10r_7b	10.0	7.0	bipolar		[8428.  888. 3303.]	[8428.  938. 3303.]
4564.578063839717	2.0	trials	1.0	2.0	75.0	biphasic	14.0	100.0	1.0	10.0	-50.0	10r_7b	10.0	7.0	bipolar		[8428.  888. 3303.]	[8428.  938. 3303.]
4566.579766666667	2.0	trials	1.0	2.0	75.0	biphasic	14.0	100.0	1.0	10.0	-50.0	10r_7b	10.0	7.0	bipolar		[8428.  888. 3303.]	[8428.  938. 3303.]
4568.581766666666	2.0	trials	1.0	2.0	75.0	biphasic	14.0	100.0	1.0	10.0	-50.0	10r_7b	10.0	7.0	bipolar		[8428.  888. 3303.]	[8428.  938. 3303.]
4570.584064230733	2.0	trials	1.0	2.0	75.0	biphasic	14.0	100.0	1.0	10.0	-50.0	10r_7b	10.0	7.0	bipolar		[8428.  888. 3303.]	[8428.  938. 3303.]
4572.585766666667	2.0	trials	1.0	2.0	75.0	biphasic	14.0	100.0	1.0	10.0	-50.0	10r_7b	10.0	7.0	bipolar		[8428.  888. 3303.]	[8428.  938. 3303.]
4574.587468841962	2.0	trials	1.0	2.0	75.0	biphasic	14.0	100.0	1.0	10.0	-50.0	10r_7b	10.0	7.0	bipolar		[8428.  888. 3303.]	[8428.  938. 3303.]
4576.590064621749	2.0	trials	1.0	2.0	75.0	biphasic	14.0	100.0	1.0	10.0	-50.0	10r_7b	10.0	7.0	bipolar		[8428.  888. 3303.]	[8428.  938. 3303.]
4578.591766666666	2.0	trials	1.0	2.0	75.0	biphasic	14.0	100.0	1.0	10.0	-50.0	10r_7b	10.0	7.0	bipolar		[8428.  888. 3303.]	[8428.  938. 3303.]
4580.593468450946	2.0	trials	1.0	2.0	75.0	biphasic	14.0	100.0	1.0	10.0	-50.0	10r_7b	10.0	7.0	bipolar		[8428.  888. 3303.]	[8428.  938. 3303.]
4582.595766666666	2.0	trials	1.0	2.0	75.0	biphasic	14.0	100.0	1.0	10.0	-50.0	10r_7b	10.0	7.0	bipolar		[8428.  888. 3303.]	[8428.  938. 3303.]
4584.597733333333	2.0	trials	1.0	2.0	75.0	biphasic	14.0	100.0	1.0	10.0	-50.0	10r_7b	10.0	7.0	bipolar		[8428.  888. 3303.]	[8428.  938. 3303.]
4586.5994347266	2.0	trials	1.0	2.0	75.0	biphasic	14.0	100.0	1.0	10.0	-50.0	10r_7b	10.0	7.0	bipolar		[8428.  888. 3303.]	[8428.  938. 3303.]
4588.601733333333	2.0	trials	1.0	2.0	75.0	biphasic	14.0	100.0	1.0	10.0	-50.0	10r_7b	10.0	7.0	bipolar		[8428.  888. 3303.]	[8428.  938. 3303.]
4590.603733333333	2.0	trials	1.0	2.0	75.0	biphasic	14.0	100.0	1.0	10.0	-50.0	10r_7b	10.0	7.0	bipolar		[8428.  888. 3303.]	[8428.  938. 3303.]
4592.605434335584	2.0	trials	1.0	2.0	75.0	biphasic	14.0	100.0	1.0	10.0	-50.0	10r_7b	10.0	7.0	bipolar		[8428.  888. 3303.]	[8428.  938. 3303.]
4594.607733333333	2.0	trials	1.0	2.0	75.0	biphasic	14.0	100.0	1.0	10.0	-50.0	10r_7b	10.0	7.0	bipolar		[8428.  888. 3303.]	[8428.  938. 3303.]
4596.609733333334	2.0	trials	1.0	2.0	75.0	biphasic	14.0	100.0	1.0	10.0	-50.0	10r_7b	10.0	7.0	bipolar		[8428.  888. 3303.]	[8428.  938. 3303.]
4598.6114339445685	2.0	trials	1.0	2.0	75.0	biphasic	14.0	100.0	1.0	10.0	-50.0	10r_7b	10.0	7.0	bipolar		[8428.  888. 3303.]	[8428.  938. 3303.]
4600.613733333334	2.0	trials	1.0	2.0	75.0	biphasic	14.0	100.0	1.0	10.0	-50.0	10r_7b	10.0	7.0	bipolar		[8428.  888. 3303.]	[8428.  938. 3303.]
4602.615733333333	2.0	trials	1.0	2.0	75.0	biphasic	14.0	100.0	1.0	10.0	-50.0	10r_7b	10.0	7.0	bipolar		[8428.  888. 3303.]	[8428.  938. 3303.]
4604.6174335535525	2.0	trials	1.0	2.0	75.0	biphasic	14.0	100.0	1.0	10.0	-50.0	10r_7b	10.0	7.0	bipolar		[8428.  888. 3303.]	[8428.  938. 3303.]
4606.619733333333	2.0	trials	1.0	2.0	75.0	biphasic	14.0	100.0	1.0	10.0	-50.0	10r_7b	10.0	7.0	bipolar		[8428.  888. 3303.]	[8428.  938. 3303.]
4608.6217	2.0	trials	1.0	2.0	75.0	biphasic	14.0	100.0	1.0	10.0	-50.0	10r_7b	10.0	7.0	bipolar		[8428.  888. 3303.]	[8428.  938. 3303.]
4610.6233998292055	2.0	trials	1.0	2.0	75.0	biphasic	14.0	100.0	1.0	10.0	-50.0	10r_7b	10.0	7.0	bipolar		[8428.  888. 3303.]	[8428.  938. 3303.]
4612.6257	2.0	trials	1.0	2.0	75.0	biphasic	14.0	100.0	1.0	10.0	-50.0	10r_7b	10.0	7.0	bipolar		[8428.  888. 3303.]	[8428.  938. 3303.]
4614.6277	2.0	trials	1.0	2.0	75.0	biphasic	14.0	100.0	1.0	10.0	-50.0	10r_7b	10.0	7.0	bipolar		[8428.  888. 3303.]	[8428.  938. 3303.]
4616.630000561849	2.0	trials	1.0	2.0	75.0	biphasic	14.0	100.0	1.0	10.0	-50.0	10r_7b	10.0	7.0	bipolar		[8428.  888. 3303.]	[8428.  938. 3303.]
4618.6317	2.0	trials	1.0	2.0	75.0	biphasic	14.0	100.0	1.0	10.0	-50.0	10r_7b	10.0	7.0	bipolar		[8428.  888. 3303.]	[8428.  938. 3303.]
4620.6337	2.0	trials	1.0	2.0	75.0	biphasic	14.0	100.0	1.0	10.0	-50.0	10r_7b	10.0	7.0	bipolar		[8428.  888. 3303.]	[8428.  938. 3303.]
4622.636000952864	2.0	trials	1.0	2.0	75.0	biphasic	14.0	100.0	1.0	10.0	-50.0	10r_7b	10.0	7.0	bipolar		[8428.  888. 3303.]	[8428.  938. 3303.]
4624.6377	2.0	trials	1.0	2.0	75.0	biphasic	14.0	100.0	1.0	10.0	-50.0	10r_7b	10.0	7.0	bipolar		[8428.  888. 3303.]	[8428.  938. 3303.]
4626.6397	2.0	trials	1.0	2.0	75.0	biphasic	14.0	100.0	1.0	10.0	-50.0	10r_7b	10.0	7.0	bipolar		[8428.  888. 3303.]	[8428.  938. 3303.]
4628.64200134388	2.0	trials	1.0	2.0	75.0	biphasic	14.0	100.0	1.0	10.0	-50.0	10r_7b	10.0	7.0	bipolar		[8428.  888. 3303.]	[8428.  938. 3303.]
4630.6437	2.0	trials	1.0	2.0	75.0	biphasic	14.0	100.0	1.0	10.0	-50.0	10r_7b	10.0	7.0	bipolar		[8428.  888. 3303.]	[8428.  938. 3303.]
4632.645398395482	2.0	trials	1.0	2.0	75.0	biphasic	14.0	100.0	1.0	10.0	-50.0	10r_7b	10.0	7.0	bipolar		[8428.  888. 3303.]	[8428.  938. 3303.]
4634.64796840156	2.0	trials	1.0	2.0	75.0	biphasic	14.0	100.0	1.0	10.0	-50.0	10r_7b	10.0	7.0	bipolar		[8428.  888. 3303.]	[8428.  938. 3303.]
4636.649666666666	2.0	trials	1.0	2.0	75.0	biphasic	14.0	100.0	1.0	10.0	-50.0	10r_7b	10.0	7.0	bipolar		[8428.  888. 3303.]	[8428.  938. 3303.]
4638.6513646711355	2.0	trials	1.0	2.0	75.0	biphasic	14.0	100.0	1.0	10.0	-50.0	10r_7b	10.0	7.0	bipolar		[8428.  888. 3303.]	[8428.  938. 3303.]
4640.653666666667	2.0	trials	1.0	2.0	75.0	biphasic	14.0	100.0	1.0	10.0	-50.0	10r_7b	10.0	7.0	bipolar		[8428.  888. 3303.]	[8428.  938. 3303.]
4642.655666666667	2.0	trials	1.0	2.0	75.0	biphasic	14.0	100.0	1.0	10.0	-50.0	10r_7b	10.0	7.0	bipolar		[8428.  888. 3303.]	[8428.  938. 3303.]
4644.6573642801195	2.0	trials	1.0	2.0	75.0	biphasic	14.0	100.0	1.0	10.0	-50.0	10r_7b	10.0	7.0	bipolar		[8428.  888. 3303.]	[8428.  938. 3303.]
4646.659666666666	2.0	trials	1.0	2.0	75.0	biphasic	14.0	100.0	1.0	10.0	-50.0	10r_7b	10.0	7.0	bipolar		[8428.  888. 3303.]	[8428.  938. 3303.]
4648.661666666667	2.0	trials	1.0	2.0	75.0	biphasic	14.0	100.0	1.0	10.0	-50.0	10r_7b	10.0	7.0	bipolar		[8428.  888. 3303.]	[8428.  938. 3303.]
4650.663969444269	2.0	trials	1.0	2.0	75.0	biphasic	14.0	100.0	1.0	10.0	-50.0	10r_7b	10.0	7.0	bipolar		[8428.  888. 3303.]	[8428.  938. 3303.]
4652.665666666667	2.0	trials	1.0	2.0	75.0	biphasic	14.0	100.0	1.0	10.0	-50.0	10r_7b	10.0	7.0	bipolar		[8428.  888. 3303.]	[8428.  938. 3303.]
4690.504561295276	2.0	trials	1.0	2.0	75.0	biphasic	15.0	100.0	1.0	10.0	50.0	10r_7b	10.0	7.0	bipolar		[8428.  888. 3303.]	[8428.  938. 3303.]
4692.506866666667	2.0	trials	1.0	2.0	75.0	biphasic	15.0	100.0	1.0	10.0	50.0	10r_7b	10.0	7.0	bipolar		[8428.  888. 3303.]	[8428.  938. 3303.]
4694.508866666667	2.0	trials	1.0	2.0	75.0	biphasic	15.0	100.0	1.0	10.0	50.0	10r_7b	10.0	7.0	bipolar		[8428.  888. 3303.]	[8428.  938. 3303.]
4696.51056090426	2.0	trials	1.0	2.0	75.0	biphasic	15.0	100.0	1.0	10.0	50.0	10r_7b	10.0	7.0	bipolar		[8428.  888. 3303.]	[8428.  938. 3303.]
4698.512866666667	2.0	trials	1.0	2.0	75.0	biphasic	15.0	100.0	1.0	10.0	50.0	10r_7b	10.0	7.0	bipolar		[8428.  888. 3303.]	[8428.  938. 3303.]
4700.514866666666	2.0	trials	1.0	2.0	75.0	biphasic	15.0	100.0	1.0	10.0	50.0	10r_7b	10.0	7.0	bipolar		[8428.  888. 3303.]	[8428.  938. 3303.]
4702.516560513245	2.0	trials	1.0	2.0	75.0	biphasic	15.0	100.0	1.0	10.0	50.0	10r_7b	10.0	7.0	bipolar		[8428.  888. 3303.]	[8428.  938. 3303.]
4704.518866666666	2.0	trials	1.0	2.0	75.0	biphasic	15.0	100.0	1.0	10.0	50.0	10r_7b	10.0	7.0	bipolar		[8428.  888. 3303.]	[8428.  938. 3303.]
4706.520866666667	2.0	trials	1.0	2.0	75.0	biphasic	15.0	100.0	1.0	10.0	50.0	10r_7b	10.0	7.0	bipolar		[8428.  888. 3303.]	[8428.  938. 3303.]
4708.523173211144	2.0	trials	1.0	2.0	75.0	biphasic	15.0	100.0	1.0	10.0	50.0	10r_7b	10.0	7.0	bipolar		[8428.  888. 3303.]	[8428.  938. 3303.]
4710.524833333333	2.0	trials	1.0	2.0	75.0	biphasic	15.0	100.0	1.0	10.0	50.0	10r_7b	10.0	7.0	bipolar		[8428.  888. 3303.]	[8428.  938. 3303.]
4712.526833333333	2.0	trials	1.0	2.0	75.0	biphasic	15.0	100.0	1.0	10.0	50.0	10r_7b	10.0	7.0	bipolar		[8428.  888. 3303.]	[8428.  938. 3303.]
4714.529140268824	2.0	trials	1.0	2.0	75.0	biphasic	15.0	100.0	1.0	10.0	50.0	10r_7b	10.0	7.0	bipolar		[8428.  888. 3303.]	[8428.  938. 3303.]
4716.530833333333	2.0	trials	1.0	2.0	75.0	biphasic	15.0	100.0	1.0	10.0	50.0	10r_7b	10.0	7.0	bipolar		[8428.  888. 3303.]	[8428.  938. 3303.]
4718.532526137205	2.0	trials	1.0	2.0	75.0	biphasic	15.0	100.0	1.0	10.0	50.0	10r_7b	10.0	7.0	bipolar		[8428.  888. 3303.]	[8428.  938. 3303.]
4720.53514065984	2.0	trials	1.0	2.0	75.0	biphasic	15.0	100.0	1.0	10.0	50.0	10r_7b	10.0	7.0	bipolar		[8428.  888. 3303.]	[8428.  938. 3303.]
4722.536833333334	2.0	trials	1.0	2.0	75.0	biphasic	15.0	100.0	1.0	10.0	50.0	10r_7b	10.0	7.0	bipolar		[8428.  888. 3303.]	[8428.  938. 3303.]
4724.538525746189	2.0	trials	1.0	2.0	75.0	biphasic	15.0	100.0	1.0	10.0	50.0	10r_7b	10.0	7.0	bipolar		[8428.  888. 3303.]	[8428.  938. 3303.]
4726.5408333333335	2.0	trials	1.0	2.0	75.0	biphasic	15.0	100.0	1.0	10.0	50.0	10r_7b	10.0	7.0	bipolar		[8428.  888. 3303.]	[8428.  938. 3303.]
4728.542833333333	2.0	trials	1.0	2.0	75.0	biphasic	15.0	100.0	1.0	10.0	50.0	10r_7b	10.0	7.0	bipolar		[8428.  888. 3303.]	[8428.  938. 3303.]
4730.544525355174	2.0	trials	1.0	2.0	75.0	biphasic	15.0	100.0	1.0	10.0	50.0	10r_7b	10.0	7.0	bipolar		[8428.  888. 3303.]	[8428.  938. 3303.]
4732.546833333334	2.0	trials	1.0	2.0	75.0	biphasic	15.0	100.0	1.0	10.0	50.0	10r_7b	10.0	7.0	bipolar		[8428.  888. 3303.]	[8428.  938. 3303.]
4734.548833333333	2.0	trials	1.0	2.0	75.0	biphasic	15.0	100.0	1.0	10.0	50.0	10r_7b	10.0	7.0	bipolar		[8428.  888. 3303.]	[8428.  938. 3303.]
4736.550491630827	2.0	trials	1.0	2.0	75.0	biphasic	15.0	100.0	1.0	10.0	50.0	10r_7b	10.0	7.0	bipolar		[8428.  888. 3303.]	[8428.  938. 3303.]
4738.5528	2.0	trials	1.0	2.0	75.0	biphasic	15.0	100.0	1.0	10.0	50.0	10r_7b	10.0	7.0	bipolar		[8428.  888. 3303.]	[8428.  938. 3303.]
4740.5548	2.0	trials	1.0	2.0	75.0	biphasic	15.0	100.0	1.0	10.0	50.0	10r_7b	10.0	7.0	bipolar		[8428.  888. 3303.]	[8428.  938. 3303.]
4742.556491239812	2.0	trials	1.0	2.0	75.0	biphasic	15.0	100.0	1.0	10.0	50.0	10r_7b	10.0	7.0	bipolar		[8428.  888. 3303.]	[8428.  938. 3303.]
4744.5588	2.0	trials	1.0	2.0	75.0	biphasic	15.0	100.0	1.0	10.0	50.0	10r_7b	10.0	7.0	bipolar		[8428.  888. 3303.]	[8428.  938. 3303.]
4746.5608	2.0	trials	1.0	2.0	75.0	biphasic	15.0	100.0	1.0	10.0	50.0	10r_7b	10.0	7.0	bipolar		[8428.  888. 3303.]	[8428.  938. 3303.]
4748.562490848796	2.0	trials	1.0	2.0	75.0	biphasic	15.0	100.0	1.0	10.0	50.0	10r_7b	10.0	7.0	bipolar		[8428.  888. 3303.]	[8428.  938. 3303.]
4750.5648	2.0	trials	1.0	2.0	75.0	biphasic	15.0	100.0	1.0	10.0	50.0	10r_7b	10.0	7.0	bipolar		[8428.  888. 3303.]	[8428.  938. 3303.]
4752.5668	2.0	trials	1.0	2.0	75.0	biphasic	15.0	100.0	1.0	10.0	50.0	10r_7b	10.0	7.0	bipolar		[8428.  888. 3303.]	[8428.  938. 3303.]
4754.56910954226	2.0	trials	1.0	2.0	75.0	biphasic	15.0	100.0	1.0	10.0	50.0	10r_7b	10.0	7.0	bipolar		[8428.  888. 3303.]	[8428.  938. 3303.]
4756.5708	2.0	trials	1.0	2.0	75.0	biphasic	15.0	100.0	1.0	10.0	50.0	10r_7b	10.0	7.0	bipolar		[8428.  888. 3303.]	[8428.  938. 3303.]
4758.5728	2.0	trials	1.0	2.0	75.0	biphasic	15.0	100.0	1.0	10.0	50.0	10r_7b	10.0	7.0	bipolar		[8428.  888. 3303.]	[8428.  938. 3303.]
4760.57507659994	2.0	trials	1.0	2.0	75.0	biphasic	15.0	100.0	1.0	10.0	50.0	10r_7b	10.0	7.0	bipolar		[8428.  888. 3303.]	[8428.  938. 3303.]
4762.576766666667	2.0	trials	1.0	2.0	75.0	biphasic	15.0	100.0	1.0	10.0	50.0	10r_7b	10.0	7.0	bipolar		[8428.  888. 3303.]	[8428.  938. 3303.]
4764.5787666666665	2.0	trials	1.0	2.0	75.0	biphasic	15.0	100.0	1.0	10.0	50.0	10r_7b	10.0	7.0	bipolar		[8428.  888. 3303.]	[8428.  938. 3303.]
4766.581076990956	2.0	trials	1.0	2.0	75.0	biphasic	15.0	100.0	1.0	10.0	50.0	10r_7b	10.0	7.0	bipolar		[8428.  888. 3303.]	[8428.  938. 3303.]
4768.582766666666	2.0	trials	1.0	2.0	75.0	biphasic	15.0	100.0	1.0	10.0	50.0	10r_7b	10.0	7.0	bipolar		[8428.  888. 3303.]	[8428.  938. 3303.]
4770.584456081741	2.0	trials	1.0	2.0	75.0	biphasic	15.0	100.0	1.0	10.0	50.0	10r_7b	10.0	7.0	bipolar		[8428.  888. 3303.]	[8428.  938. 3303.]
4772.5870773819715	2.0	trials	1.0	2.0	75.0	biphasic	15.0	100.0	1.0	10.0	50.0	10r_7b	10.0	7.0	bipolar		[8428.  888. 3303.]	[8428.  938. 3303.]
4774.588766666667	2.0	trials	1.0	2.0	75.0	biphasic	15.0	100.0	1.0	10.0	50.0	10r_7b	10.0	7.0	bipolar		[8428.  888. 3303.]	[8428.  938. 3303.]
4776.590455690725	2.0	trials	1.0	2.0	75.0	biphasic	15.0	100.0	1.0	10.0	50.0	10r_7b	10.0	7.0	bipolar		[8428.  888. 3303.]	[8428.  938. 3303.]
4778.592766666667	2.0	trials	1.0	2.0	75.0	biphasic	15.0	100.0	1.0	10.0	50.0	10r_7b	10.0	7.0	bipolar		[8428.  888. 3303.]	[8428.  938. 3303.]
4780.594766666667	2.0	trials	1.0	2.0	75.0	biphasic	15.0	100.0	1.0	10.0	50.0	10r_7b	10.0	7.0	bipolar		[8428.  888. 3303.]	[8428.  938. 3303.]
4782.59645529971	2.0	trials	1.0	2.0	75.0	biphasic	15.0	100.0	1.0	10.0	50.0	10r_7b	10.0	7.0	bipolar		[8428.  888. 3303.]	[8428.  938. 3303.]
4784.598766666667	2.0	trials	1.0	2.0	75.0	biphasic	15.0	100.0	1.0	10.0	50.0	10r_7b	10.0	7.0	bipolar		[8428.  888. 3303.]	[8428.  938. 3303.]
4786.600733333334	2.0	trials	1.0	2.0	75.0	biphasic	15.0	100.0	1.0	10.0	50.0	10r_7b	10.0	7.0	bipolar		[8428.  888. 3303.]	[8428.  938. 3303.]
4788.602421575363	2.0	trials	1.0	2.0	75.0	biphasic	15.0	100.0	1.0	10.0	50.0	10r_7b	10.0	7.0	bipolar		[8428.  888. 3303.]	[8428.  938. 3303.]
4790.604733333334	2.0	trials	1.0	2.0	75.0	biphasic	15.0	100.0	1.0	10.0	50.0	10r_7b	10.0	7.0	bipolar		[8428.  888. 3303.]	[8428.  938. 3303.]
4792.606733333333	2.0	trials	1.0	2.0	75.0	biphasic	15.0	100.0	1.0	10.0	50.0	10r_7b	10.0	7.0	bipolar		[8428.  888. 3303.]	[8428.  938. 3303.]
4794.60904548236	2.0	trials	1.0	2.0	75.0	biphasic	15.0	100.0	1.0	10.0	50.0	10r_7b	10.0	7.0	bipolar		[8428.  888. 3303.]	[8428.  938. 3303.]
4796.610733333333	2.0	trials	1.0	2.0	75.0	biphasic	15.0	100.0	1.0	10.0	50.0	10r_7b	10.0	7.0	bipolar		[8428.  888. 3303.]	[8428.  938. 3303.]
4798.612733333333	2.0	trials	1.0	2.0	75.0	biphasic	15.0	100.0	1.0	10.0	50.0	10r_7b	10.0	7.0	bipolar		[8428.  888. 3303.]	[8428.  938. 3303.]
4800.6150458733755	2.0	trials	1.0	2.0	75.0	biphasic	15.0	100.0	1.0	10.0	50.0	10r_7b	10.0	7.0	bipolar		[8428.  888. 3303.]	[8428.  938. 3303.]
4802.616733333333	2.0	trials	1.0	2.0	75.0	biphasic	15.0	100.0	1.0	10.0	50.0	10r_7b	10.0	7.0	bipolar		[8428.  888. 3303.]	[8428.  938. 3303.]
4804.618733333334	2.0	trials	1.0	2.0	75.0	biphasic	15.0	100.0	1.0	10.0	50.0	10r_7b	10.0	7.0	bipolar		[8428.  888. 3303.]	[8428.  938. 3303.]
4806.621046264391	2.0	trials	1.0	2.0	75.0	biphasic	15.0	100.0	1.0	10.0	50.0	10r_7b	10.0	7.0	bipolar		[8428.  888. 3303.]	[8428.  938. 3303.]
4808.622733333334	2.0	trials	1.0	2.0	75.0	biphasic	15.0	100.0	1.0	10.0	50.0	10r_7b	10.0	7.0	bipolar		[8428.  888. 3303.]	[8428.  938. 3303.]
4810.6247	2.0	trials	1.0	2.0	75.0	biphasic	15.0	100.0	1.0	10.0	50.0	10r_7b	10.0	7.0	bipolar		[8428.  888. 3303.]	[8428.  938. 3303.]
4812.627013322071	2.0	trials	1.0	2.0	75.0	biphasic	15.0	100.0	1.0	10.0	50.0	10r_7b	10.0	7.0	bipolar		[8428.  888. 3303.]	[8428.  938. 3303.]
4814.6287	2.0	trials	1.0	2.0	75.0	biphasic	15.0	100.0	1.0	10.0	50.0	10r_7b	10.0	7.0	bipolar		[8428.  888. 3303.]	[8428.  938. 3303.]
4816.6307	2.0	trials	1.0	2.0	75.0	biphasic	15.0	100.0	1.0	10.0	50.0	10r_7b	10.0	7.0	bipolar		[8428.  888. 3303.]	[8428.  938. 3303.]
4818.633013713087	2.0	trials	1.0	2.0	75.0	biphasic	15.0	100.0	1.0	10.0	50.0	10r_7b	10.0	7.0	bipolar		[8428.  888. 3303.]	[8428.  938. 3303.]
4820.6347	2.0	trials	1.0	2.0	75.0	biphasic	15.0	100.0	1.0	10.0	50.0	10r_7b	10.0	7.0	bipolar		[8428.  888. 3303.]	[8428.  938. 3303.]
4822.6367	2.0	trials	1.0	2.0	75.0	biphasic	15.0	100.0	1.0	10.0	50.0	10r_7b	10.0	7.0	bipolar		[8428.  888. 3303.]	[8428.  938. 3303.]
4824.6387	2.0	trials	1.0	2.0	75.0	biphasic	15.0	100.0	1.0	10.0	50.0	10r_7b	10.0	7.0	bipolar		[8428.  888. 3303.]	[8428.  938. 3303.]
4826.6407	2.0	trials	1.0	2.0	75.0	biphasic	15.0	100.0	1.0	10.0	50.0	10r_7b	10.0	7.0	bipolar		[8428.  888. 3303.]	[8428.  938. 3303.]
4828.642385635261	2.0	trials	1.0	2.0	75.0	biphasic	15.0	100.0	1.0	10.0	50.0	10r_7b	10.0	7.0	bipolar		[8428.  888. 3303.]	[8428.  938. 3303.]
4830.6447	2.0	trials	1.0	2.0	75.0	biphasic	15.0	100.0	1.0	10.0	50.0	10r_7b	10.0	7.0	bipolar		[8428.  888. 3303.]	[8428.  938. 3303.]
4832.6467	2.0	trials	1.0	2.0	75.0	biphasic	15.0	100.0	1.0	10.0	50.0	10r_7b	10.0	7.0	bipolar		[8428.  888. 3303.]	[8428.  938. 3303.]
4834.648385244246	2.0	trials	1.0	2.0	75.0	biphasic	15.0	100.0	1.0	10.0	50.0	10r_7b	10.0	7.0	bipolar		[8428.  888. 3303.]	[8428.  938. 3303.]
4836.650666666666	2.0	trials	1.0	2.0	75.0	biphasic	15.0	100.0	1.0	10.0	50.0	10r_7b	10.0	7.0	bipolar		[8428.  888. 3303.]	[8428.  938. 3303.]
4838.652666666667	2.0	trials	1.0	2.0	75.0	biphasic	15.0	100.0	1.0	10.0	50.0	10r_7b	10.0	7.0	bipolar		[8428.  888. 3303.]	[8428.  938. 3303.]
4917.0587	2.0	trials	1.0	2.0	75.0	biphasic	16.0	100.0	1.0	10.0	-5.0	16r	16.0	0.0	monopolar		[8428. 1288. 3303.]	[nan nan nan]
4919.061020251368	2.0	trials	1.0	2.0	75.0	biphasic	16.0	100.0	1.0	10.0	-5.0	16r	16.0	0.0	monopolar		[8428. 1288. 3303.]	[nan nan nan]
4921.0627	2.0	trials	1.0	2.0	75.0	biphasic	16.0	100.0	1.0	10.0	-5.0	16r	16.0	0.0	monopolar		[8428. 1288. 3303.]	[nan nan nan]
4923.0647	2.0	trials	1.0	2.0	75.0	biphasic	16.0	100.0	1.0	10.0	-5.0	16r	16.0	0.0	monopolar		[8428. 1288. 3303.]	[nan nan nan]
4925.067020642384	2.0	trials	1.0	2.0	75.0	biphasic	16.0	100.0	1.0	10.0	-5.0	16r	16.0	0.0	monopolar		[8428. 1288. 3303.]	[nan nan nan]
4927.0687	2.0	trials	1.0	2.0	75.0	biphasic	16.0	100.0	1.0	10.0	-5.0	16r	16.0	0.0	monopolar		[8428. 1288. 3303.]	[nan nan nan]
4929.07037909698	2.0	trials	1.0	2.0	75.0	biphasic	16.0	100.0	1.0	10.0	-5.0	16r	16.0	0.0	monopolar		[8428. 1288. 3303.]	[nan nan nan]
4931.072666666667	2.0	trials	1.0	2.0	75.0	biphasic	16.0	100.0	1.0	10.0	-5.0	16r	16.0	0.0	monopolar		[8428. 1288. 3303.]	[nan nan nan]
4933.074666666666	2.0	trials	1.0	2.0	75.0	biphasic	16.0	100.0	1.0	10.0	-5.0	16r	16.0	0.0	monopolar		[8428. 1288. 3303.]	[nan nan nan]
4935.076345372634	2.0	trials	1.0	2.0	75.0	biphasic	16.0	100.0	1.0	10.0	-5.0	16r	16.0	0.0	monopolar		[8428. 1288. 3303.]	[nan nan nan]
4937.078666666666	2.0	trials	1.0	2.0	75.0	biphasic	16.0	100.0	1.0	10.0	-5.0	16r	16.0	0.0	monopolar		[8428. 1288. 3303.]	[nan nan nan]
4939.080666666667	2.0	trials	1.0	2.0	75.0	biphasic	16.0	100.0	1.0	10.0	-5.0	16r	16.0	0.0	monopolar		[8428. 1288. 3303.]	[nan nan nan]
4941.082344981618	2.0	trials	1.0	2.0	75.0	biphasic	16.0	100.0	1.0	10.0	-5.0	16r	16.0	0.0	monopolar		[8428. 1288. 3303.]	[nan nan nan]
4943.084666666667	2.0	trials	1.0	2.0	75.0	biphasic	16.0	100.0	1.0	10.0	-5.0	16r	16.0	0.0	monopolar		[8428. 1288. 3303.]	[nan nan nan]
4945.086666666667	2.0	trials	1.0	2.0	75.0	biphasic	16.0	100.0	1.0	10.0	-5.0	16r	16.0	0.0	monopolar		[8428. 1288. 3303.]	[nan nan nan]
4947.088344590603	2.0	trials	1.0	2.0	75.0	biphasic	16.0	100.0	1.0	10.0	-5.0	16r	16.0	0.0	monopolar		[8428. 1288. 3303.]	[nan nan nan]
4949.090666666667	2.0	trials	1.0	2.0	75.0	biphasic	16.0	100.0	1.0	10.0	-5.0	16r	16.0	0.0	monopolar		[8428. 1288. 3303.]	[nan nan nan]
4951.092666666666	2.0	trials	1.0	2.0	75.0	biphasic	16.0	100.0	1.0	10.0	-5.0	16r	16.0	0.0	monopolar		[8428. 1288. 3303.]	[nan nan nan]
4953.094989133789	2.0	trials	1.0	2.0	75.0	biphasic	16.0	100.0	1.0	10.0	-5.0	16r	16.0	0.0	monopolar		[8428. 1288. 3303.]	[nan nan nan]
4955.096666666666	2.0	trials	1.0	2.0	75.0	biphasic	16.0	100.0	1.0	10.0	-5.0	16r	16.0	0.0	monopolar		[8428. 1288. 3303.]	[nan nan nan]
4957.098633333333	2.0	trials	1.0	2.0	75.0	biphasic	16.0	100.0	1.0	10.0	-5.0	16r	16.0	0.0	monopolar		[8428. 1288. 3303.]	[nan nan nan]
4959.100956191469	2.0	trials	1.0	2.0	75.0	biphasic	16.0	100.0	1.0	10.0	-5.0	16r	16.0	0.0	monopolar		[8428. 1288. 3303.]	[nan nan nan]
4961.102633333333	2.0	trials	1.0	2.0	75.0	biphasic	16.0	100.0	1.0	10.0	-5.0	16r	16.0	0.0	monopolar		[8428. 1288. 3303.]	[nan nan nan]
4963.104633333333	2.0	trials	1.0	2.0	75.0	biphasic	16.0	100.0	1.0	10.0	-5.0	16r	16.0	0.0	monopolar		[8428. 1288. 3303.]	[nan nan nan]
4965.106956582485	2.0	trials	1.0	2.0	75.0	biphasic	16.0	100.0	1.0	10.0	-5.0	16r	16.0	0.0	monopolar		[8428. 1288. 3303.]	[nan nan nan]
4967.108633333333	2.0	trials	1.0	2.0	75.0	biphasic	16.0	100.0	1.0	10.0	-5.0	16r	16.0	0.0	monopolar		[8428. 1288. 3303.]	[nan nan nan]
4969.110633333334	2.0	trials	1.0	2.0	75.0	biphasic	16.0	100.0	1.0	10.0	-5.0	16r	16.0	0.0	monopolar		[8428. 1288. 3303.]	[nan nan nan]
4971.112633333333	2.0	trials	1.0	2.0	75.0	biphasic	16.0	100.0	1.0	10.0	-5.0	16r	16.0	0.0	monopolar		[8428. 1288. 3303.]	[nan nan nan]
4973.114633333334	2.0	trials	1.0	2.0	75.0	biphasic	16.0	100.0	1.0	10.0	-5.0	16r	16.0	0.0	monopolar		[8428. 1288. 3303.]	[nan nan nan]
4975.116309432532	2.0	trials	1.0	2.0	75.0	biphasic	16.0	100.0	1.0	10.0	-5.0	16r	16.0	0.0	monopolar		[8428. 1288. 3303.]	[nan nan nan]
4977.1186333333335	2.0	trials	1.0	2.0	75.0	biphasic	16.0	100.0	1.0	10.0	-5.0	16r	16.0	0.0	monopolar		[8428. 1288. 3303.]	[nan nan nan]
4979.120633333333	2.0	trials	1.0	2.0	75.0	biphasic	16.0	100.0	1.0	10.0	-5.0	16r	16.0	0.0	monopolar		[8428. 1288. 3303.]	[nan nan nan]
4981.122275708185	2.0	trials	1.0	2.0	75.0	biphasic	16.0	100.0	1.0	10.0	-5.0	16r	16.0	0.0	monopolar		[8428. 1288. 3303.]	[nan nan nan]
4983.1246	2.0	trials	1.0	2.0	75.0	biphasic	16.0	100.0	1.0	10.0	-5.0	16r	16.0	0.0	monopolar		[8428. 1288. 3303.]	[nan nan nan]
4985.1266	2.0	trials	1.0	2.0	75.0	biphasic	16.0	100.0	1.0	10.0	-5.0	16r	16.0	0.0	monopolar		[8428. 1288. 3303.]	[nan nan nan]
4987.12827531717	2.0	trials	1.0	2.0	75.0	biphasic	16.0	100.0	1.0	10.0	-5.0	16r	16.0	0.0	monopolar		[8428. 1288. 3303.]	[nan nan nan]
4989.1306	2.0	trials	1.0	2.0	75.0	biphasic	16.0	100.0	1.0	10.0	-5.0	16r	16.0	0.0	monopolar		[8428. 1288. 3303.]	[nan nan nan]
4991.1326	2.0	trials	1.0	2.0	75.0	biphasic	16.0	100.0	1.0	10.0	-5.0	16r	16.0	0.0	monopolar		[8428. 1288. 3303.]	[nan nan nan]
4993.134274926154	2.0	trials	1.0	2.0	75.0	biphasic	16.0	100.0	1.0	10.0	-5.0	16r	16.0	0.0	monopolar		[8428. 1288. 3303.]	[nan nan nan]
4995.1366	2.0	trials	1.0	2.0	75.0	biphasic	16.0	100.0	1.0	10.0	-5.0	16r	16.0	0.0	monopolar		[8428. 1288. 3303.]	[nan nan nan]
4997.1386	2.0	trials	1.0	2.0	75.0	biphasic	16.0	100.0	1.0	10.0	-5.0	16r	16.0	0.0	monopolar		[8428. 1288. 3303.]	[nan nan nan]
4999.140274535139	2.0	trials	1.0	2.0	75.0	biphasic	16.0	100.0	1.0	10.0	-5.0	16r	16.0	0.0	monopolar		[8428. 1288. 3303.]	[nan nan nan]
5001.1426	2.0	trials	1.0	2.0	75.0	biphasic	16.0	100.0	1.0	10.0	-5.0	16r	16.0	0.0	monopolar		[8428. 1288. 3303.]	[nan nan nan]
5003.1446	2.0	trials	1.0	2.0	75.0	biphasic	16.0	100.0	1.0	10.0	-5.0	16r	16.0	0.0	monopolar		[8428. 1288. 3303.]	[nan nan nan]
5005.14692585592	2.0	trials	1.0	2.0	75.0	biphasic	16.0	100.0	1.0	10.0	-5.0	16r	16.0	0.0	monopolar		[8428. 1288. 3303.]	[nan nan nan]
5007.148566666667	2.0	trials	1.0	2.0	75.0	biphasic	16.0	100.0	1.0	10.0	-5.0	16r	16.0	0.0	monopolar		[8428. 1288. 3303.]	[nan nan nan]
5009.150566666666	2.0	trials	1.0	2.0	75.0	biphasic	16.0	100.0	1.0	10.0	-5.0	16r	16.0	0.0	monopolar		[8428. 1288. 3303.]	[nan nan nan]
5011.1528929136	2.0	trials	1.0	2.0	75.0	biphasic	16.0	100.0	1.0	10.0	-5.0	16r	16.0	0.0	monopolar		[8428. 1288. 3303.]	[nan nan nan]
5013.154566666667	2.0	trials	1.0	2.0	75.0	biphasic	16.0	100.0	1.0	10.0	-5.0	16r	16.0	0.0	monopolar		[8428. 1288. 3303.]	[nan nan nan]
5015.156566666667	2.0	trials	1.0	2.0	75.0	biphasic	16.0	100.0	1.0	10.0	-5.0	16r	16.0	0.0	monopolar		[8428. 1288. 3303.]	[nan nan nan]
5017.158893304615	2.0	trials	1.0	2.0	75.0	biphasic	16.0	100.0	1.0	10.0	-5.0	16r	16.0	0.0	monopolar		[8428. 1288. 3303.]	[nan nan nan]
5019.160566666666	2.0	trials	1.0	2.0	75.0	biphasic	16.0	100.0	1.0	10.0	-5.0	16r	16.0	0.0	monopolar		[8428. 1288. 3303.]	[nan nan nan]
5021.162239768083	2.0	trials	1.0	2.0	75.0	biphasic	16.0	100.0	1.0	10.0	-5.0	16r	16.0	0.0	monopolar		[8428. 1288. 3303.]	[nan nan nan]
5023.164566666666	2.0	trials	1.0	2.0	75.0	biphasic	16.0	100.0	1.0	10.0	-5.0	16r	16.0	0.0	monopolar		[8428. 1288. 3303.]	[nan nan nan]
5025.166566666667	2.0	trials	1.0	2.0	75.0	biphasic	16.0	100.0	1.0	10.0	-5.0	16r	16.0	0.0	monopolar		[8428. 1288. 3303.]	[nan nan nan]
5027.168239377068	2.0	trials	1.0	2.0	75.0	biphasic	16.0	100.0	1.0	10.0	-5.0	16r	16.0	0.0	monopolar		[8428. 1288. 3303.]	[nan nan nan]
5029.170566666667	2.0	trials	1.0	2.0	75.0	biphasic	16.0	100.0	1.0	10.0	-5.0	16r	16.0	0.0	monopolar		[8428. 1288. 3303.]	[nan nan nan]
5031.172533333333	2.0	trials	1.0	2.0	75.0	biphasic	16.0	100.0	1.0	10.0	-5.0	16r	16.0	0.0	monopolar		[8428. 1288. 3303.]	[nan nan nan]
5033.174205652721	2.0	trials	1.0	2.0	75.0	biphasic	16.0	100.0	1.0	10.0	-5.0	16r	16.0	0.0	monopolar		[8428. 1288. 3303.]	[nan nan nan]
5035.176533333333	2.0	trials	1.0	2.0	75.0	biphasic	16.0	100.0	1.0	10.0	-5.0	16r	16.0	0.0	monopolar		[8428. 1288. 3303.]	[nan nan nan]
5037.178533333334	2.0	trials	1.0	2.0	75.0	biphasic	16.0	100.0	1.0	10.0	-5.0	16r	16.0	0.0	monopolar		[8428. 1288. 3303.]	[nan nan nan]
5039.180861405004	2.0	trials	1.0	2.0	75.0	biphasic	16.0	100.0	1.0	10.0	-5.0	16r	16.0	0.0	monopolar		[8428. 1288. 3303.]	[nan nan nan]
5041.182533333334	2.0	trials	1.0	2.0	75.0	biphasic	16.0	100.0	1.0	10.0	-5.0	16r	16.0	0.0	monopolar		[8428. 1288. 3303.]	[nan nan nan]
5043.184533333333	2.0	trials	1.0	2.0	75.0	biphasic	16.0	100.0	1.0	10.0	-5.0	16r	16.0	0.0	monopolar		[8428. 1288. 3303.]	[nan nan nan]
5045.18686179602	2.0	trials	1.0	2.0	75.0	biphasic	16.0	100.0	1.0	10.0	-5.0	16r	16.0	0.0	monopolar		[8428. 1288. 3303.]	[nan nan nan]
5047.188533333333	2.0	trials	1.0	2.0	75.0	biphasic	16.0	100.0	1.0	10.0	-5.0	16r	16.0	0.0	monopolar		[8428. 1288. 3303.]	[nan nan nan]
5049.190533333333	2.0	trials	1.0	2.0	75.0	biphasic	16.0	100.0	1.0	10.0	-5.0	16r	16.0	0.0	monopolar		[8428. 1288. 3303.]	[nan nan nan]
5051.192862187036	2.0	trials	1.0	2.0	75.0	biphasic	16.0	100.0	1.0	10.0	-5.0	16r	16.0	0.0	monopolar		[8428. 1288. 3303.]	[nan nan nan]
5053.194533333333	2.0	trials	1.0	2.0	75.0	biphasic	16.0	100.0	1.0	10.0	-5.0	16r	16.0	0.0	monopolar		[8428. 1288. 3303.]	[nan nan nan]
5055.196533333334	2.0	trials	1.0	2.0	75.0	biphasic	16.0	100.0	1.0	10.0	-5.0	16r	16.0	0.0	monopolar		[8428. 1288. 3303.]	[nan nan nan]
5057.198829244716	2.0	trials	1.0	2.0	75.0	biphasic	16.0	100.0	1.0	10.0	-5.0	16r	16.0	0.0	monopolar		[8428. 1288. 3303.]	[nan nan nan]
5059.2005	2.0	trials	1.0	2.0	75.0	biphasic	16.0	100.0	1.0	10.0	-5.0	16r	16.0	0.0	monopolar		[8428. 1288. 3303.]	[nan nan nan]
5061.2025	2.0	trials	1.0	2.0	75.0	biphasic	16.0	100.0	1.0	10.0	-5.0	16r	16.0	0.0	monopolar		[8428. 1288. 3303.]	[nan nan nan]
5063.204829635731	2.0	trials	1.0	2.0	75.0	biphasic	16.0	100.0	1.0	10.0	-5.0	16r	16.0	0.0	monopolar		[8428. 1288. 3303.]	[nan nan nan]
5065.2065	2.0	trials	1.0	2.0	75.0	biphasic	16.0	100.0	1.0	10.0	-5.0	16r	16.0	0.0	monopolar		[8428. 1288. 3303.]	[nan nan nan]
5138.771233333333	2.0	trials	1.0	2.0	75.0	biphasic	17.0	100.0	1.0	10.0	5.0	16r	16.0	0.0	monopolar		[8428. 1288. 3303.]	[nan nan nan]
5140.773568019113	2.0	trials	1.0	2.0	75.0	biphasic	17.0	100.0	1.0	10.0	5.0	16r	16.0	0.0	monopolar		[8428. 1288. 3303.]	[nan nan nan]
5142.775233333334	2.0	trials	1.0	2.0	75.0	biphasic	17.0	100.0	1.0	10.0	5.0	16r	16.0	0.0	monopolar		[8428. 1288. 3303.]	[nan nan nan]
5144.777233333333	2.0	trials	1.0	2.0	75.0	biphasic	17.0	100.0	1.0	10.0	5.0	16r	16.0	0.0	monopolar		[8428. 1288. 3303.]	[nan nan nan]
5146.779233333334	2.0	trials	1.0	2.0	75.0	biphasic	17.0	100.0	1.0	10.0	5.0	16r	16.0	0.0	monopolar		[8428. 1288. 3303.]	[nan nan nan]
5148.781233333333	2.0	trials	1.0	2.0	75.0	biphasic	17.0	100.0	1.0	10.0	5.0	16r	16.0	0.0	monopolar		[8428. 1288. 3303.]	[nan nan nan]
5150.7832	2.0	trials	1.0	2.0	75.0	biphasic	17.0	100.0	1.0	10.0	5.0	16r	16.0	0.0	monopolar		[8428. 1288. 3303.]	[nan nan nan]
5152.7852	2.0	trials	1.0	2.0	75.0	biphasic	17.0	100.0	1.0	10.0	5.0	16r	16.0	0.0	monopolar		[8428. 1288. 3303.]	[nan nan nan]
5154.7872	2.0	trials	1.0	2.0	75.0	biphasic	17.0	100.0	1.0	10.0	5.0	16r	16.0	0.0	monopolar		[8428. 1288. 3303.]	[nan nan nan]
5156.788864271558	2.0	trials	1.0	2.0	75.0	biphasic	17.0	100.0	1.0	10.0	5.0	16r	16.0	0.0	monopolar		[8428. 1288. 3303.]	[nan nan nan]
5158.7912	2.0	trials	1.0	2.0	75.0	biphasic	17.0	100.0	1.0	10.0	5.0	16r	16.0	0.0	monopolar		[8428. 1288. 3303.]	[nan nan nan]
5160.7932	2.0	trials	1.0	2.0	75.0	biphasic	17.0	100.0	1.0	10.0	5.0	16r	16.0	0.0	monopolar		[8428. 1288. 3303.]	[nan nan nan]
5162.794863880543	2.0	trials	1.0	2.0	75.0	biphasic	17.0	100.0	1.0	10.0	5.0	16r	16.0	0.0	monopolar		[8428. 1288. 3303.]	[nan nan nan]
5164.7972	2.0	trials	1.0	2.0	75.0	biphasic	17.0	100.0	1.0	10.0	5.0	16r	16.0	0.0	monopolar		[8428. 1288. 3303.]	[nan nan nan]
5166.7992	2.0	trials	1.0	2.0	75.0	biphasic	17.0	100.0	1.0	10.0	5.0	16r	16.0	0.0	monopolar		[8428. 1288. 3303.]	[nan nan nan]
5168.800863489527	2.0	trials	1.0	2.0	75.0	biphasic	17.0	100.0	1.0	10.0	5.0	16r	16.0	0.0	monopolar		[8428. 1288. 3303.]	[nan nan nan]
5170.8032	2.0	trials	1.0	2.0	75.0	biphasic	17.0	100.0	1.0	10.0	5.0	16r	16.0	0.0	monopolar		[8428. 1288. 3303.]	[nan nan nan]
5172.8052	2.0	trials	1.0	2.0	75.0	biphasic	17.0	100.0	1.0	10.0	5.0	16r	16.0	0.0	monopolar		[8428. 1288. 3303.]	[nan nan nan]
5174.806863098512	2.0	trials	1.0	2.0	75.0	biphasic	17.0	100.0	1.0	10.0	5.0	16r	16.0	0.0	monopolar		[8428. 1288. 3303.]	[nan nan nan]
5176.809166666667	2.0	trials	1.0	2.0	75.0	biphasic	17.0	100.0	1.0	10.0	5.0	16r	16.0	0.0	monopolar		[8428. 1288. 3303.]	[nan nan nan]
5178.811166666666	2.0	trials	1.0	2.0	75.0	biphasic	17.0	100.0	1.0	10.0	5.0	16r	16.0	0.0	monopolar		[8428. 1288. 3303.]	[nan nan nan]
5180.8135039592125	2.0	trials	1.0	2.0	75.0	biphasic	17.0	100.0	1.0	10.0	5.0	16r	16.0	0.0	monopolar		[8428. 1288. 3303.]	[nan nan nan]
5182.815166666666	2.0	trials	1.0	2.0	75.0	biphasic	17.0	100.0	1.0	10.0	5.0	16r	16.0	0.0	monopolar		[8428. 1288. 3303.]	[nan nan nan]
5184.817166666667	2.0	trials	1.0	2.0	75.0	biphasic	17.0	100.0	1.0	10.0	5.0	16r	16.0	0.0	monopolar		[8428. 1288. 3303.]	[nan nan nan]
5186.819504350228	2.0	trials	1.0	2.0	75.0	biphasic	17.0	100.0	1.0	10.0	5.0	16r	16.0	0.0	monopolar		[8428. 1288. 3303.]	[nan nan nan]
5188.821166666667	2.0	trials	1.0	2.0	75.0	biphasic	17.0	100.0	1.0	10.0	5.0	16r	16.0	0.0	monopolar		[8428. 1288. 3303.]	[nan nan nan]
5190.823166666667	2.0	trials	1.0	2.0	75.0	biphasic	17.0	100.0	1.0	10.0	5.0	16r	16.0	0.0	monopolar		[8428. 1288. 3303.]	[nan nan nan]
5192.825504741244	2.0	trials	1.0	2.0	75.0	biphasic	17.0	100.0	1.0	10.0	5.0	16r	16.0	0.0	monopolar		[8428. 1288. 3303.]	[nan nan nan]
5194.827166666667	2.0	trials	1.0	2.0	75.0	biphasic	17.0	100.0	1.0	10.0	5.0	16r	16.0	0.0	monopolar		[8428. 1288. 3303.]	[nan nan nan]
5196.828828331457	2.0	trials	1.0	2.0	75.0	biphasic	17.0	100.0	1.0	10.0	5.0	16r	16.0	0.0	monopolar		[8428. 1288. 3303.]	[nan nan nan]
5198.83150513226	2.0	trials	1.0	2.0	75.0	biphasic	17.0	100.0	1.0	10.0	5.0	16r	16.0	0.0	monopolar		[8428. 1288. 3303.]	[nan nan nan]
5200.833166666666	2.0	trials	1.0	2.0	75.0	biphasic	17.0	100.0	1.0	10.0	5.0	16r	16.0	0.0	monopolar		[8428. 1288. 3303.]	[nan nan nan]
5202.83479460711	2.0	trials	1.0	2.0	75.0	biphasic	17.0	100.0	1.0	10.0	5.0	16r	16.0	0.0	monopolar		[8428. 1288. 3303.]	[nan nan nan]
5204.837133333333	2.0	trials	1.0	2.0	75.0	biphasic	17.0	100.0	1.0	10.0	5.0	16r	16.0	0.0	monopolar		[8428. 1288. 3303.]	[nan nan nan]
5206.839133333333	2.0	trials	1.0	2.0	75.0	biphasic	17.0	100.0	1.0	10.0	5.0	16r	16.0	0.0	monopolar		[8428. 1288. 3303.]	[nan nan nan]
5208.840794216094	2.0	trials	1.0	2.0	75.0	biphasic	17.0	100.0	1.0	10.0	5.0	16r	16.0	0.0	monopolar		[8428. 1288. 3303.]	[nan nan nan]
5210.843133333334	2.0	trials	1.0	2.0	75.0	biphasic	17.0	100.0	1.0	10.0	5.0	16r	16.0	0.0	monopolar		[8428. 1288. 3303.]	[nan nan nan]
5212.845133333333	2.0	trials	1.0	2.0	75.0	biphasic	17.0	100.0	1.0	10.0	5.0	16r	16.0	0.0	monopolar		[8428. 1288. 3303.]	[nan nan nan]
5214.846793825079	2.0	trials	1.0	2.0	75.0	biphasic	17.0	100.0	1.0	10.0	5.0	16r	16.0	0.0	monopolar		[8428. 1288. 3303.]	[nan nan nan]
5216.849133333333	2.0	trials	1.0	2.0	75.0	biphasic	17.0	100.0	1.0	10.0	5.0	16r	16.0	0.0	monopolar		[8428. 1288. 3303.]	[nan nan nan]
5218.851133333334	2.0	trials	1.0	2.0	75.0	biphasic	17.0	100.0	1.0	10.0	5.0	16r	16.0	0.0	monopolar		[8428. 1288. 3303.]	[nan nan nan]
5220.853473232648	2.0	trials	1.0	2.0	75.0	biphasic	17.0	100.0	1.0	10.0	5.0	16r	16.0	0.0	monopolar		[8428. 1288. 3303.]	[nan nan nan]
5222.8551333333335	2.0	trials	1.0	2.0	75.0	biphasic	17.0	100.0	1.0	10.0	5.0	16r	16.0	0.0	monopolar		[8428. 1288. 3303.]	[nan nan nan]
5224.857133333333	2.0	trials	1.0	2.0	75.0	biphasic	17.0	100.0	1.0	10.0	5.0	16r	16.0	0.0	monopolar		[8428. 1288. 3303.]	[nan nan nan]
5226.859473623664	2.0	trials	1.0	2.0	75.0	biphasic	17.0	100.0	1.0	10.0	5.0	16r	16.0	0.0	monopolar		[8428. 1288. 3303.]	[nan nan nan]
5228.8611	2.0	trials	1.0	2.0	75.0	biphasic	17.0	100.0	1.0	10.0	5.0	16r	16.0	0.0	monopolar		[8428. 1288. 3303.]	[nan nan nan]
5230.8631	2.0	trials	1.0	2.0	75.0	biphasic	17.0	100.0	1.0	10.0	5.0	16r	16.0	0.0	monopolar		[8428. 1288. 3303.]	[nan nan nan]
5232.865440681344	2.0	trials	1.0	2.0	75.0	biphasic	17.0	100.0	1.0	10.0	5.0	16r	16.0	0.0	monopolar		[8428. 1288. 3303.]	[nan nan nan]
5234.8671	2.0	trials	1.0	2.0	75.0	biphasic	17.0	100.0	1.0	10.0	5.0	16r	16.0	0.0	monopolar		[8428. 1288. 3303.]	[nan nan nan]
5236.8691	2.0	trials	1.0	2.0	75.0	biphasic	17.0	100.0	1.0	10.0	5.0	16r	16.0	0.0	monopolar		[8428. 1288. 3303.]	[nan nan nan]
5238.87144107236	2.0	trials	1.0	2.0	75.0	biphasic	17.0	100.0	1.0	10.0	5.0	16r	16.0	0.0	monopolar		[8428. 1288. 3303.]	[nan nan nan]
5240.8731	2.0	trials	1.0	2.0	75.0	biphasic	17.0	100.0	1.0	10.0	5.0	16r	16.0	0.0	monopolar		[8428. 1288. 3303.]	[nan nan nan]
5242.8751	2.0	trials	1.0	2.0	75.0	biphasic	17.0	100.0	1.0	10.0	5.0	16r	16.0	0.0	monopolar		[8428. 1288. 3303.]	[nan nan nan]
5244.8771	2.0	trials	1.0	2.0	75.0	biphasic	17.0	100.0	1.0	10.0	5.0	16r	16.0	0.0	monopolar		[8428. 1288. 3303.]	[nan nan nan]
5246.8791	2.0	trials	1.0	2.0	75.0	biphasic	17.0	100.0	1.0	10.0	5.0	16r	16.0	0.0	monopolar		[8428. 1288. 3303.]	[nan nan nan]
5248.880758275992	2.0	trials	1.0	2.0	75.0	biphasic	17.0	100.0	1.0	10.0	5.0	16r	16.0	0.0	monopolar		[8428. 1288. 3303.]	[nan nan nan]
5250.8831	2.0	trials	1.0	2.0	75.0	biphasic	17.0	100.0	1.0	10.0	5.0	16r	16.0	0.0	monopolar		[8428. 1288. 3303.]	[nan nan nan]
5252.885066666667	2.0	trials	1.0	2.0	75.0	biphasic	17.0	100.0	1.0	10.0	5.0	16r	16.0	0.0	monopolar		[8428. 1288. 3303.]	[nan nan nan]
5254.886724551646	2.0	trials	1.0	2.0	75.0	biphasic	17.0	100.0	1.0	10.0	5.0	16r	16.0	0.0	monopolar		[8428. 1288. 3303.]	[nan nan nan]
5256.889066666667	2.0	trials	1.0	2.0	75.0	biphasic	17.0	100.0	1.0	10.0	5.0	16r	16.0	0.0	monopolar		[8428. 1288. 3303.]	[nan nan nan]
5258.891066666667	2.0	trials	1.0	2.0	75.0	biphasic	17.0	100.0	1.0	10.0	5.0	16r	16.0	0.0	monopolar		[8428. 1288. 3303.]	[nan nan nan]
5260.89272416063	2.0	trials	1.0	2.0	75.0	biphasic	17.0	100.0	1.0	10.0	5.0	16r	16.0	0.0	monopolar		[8428. 1288. 3303.]	[nan nan nan]
5262.895066666667	2.0	trials	1.0	2.0	75.0	biphasic	17.0	100.0	1.0	10.0	5.0	16r	16.0	0.0	monopolar		[8428. 1288. 3303.]	[nan nan nan]
5264.897066666666	2.0	trials	1.0	2.0	75.0	biphasic	17.0	100.0	1.0	10.0	5.0	16r	16.0	0.0	monopolar		[8428. 1288. 3303.]	[nan nan nan]
5266.899409563764	2.0	trials	1.0	2.0	75.0	biphasic	17.0	100.0	1.0	10.0	5.0	16r	16.0	0.0	monopolar		[8428. 1288. 3303.]	[nan nan nan]
5268.901066666666	2.0	trials	1.0	2.0	75.0	biphasic	17.0	100.0	1.0	10.0	5.0	16r	16.0	0.0	monopolar		[8428. 1288. 3303.]	[nan nan nan]
5270.903066666667	2.0	trials	1.0	2.0	75.0	biphasic	17.0	100.0	1.0	10.0	5.0	16r	16.0	0.0	monopolar		[8428. 1288. 3303.]	[nan nan nan]
5272.905409954779	2.0	trials	1.0	2.0	75.0	biphasic	17.0	100.0	1.0	10.0	5.0	16r	16.0	0.0	monopolar		[8428. 1288. 3303.]	[nan nan nan]
5274.907066666667	2.0	trials	1.0	2.0	75.0	biphasic	17.0	100.0	1.0	10.0	5.0	16r	16.0	0.0	monopolar		[8428. 1288. 3303.]	[nan nan nan]
5276.909066666667	2.0	trials	1.0	2.0	75.0	biphasic	17.0	100.0	1.0	10.0	5.0	16r	16.0	0.0	monopolar		[8428. 1288. 3303.]	[nan nan nan]
5278.9113770124595	2.0	trials	1.0	2.0	75.0	biphasic	17.0	100.0	1.0	10.0	5.0	16r	16.0	0.0	monopolar		[8428. 1288. 3303.]	[nan nan nan]
5280.913033333333	2.0	trials	1.0	2.0	75.0	biphasic	17.0	100.0	1.0	10.0	5.0	16r	16.0	0.0	monopolar		[8428. 1288. 3303.]	[nan nan nan]
5282.915033333334	2.0	trials	1.0	2.0	75.0	biphasic	17.0	100.0	1.0	10.0	5.0	16r	16.0	0.0	monopolar		[8428. 1288. 3303.]	[nan nan nan]
5284.917377403475	2.0	trials	1.0	2.0	75.0	biphasic	17.0	100.0	1.0	10.0	5.0	16r	16.0	0.0	monopolar		[8428. 1288. 3303.]	[nan nan nan]
5286.919033333334	2.0	trials	1.0	2.0	75.0	biphasic	17.0	100.0	1.0	10.0	5.0	16r	16.0	0.0	monopolar		[8428. 1288. 3303.]	[nan nan nan]
5296.805833333333	2.0	trials	1.0	2.0	75.0	biphasic	18.0	100.0	1.0	10.0	-25.0	16r	16.0	0.0	monopolar		[8428. 1288. 3303.]	[nan nan nan]
5298.807488358888	2.0	trials	1.0	2.0	75.0	biphasic	18.0	100.0	1.0	10.0	-25.0	16r	16.0	0.0	monopolar		[8428. 1288. 3303.]	[nan nan nan]
5300.809833333334	2.0	trials	1.0	2.0	75.0	biphasic	18.0	100.0	1.0	10.0	-25.0	16r	16.0	0.0	monopolar		[8428. 1288. 3303.]	[nan nan nan]
5302.811833333333	2.0	trials	1.0	2.0	75.0	biphasic	18.0	100.0	1.0	10.0	-25.0	16r	16.0	0.0	monopolar		[8428. 1288. 3303.]	[nan nan nan]
5304.81417869884	2.0	trials	1.0	2.0	75.0	biphasic	18.0	100.0	1.0	10.0	-25.0	16r	16.0	0.0	monopolar		[8428. 1288. 3303.]	[nan nan nan]
5306.815833333333	2.0	trials	1.0	2.0	75.0	biphasic	18.0	100.0	1.0	10.0	-25.0	16r	16.0	0.0	monopolar		[8428. 1288. 3303.]	[nan nan nan]
5308.8178333333335	2.0	trials	1.0	2.0	75.0	biphasic	18.0	100.0	1.0	10.0	-25.0	16r	16.0	0.0	monopolar		[8428. 1288. 3303.]	[nan nan nan]
5310.820179089856	2.0	trials	1.0	2.0	75.0	biphasic	18.0	100.0	1.0	10.0	-25.0	16r	16.0	0.0	monopolar		[8428. 1288. 3303.]	[nan nan nan]
5312.821833333333	2.0	trials	1.0	2.0	75.0	biphasic	18.0	100.0	1.0	10.0	-25.0	16r	16.0	0.0	monopolar		[8428. 1288. 3303.]	[nan nan nan]
5314.823833333333	2.0	trials	1.0	2.0	75.0	biphasic	18.0	100.0	1.0	10.0	-25.0	16r	16.0	0.0	monopolar		[8428. 1288. 3303.]	[nan nan nan]
5316.826179480871	2.0	trials	1.0	2.0	75.0	biphasic	18.0	100.0	1.0	10.0	-25.0	16r	16.0	0.0	monopolar		[8428. 1288. 3303.]	[nan nan nan]
5318.8278	2.0	trials	1.0	2.0	75.0	biphasic	18.0	100.0	1.0	10.0	-25.0	16r	16.0	0.0	monopolar		[8428. 1288. 3303.]	[nan nan nan]
5320.8298	2.0	trials	1.0	2.0	75.0	biphasic	18.0	100.0	1.0	10.0	-25.0	16r	16.0	0.0	monopolar		[8428. 1288. 3303.]	[nan nan nan]
5322.8318	2.0	trials	1.0	2.0	75.0	biphasic	18.0	100.0	1.0	10.0	-25.0	16r	16.0	0.0	monopolar		[8428. 1288. 3303.]	[nan nan nan]
5324.8338	2.0	trials	1.0	2.0	75.0	biphasic	18.0	100.0	1.0	10.0	-25.0	16r	16.0	0.0	monopolar		[8428. 1288. 3303.]	[nan nan nan]
5326.8358	2.0	trials	1.0	2.0	75.0	biphasic	18.0	100.0	1.0	10.0	-25.0	16r	16.0	0.0	monopolar		[8428. 1288. 3303.]	[nan nan nan]
5328.8378	2.0	trials	1.0	2.0	75.0	biphasic	18.0	100.0	1.0	10.0	-25.0	16r	16.0	0.0	monopolar		[8428. 1288. 3303.]	[nan nan nan]
5330.8398	2.0	trials	1.0	2.0	75.0	biphasic	18.0	100.0	1.0	10.0	-25.0	16r	16.0	0.0	monopolar		[8428. 1288. 3303.]	[nan nan nan]
5332.8418	2.0	trials	1.0	2.0	75.0	biphasic	18.0	100.0	1.0	10.0	-25.0	16r	16.0	0.0	monopolar		[8428. 1288. 3303.]	[nan nan nan]
5334.8438	2.0	trials	1.0	2.0	75.0	biphasic	18.0	100.0	1.0	10.0	-25.0	16r	16.0	0.0	monopolar		[8428. 1288. 3303.]	[nan nan nan]
5336.8458	2.0	trials	1.0	2.0	75.0	biphasic	18.0	100.0	1.0	10.0	-25.0	16r	16.0	0.0	monopolar		[8428. 1288. 3303.]	[nan nan nan]
5338.847452418786	2.0	trials	1.0	2.0	75.0	biphasic	18.0	100.0	1.0	10.0	-25.0	16r	16.0	0.0	monopolar		[8428. 1288. 3303.]	[nan nan nan]
5340.8498	2.0	trials	1.0	2.0	75.0	biphasic	18.0	100.0	1.0	10.0	-25.0	16r	16.0	0.0	monopolar		[8428. 1288. 3303.]	[nan nan nan]
5342.8518	2.0	trials	1.0	2.0	75.0	biphasic	18.0	100.0	1.0	10.0	-25.0	16r	16.0	0.0	monopolar		[8428. 1288. 3303.]	[nan nan nan]
5344.853418694439	2.0	trials	1.0	2.0	75.0	biphasic	18.0	100.0	1.0	10.0	-25.0	16r	16.0	0.0	monopolar		[8428. 1288. 3303.]	[nan nan nan]
5346.855766666667	2.0	trials	1.0	2.0	75.0	biphasic	18.0	100.0	1.0	10.0	-25.0	16r	16.0	0.0	monopolar		[8428. 1288. 3303.]	[nan nan nan]
5348.857766666667	2.0	trials	1.0	2.0	75.0	biphasic	18.0	100.0	1.0	10.0	-25.0	16r	16.0	0.0	monopolar		[8428. 1288. 3303.]	[nan nan nan]
5350.859418303423	2.0	trials	1.0	2.0	75.0	biphasic	18.0	100.0	1.0	10.0	-25.0	16r	16.0	0.0	monopolar		[8428. 1288. 3303.]	[nan nan nan]
5352.861766666667	2.0	trials	1.0	2.0	75.0	biphasic	18.0	100.0	1.0	10.0	-25.0	16r	16.0	0.0	monopolar		[8428. 1288. 3303.]	[nan nan nan]
5354.863766666666	2.0	trials	1.0	2.0	75.0	biphasic	18.0	100.0	1.0	10.0	-25.0	16r	16.0	0.0	monopolar		[8428. 1288. 3303.]	[nan nan nan]
5356.866115420971	2.0	trials	1.0	2.0	75.0	biphasic	18.0	100.0	1.0	10.0	-25.0	16r	16.0	0.0	monopolar		[8428. 1288. 3303.]	[nan nan nan]
5358.867766666666	2.0	trials	1.0	2.0	75.0	biphasic	18.0	100.0	1.0	10.0	-25.0	16r	16.0	0.0	monopolar		[8428. 1288. 3303.]	[nan nan nan]
5360.869766666667	2.0	trials	1.0	2.0	75.0	biphasic	18.0	100.0	1.0	10.0	-25.0	16r	16.0	0.0	monopolar		[8428. 1288. 3303.]	[nan nan nan]
5362.872115811987	2.0	trials	1.0	2.0	75.0	biphasic	18.0	100.0	1.0	10.0	-25.0	16r	16.0	0.0	monopolar		[8428. 1288. 3303.]	[nan nan nan]
5364.873766666667	2.0	trials	1.0	2.0	75.0	biphasic	18.0	100.0	1.0	10.0	-25.0	16r	16.0	0.0	monopolar		[8428. 1288. 3303.]	[nan nan nan]
5366.875766666667	2.0	trials	1.0	2.0	75.0	biphasic	18.0	100.0	1.0	10.0	-25.0	16r	16.0	0.0	monopolar		[8428. 1288. 3303.]	[nan nan nan]
5368.878116203003	2.0	trials	1.0	2.0	75.0	biphasic	18.0	100.0	1.0	10.0	-25.0	16r	16.0	0.0	monopolar		[8428. 1288. 3303.]	[nan nan nan]
5370.879733333333	2.0	trials	1.0	2.0	75.0	biphasic	18.0	100.0	1.0	10.0	-25.0	16r	16.0	0.0	monopolar		[8428. 1288. 3303.]	[nan nan nan]
5372.881733333334	2.0	trials	1.0	2.0	75.0	biphasic	18.0	100.0	1.0	10.0	-25.0	16r	16.0	0.0	monopolar		[8428. 1288. 3303.]	[nan nan nan]
5374.883733333333	2.0	trials	1.0	2.0	75.0	biphasic	18.0	100.0	1.0	10.0	-25.0	16r	16.0	0.0	monopolar		[8428. 1288. 3303.]	[nan nan nan]
5376.8857333333335	2.0	trials	1.0	2.0	75.0	biphasic	18.0	100.0	1.0	10.0	-25.0	16r	16.0	0.0	monopolar		[8428. 1288. 3303.]	[nan nan nan]
5378.887383145353	2.0	trials	1.0	2.0	75.0	biphasic	18.0	100.0	1.0	10.0	-25.0	16r	16.0	0.0	monopolar		[8428. 1288. 3303.]	[nan nan nan]
5380.889733333333	2.0	trials	1.0	2.0	75.0	biphasic	18.0	100.0	1.0	10.0	-25.0	16r	16.0	0.0	monopolar		[8428. 1288. 3303.]	[nan nan nan]
5382.891733333333	2.0	trials	1.0	2.0	75.0	biphasic	18.0	100.0	1.0	10.0	-25.0	16r	16.0	0.0	monopolar		[8428. 1288. 3303.]	[nan nan nan]
5384.893382754337	2.0	trials	1.0	2.0	75.0	biphasic	18.0	100.0	1.0	10.0	-25.0	16r	16.0	0.0	monopolar		[8428. 1288. 3303.]	[nan nan nan]
5386.895733333334	2.0	trials	1.0	2.0	75.0	biphasic	18.0	100.0	1.0	10.0	-25.0	16r	16.0	0.0	monopolar		[8428. 1288. 3303.]	[nan nan nan]
5388.897733333333	2.0	trials	1.0	2.0	75.0	biphasic	18.0	100.0	1.0	10.0	-25.0	16r	16.0	0.0	monopolar		[8428. 1288. 3303.]	[nan nan nan]
5390.899382363322	2.0	trials	1.0	2.0	75.0	biphasic	18.0	100.0	1.0	10.0	-25.0	16r	16.0	0.0	monopolar		[8428. 1288. 3303.]	[nan nan nan]
5392.901733333333	2.0	trials	1.0	2.0	75.0	biphasic	18.0	100.0	1.0	10.0	-25.0	16r	16.0	0.0	monopolar		[8428. 1288. 3303.]	[nan nan nan]
5394.9037	2.0	trials	1.0	2.0	75.0	biphasic	18.0	100.0	1.0	10.0	-25.0	16r	16.0	0.0	monopolar		[8428. 1288. 3303.]	[nan nan nan]
5396.906051361071	2.0	trials	1.0	2.0	75.0	biphasic	18.0	100.0	1.0	10.0	-25.0	16r	16.0	0.0	monopolar		[8428. 1288. 3303.]	[nan nan nan]
5398.9077	2.0	trials	1.0	2.0	75.0	biphasic	18.0	100.0	1.0	10.0	-25.0	16r	16.0	0.0	monopolar		[8428. 1288. 3303.]	[nan nan nan]
5400.9097	2.0	trials	1.0	2.0	75.0	biphasic	18.0	100.0	1.0	10.0	-25.0	16r	16.0	0.0	monopolar		[8428. 1288. 3303.]	[nan nan nan]
5402.912051752087	2.0	trials	1.0	2.0	75.0	biphasic	18.0	100.0	1.0	10.0	-25.0	16r	16.0	0.0	monopolar		[8428. 1288. 3303.]	[nan nan nan]
5404.9137	2.0	trials	1.0	2.0	75.0	biphasic	18.0	100.0	1.0	10.0	-25.0	16r	16.0	0.0	monopolar		[8428. 1288. 3303.]	[nan nan nan]
5406.9157	2.0	trials	1.0	2.0	75.0	biphasic	18.0	100.0	1.0	10.0	-25.0	16r	16.0	0.0	monopolar		[8428. 1288. 3303.]	[nan nan nan]
5408.918052143103	2.0	trials	1.0	2.0	75.0	biphasic	18.0	100.0	1.0	10.0	-25.0	16r	16.0	0.0	monopolar		[8428. 1288. 3303.]	[nan nan nan]
5410.9197	2.0	trials	1.0	2.0	75.0	biphasic	18.0	100.0	1.0	10.0	-25.0	16r	16.0	0.0	monopolar		[8428. 1288. 3303.]	[nan nan nan]
5412.9217	2.0	trials	1.0	2.0	75.0	biphasic	18.0	100.0	1.0	10.0	-25.0	16r	16.0	0.0	monopolar		[8428. 1288. 3303.]	[nan nan nan]
5414.9237	2.0	trials	1.0	2.0	75.0	biphasic	18.0	100.0	1.0	10.0	-25.0	16r	16.0	0.0	monopolar		[8428. 1288. 3303.]	[nan nan nan]
5416.9257	2.0	trials	1.0	2.0	75.0	biphasic	18.0	100.0	1.0	10.0	-25.0	16r	16.0	0.0	monopolar		[8428. 1288. 3303.]	[nan nan nan]
5418.9277	2.0	trials	1.0	2.0	75.0	biphasic	18.0	100.0	1.0	10.0	-25.0	16r	16.0	0.0	monopolar		[8428. 1288. 3303.]	[nan nan nan]
5420.929666666667	2.0	trials	1.0	2.0	75.0	biphasic	18.0	100.0	1.0	10.0	-25.0	16r	16.0	0.0	monopolar		[8428. 1288. 3303.]	[nan nan nan]
5422.931666666666	2.0	trials	1.0	2.0	75.0	biphasic	18.0	100.0	1.0	10.0	-25.0	16r	16.0	0.0	monopolar		[8428. 1288. 3303.]	[nan nan nan]
5424.933313480904	2.0	trials	1.0	2.0	75.0	biphasic	18.0	100.0	1.0	10.0	-25.0	16r	16.0	0.0	monopolar		[8428. 1288. 3303.]	[nan nan nan]
5426.935666666666	2.0	trials	1.0	2.0	75.0	biphasic	18.0	100.0	1.0	10.0	-25.0	16r	16.0	0.0	monopolar		[8428. 1288. 3303.]	[nan nan nan]
5428.937666666667	2.0	trials	1.0	2.0	75.0	biphasic	18.0	100.0	1.0	10.0	-25.0	16r	16.0	0.0	monopolar		[8428. 1288. 3303.]	[nan nan nan]
5430.939313089889	2.0	trials	1.0	2.0	75.0	biphasic	18.0	100.0	1.0	10.0	-25.0	16r	16.0	0.0	monopolar		[8428. 1288. 3303.]	[nan nan nan]
5432.941666666667	2.0	trials	1.0	2.0	75.0	biphasic	18.0	100.0	1.0	10.0	-25.0	16r	16.0	0.0	monopolar		[8428. 1288. 3303.]	[nan nan nan]
5434.943666666667	2.0	trials	1.0	2.0	75.0	biphasic	18.0	100.0	1.0	10.0	-25.0	16r	16.0	0.0	monopolar		[8428. 1288. 3303.]	[nan nan nan]
5436.945312698873	2.0	trials	1.0	2.0	75.0	biphasic	18.0	100.0	1.0	10.0	-25.0	16r	16.0	0.0	monopolar		[8428. 1288. 3303.]	[nan nan nan]
5438.947666666667	2.0	trials	1.0	2.0	75.0	biphasic	18.0	100.0	1.0	10.0	-25.0	16r	16.0	0.0	monopolar		[8428. 1288. 3303.]	[nan nan nan]
5440.949666666666	2.0	trials	1.0	2.0	75.0	biphasic	18.0	100.0	1.0	10.0	-25.0	16r	16.0	0.0	monopolar		[8428. 1288. 3303.]	[nan nan nan]
5442.952021025522	2.0	trials	1.0	2.0	75.0	biphasic	18.0	100.0	1.0	10.0	-25.0	16r	16.0	0.0	monopolar		[8428. 1288. 3303.]	[nan nan nan]
5444.953666666666	2.0	trials	1.0	2.0	75.0	biphasic	18.0	100.0	1.0	10.0	-25.0	16r	16.0	0.0	monopolar		[8428. 1288. 3303.]	[nan nan nan]
5464.3748	2.0	trials	1.0	2.0	75.0	biphasic	19.0	100.0	1.0	10.0	25.0	16r	16.0	0.0	monopolar		[8428. 1288. 3303.]	[nan nan nan]
5466.3768	2.0	trials	1.0	2.0	75.0	biphasic	19.0	100.0	1.0	10.0	25.0	16r	16.0	0.0	monopolar		[8428. 1288. 3303.]	[nan nan nan]
5468.378443985778	2.0	trials	1.0	2.0	75.0	biphasic	19.0	100.0	1.0	10.0	25.0	16r	16.0	0.0	monopolar		[8428. 1288. 3303.]	[nan nan nan]
5470.3808	2.0	trials	1.0	2.0	75.0	biphasic	19.0	100.0	1.0	10.0	25.0	16r	16.0	0.0	monopolar		[8428. 1288. 3303.]	[nan nan nan]
5472.3828	2.0	trials	1.0	2.0	75.0	biphasic	19.0	100.0	1.0	10.0	25.0	16r	16.0	0.0	monopolar		[8428. 1288. 3303.]	[nan nan nan]
5474.384443594763	2.0	trials	1.0	2.0	75.0	biphasic	19.0	100.0	1.0	10.0	25.0	16r	16.0	0.0	monopolar		[8428. 1288. 3303.]	[nan nan nan]
5476.3868	2.0	trials	1.0	2.0	75.0	biphasic	19.0	100.0	1.0	10.0	25.0	16r	16.0	0.0	monopolar		[8428. 1288. 3303.]	[nan nan nan]
5478.388766666667	2.0	trials	1.0	2.0	75.0	biphasic	19.0	100.0	1.0	10.0	25.0	16r	16.0	0.0	monopolar		[8428. 1288. 3303.]	[nan nan nan]
5480.391123462964	2.0	trials	1.0	2.0	75.0	biphasic	19.0	100.0	1.0	10.0	25.0	16r	16.0	0.0	monopolar		[8428. 1288. 3303.]	[nan nan nan]
5482.392766666667	2.0	trials	1.0	2.0	75.0	biphasic	19.0	100.0	1.0	10.0	25.0	16r	16.0	0.0	monopolar		[8428. 1288. 3303.]	[nan nan nan]
5484.394766666666	2.0	trials	1.0	2.0	75.0	biphasic	19.0	100.0	1.0	10.0	25.0	16r	16.0	0.0	monopolar		[8428. 1288. 3303.]	[nan nan nan]
5486.39712385398	2.0	trials	1.0	2.0	75.0	biphasic	19.0	100.0	1.0	10.0	25.0	16r	16.0	0.0	monopolar		[8428. 1288. 3303.]	[nan nan nan]
5488.398766666666	2.0	trials	1.0	2.0	75.0	biphasic	19.0	100.0	1.0	10.0	25.0	16r	16.0	0.0	monopolar		[8428. 1288. 3303.]	[nan nan nan]
5490.400766666667	2.0	trials	1.0	2.0	75.0	biphasic	19.0	100.0	1.0	10.0	25.0	16r	16.0	0.0	monopolar		[8428. 1288. 3303.]	[nan nan nan]
5492.403124244995	2.0	trials	1.0	2.0	75.0	biphasic	19.0	100.0	1.0	10.0	25.0	16r	16.0	0.0	monopolar		[8428. 1288. 3303.]	[nan nan nan]
5494.404766666667	2.0	trials	1.0	2.0	75.0	biphasic	19.0	100.0	1.0	10.0	25.0	16r	16.0	0.0	monopolar		[8428. 1288. 3303.]	[nan nan nan]
5496.406766666667	2.0	trials	1.0	2.0	75.0	biphasic	19.0	100.0	1.0	10.0	25.0	16r	16.0	0.0	monopolar		[8428. 1288. 3303.]	[nan nan nan]
5498.408766666666	2.0	trials	1.0	2.0	75.0	biphasic	19.0	100.0	1.0	10.0	25.0	16r	16.0	0.0	monopolar		[8428. 1288. 3303.]	[nan nan nan]
5500.410766666667	2.0	trials	1.0	2.0	75.0	biphasic	19.0	100.0	1.0	10.0	25.0	16r	16.0	0.0	monopolar		[8428. 1288. 3303.]	[nan nan nan]
5502.412766666666	2.0	trials	1.0	2.0	75.0	biphasic	19.0	100.0	1.0	10.0	25.0	16r	16.0	0.0	monopolar		[8428. 1288. 3303.]	[nan nan nan]
5504.414733333333	2.0	trials	1.0	2.0	75.0	biphasic	19.0	100.0	1.0	10.0	25.0	16r	16.0	0.0	monopolar		[8428. 1288. 3303.]	[nan nan nan]
5506.4167333333335	2.0	trials	1.0	2.0	75.0	biphasic	19.0	100.0	1.0	10.0	25.0	16r	16.0	0.0	monopolar		[8428. 1288. 3303.]	[nan nan nan]
5508.418733333333	2.0	trials	1.0	2.0	75.0	biphasic	19.0	100.0	1.0	10.0	25.0	16r	16.0	0.0	monopolar		[8428. 1288. 3303.]	[nan nan nan]
5510.420733333333	2.0	trials	1.0	2.0	75.0	biphasic	19.0	100.0	1.0	10.0	25.0	16r	16.0	0.0	monopolar		[8428. 1288. 3303.]	[nan nan nan]
5512.422733333334	2.0	trials	1.0	2.0	75.0	biphasic	19.0	100.0	1.0	10.0	25.0	16r	16.0	0.0	monopolar		[8428. 1288. 3303.]	[nan nan nan]
5514.42437432133	2.0	trials	1.0	2.0	75.0	biphasic	19.0	100.0	1.0	10.0	25.0	16r	16.0	0.0	monopolar		[8428. 1288. 3303.]	[nan nan nan]
5516.426733333334	2.0	trials	1.0	2.0	75.0	biphasic	19.0	100.0	1.0	10.0	25.0	16r	16.0	0.0	monopolar		[8428. 1288. 3303.]	[nan nan nan]
5518.428733333333	2.0	trials	1.0	2.0	75.0	biphasic	19.0	100.0	1.0	10.0	25.0	16r	16.0	0.0	monopolar		[8428. 1288. 3303.]	[nan nan nan]
5520.430373930314	2.0	trials	1.0	2.0	75.0	biphasic	19.0	100.0	1.0	10.0	25.0	16r	16.0	0.0	monopolar		[8428. 1288. 3303.]	[nan nan nan]
5522.432733333333	2.0	trials	1.0	2.0	75.0	biphasic	19.0	100.0	1.0	10.0	25.0	16r	16.0	0.0	monopolar		[8428. 1288. 3303.]	[nan nan nan]
5524.4347333333335	2.0	trials	1.0	2.0	75.0	biphasic	19.0	100.0	1.0	10.0	25.0	16r	16.0	0.0	monopolar		[8428. 1288. 3303.]	[nan nan nan]
5526.436373539299	2.0	trials	1.0	2.0	75.0	biphasic	19.0	100.0	1.0	10.0	25.0	16r	16.0	0.0	monopolar		[8428. 1288. 3303.]	[nan nan nan]
5528.438733333333	2.0	trials	1.0	2.0	75.0	biphasic	19.0	100.0	1.0	10.0	25.0	16r	16.0	0.0	monopolar		[8428. 1288. 3303.]	[nan nan nan]
5530.4407	2.0	trials	1.0	2.0	75.0	biphasic	19.0	100.0	1.0	10.0	25.0	16r	16.0	0.0	monopolar		[8428. 1288. 3303.]	[nan nan nan]
5532.443060185095	2.0	trials	1.0	2.0	75.0	biphasic	19.0	100.0	1.0	10.0	25.0	16r	16.0	0.0	monopolar		[8428. 1288. 3303.]	[nan nan nan]
5534.4447	2.0	trials	1.0	2.0	75.0	biphasic	19.0	100.0	1.0	10.0	25.0	16r	16.0	0.0	monopolar		[8428. 1288. 3303.]	[nan nan nan]
5536.4467	2.0	trials	1.0	2.0	75.0	biphasic	19.0	100.0	1.0	10.0	25.0	16r	16.0	0.0	monopolar		[8428. 1288. 3303.]	[nan nan nan]
5538.449060576111	2.0	trials	1.0	2.0	75.0	biphasic	19.0	100.0	1.0	10.0	25.0	16r	16.0	0.0	monopolar		[8428. 1288. 3303.]	[nan nan nan]
5540.4507	2.0	trials	1.0	2.0	75.0	biphasic	19.0	100.0	1.0	10.0	25.0	16r	16.0	0.0	monopolar		[8428. 1288. 3303.]	[nan nan nan]
5542.4527	2.0	trials	1.0	2.0	75.0	biphasic	19.0	100.0	1.0	10.0	25.0	16r	16.0	0.0	monopolar		[8428. 1288. 3303.]	[nan nan nan]
5544.455060967126	2.0	trials	1.0	2.0	75.0	biphasic	19.0	100.0	1.0	10.0	25.0	16r	16.0	0.0	monopolar		[8428. 1288. 3303.]	[nan nan nan]
5546.4567	2.0	trials	1.0	2.0	75.0	biphasic	19.0	100.0	1.0	10.0	25.0	16r	16.0	0.0	monopolar		[8428. 1288. 3303.]	[nan nan nan]
5548.4587	2.0	trials	1.0	2.0	75.0	biphasic	19.0	100.0	1.0	10.0	25.0	16r	16.0	0.0	monopolar		[8428. 1288. 3303.]	[nan nan nan]
5550.461061358142	2.0	trials	1.0	2.0	75.0	biphasic	19.0	100.0	1.0	10.0	25.0	16r	16.0	0.0	monopolar		[8428. 1288. 3303.]	[nan nan nan]
5552.4627	2.0	trials	1.0	2.0	75.0	biphasic	19.0	100.0	1.0	10.0	25.0	16r	16.0	0.0	monopolar		[8428. 1288. 3303.]	[nan nan nan]
5554.464666666667	2.0	trials	1.0	2.0	75.0	biphasic	19.0	100.0	1.0	10.0	25.0	16r	16.0	0.0	monopolar		[8428. 1288. 3303.]	[nan nan nan]
5556.466666666666	2.0	trials	1.0	2.0	75.0	biphasic	19.0	100.0	1.0	10.0	25.0	16r	16.0	0.0	monopolar		[8428. 1288. 3303.]	[nan nan nan]
5558.468666666667	2.0	trials	1.0	2.0	75.0	biphasic	19.0	100.0	1.0	10.0	25.0	16r	16.0	0.0	monopolar		[8428. 1288. 3303.]	[nan nan nan]
5560.470304656881	2.0	trials	1.0	2.0	75.0	biphasic	19.0	100.0	1.0	10.0	25.0	16r	16.0	0.0	monopolar		[8428. 1288. 3303.]	[nan nan nan]
5562.472666666667	2.0	trials	1.0	2.0	75.0	biphasic	19.0	100.0	1.0	10.0	25.0	16r	16.0	0.0	monopolar		[8428. 1288. 3303.]	[nan nan nan]
5564.474666666667	2.0	trials	1.0	2.0	75.0	biphasic	19.0	100.0	1.0	10.0	25.0	16r	16.0	0.0	monopolar		[8428. 1288. 3303.]	[nan nan nan]
5566.476304265866	2.0	trials	1.0	2.0	75.0	biphasic	19.0	100.0	1.0	10.0	25.0	16r	16.0	0.0	monopolar		[8428. 1288. 3303.]	[nan nan nan]
5568.478666666667	2.0	trials	1.0	2.0	75.0	biphasic	19.0	100.0	1.0	10.0	25.0	16r	16.0	0.0	monopolar		[8428. 1288. 3303.]	[nan nan nan]
5570.480666666666	2.0	trials	1.0	2.0	75.0	biphasic	19.0	100.0	1.0	10.0	25.0	16r	16.0	0.0	monopolar		[8428. 1288. 3303.]	[nan nan nan]
5572.483029458531	2.0	trials	1.0	2.0	75.0	biphasic	19.0	100.0	1.0	10.0	25.0	16r	16.0	0.0	monopolar		[8428. 1288. 3303.]	[nan nan nan]
5574.484666666666	2.0	trials	1.0	2.0	75.0	biphasic	19.0	100.0	1.0	10.0	25.0	16r	16.0	0.0	monopolar		[8428. 1288. 3303.]	[nan nan nan]
5576.486666666667	2.0	trials	1.0	2.0	75.0	biphasic	19.0	100.0	1.0	10.0	25.0	16r	16.0	0.0	monopolar		[8428. 1288. 3303.]	[nan nan nan]
5578.489029849547	2.0	trials	1.0	2.0	75.0	biphasic	19.0	100.0	1.0	10.0	25.0	16r	16.0	0.0	monopolar		[8428. 1288. 3303.]	[nan nan nan]
5580.490633333333	2.0	trials	1.0	2.0	75.0	biphasic	19.0	100.0	1.0	10.0	25.0	16r	16.0	0.0	monopolar		[8428. 1288. 3303.]	[nan nan nan]
5582.492633333333	2.0	trials	1.0	2.0	75.0	biphasic	19.0	100.0	1.0	10.0	25.0	16r	16.0	0.0	monopolar		[8428. 1288. 3303.]	[nan nan nan]
5584.494996907227	2.0	trials	1.0	2.0	75.0	biphasic	19.0	100.0	1.0	10.0	25.0	16r	16.0	0.0	monopolar		[8428. 1288. 3303.]	[nan nan nan]
5586.496633333333	2.0	trials	1.0	2.0	75.0	biphasic	19.0	100.0	1.0	10.0	25.0	16r	16.0	0.0	monopolar		[8428. 1288. 3303.]	[nan nan nan]
5588.498633333334	2.0	trials	1.0	2.0	75.0	biphasic	19.0	100.0	1.0	10.0	25.0	16r	16.0	0.0	monopolar		[8428. 1288. 3303.]	[nan nan nan]
5590.500633333333	2.0	trials	1.0	2.0	75.0	biphasic	19.0	100.0	1.0	10.0	25.0	16r	16.0	0.0	monopolar		[8428. 1288. 3303.]	[nan nan nan]
5592.5026333333335	2.0	trials	1.0	2.0	75.0	biphasic	19.0	100.0	1.0	10.0	25.0	16r	16.0	0.0	monopolar		[8428. 1288. 3303.]	[nan nan nan]
5594.504633333333	2.0	trials	1.0	2.0	75.0	biphasic	19.0	100.0	1.0	10.0	25.0	16r	16.0	0.0	monopolar		[8428. 1288. 3303.]	[nan nan nan]
5596.506633333333	2.0	trials	1.0	2.0	75.0	biphasic	19.0	100.0	1.0	10.0	25.0	16r	16.0	0.0	monopolar		[8428. 1288. 3303.]	[nan nan nan]
5598.508633333333	2.0	trials	1.0	2.0	75.0	biphasic	19.0	100.0	1.0	10.0	25.0	16r	16.0	0.0	monopolar		[8428. 1288. 3303.]	[nan nan nan]
5600.510268716779	2.0	trials	1.0	2.0	75.0	biphasic	19.0	100.0	1.0	10.0	25.0	16r	16.0	0.0	monopolar		[8428. 1288. 3303.]	[nan nan nan]
5602.512633333334	2.0	trials	1.0	2.0	75.0	biphasic	19.0	100.0	1.0	10.0	25.0	16r	16.0	0.0	monopolar		[8428. 1288. 3303.]	[nan nan nan]
5604.514633333333	2.0	trials	1.0	2.0	75.0	biphasic	19.0	100.0	1.0	10.0	25.0	16r	16.0	0.0	monopolar		[8428. 1288. 3303.]	[nan nan nan]
5606.516234992433	2.0	trials	1.0	2.0	75.0	biphasic	19.0	100.0	1.0	10.0	25.0	16r	16.0	0.0	monopolar		[8428. 1288. 3303.]	[nan nan nan]
5608.5186	2.0	trials	1.0	2.0	75.0	biphasic	19.0	100.0	1.0	10.0	25.0	16r	16.0	0.0	monopolar		[8428. 1288. 3303.]	[nan nan nan]
5610.5206	2.0	trials	1.0	2.0	75.0	biphasic	19.0	100.0	1.0	10.0	25.0	16r	16.0	0.0	monopolar		[8428. 1288. 3303.]	[nan nan nan]
5612.522234601417	2.0	trials	1.0	2.0	75.0	biphasic	19.0	100.0	1.0	10.0	25.0	16r	16.0	0.0	monopolar		[8428. 1288. 3303.]	[nan nan nan]
5647.215200990573	2.0	trials	1.0	2.0	75.0	biphasic	20.0	100.0	1.0	10.0	-50.0	16r	16.0	0.0	monopolar		[8428. 1288. 3303.]	[nan nan nan]
5649.216833333333	2.0	trials	1.0	2.0	75.0	biphasic	20.0	100.0	1.0	10.0	-50.0	16r	16.0	0.0	monopolar		[8428. 1288. 3303.]	[nan nan nan]
5651.2188	2.0	trials	1.0	2.0	75.0	biphasic	20.0	100.0	1.0	10.0	-50.0	16r	16.0	0.0	monopolar		[8428. 1288. 3303.]	[nan nan nan]
5653.221168048253	2.0	trials	1.0	2.0	75.0	biphasic	20.0	100.0	1.0	10.0	-50.0	16r	16.0	0.0	monopolar		[8428. 1288. 3303.]	[nan nan nan]
5655.2228	2.0	trials	1.0	2.0	75.0	biphasic	20.0	100.0	1.0	10.0	-50.0	16r	16.0	0.0	monopolar		[8428. 1288. 3303.]	[nan nan nan]
5657.2248	2.0	trials	1.0	2.0	75.0	biphasic	20.0	100.0	1.0	10.0	-50.0	16r	16.0	0.0	monopolar		[8428. 1288. 3303.]	[nan nan nan]
5659.2268	2.0	trials	1.0	2.0	75.0	biphasic	20.0	100.0	1.0	10.0	-50.0	16r	16.0	0.0	monopolar		[8428. 1288. 3303.]	[nan nan nan]
5661.2288	2.0	trials	1.0	2.0	75.0	biphasic	20.0	100.0	1.0	10.0	-50.0	16r	16.0	0.0	monopolar		[8428. 1288. 3303.]	[nan nan nan]
5663.2308	2.0	trials	1.0	2.0	75.0	biphasic	20.0	100.0	1.0	10.0	-50.0	16r	16.0	0.0	monopolar		[8428. 1288. 3303.]	[nan nan nan]
5665.2328	2.0	trials	1.0	2.0	75.0	biphasic	20.0	100.0	1.0	10.0	-50.0	16r	16.0	0.0	monopolar		[8428. 1288. 3303.]	[nan nan nan]
5667.2348	2.0	trials	1.0	2.0	75.0	biphasic	20.0	100.0	1.0	10.0	-50.0	16r	16.0	0.0	monopolar		[8428. 1288. 3303.]	[nan nan nan]
5669.236430909086	2.0	trials	1.0	2.0	75.0	biphasic	20.0	100.0	1.0	10.0	-50.0	16r	16.0	0.0	monopolar		[8428. 1288. 3303.]	[nan nan nan]
5671.2388	2.0	trials	1.0	2.0	75.0	biphasic	20.0	100.0	1.0	10.0	-50.0	16r	16.0	0.0	monopolar		[8428. 1288. 3303.]	[nan nan nan]
5673.2408	2.0	trials	1.0	2.0	75.0	biphasic	20.0	100.0	1.0	10.0	-50.0	16r	16.0	0.0	monopolar		[8428. 1288. 3303.]	[nan nan nan]
5675.242430518071	2.0	trials	1.0	2.0	75.0	biphasic	20.0	100.0	1.0	10.0	-50.0	16r	16.0	0.0	monopolar		[8428. 1288. 3303.]	[nan nan nan]
5677.244766666667	2.0	trials	1.0	2.0	75.0	biphasic	20.0	100.0	1.0	10.0	-50.0	16r	16.0	0.0	monopolar		[8428. 1288. 3303.]	[nan nan nan]
5679.246766666667	2.0	trials	1.0	2.0	75.0	biphasic	20.0	100.0	1.0	10.0	-50.0	16r	16.0	0.0	monopolar		[8428. 1288. 3303.]	[nan nan nan]
5681.248396793724	2.0	trials	1.0	2.0	75.0	biphasic	20.0	100.0	1.0	10.0	-50.0	16r	16.0	0.0	monopolar		[8428. 1288. 3303.]	[nan nan nan]
5683.250766666667	2.0	trials	1.0	2.0	75.0	biphasic	20.0	100.0	1.0	10.0	-50.0	16r	16.0	0.0	monopolar		[8428. 1288. 3303.]	[nan nan nan]
5685.2527666666665	2.0	trials	1.0	2.0	75.0	biphasic	20.0	100.0	1.0	10.0	-50.0	16r	16.0	0.0	monopolar		[8428. 1288. 3303.]	[nan nan nan]
5687.255136930673	2.0	trials	1.0	2.0	75.0	biphasic	20.0	100.0	1.0	10.0	-50.0	16r	16.0	0.0	monopolar		[8428. 1288. 3303.]	[nan nan nan]
5689.256766666666	2.0	trials	1.0	2.0	75.0	biphasic	20.0	100.0	1.0	10.0	-50.0	16r	16.0	0.0	monopolar		[8428. 1288. 3303.]	[nan nan nan]
5691.258766666667	2.0	trials	1.0	2.0	75.0	biphasic	20.0	100.0	1.0	10.0	-50.0	16r	16.0	0.0	monopolar		[8428. 1288. 3303.]	[nan nan nan]
5693.261137321689	2.0	trials	1.0	2.0	75.0	biphasic	20.0	100.0	1.0	10.0	-50.0	16r	16.0	0.0	monopolar		[8428. 1288. 3303.]	[nan nan nan]
5695.262766666667	2.0	trials	1.0	2.0	75.0	biphasic	20.0	100.0	1.0	10.0	-50.0	16r	16.0	0.0	monopolar		[8428. 1288. 3303.]	[nan nan nan]
5697.264766666666	2.0	trials	1.0	2.0	75.0	biphasic	20.0	100.0	1.0	10.0	-50.0	16r	16.0	0.0	monopolar		[8428. 1288. 3303.]	[nan nan nan]
5699.267137712704	2.0	trials	1.0	2.0	75.0	biphasic	20.0	100.0	1.0	10.0	-50.0	16r	16.0	0.0	monopolar		[8428. 1288. 3303.]	[nan nan nan]
5701.268766666667	2.0	trials	1.0	2.0	75.0	biphasic	20.0	100.0	1.0	10.0	-50.0	16r	16.0	0.0	monopolar		[8428. 1288. 3303.]	[nan nan nan]
5703.270733333334	2.0	trials	1.0	2.0	75.0	biphasic	20.0	100.0	1.0	10.0	-50.0	16r	16.0	0.0	monopolar		[8428. 1288. 3303.]	[nan nan nan]
5705.273104770385	2.0	trials	1.0	2.0	75.0	biphasic	20.0	100.0	1.0	10.0	-50.0	16r	16.0	0.0	monopolar		[8428. 1288. 3303.]	[nan nan nan]
5707.274361765992	2.0	trials	1.0	2.0	75.0	biphasic	20.0	100.0	1.0	10.0	-50.0	16r	16.0	0.0	monopolar		[8428. 1288. 3303.]	[nan nan nan]
5709.276733333333	2.0	trials	1.0	2.0	75.0	biphasic	20.0	100.0	1.0	10.0	-50.0	16r	16.0	0.0	monopolar		[8428. 1288. 3303.]	[nan nan nan]
5711.278733333334	2.0	trials	1.0	2.0	75.0	biphasic	20.0	100.0	1.0	10.0	-50.0	16r	16.0	0.0	monopolar		[8428. 1288. 3303.]	[nan nan nan]
5713.280733333333	2.0	trials	1.0	2.0	75.0	biphasic	20.0	100.0	1.0	10.0	-50.0	16r	16.0	0.0	monopolar		[8428. 1288. 3303.]	[nan nan nan]
5715.282733333333	2.0	trials	1.0	2.0	75.0	biphasic	20.0	100.0	1.0	10.0	-50.0	16r	16.0	0.0	monopolar		[8428. 1288. 3303.]	[nan nan nan]
5717.284733333333	2.0	trials	1.0	2.0	75.0	biphasic	20.0	100.0	1.0	10.0	-50.0	16r	16.0	0.0	monopolar		[8428. 1288. 3303.]	[nan nan nan]
5719.286733333333	2.0	trials	1.0	2.0	75.0	biphasic	20.0	100.0	1.0	10.0	-50.0	16r	16.0	0.0	monopolar		[8428. 1288. 3303.]	[nan nan nan]
5721.288360853622	2.0	trials	1.0	2.0	75.0	biphasic	20.0	100.0	1.0	10.0	-50.0	16r	16.0	0.0	monopolar		[8428. 1288. 3303.]	[nan nan nan]
5723.290733333333	2.0	trials	1.0	2.0	75.0	biphasic	20.0	100.0	1.0	10.0	-50.0	16r	16.0	0.0	monopolar		[8428. 1288. 3303.]	[nan nan nan]
5725.292733333334	2.0	trials	1.0	2.0	75.0	biphasic	20.0	100.0	1.0	10.0	-50.0	16r	16.0	0.0	monopolar		[8428. 1288. 3303.]	[nan nan nan]
5727.294360462607	2.0	trials	1.0	2.0	75.0	biphasic	20.0	100.0	1.0	10.0	-50.0	16r	16.0	0.0	monopolar		[8428. 1288. 3303.]	[nan nan nan]
5729.2967	2.0	trials	1.0	2.0	75.0	biphasic	20.0	100.0	1.0	10.0	-50.0	16r	16.0	0.0	monopolar		[8428. 1288. 3303.]	[nan nan nan]
5731.2987	2.0	trials	1.0	2.0	75.0	biphasic	20.0	100.0	1.0	10.0	-50.0	16r	16.0	0.0	monopolar		[8428. 1288. 3303.]	[nan nan nan]
5733.30032673826	2.0	trials	1.0	2.0	75.0	biphasic	20.0	100.0	1.0	10.0	-50.0	16r	16.0	0.0	monopolar		[8428. 1288. 3303.]	[nan nan nan]
5735.3027	2.0	trials	1.0	2.0	75.0	biphasic	20.0	100.0	1.0	10.0	-50.0	16r	16.0	0.0	monopolar		[8428. 1288. 3303.]	[nan nan nan]
5737.3047	2.0	trials	1.0	2.0	75.0	biphasic	20.0	100.0	1.0	10.0	-50.0	16r	16.0	0.0	monopolar		[8428. 1288. 3303.]	[nan nan nan]
5739.306326347244	2.0	trials	1.0	2.0	75.0	biphasic	20.0	100.0	1.0	10.0	-50.0	16r	16.0	0.0	monopolar		[8428. 1288. 3303.]	[nan nan nan]
5741.3087	2.0	trials	1.0	2.0	75.0	biphasic	20.0	100.0	1.0	10.0	-50.0	16r	16.0	0.0	monopolar		[8428. 1288. 3303.]	[nan nan nan]
5743.311073913482	2.0	trials	1.0	2.0	75.0	biphasic	20.0	100.0	1.0	10.0	-50.0	16r	16.0	0.0	monopolar		[8428. 1288. 3303.]	[nan nan nan]
5745.31307404382	2.0	trials	1.0	2.0	75.0	biphasic	20.0	100.0	1.0	10.0	-50.0	16r	16.0	0.0	monopolar		[8428. 1288. 3303.]	[nan nan nan]
5747.3147	2.0	trials	1.0	2.0	75.0	biphasic	20.0	100.0	1.0	10.0	-50.0	16r	16.0	0.0	monopolar		[8428. 1288. 3303.]	[nan nan nan]
5749.3167	2.0	trials	1.0	2.0	75.0	biphasic	20.0	100.0	1.0	10.0	-50.0	16r	16.0	0.0	monopolar		[8428. 1288. 3303.]	[nan nan nan]
5751.319074434836	2.0	trials	1.0	2.0	75.0	biphasic	20.0	100.0	1.0	10.0	-50.0	16r	16.0	0.0	monopolar		[8428. 1288. 3303.]	[nan nan nan]
5753.3207	2.0	trials	1.0	2.0	75.0	biphasic	20.0	100.0	1.0	10.0	-50.0	16r	16.0	0.0	monopolar		[8428. 1288. 3303.]	[nan nan nan]
5755.322666666667	2.0	trials	1.0	2.0	75.0	biphasic	20.0	100.0	1.0	10.0	-50.0	16r	16.0	0.0	monopolar		[8428. 1288. 3303.]	[nan nan nan]
5757.325041492516	2.0	trials	1.0	2.0	75.0	biphasic	20.0	100.0	1.0	10.0	-50.0	16r	16.0	0.0	monopolar		[8428. 1288. 3303.]	[nan nan nan]
5759.326666666667	2.0	trials	1.0	2.0	75.0	biphasic	20.0	100.0	1.0	10.0	-50.0	16r	16.0	0.0	monopolar		[8428. 1288. 3303.]	[nan nan nan]
5761.328666666666	2.0	trials	1.0	2.0	75.0	biphasic	20.0	100.0	1.0	10.0	-50.0	16r	16.0	0.0	monopolar		[8428. 1288. 3303.]	[nan nan nan]
5763.330666666667	2.0	trials	1.0	2.0	75.0	biphasic	20.0	100.0	1.0	10.0	-50.0	16r	16.0	0.0	monopolar		[8428. 1288. 3303.]	[nan nan nan]
5765.332666666666	2.0	trials	1.0	2.0	75.0	biphasic	20.0	100.0	1.0	10.0	-50.0	16r	16.0	0.0	monopolar		[8428. 1288. 3303.]	[nan nan nan]
5767.334666666667	2.0	trials	1.0	2.0	75.0	biphasic	20.0	100.0	1.0	10.0	-50.0	16r	16.0	0.0	monopolar		[8428. 1288. 3303.]	[nan nan nan]
5769.336666666667	2.0	trials	1.0	2.0	75.0	biphasic	20.0	100.0	1.0	10.0	-50.0	16r	16.0	0.0	monopolar		[8428. 1288. 3303.]	[nan nan nan]
5771.3386666666665	2.0	trials	1.0	2.0	75.0	biphasic	20.0	100.0	1.0	10.0	-50.0	16r	16.0	0.0	monopolar		[8428. 1288. 3303.]	[nan nan nan]
5773.340666666667	2.0	trials	1.0	2.0	75.0	biphasic	20.0	100.0	1.0	10.0	-50.0	16r	16.0	0.0	monopolar		[8428. 1288. 3303.]	[nan nan nan]
5775.342666666666	2.0	trials	1.0	2.0	75.0	biphasic	20.0	100.0	1.0	10.0	-50.0	16r	16.0	0.0	monopolar		[8428. 1288. 3303.]	[nan nan nan]
5777.344666666667	2.0	trials	1.0	2.0	75.0	biphasic	20.0	100.0	1.0	10.0	-50.0	16r	16.0	0.0	monopolar		[8428. 1288. 3303.]	[nan nan nan]
5779.346290407143	2.0	trials	1.0	2.0	75.0	biphasic	20.0	100.0	1.0	10.0	-50.0	16r	16.0	0.0	monopolar		[8428. 1288. 3303.]	[nan nan nan]
5781.348633333333	2.0	trials	1.0	2.0	75.0	biphasic	20.0	100.0	1.0	10.0	-50.0	16r	16.0	0.0	monopolar		[8428. 1288. 3303.]	[nan nan nan]
5783.3506333333335	2.0	trials	1.0	2.0	75.0	biphasic	20.0	100.0	1.0	10.0	-50.0	16r	16.0	0.0	monopolar		[8428. 1288. 3303.]	[nan nan nan]
5785.352256682796	2.0	trials	1.0	2.0	75.0	biphasic	20.0	100.0	1.0	10.0	-50.0	16r	16.0	0.0	monopolar		[8428. 1288. 3303.]	[nan nan nan]
5787.354633333333	2.0	trials	1.0	2.0	75.0	biphasic	20.0	100.0	1.0	10.0	-50.0	16r	16.0	0.0	monopolar		[8428. 1288. 3303.]	[nan nan nan]
5789.356633333334	2.0	trials	1.0	2.0	75.0	biphasic	20.0	100.0	1.0	10.0	-50.0	16r	16.0	0.0	monopolar		[8428. 1288. 3303.]	[nan nan nan]
5791.359010374936	2.0	trials	1.0	2.0	75.0	biphasic	20.0	100.0	1.0	10.0	-50.0	16r	16.0	0.0	monopolar		[8428. 1288. 3303.]	[nan nan nan]
5793.360633333334	2.0	trials	1.0	2.0	75.0	biphasic	20.0	100.0	1.0	10.0	-50.0	16r	16.0	0.0	monopolar		[8428. 1288. 3303.]	[nan nan nan]
5795.362633333333	2.0	trials	1.0	2.0	75.0	biphasic	20.0	100.0	1.0	10.0	-50.0	16r	16.0	0.0	monopolar		[8428. 1288. 3303.]	[nan nan nan]
5863.416451600491	2.0	trials	1.0	2.0	75.0	biphasic	21.0	100.0	1.0	10.0	50.0	16r	16.0	0.0	monopolar		[8428. 1288. 3303.]	[nan nan nan]
5865.418418136822	2.0	trials	1.0	2.0	75.0	biphasic	21.0	100.0	1.0	10.0	50.0	16r	16.0	0.0	monopolar		[8428. 1288. 3303.]	[nan nan nan]
5867.4208	2.0	trials	1.0	2.0	75.0	biphasic	21.0	100.0	1.0	10.0	50.0	16r	16.0	0.0	monopolar		[8428. 1288. 3303.]	[nan nan nan]
5869.4228	2.0	trials	1.0	2.0	75.0	biphasic	21.0	100.0	1.0	10.0	50.0	16r	16.0	0.0	monopolar		[8428. 1288. 3303.]	[nan nan nan]
5871.424417745806	2.0	trials	1.0	2.0	75.0	biphasic	21.0	100.0	1.0	10.0	50.0	16r	16.0	0.0	monopolar		[8428. 1288. 3303.]	[nan nan nan]
5873.4268	2.0	trials	1.0	2.0	75.0	biphasic	21.0	100.0	1.0	10.0	50.0	16r	16.0	0.0	monopolar		[8428. 1288. 3303.]	[nan nan nan]
5875.4288	2.0	trials	1.0	2.0	75.0	biphasic	21.0	100.0	1.0	10.0	50.0	16r	16.0	0.0	monopolar		[8428. 1288. 3303.]	[nan nan nan]
5877.430417354791	2.0	trials	1.0	2.0	75.0	biphasic	21.0	100.0	1.0	10.0	50.0	16r	16.0	0.0	monopolar		[8428. 1288. 3303.]	[nan nan nan]
5879.4328	2.0	trials	1.0	2.0	75.0	biphasic	21.0	100.0	1.0	10.0	50.0	16r	16.0	0.0	monopolar		[8428. 1288. 3303.]	[nan nan nan]
5881.4348	2.0	trials	1.0	2.0	75.0	biphasic	21.0	100.0	1.0	10.0	50.0	16r	16.0	0.0	monopolar		[8428. 1288. 3303.]	[nan nan nan]
5883.437183036275	2.0	trials	1.0	2.0	75.0	biphasic	21.0	100.0	1.0	10.0	50.0	16r	16.0	0.0	monopolar		[8428. 1288. 3303.]	[nan nan nan]
5885.4388	2.0	trials	1.0	2.0	75.0	biphasic	21.0	100.0	1.0	10.0	50.0	16r	16.0	0.0	monopolar		[8428. 1288. 3303.]	[nan nan nan]
5887.4408	2.0	trials	1.0	2.0	75.0	biphasic	21.0	100.0	1.0	10.0	50.0	16r	16.0	0.0	monopolar		[8428. 1288. 3303.]	[nan nan nan]
5889.4428	2.0	trials	1.0	2.0	75.0	biphasic	21.0	100.0	1.0	10.0	50.0	16r	16.0	0.0	monopolar		[8428. 1288. 3303.]	[nan nan nan]
5891.4447666666665	2.0	trials	1.0	2.0	75.0	biphasic	21.0	100.0	1.0	10.0	50.0	16r	16.0	0.0	monopolar		[8428. 1288. 3303.]	[nan nan nan]
5893.446766666667	2.0	trials	1.0	2.0	75.0	biphasic	21.0	100.0	1.0	10.0	50.0	16r	16.0	0.0	monopolar		[8428. 1288. 3303.]	[nan nan nan]
5895.449150484971	2.0	trials	1.0	2.0	75.0	biphasic	21.0	100.0	1.0	10.0	50.0	16r	16.0	0.0	monopolar		[8428. 1288. 3303.]	[nan nan nan]
5897.450766666667	2.0	trials	1.0	2.0	75.0	biphasic	21.0	100.0	1.0	10.0	50.0	16r	16.0	0.0	monopolar		[8428. 1288. 3303.]	[nan nan nan]
5899.452766666666	2.0	trials	1.0	2.0	75.0	biphasic	21.0	100.0	1.0	10.0	50.0	16r	16.0	0.0	monopolar		[8428. 1288. 3303.]	[nan nan nan]
5901.454766666667	2.0	trials	1.0	2.0	75.0	biphasic	21.0	100.0	1.0	10.0	50.0	16r	16.0	0.0	monopolar		[8428. 1288. 3303.]	[nan nan nan]
5903.456766666666	2.0	trials	1.0	2.0	75.0	biphasic	21.0	100.0	1.0	10.0	50.0	16r	16.0	0.0	monopolar		[8428. 1288. 3303.]	[nan nan nan]
5905.458766666667	2.0	trials	1.0	2.0	75.0	biphasic	21.0	100.0	1.0	10.0	50.0	16r	16.0	0.0	monopolar		[8428. 1288. 3303.]	[nan nan nan]
5907.460766666667	2.0	trials	1.0	2.0	75.0	biphasic	21.0	100.0	1.0	10.0	50.0	16r	16.0	0.0	monopolar		[8428. 1288. 3303.]	[nan nan nan]
5909.4627666666665	2.0	trials	1.0	2.0	75.0	biphasic	21.0	100.0	1.0	10.0	50.0	16r	16.0	0.0	monopolar		[8428. 1288. 3303.]	[nan nan nan]
5911.464766666667	2.0	trials	1.0	2.0	75.0	biphasic	21.0	100.0	1.0	10.0	50.0	16r	16.0	0.0	monopolar		[8428. 1288. 3303.]	[nan nan nan]
5913.466766666666	2.0	trials	1.0	2.0	75.0	biphasic	21.0	100.0	1.0	10.0	50.0	16r	16.0	0.0	monopolar		[8428. 1288. 3303.]	[nan nan nan]
5915.468766666667	2.0	trials	1.0	2.0	75.0	biphasic	21.0	100.0	1.0	10.0	50.0	16r	16.0	0.0	monopolar		[8428. 1288. 3303.]	[nan nan nan]
5917.470348081358	2.0	trials	1.0	2.0	75.0	biphasic	21.0	100.0	1.0	10.0	50.0	16r	16.0	0.0	monopolar		[8428. 1288. 3303.]	[nan nan nan]
5919.472733333333	2.0	trials	1.0	2.0	75.0	biphasic	21.0	100.0	1.0	10.0	50.0	16r	16.0	0.0	monopolar		[8428. 1288. 3303.]	[nan nan nan]
5921.4747333333335	2.0	trials	1.0	2.0	75.0	biphasic	21.0	100.0	1.0	10.0	50.0	16r	16.0	0.0	monopolar		[8428. 1288. 3303.]	[nan nan nan]
5923.476733333333	2.0	trials	1.0	2.0	75.0	biphasic	21.0	100.0	1.0	10.0	50.0	16r	16.0	0.0	monopolar		[8428. 1288. 3303.]	[nan nan nan]
5925.478733333333	2.0	trials	1.0	2.0	75.0	biphasic	21.0	100.0	1.0	10.0	50.0	16r	16.0	0.0	monopolar		[8428. 1288. 3303.]	[nan nan nan]
5927.480733333334	2.0	trials	1.0	2.0	75.0	biphasic	21.0	100.0	1.0	10.0	50.0	16r	16.0	0.0	monopolar		[8428. 1288. 3303.]	[nan nan nan]
5929.483119367391	2.0	trials	1.0	2.0	75.0	biphasic	21.0	100.0	1.0	10.0	50.0	16r	16.0	0.0	monopolar		[8428. 1288. 3303.]	[nan nan nan]
5931.484733333334	2.0	trials	1.0	2.0	75.0	biphasic	21.0	100.0	1.0	10.0	50.0	16r	16.0	0.0	monopolar		[8428. 1288. 3303.]	[nan nan nan]
5933.487119628067	2.0	trials	1.0	2.0	75.0	biphasic	21.0	100.0	1.0	10.0	50.0	16r	16.0	0.0	monopolar		[8428. 1288. 3303.]	[nan nan nan]
5935.489119758407	2.0	trials	1.0	2.0	75.0	biphasic	21.0	100.0	1.0	10.0	50.0	16r	16.0	0.0	monopolar		[8428. 1288. 3303.]	[nan nan nan]
5937.490733333333	2.0	trials	1.0	2.0	75.0	biphasic	21.0	100.0	1.0	10.0	50.0	16r	16.0	0.0	monopolar		[8428. 1288. 3303.]	[nan nan nan]
5939.4927333333335	2.0	trials	1.0	2.0	75.0	biphasic	21.0	100.0	1.0	10.0	50.0	16r	16.0	0.0	monopolar		[8428. 1288. 3303.]	[nan nan nan]
5941.494733333333	2.0	trials	1.0	2.0	75.0	biphasic	21.0	100.0	1.0	10.0	50.0	16r	16.0	0.0	monopolar		[8428. 1288. 3303.]	[nan nan nan]
5943.4967	2.0	trials	1.0	2.0	75.0	biphasic	21.0	100.0	1.0	10.0	50.0	16r	16.0	0.0	monopolar		[8428. 1288. 3303.]	[nan nan nan]
5945.4987	2.0	trials	1.0	2.0	75.0	biphasic	21.0	100.0	1.0	10.0	50.0	16r	16.0	0.0	monopolar		[8428. 1288. 3303.]	[nan nan nan]
5947.5007	2.0	trials	1.0	2.0	75.0	biphasic	21.0	100.0	1.0	10.0	50.0	16r	16.0	0.0	monopolar		[8428. 1288. 3303.]	[nan nan nan]
5949.5027	2.0	trials	1.0	2.0	75.0	biphasic	21.0	100.0	1.0	10.0	50.0	16r	16.0	0.0	monopolar		[8428. 1288. 3303.]	[nan nan nan]
5951.5047	2.0	trials	1.0	2.0	75.0	biphasic	21.0	100.0	1.0	10.0	50.0	16r	16.0	0.0	monopolar		[8428. 1288. 3303.]	[nan nan nan]
5953.5067	2.0	trials	1.0	2.0	75.0	biphasic	21.0	100.0	1.0	10.0	50.0	16r	16.0	0.0	monopolar		[8428. 1288. 3303.]	[nan nan nan]
5955.5087	2.0	trials	1.0	2.0	75.0	biphasic	21.0	100.0	1.0	10.0	50.0	16r	16.0	0.0	monopolar		[8428. 1288. 3303.]	[nan nan nan]
5957.5107	2.0	trials	1.0	2.0	75.0	biphasic	21.0	100.0	1.0	10.0	50.0	16r	16.0	0.0	monopolar		[8428. 1288. 3303.]	[nan nan nan]
5959.5127	2.0	trials	1.0	2.0	75.0	biphasic	21.0	100.0	1.0	10.0	50.0	16r	16.0	0.0	monopolar		[8428. 1288. 3303.]	[nan nan nan]
5961.5147	2.0	trials	1.0	2.0	75.0	biphasic	21.0	100.0	1.0	10.0	50.0	16r	16.0	0.0	monopolar		[8428. 1288. 3303.]	[nan nan nan]
5963.5167	2.0	trials	1.0	2.0	75.0	biphasic	21.0	100.0	1.0	10.0	50.0	16r	16.0	0.0	monopolar		[8428. 1288. 3303.]	[nan nan nan]
5965.5187	2.0	trials	1.0	2.0	75.0	biphasic	21.0	100.0	1.0	10.0	50.0	16r	16.0	0.0	monopolar		[8428. 1288. 3303.]	[nan nan nan]
5967.521088510488	2.0	trials	1.0	2.0	75.0	biphasic	21.0	100.0	1.0	10.0	50.0	16r	16.0	0.0	monopolar		[8428. 1288. 3303.]	[nan nan nan]
5969.522278025894	2.0	trials	1.0	2.0	75.0	biphasic	21.0	100.0	1.0	10.0	50.0	16r	16.0	0.0	monopolar		[8428. 1288. 3303.]	[nan nan nan]
5971.524666666666	2.0	trials	1.0	2.0	75.0	biphasic	21.0	100.0	1.0	10.0	50.0	16r	16.0	0.0	monopolar		[8428. 1288. 3303.]	[nan nan nan]
5973.526666666667	2.0	trials	1.0	2.0	75.0	biphasic	21.0	100.0	1.0	10.0	50.0	16r	16.0	0.0	monopolar		[8428. 1288. 3303.]	[nan nan nan]
5975.529055698506	2.0	trials	1.0	2.0	75.0	biphasic	21.0	100.0	1.0	10.0	50.0	16r	16.0	0.0	monopolar		[8428. 1288. 3303.]	[nan nan nan]
5977.530666666667	2.0	trials	1.0	2.0	75.0	biphasic	21.0	100.0	1.0	10.0	50.0	16r	16.0	0.0	monopolar		[8428. 1288. 3303.]	[nan nan nan]
5979.532666666667	2.0	trials	1.0	2.0	75.0	biphasic	21.0	100.0	1.0	10.0	50.0	16r	16.0	0.0	monopolar		[8428. 1288. 3303.]	[nan nan nan]
5981.535056089522	2.0	trials	1.0	2.0	75.0	biphasic	21.0	100.0	1.0	10.0	50.0	16r	16.0	0.0	monopolar		[8428. 1288. 3303.]	[nan nan nan]
5983.536666666667	2.0	trials	1.0	2.0	75.0	biphasic	21.0	100.0	1.0	10.0	50.0	16r	16.0	0.0	monopolar		[8428. 1288. 3303.]	[nan nan nan]
5985.538666666666	2.0	trials	1.0	2.0	75.0	biphasic	21.0	100.0	1.0	10.0	50.0	16r	16.0	0.0	monopolar		[8428. 1288. 3303.]	[nan nan nan]
5987.541056480538	2.0	trials	1.0	2.0	75.0	biphasic	21.0	100.0	1.0	10.0	50.0	16r	16.0	0.0	monopolar		[8428. 1288. 3303.]	[nan nan nan]
5989.542666666666	2.0	trials	1.0	2.0	75.0	biphasic	21.0	100.0	1.0	10.0	50.0	16r	16.0	0.0	monopolar		[8428. 1288. 3303.]	[nan nan nan]
5991.544666666667	2.0	trials	1.0	2.0	75.0	biphasic	21.0	100.0	1.0	10.0	50.0	16r	16.0	0.0	monopolar		[8428. 1288. 3303.]	[nan nan nan]
5993.546633333333	2.0	trials	1.0	2.0	75.0	biphasic	21.0	100.0	1.0	10.0	50.0	16r	16.0	0.0	monopolar		[8428. 1288. 3303.]	[nan nan nan]
5995.548633333334	2.0	trials	1.0	2.0	75.0	biphasic	21.0	100.0	1.0	10.0	50.0	16r	16.0	0.0	monopolar		[8428. 1288. 3303.]	[nan nan nan]
5997.550633333333	2.0	trials	1.0	2.0	75.0	biphasic	21.0	100.0	1.0	10.0	50.0	16r	16.0	0.0	monopolar		[8428. 1288. 3303.]	[nan nan nan]
5999.552633333334	2.0	trials	1.0	2.0	75.0	biphasic	21.0	100.0	1.0	10.0	50.0	16r	16.0	0.0	monopolar		[8428. 1288. 3303.]	[nan nan nan]
6001.554633333333	2.0	trials	1.0	2.0	75.0	biphasic	21.0	100.0	1.0	10.0	50.0	16r	16.0	0.0	monopolar		[8428. 1288. 3303.]	[nan nan nan]
6003.556242476807	2.0	trials	1.0	2.0	75.0	biphasic	21.0	100.0	1.0	10.0	50.0	16r	16.0	0.0	monopolar		[8428. 1288. 3303.]	[nan nan nan]
6005.558633333333	2.0	trials	1.0	2.0	75.0	biphasic	21.0	100.0	1.0	10.0	50.0	16r	16.0	0.0	monopolar		[8428. 1288. 3303.]	[nan nan nan]
6007.5606333333335	2.0	trials	1.0	2.0	75.0	biphasic	21.0	100.0	1.0	10.0	50.0	16r	16.0	0.0	monopolar		[8428. 1288. 3303.]	[nan nan nan]
6009.562633333333	2.0	trials	1.0	2.0	75.0	biphasic	21.0	100.0	1.0	10.0	50.0	16r	16.0	0.0	monopolar		[8428. 1288. 3303.]	[nan nan nan]
6011.564633333333	2.0	trials	1.0	2.0	75.0	biphasic	21.0	100.0	1.0	10.0	50.0	16r	16.0	0.0	monopolar		[8428. 1288. 3303.]	[nan nan nan]
6026.209133333334	2.0	trials	1.0	2.0	75.0	biphasic	22.0	100.0	1.0	10.0	-100.0	16r	16.0	0.0	monopolar		[8428. 1288. 3303.]	[nan nan nan]
6028.211133333333	2.0	trials	1.0	2.0	75.0	biphasic	22.0	100.0	1.0	10.0	-100.0	16r	16.0	0.0	monopolar		[8428. 1288. 3303.]	[nan nan nan]
6030.212740741358	2.0	trials	1.0	2.0	75.0	biphasic	22.0	100.0	1.0	10.0	-100.0	16r	16.0	0.0	monopolar		[8428. 1288. 3303.]	[nan nan nan]
6032.215133333333	2.0	trials	1.0	2.0	75.0	biphasic	22.0	100.0	1.0	10.0	-100.0	16r	16.0	0.0	monopolar		[8428. 1288. 3303.]	[nan nan nan]
6034.217133333334	2.0	trials	1.0	2.0	75.0	biphasic	22.0	100.0	1.0	10.0	-100.0	16r	16.0	0.0	monopolar		[8428. 1288. 3303.]	[nan nan nan]
6036.219526316376	2.0	trials	1.0	2.0	75.0	biphasic	22.0	100.0	1.0	10.0	-100.0	16r	16.0	0.0	monopolar		[8428. 1288. 3303.]	[nan nan nan]
6038.2211333333335	2.0	trials	1.0	2.0	75.0	biphasic	22.0	100.0	1.0	10.0	-100.0	16r	16.0	0.0	monopolar		[8428. 1288. 3303.]	[nan nan nan]
6040.2231	2.0	trials	1.0	2.0	75.0	biphasic	22.0	100.0	1.0	10.0	-100.0	16r	16.0	0.0	monopolar		[8428. 1288. 3303.]	[nan nan nan]
6042.2251	2.0	trials	1.0	2.0	75.0	biphasic	22.0	100.0	1.0	10.0	-100.0	16r	16.0	0.0	monopolar		[8428. 1288. 3303.]	[nan nan nan]
6044.2271	2.0	trials	1.0	2.0	75.0	biphasic	22.0	100.0	1.0	10.0	-100.0	16r	16.0	0.0	monopolar		[8428. 1288. 3303.]	[nan nan nan]
6046.2291	2.0	trials	1.0	2.0	75.0	biphasic	22.0	100.0	1.0	10.0	-100.0	16r	16.0	0.0	monopolar		[8428. 1288. 3303.]	[nan nan nan]
6048.2311	2.0	trials	1.0	2.0	75.0	biphasic	22.0	100.0	1.0	10.0	-100.0	16r	16.0	0.0	monopolar		[8428. 1288. 3303.]	[nan nan nan]
6050.2331	2.0	trials	1.0	2.0	75.0	biphasic	22.0	100.0	1.0	10.0	-100.0	16r	16.0	0.0	monopolar		[8428. 1288. 3303.]	[nan nan nan]
6052.2351	2.0	trials	1.0	2.0	75.0	biphasic	22.0	100.0	1.0	10.0	-100.0	16r	16.0	0.0	monopolar		[8428. 1288. 3303.]	[nan nan nan]
6054.2371	2.0	trials	1.0	2.0	75.0	biphasic	22.0	100.0	1.0	10.0	-100.0	16r	16.0	0.0	monopolar		[8428. 1288. 3303.]	[nan nan nan]
6056.2391	2.0	trials	1.0	2.0	75.0	biphasic	22.0	100.0	1.0	10.0	-100.0	16r	16.0	0.0	monopolar		[8428. 1288. 3303.]	[nan nan nan]
6058.2411	2.0	trials	1.0	2.0	75.0	biphasic	22.0	100.0	1.0	10.0	-100.0	16r	16.0	0.0	monopolar		[8428. 1288. 3303.]	[nan nan nan]
6060.2431	2.0	trials	1.0	2.0	75.0	biphasic	22.0	100.0	1.0	10.0	-100.0	16r	16.0	0.0	monopolar		[8428. 1288. 3303.]	[nan nan nan]
6062.2451	2.0	trials	1.0	2.0	75.0	biphasic	22.0	100.0	1.0	10.0	-100.0	16r	16.0	0.0	monopolar		[8428. 1288. 3303.]	[nan nan nan]
6064.2471	2.0	trials	1.0	2.0	75.0	biphasic	22.0	100.0	1.0	10.0	-100.0	16r	16.0	0.0	monopolar		[8428. 1288. 3303.]	[nan nan nan]
6066.249066666666	2.0	trials	1.0	2.0	75.0	biphasic	22.0	100.0	1.0	10.0	-100.0	16r	16.0	0.0	monopolar		[8428. 1288. 3303.]	[nan nan nan]
6068.251066666667	2.0	trials	1.0	2.0	75.0	biphasic	22.0	100.0	1.0	10.0	-100.0	16r	16.0	0.0	monopolar		[8428. 1288. 3303.]	[nan nan nan]
6070.252671467925	2.0	trials	1.0	2.0	75.0	biphasic	22.0	100.0	1.0	10.0	-100.0	16r	16.0	0.0	monopolar		[8428. 1288. 3303.]	[nan nan nan]
6072.255066666667	2.0	trials	1.0	2.0	75.0	biphasic	22.0	100.0	1.0	10.0	-100.0	16r	16.0	0.0	monopolar		[8428. 1288. 3303.]	[nan nan nan]
6074.257066666667	2.0	trials	1.0	2.0	75.0	biphasic	22.0	100.0	1.0	10.0	-100.0	16r	16.0	0.0	monopolar		[8428. 1288. 3303.]	[nan nan nan]
6076.259462256476	2.0	trials	1.0	2.0	75.0	biphasic	22.0	100.0	1.0	10.0	-100.0	16r	16.0	0.0	monopolar		[8428. 1288. 3303.]	[nan nan nan]
6078.261066666667	2.0	trials	1.0	2.0	75.0	biphasic	22.0	100.0	1.0	10.0	-100.0	16r	16.0	0.0	monopolar		[8428. 1288. 3303.]	[nan nan nan]
6080.263066666666	2.0	trials	1.0	2.0	75.0	biphasic	22.0	100.0	1.0	10.0	-100.0	16r	16.0	0.0	monopolar		[8428. 1288. 3303.]	[nan nan nan]
6082.265462647491	2.0	trials	1.0	2.0	75.0	biphasic	22.0	100.0	1.0	10.0	-100.0	16r	16.0	0.0	monopolar		[8428. 1288. 3303.]	[nan nan nan]
6084.267066666666	2.0	trials	1.0	2.0	75.0	biphasic	22.0	100.0	1.0	10.0	-100.0	16r	16.0	0.0	monopolar		[8428. 1288. 3303.]	[nan nan nan]
6086.269066666667	2.0	trials	1.0	2.0	75.0	biphasic	22.0	100.0	1.0	10.0	-100.0	16r	16.0	0.0	monopolar		[8428. 1288. 3303.]	[nan nan nan]
6088.271463038507	2.0	trials	1.0	2.0	75.0	biphasic	22.0	100.0	1.0	10.0	-100.0	16r	16.0	0.0	monopolar		[8428. 1288. 3303.]	[nan nan nan]
6090.273066666667	2.0	trials	1.0	2.0	75.0	biphasic	22.0	100.0	1.0	10.0	-100.0	16r	16.0	0.0	monopolar		[8428. 1288. 3303.]	[nan nan nan]
6092.275033333333	2.0	trials	1.0	2.0	75.0	biphasic	22.0	100.0	1.0	10.0	-100.0	16r	16.0	0.0	monopolar		[8428. 1288. 3303.]	[nan nan nan]
6094.277430096186	2.0	trials	1.0	2.0	75.0	biphasic	22.0	100.0	1.0	10.0	-100.0	16r	16.0	0.0	monopolar		[8428. 1288. 3303.]	[nan nan nan]
6096.279033333333	2.0	trials	1.0	2.0	75.0	biphasic	22.0	100.0	1.0	10.0	-100.0	16r	16.0	0.0	monopolar		[8428. 1288. 3303.]	[nan nan nan]
6098.281033333334	2.0	trials	1.0	2.0	75.0	biphasic	22.0	100.0	1.0	10.0	-100.0	16r	16.0	0.0	monopolar		[8428. 1288. 3303.]	[nan nan nan]
6100.283033333333	2.0	trials	1.0	2.0	75.0	biphasic	22.0	100.0	1.0	10.0	-100.0	16r	16.0	0.0	monopolar		[8428. 1288. 3303.]	[nan nan nan]
6102.285033333334	2.0	trials	1.0	2.0	75.0	biphasic	22.0	100.0	1.0	10.0	-100.0	16r	16.0	0.0	monopolar		[8428. 1288. 3303.]	[nan nan nan]
6104.287033333333	2.0	trials	1.0	2.0	75.0	biphasic	22.0	100.0	1.0	10.0	-100.0	16r	16.0	0.0	monopolar		[8428. 1288. 3303.]	[nan nan nan]
6106.2890333333335	2.0	trials	1.0	2.0	75.0	biphasic	22.0	100.0	1.0	10.0	-100.0	16r	16.0	0.0	monopolar		[8428. 1288. 3303.]	[nan nan nan]
6108.291033333333	2.0	trials	1.0	2.0	75.0	biphasic	22.0	100.0	1.0	10.0	-100.0	16r	16.0	0.0	monopolar		[8428. 1288. 3303.]	[nan nan nan]
6110.292635527823	2.0	trials	1.0	2.0	75.0	biphasic	22.0	100.0	1.0	10.0	-100.0	16r	16.0	0.0	monopolar		[8428. 1288. 3303.]	[nan nan nan]
6112.295033333334	2.0	trials	1.0	2.0	75.0	biphasic	22.0	100.0	1.0	10.0	-100.0	16r	16.0	0.0	monopolar		[8428. 1288. 3303.]	[nan nan nan]
6114.297033333333	2.0	trials	1.0	2.0	75.0	biphasic	22.0	100.0	1.0	10.0	-100.0	16r	16.0	0.0	monopolar		[8428. 1288. 3303.]	[nan nan nan]
6116.298635136807	2.0	trials	1.0	2.0	75.0	biphasic	22.0	100.0	1.0	10.0	-100.0	16r	16.0	0.0	monopolar		[8428. 1288. 3303.]	[nan nan nan]
6118.301	2.0	trials	1.0	2.0	75.0	biphasic	22.0	100.0	1.0	10.0	-100.0	16r	16.0	0.0	monopolar		[8428. 1288. 3303.]	[nan nan nan]
6120.303	2.0	trials	1.0	2.0	75.0	biphasic	22.0	100.0	1.0	10.0	-100.0	16r	16.0	0.0	monopolar		[8428. 1288. 3303.]	[nan nan nan]
6122.304601412461	2.0	trials	1.0	2.0	75.0	biphasic	22.0	100.0	1.0	10.0	-100.0	16r	16.0	0.0	monopolar		[8428. 1288. 3303.]	[nan nan nan]
6124.307	2.0	trials	1.0	2.0	75.0	biphasic	22.0	100.0	1.0	10.0	-100.0	16r	16.0	0.0	monopolar		[8428. 1288. 3303.]	[nan nan nan]
6126.309	2.0	trials	1.0	2.0	75.0	biphasic	22.0	100.0	1.0	10.0	-100.0	16r	16.0	0.0	monopolar		[8428. 1288. 3303.]	[nan nan nan]
6128.310601021445	2.0	trials	1.0	2.0	75.0	biphasic	22.0	100.0	1.0	10.0	-100.0	16r	16.0	0.0	monopolar		[8428. 1288. 3303.]	[nan nan nan]
6130.313	2.0	trials	1.0	2.0	75.0	biphasic	22.0	100.0	1.0	10.0	-100.0	16r	16.0	0.0	monopolar		[8428. 1288. 3303.]	[nan nan nan]
6132.315	2.0	trials	1.0	2.0	75.0	biphasic	22.0	100.0	1.0	10.0	-100.0	16r	16.0	0.0	monopolar		[8428. 1288. 3303.]	[nan nan nan]
6134.317399369623	2.0	trials	1.0	2.0	75.0	biphasic	22.0	100.0	1.0	10.0	-100.0	16r	16.0	0.0	monopolar		[8428. 1288. 3303.]	[nan nan nan]
6136.319	2.0	trials	1.0	2.0	75.0	biphasic	22.0	100.0	1.0	10.0	-100.0	16r	16.0	0.0	monopolar		[8428. 1288. 3303.]	[nan nan nan]
6138.321	2.0	trials	1.0	2.0	75.0	biphasic	22.0	100.0	1.0	10.0	-100.0	16r	16.0	0.0	monopolar		[8428. 1288. 3303.]	[nan nan nan]
6140.323399760638	2.0	trials	1.0	2.0	75.0	biphasic	22.0	100.0	1.0	10.0	-100.0	16r	16.0	0.0	monopolar		[8428. 1288. 3303.]	[nan nan nan]
6142.325	2.0	trials	1.0	2.0	75.0	biphasic	22.0	100.0	1.0	10.0	-100.0	16r	16.0	0.0	monopolar		[8428. 1288. 3303.]	[nan nan nan]
6144.3269666666665	2.0	trials	1.0	2.0	75.0	biphasic	22.0	100.0	1.0	10.0	-100.0	16r	16.0	0.0	monopolar		[8428. 1288. 3303.]	[nan nan nan]
6146.328966666667	2.0	trials	1.0	2.0	75.0	biphasic	22.0	100.0	1.0	10.0	-100.0	16r	16.0	0.0	monopolar		[8428. 1288. 3303.]	[nan nan nan]
6148.330966666666	2.0	trials	1.0	2.0	75.0	biphasic	22.0	100.0	1.0	10.0	-100.0	16r	16.0	0.0	monopolar		[8428. 1288. 3303.]	[nan nan nan]
6150.332966666667	2.0	trials	1.0	2.0	75.0	biphasic	22.0	100.0	1.0	10.0	-100.0	16r	16.0	0.0	monopolar		[8428. 1288. 3303.]	[nan nan nan]
6152.334966666666	2.0	trials	1.0	2.0	75.0	biphasic	22.0	100.0	1.0	10.0	-100.0	16r	16.0	0.0	monopolar		[8428. 1288. 3303.]	[nan nan nan]
6154.336966666667	2.0	trials	1.0	2.0	75.0	biphasic	22.0	100.0	1.0	10.0	-100.0	16r	16.0	0.0	monopolar		[8428. 1288. 3303.]	[nan nan nan]
6156.338966666666	2.0	trials	1.0	2.0	75.0	biphasic	22.0	100.0	1.0	10.0	-100.0	16r	16.0	0.0	monopolar		[8428. 1288. 3303.]	[nan nan nan]
6158.340966666667	2.0	trials	1.0	2.0	75.0	biphasic	22.0	100.0	1.0	10.0	-100.0	16r	16.0	0.0	monopolar		[8428. 1288. 3303.]	[nan nan nan]
6160.342966666667	2.0	trials	1.0	2.0	75.0	biphasic	22.0	100.0	1.0	10.0	-100.0	16r	16.0	0.0	monopolar		[8428. 1288. 3303.]	[nan nan nan]
6162.344966666667	2.0	trials	1.0	2.0	75.0	biphasic	22.0	100.0	1.0	10.0	-100.0	16r	16.0	0.0	monopolar		[8428. 1288. 3303.]	[nan nan nan]
6164.346966666667	2.0	trials	1.0	2.0	75.0	biphasic	22.0	100.0	1.0	10.0	-100.0	16r	16.0	0.0	monopolar		[8428. 1288. 3303.]	[nan nan nan]
6166.3489666666665	2.0	trials	1.0	2.0	75.0	biphasic	22.0	100.0	1.0	10.0	-100.0	16r	16.0	0.0	monopolar		[8428. 1288. 3303.]	[nan nan nan]
6168.350565081343	2.0	trials	1.0	2.0	75.0	biphasic	22.0	100.0	1.0	10.0	-100.0	16r	16.0	0.0	monopolar		[8428. 1288. 3303.]	[nan nan nan]
6170.352933333334	2.0	trials	1.0	2.0	75.0	biphasic	22.0	100.0	1.0	10.0	-100.0	16r	16.0	0.0	monopolar		[8428. 1288. 3303.]	[nan nan nan]
6172.354933333333	2.0	trials	1.0	2.0	75.0	biphasic	22.0	100.0	1.0	10.0	-100.0	16r	16.0	0.0	monopolar		[8428. 1288. 3303.]	[nan nan nan]
6174.356531356997	2.0	trials	1.0	2.0	75.0	biphasic	22.0	100.0	1.0	10.0	-100.0	16r	16.0	0.0	monopolar		[8428. 1288. 3303.]	[nan nan nan]
6187.9035	2.0	trials	1.0	2.0	75.0	biphasic	23.0	100.0	1.0	10.0	100.0	16r	16.0	0.0	monopolar		[8428. 1288. 3303.]	[nan nan nan]
6189.9055	2.0	trials	1.0	2.0	75.0	biphasic	23.0	100.0	1.0	10.0	100.0	16r	16.0	0.0	monopolar		[8428. 1288. 3303.]	[nan nan nan]
6191.9075	2.0	trials	1.0	2.0	75.0	biphasic	23.0	100.0	1.0	10.0	100.0	16r	16.0	0.0	monopolar		[8428. 1288. 3303.]	[nan nan nan]
6193.9095	2.0	trials	1.0	2.0	75.0	biphasic	23.0	100.0	1.0	10.0	100.0	16r	16.0	0.0	monopolar		[8428. 1288. 3303.]	[nan nan nan]
6195.9115	2.0	trials	1.0	2.0	75.0	biphasic	23.0	100.0	1.0	10.0	100.0	16r	16.0	0.0	monopolar		[8428. 1288. 3303.]	[nan nan nan]
6197.9135	2.0	trials	1.0	2.0	75.0	biphasic	23.0	100.0	1.0	10.0	100.0	16r	16.0	0.0	monopolar		[8428. 1288. 3303.]	[nan nan nan]
6199.915096359694	2.0	trials	1.0	2.0	75.0	biphasic	23.0	100.0	1.0	10.0	100.0	16r	16.0	0.0	monopolar		[8428. 1288. 3303.]	[nan nan nan]
6201.9175	2.0	trials	1.0	2.0	75.0	biphasic	23.0	100.0	1.0	10.0	100.0	16r	16.0	0.0	monopolar		[8428. 1288. 3303.]	[nan nan nan]
6203.9195	2.0	trials	1.0	2.0	75.0	biphasic	23.0	100.0	1.0	10.0	100.0	16r	16.0	0.0	monopolar		[8428. 1288. 3303.]	[nan nan nan]
6205.921095968679	2.0	trials	1.0	2.0	75.0	biphasic	23.0	100.0	1.0	10.0	100.0	16r	16.0	0.0	monopolar		[8428. 1288. 3303.]	[nan nan nan]
6207.9235	2.0	trials	1.0	2.0	75.0	biphasic	23.0	100.0	1.0	10.0	100.0	16r	16.0	0.0	monopolar		[8428. 1288. 3303.]	[nan nan nan]
6209.925466666667	2.0	trials	1.0	2.0	75.0	biphasic	23.0	100.0	1.0	10.0	100.0	16r	16.0	0.0	monopolar		[8428. 1288. 3303.]	[nan nan nan]
6211.927062244332	2.0	trials	1.0	2.0	75.0	biphasic	23.0	100.0	1.0	10.0	100.0	16r	16.0	0.0	monopolar		[8428. 1288. 3303.]	[nan nan nan]
6213.9294666666665	2.0	trials	1.0	2.0	75.0	biphasic	23.0	100.0	1.0	10.0	100.0	16r	16.0	0.0	monopolar		[8428. 1288. 3303.]	[nan nan nan]
6215.931466666667	2.0	trials	1.0	2.0	75.0	biphasic	23.0	100.0	1.0	10.0	100.0	16r	16.0	0.0	monopolar		[8428. 1288. 3303.]	[nan nan nan]
6217.933466666666	2.0	trials	1.0	2.0	75.0	biphasic	23.0	100.0	1.0	10.0	100.0	16r	16.0	0.0	monopolar		[8428. 1288. 3303.]	[nan nan nan]
6219.935466666667	2.0	trials	1.0	2.0	75.0	biphasic	23.0	100.0	1.0	10.0	100.0	16r	16.0	0.0	monopolar		[8428. 1288. 3303.]	[nan nan nan]
6221.937466666666	2.0	trials	1.0	2.0	75.0	biphasic	23.0	100.0	1.0	10.0	100.0	16r	16.0	0.0	monopolar		[8428. 1288. 3303.]	[nan nan nan]
6223.939466666667	2.0	trials	1.0	2.0	75.0	biphasic	23.0	100.0	1.0	10.0	100.0	16r	16.0	0.0	monopolar		[8428. 1288. 3303.]	[nan nan nan]
6225.941466666667	2.0	trials	1.0	2.0	75.0	biphasic	23.0	100.0	1.0	10.0	100.0	16r	16.0	0.0	monopolar		[8428. 1288. 3303.]	[nan nan nan]
6227.943466666667	2.0	trials	1.0	2.0	75.0	biphasic	23.0	100.0	1.0	10.0	100.0	16r	16.0	0.0	monopolar		[8428. 1288. 3303.]	[nan nan nan]
6229.945466666667	2.0	trials	1.0	2.0	75.0	biphasic	23.0	100.0	1.0	10.0	100.0	16r	16.0	0.0	monopolar		[8428. 1288. 3303.]	[nan nan nan]
6231.9474666666665	2.0	trials	1.0	2.0	75.0	biphasic	23.0	100.0	1.0	10.0	100.0	16r	16.0	0.0	monopolar		[8428. 1288. 3303.]	[nan nan nan]
6233.949466666667	2.0	trials	1.0	2.0	75.0	biphasic	23.0	100.0	1.0	10.0	100.0	16r	16.0	0.0	monopolar		[8428. 1288. 3303.]	[nan nan nan]
6235.951433333334	2.0	trials	1.0	2.0	75.0	biphasic	23.0	100.0	1.0	10.0	100.0	16r	16.0	0.0	monopolar		[8428. 1288. 3303.]	[nan nan nan]
6237.953433333333	2.0	trials	1.0	2.0	75.0	biphasic	23.0	100.0	1.0	10.0	100.0	16r	16.0	0.0	monopolar		[8428. 1288. 3303.]	[nan nan nan]
6239.9554333333335	2.0	trials	1.0	2.0	75.0	biphasic	23.0	100.0	1.0	10.0	100.0	16r	16.0	0.0	monopolar		[8428. 1288. 3303.]	[nan nan nan]
6241.957433333333	2.0	trials	1.0	2.0	75.0	biphasic	23.0	100.0	1.0	10.0	100.0	16r	16.0	0.0	monopolar		[8428. 1288. 3303.]	[nan nan nan]
6243.959433333333	2.0	trials	1.0	2.0	75.0	biphasic	23.0	100.0	1.0	10.0	100.0	16r	16.0	0.0	monopolar		[8428. 1288. 3303.]	[nan nan nan]
6245.961433333333	2.0	trials	1.0	2.0	75.0	biphasic	23.0	100.0	1.0	10.0	100.0	16r	16.0	0.0	monopolar		[8428. 1288. 3303.]	[nan nan nan]
6247.963433333333	2.0	trials	1.0	2.0	75.0	biphasic	23.0	100.0	1.0	10.0	100.0	16r	16.0	0.0	monopolar		[8428. 1288. 3303.]	[nan nan nan]
6249.965433333334	2.0	trials	1.0	2.0	75.0	biphasic	23.0	100.0	1.0	10.0	100.0	16r	16.0	0.0	monopolar		[8428. 1288. 3303.]	[nan nan nan]
6251.967840362489	2.0	trials	1.0	2.0	75.0	biphasic	23.0	100.0	1.0	10.0	100.0	16r	16.0	0.0	monopolar		[8428. 1288. 3303.]	[nan nan nan]
6253.969433333334	2.0	trials	1.0	2.0	75.0	biphasic	23.0	100.0	1.0	10.0	100.0	16r	16.0	0.0	monopolar		[8428. 1288. 3303.]	[nan nan nan]
6255.971433333333	2.0	trials	1.0	2.0	75.0	biphasic	23.0	100.0	1.0	10.0	100.0	16r	16.0	0.0	monopolar		[8428. 1288. 3303.]	[nan nan nan]
6257.973840753505	2.0	trials	1.0	2.0	75.0	biphasic	23.0	100.0	1.0	10.0	100.0	16r	16.0	0.0	monopolar		[8428. 1288. 3303.]	[nan nan nan]
6259.975433333333	2.0	trials	1.0	2.0	75.0	biphasic	23.0	100.0	1.0	10.0	100.0	16r	16.0	0.0	monopolar		[8428. 1288. 3303.]	[nan nan nan]
6261.9774	2.0	trials	1.0	2.0	75.0	biphasic	23.0	100.0	1.0	10.0	100.0	16r	16.0	0.0	monopolar		[8428. 1288. 3303.]	[nan nan nan]
6263.979807811185	2.0	trials	1.0	2.0	75.0	biphasic	23.0	100.0	1.0	10.0	100.0	16r	16.0	0.0	monopolar		[8428. 1288. 3303.]	[nan nan nan]
6265.9814	2.0	trials	1.0	2.0	75.0	biphasic	23.0	100.0	1.0	10.0	100.0	16r	16.0	0.0	monopolar		[8428. 1288. 3303.]	[nan nan nan]
6267.9834	2.0	trials	1.0	2.0	75.0	biphasic	23.0	100.0	1.0	10.0	100.0	16r	16.0	0.0	monopolar		[8428. 1288. 3303.]	[nan nan nan]
6269.985808202201	2.0	trials	1.0	2.0	75.0	biphasic	23.0	100.0	1.0	10.0	100.0	16r	16.0	0.0	monopolar		[8428. 1288. 3303.]	[nan nan nan]
6271.9874	2.0	trials	1.0	2.0	75.0	biphasic	23.0	100.0	1.0	10.0	100.0	16r	16.0	0.0	monopolar		[8428. 1288. 3303.]	[nan nan nan]
6273.9894	2.0	trials	1.0	2.0	75.0	biphasic	23.0	100.0	1.0	10.0	100.0	16r	16.0	0.0	monopolar		[8428. 1288. 3303.]	[nan nan nan]
6275.9914	2.0	trials	1.0	2.0	75.0	biphasic	23.0	100.0	1.0	10.0	100.0	16r	16.0	0.0	monopolar		[8428. 1288. 3303.]	[nan nan nan]
6277.9934	2.0	trials	1.0	2.0	75.0	biphasic	23.0	100.0	1.0	10.0	100.0	16r	16.0	0.0	monopolar		[8428. 1288. 3303.]	[nan nan nan]
6279.9954	2.0	trials	1.0	2.0	75.0	biphasic	23.0	100.0	1.0	10.0	100.0	16r	16.0	0.0	monopolar		[8428. 1288. 3303.]	[nan nan nan]
6281.9974	2.0	trials	1.0	2.0	75.0	biphasic	23.0	100.0	1.0	10.0	100.0	16r	16.0	0.0	monopolar		[8428. 1288. 3303.]	[nan nan nan]
6283.9994	2.0	trials	1.0	2.0	75.0	biphasic	23.0	100.0	1.0	10.0	100.0	16r	16.0	0.0	monopolar		[8428. 1288. 3303.]	[nan nan nan]
6286.0014	2.0	trials	1.0	2.0	75.0	biphasic	23.0	100.0	1.0	10.0	100.0	16r	16.0	0.0	monopolar		[8428. 1288. 3303.]	[nan nan nan]
6288.003366666667	2.0	trials	1.0	2.0	75.0	biphasic	23.0	100.0	1.0	10.0	100.0	16r	16.0	0.0	monopolar		[8428. 1288. 3303.]	[nan nan nan]
6290.005366666666	2.0	trials	1.0	2.0	75.0	biphasic	23.0	100.0	1.0	10.0	100.0	16r	16.0	0.0	monopolar		[8428. 1288. 3303.]	[nan nan nan]
6292.006957030797	2.0	trials	1.0	2.0	75.0	biphasic	23.0	100.0	1.0	10.0	100.0	16r	16.0	0.0	monopolar		[8428. 1288. 3303.]	[nan nan nan]
6294.009366666667	2.0	trials	1.0	2.0	75.0	biphasic	23.0	100.0	1.0	10.0	100.0	16r	16.0	0.0	monopolar		[8428. 1288. 3303.]	[nan nan nan]
6296.011366666667	2.0	trials	1.0	2.0	75.0	biphasic	23.0	100.0	1.0	10.0	100.0	16r	16.0	0.0	monopolar		[8428. 1288. 3303.]	[nan nan nan]
6298.012956639782	2.0	trials	1.0	2.0	75.0	biphasic	23.0	100.0	1.0	10.0	100.0	16r	16.0	0.0	monopolar		[8428. 1288. 3303.]	[nan nan nan]
6300.0153666666665	2.0	trials	1.0	2.0	75.0	biphasic	23.0	100.0	1.0	10.0	100.0	16r	16.0	0.0	monopolar		[8428. 1288. 3303.]	[nan nan nan]
6302.017366666667	2.0	trials	1.0	2.0	75.0	biphasic	23.0	100.0	1.0	10.0	100.0	16r	16.0	0.0	monopolar		[8428. 1288. 3303.]	[nan nan nan]
6304.019777084621	2.0	trials	1.0	2.0	75.0	biphasic	23.0	100.0	1.0	10.0	100.0	16r	16.0	0.0	monopolar		[8428. 1288. 3303.]	[nan nan nan]
6306.021366666667	2.0	trials	1.0	2.0	75.0	biphasic	23.0	100.0	1.0	10.0	100.0	16r	16.0	0.0	monopolar		[8428. 1288. 3303.]	[nan nan nan]
6308.023366666666	2.0	trials	1.0	2.0	75.0	biphasic	23.0	100.0	1.0	10.0	100.0	16r	16.0	0.0	monopolar		[8428. 1288. 3303.]	[nan nan nan]
6310.0257774756365	2.0	trials	1.0	2.0	75.0	biphasic	23.0	100.0	1.0	10.0	100.0	16r	16.0	0.0	monopolar		[8428. 1288. 3303.]	[nan nan nan]
6312.027366666666	2.0	trials	1.0	2.0	75.0	biphasic	23.0	100.0	1.0	10.0	100.0	16r	16.0	0.0	monopolar		[8428. 1288. 3303.]	[nan nan nan]
6314.029366666667	2.0	trials	1.0	2.0	75.0	biphasic	23.0	100.0	1.0	10.0	100.0	16r	16.0	0.0	monopolar		[8428. 1288. 3303.]	[nan nan nan]
6316.031333333333	2.0	trials	1.0	2.0	75.0	biphasic	23.0	100.0	1.0	10.0	100.0	16r	16.0	0.0	monopolar		[8428. 1288. 3303.]	[nan nan nan]
6318.033333333334	2.0	trials	1.0	2.0	75.0	biphasic	23.0	100.0	1.0	10.0	100.0	16r	16.0	0.0	monopolar		[8428. 1288. 3303.]	[nan nan nan]
6320.035333333333	2.0	trials	1.0	2.0	75.0	biphasic	23.0	100.0	1.0	10.0	100.0	16r	16.0	0.0	monopolar		[8428. 1288. 3303.]	[nan nan nan]
6322.037333333334	2.0	trials	1.0	2.0	75.0	biphasic	23.0	100.0	1.0	10.0	100.0	16r	16.0	0.0	monopolar		[8428. 1288. 3303.]	[nan nan nan]
6324.039333333333	2.0	trials	1.0	2.0	75.0	biphasic	23.0	100.0	1.0	10.0	100.0	16r	16.0	0.0	monopolar		[8428. 1288. 3303.]	[nan nan nan]
6326.041333333334	2.0	trials	1.0	2.0	75.0	biphasic	23.0	100.0	1.0	10.0	100.0	16r	16.0	0.0	monopolar		[8428. 1288. 3303.]	[nan nan nan]
6328.043333333333	2.0	trials	1.0	2.0	75.0	biphasic	23.0	100.0	1.0	10.0	100.0	16r	16.0	0.0	monopolar		[8428. 1288. 3303.]	[nan nan nan]
6330.0453333333335	2.0	trials	1.0	2.0	75.0	biphasic	23.0	100.0	1.0	10.0	100.0	16r	16.0	0.0	monopolar		[8428. 1288. 3303.]	[nan nan nan]
6332.047333333333	2.0	trials	1.0	2.0	75.0	biphasic	23.0	100.0	1.0	10.0	100.0	16r	16.0	0.0	monopolar		[8428. 1288. 3303.]	[nan nan nan]
6334.049333333333	2.0	trials	1.0	2.0	75.0	biphasic	23.0	100.0	1.0	10.0	100.0	16r	16.0	0.0	monopolar		[8428. 1288. 3303.]	[nan nan nan]
6336.051333333334	2.0	trials	1.0	2.0	75.0	biphasic	23.0	100.0	1.0	10.0	100.0	16r	16.0	0.0	monopolar		[8428. 1288. 3303.]	[nan nan nan]
6363.9897	2.0	trials	1.0	2.0	75.0	biphasic	24.0	200.0	1.0	10.0	-25.0	16r	16.0	0.0	monopolar		[8428. 1288. 3303.]	[nan nan nan]
6365.9917	2.0	trials	1.0	2.0	75.0	biphasic	24.0	200.0	1.0	10.0	-25.0	16r	16.0	0.0	monopolar		[8428. 1288. 3303.]	[nan nan nan]
6367.9937	2.0	trials	1.0	2.0	75.0	biphasic	24.0	200.0	1.0	10.0	-25.0	16r	16.0	0.0	monopolar		[8428. 1288. 3303.]	[nan nan nan]
6369.9957	2.0	trials	1.0	2.0	75.0	biphasic	24.0	200.0	1.0	10.0	-25.0	16r	16.0	0.0	monopolar		[8428. 1288. 3303.]	[nan nan nan]
6371.9977	2.0	trials	1.0	2.0	75.0	biphasic	24.0	200.0	1.0	10.0	-25.0	16r	16.0	0.0	monopolar		[8428. 1288. 3303.]	[nan nan nan]
6373.999666666667	2.0	trials	1.0	2.0	75.0	biphasic	24.0	200.0	1.0	10.0	-25.0	16r	16.0	0.0	monopolar		[8428. 1288. 3303.]	[nan nan nan]
6376.001666666667	2.0	trials	1.0	2.0	75.0	biphasic	24.0	200.0	1.0	10.0	-25.0	16r	16.0	0.0	monopolar		[8428. 1288. 3303.]	[nan nan nan]
6378.0036666666665	2.0	trials	1.0	2.0	75.0	biphasic	24.0	200.0	1.0	10.0	-25.0	16r	16.0	0.0	monopolar		[8428. 1288. 3303.]	[nan nan nan]
6380.005666666667	2.0	trials	1.0	2.0	75.0	biphasic	24.0	200.0	1.0	10.0	-25.0	16r	16.0	0.0	monopolar		[8428. 1288. 3303.]	[nan nan nan]
6382.007666666666	2.0	trials	1.0	2.0	75.0	biphasic	24.0	200.0	1.0	10.0	-25.0	16r	16.0	0.0	monopolar		[8428. 1288. 3303.]	[nan nan nan]
6384.009666666667	2.0	trials	1.0	2.0	75.0	biphasic	24.0	200.0	1.0	10.0	-25.0	16r	16.0	0.0	monopolar		[8428. 1288. 3303.]	[nan nan nan]
6386.011666666666	2.0	trials	1.0	2.0	75.0	biphasic	24.0	200.0	1.0	10.0	-25.0	16r	16.0	0.0	monopolar		[8428. 1288. 3303.]	[nan nan nan]
6388.013666666667	2.0	trials	1.0	2.0	75.0	biphasic	24.0	200.0	1.0	10.0	-25.0	16r	16.0	0.0	monopolar		[8428. 1288. 3303.]	[nan nan nan]
6390.015666666666	2.0	trials	1.0	2.0	75.0	biphasic	24.0	200.0	1.0	10.0	-25.0	16r	16.0	0.0	monopolar		[8428. 1288. 3303.]	[nan nan nan]
6392.017666666667	2.0	trials	1.0	2.0	75.0	biphasic	24.0	200.0	1.0	10.0	-25.0	16r	16.0	0.0	monopolar		[8428. 1288. 3303.]	[nan nan nan]
6394.019666666667	2.0	trials	1.0	2.0	75.0	biphasic	24.0	200.0	1.0	10.0	-25.0	16r	16.0	0.0	monopolar		[8428. 1288. 3303.]	[nan nan nan]
6396.022083074355	2.0	trials	1.0	2.0	75.0	biphasic	24.0	200.0	1.0	10.0	-25.0	16r	16.0	0.0	monopolar		[8428. 1288. 3303.]	[nan nan nan]
6398.023666666667	2.0	trials	1.0	2.0	75.0	biphasic	24.0	200.0	1.0	10.0	-25.0	16r	16.0	0.0	monopolar		[8428. 1288. 3303.]	[nan nan nan]
6400.025633333334	2.0	trials	1.0	2.0	75.0	biphasic	24.0	200.0	1.0	10.0	-25.0	16r	16.0	0.0	monopolar		[8428. 1288. 3303.]	[nan nan nan]
6402.028050132035	2.0	trials	1.0	2.0	75.0	biphasic	24.0	200.0	1.0	10.0	-25.0	16r	16.0	0.0	monopolar		[8428. 1288. 3303.]	[nan nan nan]
6404.029633333334	2.0	trials	1.0	2.0	75.0	biphasic	24.0	200.0	1.0	10.0	-25.0	16r	16.0	0.0	monopolar		[8428. 1288. 3303.]	[nan nan nan]
6406.031633333333	2.0	trials	1.0	2.0	75.0	biphasic	24.0	200.0	1.0	10.0	-25.0	16r	16.0	0.0	monopolar		[8428. 1288. 3303.]	[nan nan nan]
6408.034050523051	2.0	trials	1.0	2.0	75.0	biphasic	24.0	200.0	1.0	10.0	-25.0	16r	16.0	0.0	monopolar		[8428. 1288. 3303.]	[nan nan nan]
6410.035633333333	2.0	trials	1.0	2.0	75.0	biphasic	24.0	200.0	1.0	10.0	-25.0	16r	16.0	0.0	monopolar		[8428. 1288. 3303.]	[nan nan nan]
6412.037633333333	2.0	trials	1.0	2.0	75.0	biphasic	24.0	200.0	1.0	10.0	-25.0	16r	16.0	0.0	monopolar		[8428. 1288. 3303.]	[nan nan nan]
6414.039633333334	2.0	trials	1.0	2.0	75.0	biphasic	24.0	200.0	1.0	10.0	-25.0	16r	16.0	0.0	monopolar		[8428. 1288. 3303.]	[nan nan nan]
6416.041633333333	2.0	trials	1.0	2.0	75.0	biphasic	24.0	200.0	1.0	10.0	-25.0	16r	16.0	0.0	monopolar		[8428. 1288. 3303.]	[nan nan nan]
6418.043633333334	2.0	trials	1.0	2.0	75.0	biphasic	24.0	200.0	1.0	10.0	-25.0	16r	16.0	0.0	monopolar		[8428. 1288. 3303.]	[nan nan nan]
6420.045633333333	2.0	trials	1.0	2.0	75.0	biphasic	24.0	200.0	1.0	10.0	-25.0	16r	16.0	0.0	monopolar		[8428. 1288. 3303.]	[nan nan nan]
6422.047633333334	2.0	trials	1.0	2.0	75.0	biphasic	24.0	200.0	1.0	10.0	-25.0	16r	16.0	0.0	monopolar		[8428. 1288. 3303.]	[nan nan nan]
6424.049633333333	2.0	trials	1.0	2.0	75.0	biphasic	24.0	200.0	1.0	10.0	-25.0	16r	16.0	0.0	monopolar		[8428. 1288. 3303.]	[nan nan nan]
6426.0516333333335	2.0	trials	1.0	2.0	75.0	biphasic	24.0	200.0	1.0	10.0	-25.0	16r	16.0	0.0	monopolar		[8428. 1288. 3303.]	[nan nan nan]
6428.0536	2.0	trials	1.0	2.0	75.0	biphasic	24.0	200.0	1.0	10.0	-25.0	16r	16.0	0.0	monopolar		[8428. 1288. 3303.]	[nan nan nan]
6430.0556	2.0	trials	1.0	2.0	75.0	biphasic	24.0	200.0	1.0	10.0	-25.0	16r	16.0	0.0	monopolar		[8428. 1288. 3303.]	[nan nan nan]
6432.0576	2.0	trials	1.0	2.0	75.0	biphasic	24.0	200.0	1.0	10.0	-25.0	16r	16.0	0.0	monopolar		[8428. 1288. 3303.]	[nan nan nan]
6434.0596	2.0	trials	1.0	2.0	75.0	biphasic	24.0	200.0	1.0	10.0	-25.0	16r	16.0	0.0	monopolar		[8428. 1288. 3303.]	[nan nan nan]
6436.0611809856	2.0	trials	1.0	2.0	75.0	biphasic	24.0	200.0	1.0	10.0	-25.0	16r	16.0	0.0	monopolar		[8428. 1288. 3303.]	[nan nan nan]
6438.0636	2.0	trials	1.0	2.0	75.0	biphasic	24.0	200.0	1.0	10.0	-25.0	16r	16.0	0.0	monopolar		[8428. 1288. 3303.]	[nan nan nan]
6440.0656	2.0	trials	1.0	2.0	75.0	biphasic	24.0	200.0	1.0	10.0	-25.0	16r	16.0	0.0	monopolar		[8428. 1288. 3303.]	[nan nan nan]
6442.067180594585	2.0	trials	1.0	2.0	75.0	biphasic	24.0	200.0	1.0	10.0	-25.0	16r	16.0	0.0	monopolar		[8428. 1288. 3303.]	[nan nan nan]
6444.0696	2.0	trials	1.0	2.0	75.0	biphasic	24.0	200.0	1.0	10.0	-25.0	16r	16.0	0.0	monopolar		[8428. 1288. 3303.]	[nan nan nan]
6446.0716	2.0	trials	1.0	2.0	75.0	biphasic	24.0	200.0	1.0	10.0	-25.0	16r	16.0	0.0	monopolar		[8428. 1288. 3303.]	[nan nan nan]
6448.074019796486	2.0	trials	1.0	2.0	75.0	biphasic	24.0	200.0	1.0	10.0	-25.0	16r	16.0	0.0	monopolar		[8428. 1288. 3303.]	[nan nan nan]
6450.0756	2.0	trials	1.0	2.0	75.0	biphasic	24.0	200.0	1.0	10.0	-25.0	16r	16.0	0.0	monopolar		[8428. 1288. 3303.]	[nan nan nan]
6452.0776	2.0	trials	1.0	2.0	75.0	biphasic	24.0	200.0	1.0	10.0	-25.0	16r	16.0	0.0	monopolar		[8428. 1288. 3303.]	[nan nan nan]
6454.079566666666	2.0	trials	1.0	2.0	75.0	biphasic	24.0	200.0	1.0	10.0	-25.0	16r	16.0	0.0	monopolar		[8428. 1288. 3303.]	[nan nan nan]
6456.081566666667	2.0	trials	1.0	2.0	75.0	biphasic	24.0	200.0	1.0	10.0	-25.0	16r	16.0	0.0	monopolar		[8428. 1288. 3303.]	[nan nan nan]
6458.083566666666	2.0	trials	1.0	2.0	75.0	biphasic	24.0	200.0	1.0	10.0	-25.0	16r	16.0	0.0	monopolar		[8428. 1288. 3303.]	[nan nan nan]
6460.085566666667	2.0	trials	1.0	2.0	75.0	biphasic	24.0	200.0	1.0	10.0	-25.0	16r	16.0	0.0	monopolar		[8428. 1288. 3303.]	[nan nan nan]
6462.087566666667	2.0	trials	1.0	2.0	75.0	biphasic	24.0	200.0	1.0	10.0	-25.0	16r	16.0	0.0	monopolar		[8428. 1288. 3303.]	[nan nan nan]
6464.0895666666665	2.0	trials	1.0	2.0	75.0	biphasic	24.0	200.0	1.0	10.0	-25.0	16r	16.0	0.0	monopolar		[8428. 1288. 3303.]	[nan nan nan]
6466.091566666667	2.0	trials	1.0	2.0	75.0	biphasic	24.0	200.0	1.0	10.0	-25.0	16r	16.0	0.0	monopolar		[8428. 1288. 3303.]	[nan nan nan]
6468.093566666666	2.0	trials	1.0	2.0	75.0	biphasic	24.0	200.0	1.0	10.0	-25.0	16r	16.0	0.0	monopolar		[8428. 1288. 3303.]	[nan nan nan]
6470.095566666667	2.0	trials	1.0	2.0	75.0	biphasic	24.0	200.0	1.0	10.0	-25.0	16r	16.0	0.0	monopolar		[8428. 1288. 3303.]	[nan nan nan]
6472.097566666666	2.0	trials	1.0	2.0	75.0	biphasic	24.0	200.0	1.0	10.0	-25.0	16r	16.0	0.0	monopolar		[8428. 1288. 3303.]	[nan nan nan]
6474.099566666667	2.0	trials	1.0	2.0	75.0	biphasic	24.0	200.0	1.0	10.0	-25.0	16r	16.0	0.0	monopolar		[8428. 1288. 3303.]	[nan nan nan]
6476.101566666666	2.0	trials	1.0	2.0	75.0	biphasic	24.0	200.0	1.0	10.0	-25.0	16r	16.0	0.0	monopolar		[8428. 1288. 3303.]	[nan nan nan]
6478.103566666667	2.0	trials	1.0	2.0	75.0	biphasic	24.0	200.0	1.0	10.0	-25.0	16r	16.0	0.0	monopolar		[8428. 1288. 3303.]	[nan nan nan]
6480.105533333333	2.0	trials	1.0	2.0	75.0	biphasic	24.0	200.0	1.0	10.0	-25.0	16r	16.0	0.0	monopolar		[8428. 1288. 3303.]	[nan nan nan]
6482.107111321152	2.0	trials	1.0	2.0	75.0	biphasic	24.0	200.0	1.0	10.0	-25.0	16r	16.0	0.0	monopolar		[8428. 1288. 3303.]	[nan nan nan]
6484.109533333333	2.0	trials	1.0	2.0	75.0	biphasic	24.0	200.0	1.0	10.0	-25.0	16r	16.0	0.0	monopolar		[8428. 1288. 3303.]	[nan nan nan]
6486.111533333334	2.0	trials	1.0	2.0	75.0	biphasic	24.0	200.0	1.0	10.0	-25.0	16r	16.0	0.0	monopolar		[8428. 1288. 3303.]	[nan nan nan]
6488.113110930136	2.0	trials	1.0	2.0	75.0	biphasic	24.0	200.0	1.0	10.0	-25.0	16r	16.0	0.0	monopolar		[8428. 1288. 3303.]	[nan nan nan]
6490.115533333334	2.0	trials	1.0	2.0	75.0	biphasic	24.0	200.0	1.0	10.0	-25.0	16r	16.0	0.0	monopolar		[8428. 1288. 3303.]	[nan nan nan]
6492.117533333333	2.0	trials	1.0	2.0	75.0	biphasic	24.0	200.0	1.0	10.0	-25.0	16r	16.0	0.0	monopolar		[8428. 1288. 3303.]	[nan nan nan]
6494.119110539121	2.0	trials	1.0	2.0	75.0	biphasic	24.0	200.0	1.0	10.0	-25.0	16r	16.0	0.0	monopolar		[8428. 1288. 3303.]	[nan nan nan]
6496.121533333333	2.0	trials	1.0	2.0	75.0	biphasic	24.0	200.0	1.0	10.0	-25.0	16r	16.0	0.0	monopolar		[8428. 1288. 3303.]	[nan nan nan]
6498.123533333333	2.0	trials	1.0	2.0	75.0	biphasic	24.0	200.0	1.0	10.0	-25.0	16r	16.0	0.0	monopolar		[8428. 1288. 3303.]	[nan nan nan]
6500.125533333333	2.0	trials	1.0	2.0	75.0	biphasic	24.0	200.0	1.0	10.0	-25.0	16r	16.0	0.0	monopolar		[8428. 1288. 3303.]	[nan nan nan]
6502.127533333333	2.0	trials	1.0	2.0	75.0	biphasic	24.0	200.0	1.0	10.0	-25.0	16r	16.0	0.0	monopolar		[8428. 1288. 3303.]	[nan nan nan]
6504.129533333334	2.0	trials	1.0	2.0	75.0	biphasic	24.0	200.0	1.0	10.0	-25.0	16r	16.0	0.0	monopolar		[8428. 1288. 3303.]	[nan nan nan]
6506.1315	2.0	trials	1.0	2.0	75.0	biphasic	24.0	200.0	1.0	10.0	-25.0	16r	16.0	0.0	monopolar		[8428. 1288. 3303.]	[nan nan nan]
6508.1335	2.0	trials	1.0	2.0	75.0	biphasic	24.0	200.0	1.0	10.0	-25.0	16r	16.0	0.0	monopolar		[8428. 1288. 3303.]	[nan nan nan]
6510.1355	2.0	trials	1.0	2.0	75.0	biphasic	24.0	200.0	1.0	10.0	-25.0	16r	16.0	0.0	monopolar		[8428. 1288. 3303.]	[nan nan nan]
6512.1375	2.0	trials	1.0	2.0	75.0	biphasic	24.0	200.0	1.0	10.0	-25.0	16r	16.0	0.0	monopolar		[8428. 1288. 3303.]	[nan nan nan]
6524.322566666667	2.0	trials	1.0	2.0	75.0	biphasic	25.0	200.0	1.0	10.0	25.0	16r	16.0	0.0	monopolar		[8428. 1288. 3303.]	[nan nan nan]
6526.324566666666	2.0	trials	1.0	2.0	75.0	biphasic	25.0	200.0	1.0	10.0	25.0	16r	16.0	0.0	monopolar		[8428. 1288. 3303.]	[nan nan nan]
6528.326566666667	2.0	trials	1.0	2.0	75.0	biphasic	25.0	200.0	1.0	10.0	25.0	16r	16.0	0.0	monopolar		[8428. 1288. 3303.]	[nan nan nan]
6530.328566666667	2.0	trials	1.0	2.0	75.0	biphasic	25.0	200.0	1.0	10.0	25.0	16r	16.0	0.0	monopolar		[8428. 1288. 3303.]	[nan nan nan]
6532.3305666666665	2.0	trials	1.0	2.0	75.0	biphasic	25.0	200.0	1.0	10.0	25.0	16r	16.0	0.0	monopolar		[8428. 1288. 3303.]	[nan nan nan]
6534.332958745636	2.0	trials	1.0	2.0	75.0	biphasic	25.0	200.0	1.0	10.0	25.0	16r	16.0	0.0	monopolar		[8428. 1288. 3303.]	[nan nan nan]
6536.334533333334	2.0	trials	1.0	2.0	75.0	biphasic	25.0	200.0	1.0	10.0	25.0	16r	16.0	0.0	monopolar		[8428. 1288. 3303.]	[nan nan nan]
6538.336533333333	2.0	trials	1.0	2.0	75.0	biphasic	25.0	200.0	1.0	10.0	25.0	16r	16.0	0.0	monopolar		[8428. 1288. 3303.]	[nan nan nan]
6540.338959136651	2.0	trials	1.0	2.0	75.0	biphasic	25.0	200.0	1.0	10.0	25.0	16r	16.0	0.0	monopolar		[8428. 1288. 3303.]	[nan nan nan]
6542.340533333333	2.0	trials	1.0	2.0	75.0	biphasic	25.0	200.0	1.0	10.0	25.0	16r	16.0	0.0	monopolar		[8428. 1288. 3303.]	[nan nan nan]
6544.342533333333	2.0	trials	1.0	2.0	75.0	biphasic	25.0	200.0	1.0	10.0	25.0	16r	16.0	0.0	monopolar		[8428. 1288. 3303.]	[nan nan nan]
6546.344959527667	2.0	trials	1.0	2.0	75.0	biphasic	25.0	200.0	1.0	10.0	25.0	16r	16.0	0.0	monopolar		[8428. 1288. 3303.]	[nan nan nan]
6548.346533333333	2.0	trials	1.0	2.0	75.0	biphasic	25.0	200.0	1.0	10.0	25.0	16r	16.0	0.0	monopolar		[8428. 1288. 3303.]	[nan nan nan]
6550.348533333334	2.0	trials	1.0	2.0	75.0	biphasic	25.0	200.0	1.0	10.0	25.0	16r	16.0	0.0	monopolar		[8428. 1288. 3303.]	[nan nan nan]
6552.350959918682	2.0	trials	1.0	2.0	75.0	biphasic	25.0	200.0	1.0	10.0	25.0	16r	16.0	0.0	monopolar		[8428. 1288. 3303.]	[nan nan nan]
6554.352533333334	2.0	trials	1.0	2.0	75.0	biphasic	25.0	200.0	1.0	10.0	25.0	16r	16.0	0.0	monopolar		[8428. 1288. 3303.]	[nan nan nan]
6556.354533333333	2.0	trials	1.0	2.0	75.0	biphasic	25.0	200.0	1.0	10.0	25.0	16r	16.0	0.0	monopolar		[8428. 1288. 3303.]	[nan nan nan]
6558.356533333334	2.0	trials	1.0	2.0	75.0	biphasic	25.0	200.0	1.0	10.0	25.0	16r	16.0	0.0	monopolar		[8428. 1288. 3303.]	[nan nan nan]
6560.3585	2.0	trials	1.0	2.0	75.0	biphasic	25.0	200.0	1.0	10.0	25.0	16r	16.0	0.0	monopolar		[8428. 1288. 3303.]	[nan nan nan]
6562.3605	2.0	trials	1.0	2.0	75.0	biphasic	25.0	200.0	1.0	10.0	25.0	16r	16.0	0.0	monopolar		[8428. 1288. 3303.]	[nan nan nan]
6564.3625	2.0	trials	1.0	2.0	75.0	biphasic	25.0	200.0	1.0	10.0	25.0	16r	16.0	0.0	monopolar		[8428. 1288. 3303.]	[nan nan nan]
6566.3645	2.0	trials	1.0	2.0	75.0	biphasic	25.0	200.0	1.0	10.0	25.0	16r	16.0	0.0	monopolar		[8428. 1288. 3303.]	[nan nan nan]
6568.3665	2.0	trials	1.0	2.0	75.0	biphasic	25.0	200.0	1.0	10.0	25.0	16r	16.0	0.0	monopolar		[8428. 1288. 3303.]	[nan nan nan]
6570.3685	2.0	trials	1.0	2.0	75.0	biphasic	25.0	200.0	1.0	10.0	25.0	16r	16.0	0.0	monopolar		[8428. 1288. 3303.]	[nan nan nan]
6572.3705	2.0	trials	1.0	2.0	75.0	biphasic	25.0	200.0	1.0	10.0	25.0	16r	16.0	0.0	monopolar		[8428. 1288. 3303.]	[nan nan nan]
6574.3725	2.0	trials	1.0	2.0	75.0	biphasic	25.0	200.0	1.0	10.0	25.0	16r	16.0	0.0	monopolar		[8428. 1288. 3303.]	[nan nan nan]
6576.3745	2.0	trials	1.0	2.0	75.0	biphasic	25.0	200.0	1.0	10.0	25.0	16r	16.0	0.0	monopolar		[8428. 1288. 3303.]	[nan nan nan]
6578.3765	2.0	trials	1.0	2.0	75.0	biphasic	25.0	200.0	1.0	10.0	25.0	16r	16.0	0.0	monopolar		[8428. 1288. 3303.]	[nan nan nan]
6580.3785	2.0	trials	1.0	2.0	75.0	biphasic	25.0	200.0	1.0	10.0	25.0	16r	16.0	0.0	monopolar		[8428. 1288. 3303.]	[nan nan nan]
6582.3805	2.0	trials	1.0	2.0	75.0	biphasic	25.0	200.0	1.0	10.0	25.0	16r	16.0	0.0	monopolar		[8428. 1288. 3303.]	[nan nan nan]
6584.3825	2.0	trials	1.0	2.0	75.0	biphasic	25.0	200.0	1.0	10.0	25.0	16r	16.0	0.0	monopolar		[8428. 1288. 3303.]	[nan nan nan]
6586.384037865622	2.0	trials	1.0	2.0	75.0	biphasic	25.0	200.0	1.0	10.0	25.0	16r	16.0	0.0	monopolar		[8428. 1288. 3303.]	[nan nan nan]
6588.386466666667	2.0	trials	1.0	2.0	75.0	biphasic	25.0	200.0	1.0	10.0	25.0	16r	16.0	0.0	monopolar		[8428. 1288. 3303.]	[nan nan nan]
6590.388466666666	2.0	trials	1.0	2.0	75.0	biphasic	25.0	200.0	1.0	10.0	25.0	16r	16.0	0.0	monopolar		[8428. 1288. 3303.]	[nan nan nan]
6592.390466666667	2.0	trials	1.0	2.0	75.0	biphasic	25.0	200.0	1.0	10.0	25.0	16r	16.0	0.0	monopolar		[8428. 1288. 3303.]	[nan nan nan]
6594.392466666666	2.0	trials	1.0	2.0	75.0	biphasic	25.0	200.0	1.0	10.0	25.0	16r	16.0	0.0	monopolar		[8428. 1288. 3303.]	[nan nan nan]
6596.394466666667	2.0	trials	1.0	2.0	75.0	biphasic	25.0	200.0	1.0	10.0	25.0	16r	16.0	0.0	monopolar		[8428. 1288. 3303.]	[nan nan nan]
6598.396466666667	2.0	trials	1.0	2.0	75.0	biphasic	25.0	200.0	1.0	10.0	25.0	16r	16.0	0.0	monopolar		[8428. 1288. 3303.]	[nan nan nan]
6600.3984666666665	2.0	trials	1.0	2.0	75.0	biphasic	25.0	200.0	1.0	10.0	25.0	16r	16.0	0.0	monopolar		[8428. 1288. 3303.]	[nan nan nan]
6602.400466666667	2.0	trials	1.0	2.0	75.0	biphasic	25.0	200.0	1.0	10.0	25.0	16r	16.0	0.0	monopolar		[8428. 1288. 3303.]	[nan nan nan]
6604.402466666666	2.0	trials	1.0	2.0	75.0	biphasic	25.0	200.0	1.0	10.0	25.0	16r	16.0	0.0	monopolar		[8428. 1288. 3303.]	[nan nan nan]
6606.404466666667	2.0	trials	1.0	2.0	75.0	biphasic	25.0	200.0	1.0	10.0	25.0	16r	16.0	0.0	monopolar		[8428. 1288. 3303.]	[nan nan nan]
6608.406466666666	2.0	trials	1.0	2.0	75.0	biphasic	25.0	200.0	1.0	10.0	25.0	16r	16.0	0.0	monopolar		[8428. 1288. 3303.]	[nan nan nan]
6610.408466666667	2.0	trials	1.0	2.0	75.0	biphasic	25.0	200.0	1.0	10.0	25.0	16r	16.0	0.0	monopolar		[8428. 1288. 3303.]	[nan nan nan]
6612.410466666666	2.0	trials	1.0	2.0	75.0	biphasic	25.0	200.0	1.0	10.0	25.0	16r	16.0	0.0	monopolar		[8428. 1288. 3303.]	[nan nan nan]
6614.412433333333	2.0	trials	1.0	2.0	75.0	biphasic	25.0	200.0	1.0	10.0	25.0	16r	16.0	0.0	monopolar		[8428. 1288. 3303.]	[nan nan nan]
6616.414433333333	2.0	trials	1.0	2.0	75.0	biphasic	25.0	200.0	1.0	10.0	25.0	16r	16.0	0.0	monopolar		[8428. 1288. 3303.]	[nan nan nan]
6618.416433333334	2.0	trials	1.0	2.0	75.0	biphasic	25.0	200.0	1.0	10.0	25.0	16r	16.0	0.0	monopolar		[8428. 1288. 3303.]	[nan nan nan]
6620.418002316536	2.0	trials	1.0	2.0	75.0	biphasic	25.0	200.0	1.0	10.0	25.0	16r	16.0	0.0	monopolar		[8428. 1288. 3303.]	[nan nan nan]
6622.420433333334	2.0	trials	1.0	2.0	75.0	biphasic	25.0	200.0	1.0	10.0	25.0	16r	16.0	0.0	monopolar		[8428. 1288. 3303.]	[nan nan nan]
6624.422433333333	2.0	trials	1.0	2.0	75.0	biphasic	25.0	200.0	1.0	10.0	25.0	16r	16.0	0.0	monopolar		[8428. 1288. 3303.]	[nan nan nan]
6626.42400192552	2.0	trials	1.0	2.0	75.0	biphasic	25.0	200.0	1.0	10.0	25.0	16r	16.0	0.0	monopolar		[8428. 1288. 3303.]	[nan nan nan]
6628.426433333333	2.0	trials	1.0	2.0	75.0	biphasic	25.0	200.0	1.0	10.0	25.0	16r	16.0	0.0	monopolar		[8428. 1288. 3303.]	[nan nan nan]
6630.4284333333335	2.0	trials	1.0	2.0	75.0	biphasic	25.0	200.0	1.0	10.0	25.0	16r	16.0	0.0	monopolar		[8428. 1288. 3303.]	[nan nan nan]
6632.430001534505	2.0	trials	1.0	2.0	75.0	biphasic	25.0	200.0	1.0	10.0	25.0	16r	16.0	0.0	monopolar		[8428. 1288. 3303.]	[nan nan nan]
6634.432433333333	2.0	trials	1.0	2.0	75.0	biphasic	25.0	200.0	1.0	10.0	25.0	16r	16.0	0.0	monopolar		[8428. 1288. 3303.]	[nan nan nan]
6636.434433333333	2.0	trials	1.0	2.0	75.0	biphasic	25.0	200.0	1.0	10.0	25.0	16r	16.0	0.0	monopolar		[8428. 1288. 3303.]	[nan nan nan]
6638.436001143489	2.0	trials	1.0	2.0	75.0	biphasic	25.0	200.0	1.0	10.0	25.0	16r	16.0	0.0	monopolar		[8428. 1288. 3303.]	[nan nan nan]
6640.4384	2.0	trials	1.0	2.0	75.0	biphasic	25.0	200.0	1.0	10.0	25.0	16r	16.0	0.0	monopolar		[8428. 1288. 3303.]	[nan nan nan]
6642.4404	2.0	trials	1.0	2.0	75.0	biphasic	25.0	200.0	1.0	10.0	25.0	16r	16.0	0.0	monopolar		[8428. 1288. 3303.]	[nan nan nan]
6644.4424	2.0	trials	1.0	2.0	75.0	biphasic	25.0	200.0	1.0	10.0	25.0	16r	16.0	0.0	monopolar		[8428. 1288. 3303.]	[nan nan nan]
6646.4444	2.0	trials	1.0	2.0	75.0	biphasic	25.0	200.0	1.0	10.0	25.0	16r	16.0	0.0	monopolar		[8428. 1288. 3303.]	[nan nan nan]
6648.4464	2.0	trials	1.0	2.0	75.0	biphasic	25.0	200.0	1.0	10.0	25.0	16r	16.0	0.0	monopolar		[8428. 1288. 3303.]	[nan nan nan]
6650.4484	2.0	trials	1.0	2.0	75.0	biphasic	25.0	200.0	1.0	10.0	25.0	16r	16.0	0.0	monopolar		[8428. 1288. 3303.]	[nan nan nan]
6652.4504	2.0	trials	1.0	2.0	75.0	biphasic	25.0	200.0	1.0	10.0	25.0	16r	16.0	0.0	monopolar		[8428. 1288. 3303.]	[nan nan nan]
6654.4524	2.0	trials	1.0	2.0	75.0	biphasic	25.0	200.0	1.0	10.0	25.0	16r	16.0	0.0	monopolar		[8428. 1288. 3303.]	[nan nan nan]
6656.4544	2.0	trials	1.0	2.0	75.0	biphasic	25.0	200.0	1.0	10.0	25.0	16r	16.0	0.0	monopolar		[8428. 1288. 3303.]	[nan nan nan]
6658.4564	2.0	trials	1.0	2.0	75.0	biphasic	25.0	200.0	1.0	10.0	25.0	16r	16.0	0.0	monopolar		[8428. 1288. 3303.]	[nan nan nan]
6660.4584	2.0	trials	1.0	2.0	75.0	biphasic	25.0	200.0	1.0	10.0	25.0	16r	16.0	0.0	monopolar		[8428. 1288. 3303.]	[nan nan nan]
6662.4604	2.0	trials	1.0	2.0	75.0	biphasic	25.0	200.0	1.0	10.0	25.0	16r	16.0	0.0	monopolar		[8428. 1288. 3303.]	[nan nan nan]
6664.4624	2.0	trials	1.0	2.0	75.0	biphasic	25.0	200.0	1.0	10.0	25.0	16r	16.0	0.0	monopolar		[8428. 1288. 3303.]	[nan nan nan]
6666.464366666667	2.0	trials	1.0	2.0	75.0	biphasic	25.0	200.0	1.0	10.0	25.0	16r	16.0	0.0	monopolar		[8428. 1288. 3303.]	[nan nan nan]
6668.4663666666665	2.0	trials	1.0	2.0	75.0	biphasic	25.0	200.0	1.0	10.0	25.0	16r	16.0	0.0	monopolar		[8428. 1288. 3303.]	[nan nan nan]
6670.468366666667	2.0	trials	1.0	2.0	75.0	biphasic	25.0	200.0	1.0	10.0	25.0	16r	16.0	0.0	monopolar		[8428. 1288. 3303.]	[nan nan nan]
6672.470366666666	2.0	trials	1.0	2.0	75.0	biphasic	25.0	200.0	1.0	10.0	25.0	16r	16.0	0.0	monopolar		[8428. 1288. 3303.]	[nan nan nan]
6692.332866666667	2.0	trials	1.0	2.0	75.0	biphasic	26.0	200.0	1.0	10.0	-50.0	16r	16.0	0.0	monopolar		[8428. 1288. 3303.]	[nan nan nan]
6694.334866666667	2.0	trials	1.0	2.0	75.0	biphasic	26.0	200.0	1.0	10.0	-50.0	16r	16.0	0.0	monopolar		[8428. 1288. 3303.]	[nan nan nan]
6696.3368666666665	2.0	trials	1.0	2.0	75.0	biphasic	26.0	200.0	1.0	10.0	-50.0	16r	16.0	0.0	monopolar		[8428. 1288. 3303.]	[nan nan nan]
6698.338866666667	2.0	trials	1.0	2.0	75.0	biphasic	26.0	200.0	1.0	10.0	-50.0	16r	16.0	0.0	monopolar		[8428. 1288. 3303.]	[nan nan nan]
6700.340866666666	2.0	trials	1.0	2.0	75.0	biphasic	26.0	200.0	1.0	10.0	-50.0	16r	16.0	0.0	monopolar		[8428. 1288. 3303.]	[nan nan nan]
6702.342866666667	2.0	trials	1.0	2.0	75.0	biphasic	26.0	200.0	1.0	10.0	-50.0	16r	16.0	0.0	monopolar		[8428. 1288. 3303.]	[nan nan nan]
6704.344866666666	2.0	trials	1.0	2.0	75.0	biphasic	26.0	200.0	1.0	10.0	-50.0	16r	16.0	0.0	monopolar		[8428. 1288. 3303.]	[nan nan nan]
6706.346866666667	2.0	trials	1.0	2.0	75.0	biphasic	26.0	200.0	1.0	10.0	-50.0	16r	16.0	0.0	monopolar		[8428. 1288. 3303.]	[nan nan nan]
6708.348866666666	2.0	trials	1.0	2.0	75.0	biphasic	26.0	200.0	1.0	10.0	-50.0	16r	16.0	0.0	monopolar		[8428. 1288. 3303.]	[nan nan nan]
6710.350866666667	2.0	trials	1.0	2.0	75.0	biphasic	26.0	200.0	1.0	10.0	-50.0	16r	16.0	0.0	monopolar		[8428. 1288. 3303.]	[nan nan nan]
6712.352866666667	2.0	trials	1.0	2.0	75.0	biphasic	26.0	200.0	1.0	10.0	-50.0	16r	16.0	0.0	monopolar		[8428. 1288. 3303.]	[nan nan nan]
6714.354866666667	2.0	trials	1.0	2.0	75.0	biphasic	26.0	200.0	1.0	10.0	-50.0	16r	16.0	0.0	monopolar		[8428. 1288. 3303.]	[nan nan nan]
6716.356866666667	2.0	trials	1.0	2.0	75.0	biphasic	26.0	200.0	1.0	10.0	-50.0	16r	16.0	0.0	monopolar		[8428. 1288. 3303.]	[nan nan nan]
6718.358833333334	2.0	trials	1.0	2.0	75.0	biphasic	26.0	200.0	1.0	10.0	-50.0	16r	16.0	0.0	monopolar		[8428. 1288. 3303.]	[nan nan nan]
6720.360833333333	2.0	trials	1.0	2.0	75.0	biphasic	26.0	200.0	1.0	10.0	-50.0	16r	16.0	0.0	monopolar		[8428. 1288. 3303.]	[nan nan nan]
6722.362833333334	2.0	trials	1.0	2.0	75.0	biphasic	26.0	200.0	1.0	10.0	-50.0	16r	16.0	0.0	monopolar		[8428. 1288. 3303.]	[nan nan nan]
6724.364833333333	2.0	trials	1.0	2.0	75.0	biphasic	26.0	200.0	1.0	10.0	-50.0	16r	16.0	0.0	monopolar		[8428. 1288. 3303.]	[nan nan nan]
6726.3668333333335	2.0	trials	1.0	2.0	75.0	biphasic	26.0	200.0	1.0	10.0	-50.0	16r	16.0	0.0	monopolar		[8428. 1288. 3303.]	[nan nan nan]
6728.368833333333	2.0	trials	1.0	2.0	75.0	biphasic	26.0	200.0	1.0	10.0	-50.0	16r	16.0	0.0	monopolar		[8428. 1288. 3303.]	[nan nan nan]
6730.371271508547	2.0	trials	1.0	2.0	75.0	biphasic	26.0	200.0	1.0	10.0	-50.0	16r	16.0	0.0	monopolar		[8428. 1288. 3303.]	[nan nan nan]
6732.372833333333	2.0	trials	1.0	2.0	75.0	biphasic	26.0	200.0	1.0	10.0	-50.0	16r	16.0	0.0	monopolar		[8428. 1288. 3303.]	[nan nan nan]
6734.374833333333	2.0	trials	1.0	2.0	75.0	biphasic	26.0	200.0	1.0	10.0	-50.0	16r	16.0	0.0	monopolar		[8428. 1288. 3303.]	[nan nan nan]
6736.376833333334	2.0	trials	1.0	2.0	75.0	biphasic	26.0	200.0	1.0	10.0	-50.0	16r	16.0	0.0	monopolar		[8428. 1288. 3303.]	[nan nan nan]
6738.378833333333	2.0	trials	1.0	2.0	75.0	biphasic	26.0	200.0	1.0	10.0	-50.0	16r	16.0	0.0	monopolar		[8428. 1288. 3303.]	[nan nan nan]
6740.380833333334	2.0	trials	1.0	2.0	75.0	biphasic	26.0	200.0	1.0	10.0	-50.0	16r	16.0	0.0	monopolar		[8428. 1288. 3303.]	[nan nan nan]
6742.382833333333	2.0	trials	1.0	2.0	75.0	biphasic	26.0	200.0	1.0	10.0	-50.0	16r	16.0	0.0	monopolar		[8428. 1288. 3303.]	[nan nan nan]
6744.3848	2.0	trials	1.0	2.0	75.0	biphasic	26.0	200.0	1.0	10.0	-50.0	16r	16.0	0.0	monopolar		[8428. 1288. 3303.]	[nan nan nan]
6746.3868	2.0	trials	1.0	2.0	75.0	biphasic	26.0	200.0	1.0	10.0	-50.0	16r	16.0	0.0	monopolar		[8428. 1288. 3303.]	[nan nan nan]
6748.3888	2.0	trials	1.0	2.0	75.0	biphasic	26.0	200.0	1.0	10.0	-50.0	16r	16.0	0.0	monopolar		[8428. 1288. 3303.]	[nan nan nan]
6750.3908	2.0	trials	1.0	2.0	75.0	biphasic	26.0	200.0	1.0	10.0	-50.0	16r	16.0	0.0	monopolar		[8428. 1288. 3303.]	[nan nan nan]
6752.3928	2.0	trials	1.0	2.0	75.0	biphasic	26.0	200.0	1.0	10.0	-50.0	16r	16.0	0.0	monopolar		[8428. 1288. 3303.]	[nan nan nan]
6754.3948	2.0	trials	1.0	2.0	75.0	biphasic	26.0	200.0	1.0	10.0	-50.0	16r	16.0	0.0	monopolar		[8428. 1288. 3303.]	[nan nan nan]
6756.3968	2.0	trials	1.0	2.0	75.0	biphasic	26.0	200.0	1.0	10.0	-50.0	16r	16.0	0.0	monopolar		[8428. 1288. 3303.]	[nan nan nan]
6758.3988	2.0	trials	1.0	2.0	75.0	biphasic	26.0	200.0	1.0	10.0	-50.0	16r	16.0	0.0	monopolar		[8428. 1288. 3303.]	[nan nan nan]
6760.4008	2.0	trials	1.0	2.0	75.0	biphasic	26.0	200.0	1.0	10.0	-50.0	16r	16.0	0.0	monopolar		[8428. 1288. 3303.]	[nan nan nan]
6762.4028	2.0	trials	1.0	2.0	75.0	biphasic	26.0	200.0	1.0	10.0	-50.0	16r	16.0	0.0	monopolar		[8428. 1288. 3303.]	[nan nan nan]
6764.404359609091	2.0	trials	1.0	2.0	75.0	biphasic	26.0	200.0	1.0	10.0	-50.0	16r	16.0	0.0	monopolar		[8428. 1288. 3303.]	[nan nan nan]
6766.4068	2.0	trials	1.0	2.0	75.0	biphasic	26.0	200.0	1.0	10.0	-50.0	16r	16.0	0.0	monopolar		[8428. 1288. 3303.]	[nan nan nan]
6768.4088	2.0	trials	1.0	2.0	75.0	biphasic	26.0	200.0	1.0	10.0	-50.0	16r	16.0	0.0	monopolar		[8428. 1288. 3303.]	[nan nan nan]
6770.410325884744	2.0	trials	1.0	2.0	75.0	biphasic	26.0	200.0	1.0	10.0	-50.0	16r	16.0	0.0	monopolar		[8428. 1288. 3303.]	[nan nan nan]
6772.412766666666	2.0	trials	1.0	2.0	75.0	biphasic	26.0	200.0	1.0	10.0	-50.0	16r	16.0	0.0	monopolar		[8428. 1288. 3303.]	[nan nan nan]
6774.414766666667	2.0	trials	1.0	2.0	75.0	biphasic	26.0	200.0	1.0	10.0	-50.0	16r	16.0	0.0	monopolar		[8428. 1288. 3303.]	[nan nan nan]
6776.416325493728	2.0	trials	1.0	2.0	75.0	biphasic	26.0	200.0	1.0	10.0	-50.0	16r	16.0	0.0	monopolar		[8428. 1288. 3303.]	[nan nan nan]
6778.418766666667	2.0	trials	1.0	2.0	75.0	biphasic	26.0	200.0	1.0	10.0	-50.0	16r	16.0	0.0	monopolar		[8428. 1288. 3303.]	[nan nan nan]
6780.420766666667	2.0	trials	1.0	2.0	75.0	biphasic	26.0	200.0	1.0	10.0	-50.0	16r	16.0	0.0	monopolar		[8428. 1288. 3303.]	[nan nan nan]
6782.422766666667	2.0	trials	1.0	2.0	75.0	biphasic	26.0	200.0	1.0	10.0	-50.0	16r	16.0	0.0	monopolar		[8428. 1288. 3303.]	[nan nan nan]
6784.424766666667	2.0	trials	1.0	2.0	75.0	biphasic	26.0	200.0	1.0	10.0	-50.0	16r	16.0	0.0	monopolar		[8428. 1288. 3303.]	[nan nan nan]
6786.4267666666665	2.0	trials	1.0	2.0	75.0	biphasic	26.0	200.0	1.0	10.0	-50.0	16r	16.0	0.0	monopolar		[8428. 1288. 3303.]	[nan nan nan]
6788.428766666667	2.0	trials	1.0	2.0	75.0	biphasic	26.0	200.0	1.0	10.0	-50.0	16r	16.0	0.0	monopolar		[8428. 1288. 3303.]	[nan nan nan]
6790.430766666666	2.0	trials	1.0	2.0	75.0	biphasic	26.0	200.0	1.0	10.0	-50.0	16r	16.0	0.0	monopolar		[8428. 1288. 3303.]	[nan nan nan]
6792.432766666667	2.0	trials	1.0	2.0	75.0	biphasic	26.0	200.0	1.0	10.0	-50.0	16r	16.0	0.0	monopolar		[8428. 1288. 3303.]	[nan nan nan]
6794.434766666666	2.0	trials	1.0	2.0	75.0	biphasic	26.0	200.0	1.0	10.0	-50.0	16r	16.0	0.0	monopolar		[8428. 1288. 3303.]	[nan nan nan]
6796.436766666667	2.0	trials	1.0	2.0	75.0	biphasic	26.0	200.0	1.0	10.0	-50.0	16r	16.0	0.0	monopolar		[8428. 1288. 3303.]	[nan nan nan]
6798.438733333333	2.0	trials	1.0	2.0	75.0	biphasic	26.0	200.0	1.0	10.0	-50.0	16r	16.0	0.0	monopolar		[8428. 1288. 3303.]	[nan nan nan]
6800.440733333333	2.0	trials	1.0	2.0	75.0	biphasic	26.0	200.0	1.0	10.0	-50.0	16r	16.0	0.0	monopolar		[8428. 1288. 3303.]	[nan nan nan]
6802.442733333333	2.0	trials	1.0	2.0	75.0	biphasic	26.0	200.0	1.0	10.0	-50.0	16r	16.0	0.0	monopolar		[8428. 1288. 3303.]	[nan nan nan]
6804.444733333334	2.0	trials	1.0	2.0	75.0	biphasic	26.0	200.0	1.0	10.0	-50.0	16r	16.0	0.0	monopolar		[8428. 1288. 3303.]	[nan nan nan]
6806.446733333333	2.0	trials	1.0	2.0	75.0	biphasic	26.0	200.0	1.0	10.0	-50.0	16r	16.0	0.0	monopolar		[8428. 1288. 3303.]	[nan nan nan]
6808.448733333334	2.0	trials	1.0	2.0	75.0	biphasic	26.0	200.0	1.0	10.0	-50.0	16r	16.0	0.0	monopolar		[8428. 1288. 3303.]	[nan nan nan]
6810.450733333333	2.0	trials	1.0	2.0	75.0	biphasic	26.0	200.0	1.0	10.0	-50.0	16r	16.0	0.0	monopolar		[8428. 1288. 3303.]	[nan nan nan]
6812.4527333333335	2.0	trials	1.0	2.0	75.0	biphasic	26.0	200.0	1.0	10.0	-50.0	16r	16.0	0.0	monopolar		[8428. 1288. 3303.]	[nan nan nan]
6814.454733333333	2.0	trials	1.0	2.0	75.0	biphasic	26.0	200.0	1.0	10.0	-50.0	16r	16.0	0.0	monopolar		[8428. 1288. 3303.]	[nan nan nan]
6816.456289553627	2.0	trials	1.0	2.0	75.0	biphasic	26.0	200.0	1.0	10.0	-50.0	16r	16.0	0.0	monopolar		[8428. 1288. 3303.]	[nan nan nan]
6818.458733333333	2.0	trials	1.0	2.0	75.0	biphasic	26.0	200.0	1.0	10.0	-50.0	16r	16.0	0.0	monopolar		[8428. 1288. 3303.]	[nan nan nan]
6820.460733333333	2.0	trials	1.0	2.0	75.0	biphasic	26.0	200.0	1.0	10.0	-50.0	16r	16.0	0.0	monopolar		[8428. 1288. 3303.]	[nan nan nan]
6822.463177504113	2.0	trials	1.0	2.0	75.0	biphasic	26.0	200.0	1.0	10.0	-50.0	16r	16.0	0.0	monopolar		[8428. 1288. 3303.]	[nan nan nan]
6824.4647	2.0	trials	1.0	2.0	75.0	biphasic	26.0	200.0	1.0	10.0	-50.0	16r	16.0	0.0	monopolar		[8428. 1288. 3303.]	[nan nan nan]
6826.4667	2.0	trials	1.0	2.0	75.0	biphasic	26.0	200.0	1.0	10.0	-50.0	16r	16.0	0.0	monopolar		[8428. 1288. 3303.]	[nan nan nan]
6828.469144561794	2.0	trials	1.0	2.0	75.0	biphasic	26.0	200.0	1.0	10.0	-50.0	16r	16.0	0.0	monopolar		[8428. 1288. 3303.]	[nan nan nan]
6830.4707	2.0	trials	1.0	2.0	75.0	biphasic	26.0	200.0	1.0	10.0	-50.0	16r	16.0	0.0	monopolar		[8428. 1288. 3303.]	[nan nan nan]
6832.4727	2.0	trials	1.0	2.0	75.0	biphasic	26.0	200.0	1.0	10.0	-50.0	16r	16.0	0.0	monopolar		[8428. 1288. 3303.]	[nan nan nan]
6834.4747	2.0	trials	1.0	2.0	75.0	biphasic	26.0	200.0	1.0	10.0	-50.0	16r	16.0	0.0	monopolar		[8428. 1288. 3303.]	[nan nan nan]
6836.4767	2.0	trials	1.0	2.0	75.0	biphasic	26.0	200.0	1.0	10.0	-50.0	16r	16.0	0.0	monopolar		[8428. 1288. 3303.]	[nan nan nan]
6838.4787	2.0	trials	1.0	2.0	75.0	biphasic	26.0	200.0	1.0	10.0	-50.0	16r	16.0	0.0	monopolar		[8428. 1288. 3303.]	[nan nan nan]
6840.4807	2.0	trials	1.0	2.0	75.0	biphasic	26.0	200.0	1.0	10.0	-50.0	16r	16.0	0.0	monopolar		[8428. 1288. 3303.]	[nan nan nan]
6856.1322	2.0	trials	1.0	2.0	75.0	biphasic	27.0	200.0	1.0	10.0	50.0	16r	16.0	0.0	monopolar		[8428. 1288. 3303.]	[nan nan nan]
6858.1342	2.0	trials	1.0	2.0	75.0	biphasic	27.0	200.0	1.0	10.0	50.0	16r	16.0	0.0	monopolar		[8428. 1288. 3303.]	[nan nan nan]
6860.1366466234795	2.0	trials	1.0	2.0	75.0	biphasic	27.0	200.0	1.0	10.0	50.0	16r	16.0	0.0	monopolar		[8428. 1288. 3303.]	[nan nan nan]
6862.1382	2.0	trials	1.0	2.0	75.0	biphasic	27.0	200.0	1.0	10.0	50.0	16r	16.0	0.0	monopolar		[8428. 1288. 3303.]	[nan nan nan]
6864.1402	2.0	trials	1.0	2.0	75.0	biphasic	27.0	200.0	1.0	10.0	50.0	16r	16.0	0.0	monopolar		[8428. 1288. 3303.]	[nan nan nan]
6866.142647014495	2.0	trials	1.0	2.0	75.0	biphasic	27.0	200.0	1.0	10.0	50.0	16r	16.0	0.0	monopolar		[8428. 1288. 3303.]	[nan nan nan]
6868.1442	2.0	trials	1.0	2.0	75.0	biphasic	27.0	200.0	1.0	10.0	50.0	16r	16.0	0.0	monopolar		[8428. 1288. 3303.]	[nan nan nan]
6870.1462	2.0	trials	1.0	2.0	75.0	biphasic	27.0	200.0	1.0	10.0	50.0	16r	16.0	0.0	monopolar		[8428. 1288. 3303.]	[nan nan nan]
6872.1482	2.0	trials	1.0	2.0	75.0	biphasic	27.0	200.0	1.0	10.0	50.0	16r	16.0	0.0	monopolar		[8428. 1288. 3303.]	[nan nan nan]
6874.1502	2.0	trials	1.0	2.0	75.0	biphasic	27.0	200.0	1.0	10.0	50.0	16r	16.0	0.0	monopolar		[8428. 1288. 3303.]	[nan nan nan]
6876.152166666667	2.0	trials	1.0	2.0	75.0	biphasic	27.0	200.0	1.0	10.0	50.0	16r	16.0	0.0	monopolar		[8428. 1288. 3303.]	[nan nan nan]
6878.154166666666	2.0	trials	1.0	2.0	75.0	biphasic	27.0	200.0	1.0	10.0	50.0	16r	16.0	0.0	monopolar		[8428. 1288. 3303.]	[nan nan nan]
6880.156166666667	2.0	trials	1.0	2.0	75.0	biphasic	27.0	200.0	1.0	10.0	50.0	16r	16.0	0.0	monopolar		[8428. 1288. 3303.]	[nan nan nan]
6882.158166666667	2.0	trials	1.0	2.0	75.0	biphasic	27.0	200.0	1.0	10.0	50.0	16r	16.0	0.0	monopolar		[8428. 1288. 3303.]	[nan nan nan]
6884.160166666667	2.0	trials	1.0	2.0	75.0	biphasic	27.0	200.0	1.0	10.0	50.0	16r	16.0	0.0	monopolar		[8428. 1288. 3303.]	[nan nan nan]
6886.162166666667	2.0	trials	1.0	2.0	75.0	biphasic	27.0	200.0	1.0	10.0	50.0	16r	16.0	0.0	monopolar		[8428. 1288. 3303.]	[nan nan nan]
6888.1641666666665	2.0	trials	1.0	2.0	75.0	biphasic	27.0	200.0	1.0	10.0	50.0	16r	16.0	0.0	monopolar		[8428. 1288. 3303.]	[nan nan nan]
6890.166166666667	2.0	trials	1.0	2.0	75.0	biphasic	27.0	200.0	1.0	10.0	50.0	16r	16.0	0.0	monopolar		[8428. 1288. 3303.]	[nan nan nan]
6892.168166666666	2.0	trials	1.0	2.0	75.0	biphasic	27.0	200.0	1.0	10.0	50.0	16r	16.0	0.0	monopolar		[8428. 1288. 3303.]	[nan nan nan]
6894.170166666667	2.0	trials	1.0	2.0	75.0	biphasic	27.0	200.0	1.0	10.0	50.0	16r	16.0	0.0	monopolar		[8428. 1288. 3303.]	[nan nan nan]
6896.172166666666	2.0	trials	1.0	2.0	75.0	biphasic	27.0	200.0	1.0	10.0	50.0	16r	16.0	0.0	monopolar		[8428. 1288. 3303.]	[nan nan nan]
6898.174166666667	2.0	trials	1.0	2.0	75.0	biphasic	27.0	200.0	1.0	10.0	50.0	16r	16.0	0.0	monopolar		[8428. 1288. 3303.]	[nan nan nan]
6900.176166666667	2.0	trials	1.0	2.0	75.0	biphasic	27.0	200.0	1.0	10.0	50.0	16r	16.0	0.0	monopolar		[8428. 1288. 3303.]	[nan nan nan]
6902.178166666667	2.0	trials	1.0	2.0	75.0	biphasic	27.0	200.0	1.0	10.0	50.0	16r	16.0	0.0	monopolar		[8428. 1288. 3303.]	[nan nan nan]
6904.180133333333	2.0	trials	1.0	2.0	75.0	biphasic	27.0	200.0	1.0	10.0	50.0	16r	16.0	0.0	monopolar		[8428. 1288. 3303.]	[nan nan nan]
6906.182133333334	2.0	trials	1.0	2.0	75.0	biphasic	27.0	200.0	1.0	10.0	50.0	16r	16.0	0.0	monopolar		[8428. 1288. 3303.]	[nan nan nan]
6908.184133333333	2.0	trials	1.0	2.0	75.0	biphasic	27.0	200.0	1.0	10.0	50.0	16r	16.0	0.0	monopolar		[8428. 1288. 3303.]	[nan nan nan]
6910.186133333334	2.0	trials	1.0	2.0	75.0	biphasic	27.0	200.0	1.0	10.0	50.0	16r	16.0	0.0	monopolar		[8428. 1288. 3303.]	[nan nan nan]
6912.188133333333	2.0	trials	1.0	2.0	75.0	biphasic	27.0	200.0	1.0	10.0	50.0	16r	16.0	0.0	monopolar		[8428. 1288. 3303.]	[nan nan nan]
6914.1901333333335	2.0	trials	1.0	2.0	75.0	biphasic	27.0	200.0	1.0	10.0	50.0	16r	16.0	0.0	monopolar		[8428. 1288. 3303.]	[nan nan nan]
6916.192133333333	2.0	trials	1.0	2.0	75.0	biphasic	27.0	200.0	1.0	10.0	50.0	16r	16.0	0.0	monopolar		[8428. 1288. 3303.]	[nan nan nan]
6918.194133333333	2.0	trials	1.0	2.0	75.0	biphasic	27.0	200.0	1.0	10.0	50.0	16r	16.0	0.0	monopolar		[8428. 1288. 3303.]	[nan nan nan]
6920.196133333333	2.0	trials	1.0	2.0	75.0	biphasic	27.0	200.0	1.0	10.0	50.0	16r	16.0	0.0	monopolar		[8428. 1288. 3303.]	[nan nan nan]
6922.198133333333	2.0	trials	1.0	2.0	75.0	biphasic	27.0	200.0	1.0	10.0	50.0	16r	16.0	0.0	monopolar		[8428. 1288. 3303.]	[nan nan nan]
6924.200133333334	2.0	trials	1.0	2.0	75.0	biphasic	27.0	200.0	1.0	10.0	50.0	16r	16.0	0.0	monopolar		[8428. 1288. 3303.]	[nan nan nan]
6926.202133333333	2.0	trials	1.0	2.0	75.0	biphasic	27.0	200.0	1.0	10.0	50.0	16r	16.0	0.0	monopolar		[8428. 1288. 3303.]	[nan nan nan]
6928.204133333334	2.0	trials	1.0	2.0	75.0	biphasic	27.0	200.0	1.0	10.0	50.0	16r	16.0	0.0	monopolar		[8428. 1288. 3303.]	[nan nan nan]
6930.2061	2.0	trials	1.0	2.0	75.0	biphasic	27.0	200.0	1.0	10.0	50.0	16r	16.0	0.0	monopolar		[8428. 1288. 3303.]	[nan nan nan]
6932.2081	2.0	trials	1.0	2.0	75.0	biphasic	27.0	200.0	1.0	10.0	50.0	16r	16.0	0.0	monopolar		[8428. 1288. 3303.]	[nan nan nan]
6934.2101	2.0	trials	1.0	2.0	75.0	biphasic	27.0	200.0	1.0	10.0	50.0	16r	16.0	0.0	monopolar		[8428. 1288. 3303.]	[nan nan nan]
6936.2121	2.0	trials	1.0	2.0	75.0	biphasic	27.0	200.0	1.0	10.0	50.0	16r	16.0	0.0	monopolar		[8428. 1288. 3303.]	[nan nan nan]
6938.2141	2.0	trials	1.0	2.0	75.0	biphasic	27.0	200.0	1.0	10.0	50.0	16r	16.0	0.0	monopolar		[8428. 1288. 3303.]	[nan nan nan]
6940.2161	2.0	trials	1.0	2.0	75.0	biphasic	27.0	200.0	1.0	10.0	50.0	16r	16.0	0.0	monopolar		[8428. 1288. 3303.]	[nan nan nan]
6942.2181	2.0	trials	1.0	2.0	75.0	biphasic	27.0	200.0	1.0	10.0	50.0	16r	16.0	0.0	monopolar		[8428. 1288. 3303.]	[nan nan nan]
6944.2201	2.0	trials	1.0	2.0	75.0	biphasic	27.0	200.0	1.0	10.0	50.0	16r	16.0	0.0	monopolar		[8428. 1288. 3303.]	[nan nan nan]
6946.2216477720285	2.0	trials	1.0	2.0	75.0	biphasic	27.0	200.0	1.0	10.0	50.0	16r	16.0	0.0	monopolar		[8428. 1288. 3303.]	[nan nan nan]
6948.2241	2.0	trials	1.0	2.0	75.0	biphasic	27.0	200.0	1.0	10.0	50.0	16r	16.0	0.0	monopolar		[8428. 1288. 3303.]	[nan nan nan]
6950.2261	2.0	trials	1.0	2.0	75.0	biphasic	27.0	200.0	1.0	10.0	50.0	16r	16.0	0.0	monopolar		[8428. 1288. 3303.]	[nan nan nan]
6952.2276473810125	2.0	trials	1.0	2.0	75.0	biphasic	27.0	200.0	1.0	10.0	50.0	16r	16.0	0.0	monopolar		[8428. 1288. 3303.]	[nan nan nan]
6954.2301	2.0	trials	1.0	2.0	75.0	biphasic	27.0	200.0	1.0	10.0	50.0	16r	16.0	0.0	monopolar		[8428. 1288. 3303.]	[nan nan nan]
6956.2320666666665	2.0	trials	1.0	2.0	75.0	biphasic	27.0	200.0	1.0	10.0	50.0	16r	16.0	0.0	monopolar		[8428. 1288. 3303.]	[nan nan nan]
6958.234066666667	2.0	trials	1.0	2.0	75.0	biphasic	27.0	200.0	1.0	10.0	50.0	16r	16.0	0.0	monopolar		[8428. 1288. 3303.]	[nan nan nan]
6960.236066666666	2.0	trials	1.0	2.0	75.0	biphasic	27.0	200.0	1.0	10.0	50.0	16r	16.0	0.0	monopolar		[8428. 1288. 3303.]	[nan nan nan]
6962.238066666667	2.0	trials	1.0	2.0	75.0	biphasic	27.0	200.0	1.0	10.0	50.0	16r	16.0	0.0	monopolar		[8428. 1288. 3303.]	[nan nan nan]
6964.240066666666	2.0	trials	1.0	2.0	75.0	biphasic	27.0	200.0	1.0	10.0	50.0	16r	16.0	0.0	monopolar		[8428. 1288. 3303.]	[nan nan nan]
6966.242066666667	2.0	trials	1.0	2.0	75.0	biphasic	27.0	200.0	1.0	10.0	50.0	16r	16.0	0.0	monopolar		[8428. 1288. 3303.]	[nan nan nan]
6968.244066666667	2.0	trials	1.0	2.0	75.0	biphasic	27.0	200.0	1.0	10.0	50.0	16r	16.0	0.0	monopolar		[8428. 1288. 3303.]	[nan nan nan]
6970.246066666667	2.0	trials	1.0	2.0	75.0	biphasic	27.0	200.0	1.0	10.0	50.0	16r	16.0	0.0	monopolar		[8428. 1288. 3303.]	[nan nan nan]
6972.248066666667	2.0	trials	1.0	2.0	75.0	biphasic	27.0	200.0	1.0	10.0	50.0	16r	16.0	0.0	monopolar		[8428. 1288. 3303.]	[nan nan nan]
6974.2500666666665	2.0	trials	1.0	2.0	75.0	biphasic	27.0	200.0	1.0	10.0	50.0	16r	16.0	0.0	monopolar		[8428. 1288. 3303.]	[nan nan nan]
6976.252066666667	2.0	trials	1.0	2.0	75.0	biphasic	27.0	200.0	1.0	10.0	50.0	16r	16.0	0.0	monopolar		[8428. 1288. 3303.]	[nan nan nan]
6978.254066666666	2.0	trials	1.0	2.0	75.0	biphasic	27.0	200.0	1.0	10.0	50.0	16r	16.0	0.0	monopolar		[8428. 1288. 3303.]	[nan nan nan]
6980.256066666667	2.0	trials	1.0	2.0	75.0	biphasic	27.0	200.0	1.0	10.0	50.0	16r	16.0	0.0	monopolar		[8428. 1288. 3303.]	[nan nan nan]
6982.258066666666	2.0	trials	1.0	2.0	75.0	biphasic	27.0	200.0	1.0	10.0	50.0	16r	16.0	0.0	monopolar		[8428. 1288. 3303.]	[nan nan nan]
6984.260033333333	2.0	trials	1.0	2.0	75.0	biphasic	27.0	200.0	1.0	10.0	50.0	16r	16.0	0.0	monopolar		[8428. 1288. 3303.]	[nan nan nan]
6986.262033333333	2.0	trials	1.0	2.0	75.0	biphasic	27.0	200.0	1.0	10.0	50.0	16r	16.0	0.0	monopolar		[8428. 1288. 3303.]	[nan nan nan]
6988.264033333333	2.0	trials	1.0	2.0	75.0	biphasic	27.0	200.0	1.0	10.0	50.0	16r	16.0	0.0	monopolar		[8428. 1288. 3303.]	[nan nan nan]
6990.266033333333	2.0	trials	1.0	2.0	75.0	biphasic	27.0	200.0	1.0	10.0	50.0	16r	16.0	0.0	monopolar		[8428. 1288. 3303.]	[nan nan nan]
6992.2675781075795	2.0	trials	1.0	2.0	75.0	biphasic	27.0	200.0	1.0	10.0	50.0	16r	16.0	0.0	monopolar		[8428. 1288. 3303.]	[nan nan nan]
6994.270033333333	2.0	trials	1.0	2.0	75.0	biphasic	27.0	200.0	1.0	10.0	50.0	16r	16.0	0.0	monopolar		[8428. 1288. 3303.]	[nan nan nan]
6996.272033333334	2.0	trials	1.0	2.0	75.0	biphasic	27.0	200.0	1.0	10.0	50.0	16r	16.0	0.0	monopolar		[8428. 1288. 3303.]	[nan nan nan]
6998.274488950162	2.0	trials	1.0	2.0	75.0	biphasic	27.0	200.0	1.0	10.0	50.0	16r	16.0	0.0	monopolar		[8428. 1288. 3303.]	[nan nan nan]
7000.2760333333335	2.0	trials	1.0	2.0	75.0	biphasic	27.0	200.0	1.0	10.0	50.0	16r	16.0	0.0	monopolar		[8428. 1288. 3303.]	[nan nan nan]
7002.278033333333	2.0	trials	1.0	2.0	75.0	biphasic	27.0	200.0	1.0	10.0	50.0	16r	16.0	0.0	monopolar		[8428. 1288. 3303.]	[nan nan nan]
7004.280489341178	2.0	trials	1.0	2.0	75.0	biphasic	27.0	200.0	1.0	10.0	50.0	16r	16.0	0.0	monopolar		[8428. 1288. 3303.]	[nan nan nan]
7075.260366666666	2.0	trials	1.0	2.0	75.0	biphasic	28.0	100.0	1.0	10.0	-25.0	16r	16.0	0.0	monopolar		[8428. 1288. 3303.]	[nan nan nan]
7077.262366666667	2.0	trials	1.0	2.0	75.0	biphasic	28.0	100.0	1.0	10.0	-25.0	16r	16.0	0.0	monopolar		[8428. 1288. 3303.]	[nan nan nan]
7079.264366666666	2.0	trials	1.0	2.0	75.0	biphasic	28.0	100.0	1.0	10.0	-25.0	16r	16.0	0.0	monopolar		[8428. 1288. 3303.]	[nan nan nan]
7081.266366666667	2.0	trials	1.0	2.0	75.0	biphasic	28.0	100.0	1.0	10.0	-25.0	16r	16.0	0.0	monopolar		[8428. 1288. 3303.]	[nan nan nan]
7083.268333333333	2.0	trials	1.0	2.0	75.0	biphasic	28.0	100.0	1.0	10.0	-25.0	16r	16.0	0.0	monopolar		[8428. 1288. 3303.]	[nan nan nan]
7085.270333333333	2.0	trials	1.0	2.0	75.0	biphasic	28.0	100.0	1.0	10.0	-25.0	16r	16.0	0.0	monopolar		[8428. 1288. 3303.]	[nan nan nan]
7087.272333333333	2.0	trials	1.0	2.0	75.0	biphasic	28.0	100.0	1.0	10.0	-25.0	16r	16.0	0.0	monopolar		[8428. 1288. 3303.]	[nan nan nan]
7089.274333333334	2.0	trials	1.0	2.0	75.0	biphasic	28.0	100.0	1.0	10.0	-25.0	16r	16.0	0.0	monopolar		[8428. 1288. 3303.]	[nan nan nan]
7091.276333333333	2.0	trials	1.0	2.0	75.0	biphasic	28.0	100.0	1.0	10.0	-25.0	16r	16.0	0.0	monopolar		[8428. 1288. 3303.]	[nan nan nan]
7093.278333333334	2.0	trials	1.0	2.0	75.0	biphasic	28.0	100.0	1.0	10.0	-25.0	16r	16.0	0.0	monopolar		[8428. 1288. 3303.]	[nan nan nan]
7095.280333333333	2.0	trials	1.0	2.0	75.0	biphasic	28.0	100.0	1.0	10.0	-25.0	16r	16.0	0.0	monopolar		[8428. 1288. 3303.]	[nan nan nan]
7097.282333333334	2.0	trials	1.0	2.0	75.0	biphasic	28.0	100.0	1.0	10.0	-25.0	16r	16.0	0.0	monopolar		[8428. 1288. 3303.]	[nan nan nan]
7099.284333333333	2.0	trials	1.0	2.0	75.0	biphasic	28.0	100.0	1.0	10.0	-25.0	16r	16.0	0.0	monopolar		[8428. 1288. 3303.]	[nan nan nan]
7101.2863333333335	2.0	trials	1.0	2.0	75.0	biphasic	28.0	100.0	1.0	10.0	-25.0	16r	16.0	0.0	monopolar		[8428. 1288. 3303.]	[nan nan nan]
7103.288333333333	2.0	trials	1.0	2.0	75.0	biphasic	28.0	100.0	1.0	10.0	-25.0	16r	16.0	0.0	monopolar		[8428. 1288. 3303.]	[nan nan nan]
7105.290333333333	2.0	trials	1.0	2.0	75.0	biphasic	28.0	100.0	1.0	10.0	-25.0	16r	16.0	0.0	monopolar		[8428. 1288. 3303.]	[nan nan nan]
7107.292333333334	2.0	trials	1.0	2.0	75.0	biphasic	28.0	100.0	1.0	10.0	-25.0	16r	16.0	0.0	monopolar		[8428. 1288. 3303.]	[nan nan nan]
7109.2943	2.0	trials	1.0	2.0	75.0	biphasic	28.0	100.0	1.0	10.0	-25.0	16r	16.0	0.0	monopolar		[8428. 1288. 3303.]	[nan nan nan]
7111.2963	2.0	trials	1.0	2.0	75.0	biphasic	28.0	100.0	1.0	10.0	-25.0	16r	16.0	0.0	monopolar		[8428. 1288. 3303.]	[nan nan nan]
7113.2983	2.0	trials	1.0	2.0	75.0	biphasic	28.0	100.0	1.0	10.0	-25.0	16r	16.0	0.0	monopolar		[8428. 1288. 3303.]	[nan nan nan]
7115.3003	2.0	trials	1.0	2.0	75.0	biphasic	28.0	100.0	1.0	10.0	-25.0	16r	16.0	0.0	monopolar		[8428. 1288. 3303.]	[nan nan nan]
7117.3023	2.0	trials	1.0	2.0	75.0	biphasic	28.0	100.0	1.0	10.0	-25.0	16r	16.0	0.0	monopolar		[8428. 1288. 3303.]	[nan nan nan]
7119.3043	2.0	trials	1.0	2.0	75.0	biphasic	28.0	100.0	1.0	10.0	-25.0	16r	16.0	0.0	monopolar		[8428. 1288. 3303.]	[nan nan nan]
7121.3063	2.0	trials	1.0	2.0	75.0	biphasic	28.0	100.0	1.0	10.0	-25.0	16r	16.0	0.0	monopolar		[8428. 1288. 3303.]	[nan nan nan]
7123.3083	2.0	trials	1.0	2.0	75.0	biphasic	28.0	100.0	1.0	10.0	-25.0	16r	16.0	0.0	monopolar		[8428. 1288. 3303.]	[nan nan nan]
7125.3103	2.0	trials	1.0	2.0	75.0	biphasic	28.0	100.0	1.0	10.0	-25.0	16r	16.0	0.0	monopolar		[8428. 1288. 3303.]	[nan nan nan]
7127.3123	2.0	trials	1.0	2.0	75.0	biphasic	28.0	100.0	1.0	10.0	-25.0	16r	16.0	0.0	monopolar		[8428. 1288. 3303.]	[nan nan nan]
7129.3143	2.0	trials	1.0	2.0	75.0	biphasic	28.0	100.0	1.0	10.0	-25.0	16r	16.0	0.0	monopolar		[8428. 1288. 3303.]	[nan nan nan]
7131.3163	2.0	trials	1.0	2.0	75.0	biphasic	28.0	100.0	1.0	10.0	-25.0	16r	16.0	0.0	monopolar		[8428. 1288. 3303.]	[nan nan nan]
7133.3183	2.0	trials	1.0	2.0	75.0	biphasic	28.0	100.0	1.0	10.0	-25.0	16r	16.0	0.0	monopolar		[8428. 1288. 3303.]	[nan nan nan]
7135.3203	2.0	trials	1.0	2.0	75.0	biphasic	28.0	100.0	1.0	10.0	-25.0	16r	16.0	0.0	monopolar		[8428. 1288. 3303.]	[nan nan nan]
7137.322266666667	2.0	trials	1.0	2.0	75.0	biphasic	28.0	100.0	1.0	10.0	-25.0	16r	16.0	0.0	monopolar		[8428. 1288. 3303.]	[nan nan nan]
7139.3242666666665	2.0	trials	1.0	2.0	75.0	biphasic	28.0	100.0	1.0	10.0	-25.0	16r	16.0	0.0	monopolar		[8428. 1288. 3303.]	[nan nan nan]
7141.326266666667	2.0	trials	1.0	2.0	75.0	biphasic	28.0	100.0	1.0	10.0	-25.0	16r	16.0	0.0	monopolar		[8428. 1288. 3303.]	[nan nan nan]
7143.328266666666	2.0	trials	1.0	2.0	75.0	biphasic	28.0	100.0	1.0	10.0	-25.0	16r	16.0	0.0	monopolar		[8428. 1288. 3303.]	[nan nan nan]
7145.330266666667	2.0	trials	1.0	2.0	75.0	biphasic	28.0	100.0	1.0	10.0	-25.0	16r	16.0	0.0	monopolar		[8428. 1288. 3303.]	[nan nan nan]
7147.332266666666	2.0	trials	1.0	2.0	75.0	biphasic	28.0	100.0	1.0	10.0	-25.0	16r	16.0	0.0	monopolar		[8428. 1288. 3303.]	[nan nan nan]
7149.334266666667	2.0	trials	1.0	2.0	75.0	biphasic	28.0	100.0	1.0	10.0	-25.0	16r	16.0	0.0	monopolar		[8428. 1288. 3303.]	[nan nan nan]
7151.336266666666	2.0	trials	1.0	2.0	75.0	biphasic	28.0	100.0	1.0	10.0	-25.0	16r	16.0	0.0	monopolar		[8428. 1288. 3303.]	[nan nan nan]
7153.338266666667	2.0	trials	1.0	2.0	75.0	biphasic	28.0	100.0	1.0	10.0	-25.0	16r	16.0	0.0	monopolar		[8428. 1288. 3303.]	[nan nan nan]
7155.340266666667	2.0	trials	1.0	2.0	75.0	biphasic	28.0	100.0	1.0	10.0	-25.0	16r	16.0	0.0	monopolar		[8428. 1288. 3303.]	[nan nan nan]
7157.342266666667	2.0	trials	1.0	2.0	75.0	biphasic	28.0	100.0	1.0	10.0	-25.0	16r	16.0	0.0	monopolar		[8428. 1288. 3303.]	[nan nan nan]
7159.344266666667	2.0	trials	1.0	2.0	75.0	biphasic	28.0	100.0	1.0	10.0	-25.0	16r	16.0	0.0	monopolar		[8428. 1288. 3303.]	[nan nan nan]
7161.346266666666	2.0	trials	1.0	2.0	75.0	biphasic	28.0	100.0	1.0	10.0	-25.0	16r	16.0	0.0	monopolar		[8428. 1288. 3303.]	[nan nan nan]
7163.348233333333	2.0	trials	1.0	2.0	75.0	biphasic	28.0	100.0	1.0	10.0	-25.0	16r	16.0	0.0	monopolar		[8428. 1288. 3303.]	[nan nan nan]
7165.350233333334	2.0	trials	1.0	2.0	75.0	biphasic	28.0	100.0	1.0	10.0	-25.0	16r	16.0	0.0	monopolar		[8428. 1288. 3303.]	[nan nan nan]
7167.352233333333	2.0	trials	1.0	2.0	75.0	biphasic	28.0	100.0	1.0	10.0	-25.0	16r	16.0	0.0	monopolar		[8428. 1288. 3303.]	[nan nan nan]
7169.3542333333335	2.0	trials	1.0	2.0	75.0	biphasic	28.0	100.0	1.0	10.0	-25.0	16r	16.0	0.0	monopolar		[8428. 1288. 3303.]	[nan nan nan]
7171.356233333333	2.0	trials	1.0	2.0	75.0	biphasic	28.0	100.0	1.0	10.0	-25.0	16r	16.0	0.0	monopolar		[8428. 1288. 3303.]	[nan nan nan]
7173.358233333333	2.0	trials	1.0	2.0	75.0	biphasic	28.0	100.0	1.0	10.0	-25.0	16r	16.0	0.0	monopolar		[8428. 1288. 3303.]	[nan nan nan]
7175.360233333334	2.0	trials	1.0	2.0	75.0	biphasic	28.0	100.0	1.0	10.0	-25.0	16r	16.0	0.0	monopolar		[8428. 1288. 3303.]	[nan nan nan]
7177.362233333333	2.0	trials	1.0	2.0	75.0	biphasic	28.0	100.0	1.0	10.0	-25.0	16r	16.0	0.0	monopolar		[8428. 1288. 3303.]	[nan nan nan]
7179.364233333334	2.0	trials	1.0	2.0	75.0	biphasic	28.0	100.0	1.0	10.0	-25.0	16r	16.0	0.0	monopolar		[8428. 1288. 3303.]	[nan nan nan]
7181.366233333333	2.0	trials	1.0	2.0	75.0	biphasic	28.0	100.0	1.0	10.0	-25.0	16r	16.0	0.0	monopolar		[8428. 1288. 3303.]	[nan nan nan]
7183.368233333334	2.0	trials	1.0	2.0	75.0	biphasic	28.0	100.0	1.0	10.0	-25.0	16r	16.0	0.0	monopolar		[8428. 1288. 3303.]	[nan nan nan]
7185.370233333333	2.0	trials	1.0	2.0	75.0	biphasic	28.0	100.0	1.0	10.0	-25.0	16r	16.0	0.0	monopolar		[8428. 1288. 3303.]	[nan nan nan]
7187.3722333333335	2.0	trials	1.0	2.0	75.0	biphasic	28.0	100.0	1.0	10.0	-25.0	16r	16.0	0.0	monopolar		[8428. 1288. 3303.]	[nan nan nan]
7189.374233333333	2.0	trials	1.0	2.0	75.0	biphasic	28.0	100.0	1.0	10.0	-25.0	16r	16.0	0.0	monopolar		[8428. 1288. 3303.]	[nan nan nan]
7191.3762	2.0	trials	1.0	2.0	75.0	biphasic	28.0	100.0	1.0	10.0	-25.0	16r	16.0	0.0	monopolar		[8428. 1288. 3303.]	[nan nan nan]
7193.3782	2.0	trials	1.0	2.0	75.0	biphasic	28.0	100.0	1.0	10.0	-25.0	16r	16.0	0.0	monopolar		[8428. 1288. 3303.]	[nan nan nan]
7195.3802	2.0	trials	1.0	2.0	75.0	biphasic	28.0	100.0	1.0	10.0	-25.0	16r	16.0	0.0	monopolar		[8428. 1288. 3303.]	[nan nan nan]
7197.3822	2.0	trials	1.0	2.0	75.0	biphasic	28.0	100.0	1.0	10.0	-25.0	16r	16.0	0.0	monopolar		[8428. 1288. 3303.]	[nan nan nan]
7199.3842	2.0	trials	1.0	2.0	75.0	biphasic	28.0	100.0	1.0	10.0	-25.0	16r	16.0	0.0	monopolar		[8428. 1288. 3303.]	[nan nan nan]
7201.3862	2.0	trials	1.0	2.0	75.0	biphasic	28.0	100.0	1.0	10.0	-25.0	16r	16.0	0.0	monopolar		[8428. 1288. 3303.]	[nan nan nan]
7203.3882	2.0	trials	1.0	2.0	75.0	biphasic	28.0	100.0	1.0	10.0	-25.0	16r	16.0	0.0	monopolar		[8428. 1288. 3303.]	[nan nan nan]
7205.389730899106	2.0	trials	1.0	2.0	75.0	biphasic	28.0	100.0	1.0	10.0	-25.0	16r	16.0	0.0	monopolar		[8428. 1288. 3303.]	[nan nan nan]
7207.3922	2.0	trials	1.0	2.0	75.0	biphasic	28.0	100.0	1.0	10.0	-25.0	16r	16.0	0.0	monopolar		[8428. 1288. 3303.]	[nan nan nan]
7209.3942	2.0	trials	1.0	2.0	75.0	biphasic	28.0	100.0	1.0	10.0	-25.0	16r	16.0	0.0	monopolar		[8428. 1288. 3303.]	[nan nan nan]
7211.396669491971	2.0	trials	1.0	2.0	75.0	biphasic	28.0	100.0	1.0	10.0	-25.0	16r	16.0	0.0	monopolar		[8428. 1288. 3303.]	[nan nan nan]
7213.3982	2.0	trials	1.0	2.0	75.0	biphasic	28.0	100.0	1.0	10.0	-25.0	16r	16.0	0.0	monopolar		[8428. 1288. 3303.]	[nan nan nan]
7215.4002	2.0	trials	1.0	2.0	75.0	biphasic	28.0	100.0	1.0	10.0	-25.0	16r	16.0	0.0	monopolar		[8428. 1288. 3303.]	[nan nan nan]
7217.402166666667	2.0	trials	1.0	2.0	75.0	biphasic	28.0	100.0	1.0	10.0	-25.0	16r	16.0	0.0	monopolar		[8428. 1288. 3303.]	[nan nan nan]
7219.404166666666	2.0	trials	1.0	2.0	75.0	biphasic	28.0	100.0	1.0	10.0	-25.0	16r	16.0	0.0	monopolar		[8428. 1288. 3303.]	[nan nan nan]
7221.406166666667	2.0	trials	1.0	2.0	75.0	biphasic	28.0	100.0	1.0	10.0	-25.0	16r	16.0	0.0	monopolar		[8428. 1288. 3303.]	[nan nan nan]
7223.408166666667	2.0	trials	1.0	2.0	75.0	biphasic	28.0	100.0	1.0	10.0	-25.0	16r	16.0	0.0	monopolar		[8428. 1288. 3303.]	[nan nan nan]
7258.144333333334	2.0	trials	1.0	2.0	75.0	biphasic	29.0	100.0	1.0	10.0	25.0	16r	16.0	0.0	monopolar		[8428. 1288. 3303.]	[nan nan nan]
7260.146333333333	2.0	trials	1.0	2.0	75.0	biphasic	29.0	100.0	1.0	10.0	25.0	16r	16.0	0.0	monopolar		[8428. 1288. 3303.]	[nan nan nan]
7262.1483333333335	2.0	trials	1.0	2.0	75.0	biphasic	29.0	100.0	1.0	10.0	25.0	16r	16.0	0.0	monopolar		[8428. 1288. 3303.]	[nan nan nan]
7264.1503	2.0	trials	1.0	2.0	75.0	biphasic	29.0	100.0	1.0	10.0	25.0	16r	16.0	0.0	monopolar		[8428. 1288. 3303.]	[nan nan nan]
7266.1523	2.0	trials	1.0	2.0	75.0	biphasic	29.0	100.0	1.0	10.0	25.0	16r	16.0	0.0	monopolar		[8428. 1288. 3303.]	[nan nan nan]
7268.1543	2.0	trials	1.0	2.0	75.0	biphasic	29.0	100.0	1.0	10.0	25.0	16r	16.0	0.0	monopolar		[8428. 1288. 3303.]	[nan nan nan]
7270.1563	2.0	trials	1.0	2.0	75.0	biphasic	29.0	100.0	1.0	10.0	25.0	16r	16.0	0.0	monopolar		[8428. 1288. 3303.]	[nan nan nan]
7272.1583	2.0	trials	1.0	2.0	75.0	biphasic	29.0	100.0	1.0	10.0	25.0	16r	16.0	0.0	monopolar		[8428. 1288. 3303.]	[nan nan nan]
7274.1603	2.0	trials	1.0	2.0	75.0	biphasic	29.0	100.0	1.0	10.0	25.0	16r	16.0	0.0	monopolar		[8428. 1288. 3303.]	[nan nan nan]
7276.1623	2.0	trials	1.0	2.0	75.0	biphasic	29.0	100.0	1.0	10.0	25.0	16r	16.0	0.0	monopolar		[8428. 1288. 3303.]	[nan nan nan]
7278.1643	2.0	trials	1.0	2.0	75.0	biphasic	29.0	100.0	1.0	10.0	25.0	16r	16.0	0.0	monopolar		[8428. 1288. 3303.]	[nan nan nan]
7280.1663	2.0	trials	1.0	2.0	75.0	biphasic	29.0	100.0	1.0	10.0	25.0	16r	16.0	0.0	monopolar		[8428. 1288. 3303.]	[nan nan nan]
7282.1683	2.0	trials	1.0	2.0	75.0	biphasic	29.0	100.0	1.0	10.0	25.0	16r	16.0	0.0	monopolar		[8428. 1288. 3303.]	[nan nan nan]
7284.1703	2.0	trials	1.0	2.0	75.0	biphasic	29.0	100.0	1.0	10.0	25.0	16r	16.0	0.0	monopolar		[8428. 1288. 3303.]	[nan nan nan]
7286.1723	2.0	trials	1.0	2.0	75.0	biphasic	29.0	100.0	1.0	10.0	25.0	16r	16.0	0.0	monopolar		[8428. 1288. 3303.]	[nan nan nan]
7288.1743	2.0	trials	1.0	2.0	75.0	biphasic	29.0	100.0	1.0	10.0	25.0	16r	16.0	0.0	monopolar		[8428. 1288. 3303.]	[nan nan nan]
7290.176266666666	2.0	trials	1.0	2.0	75.0	biphasic	29.0	100.0	1.0	10.0	25.0	16r	16.0	0.0	monopolar		[8428. 1288. 3303.]	[nan nan nan]
7292.178266666667	2.0	trials	1.0	2.0	75.0	biphasic	29.0	100.0	1.0	10.0	25.0	16r	16.0	0.0	monopolar		[8428. 1288. 3303.]	[nan nan nan]
7294.180266666666	2.0	trials	1.0	2.0	75.0	biphasic	29.0	100.0	1.0	10.0	25.0	16r	16.0	0.0	monopolar		[8428. 1288. 3303.]	[nan nan nan]
7296.182266666667	2.0	trials	1.0	2.0	75.0	biphasic	29.0	100.0	1.0	10.0	25.0	16r	16.0	0.0	monopolar		[8428. 1288. 3303.]	[nan nan nan]
7298.184266666667	2.0	trials	1.0	2.0	75.0	biphasic	29.0	100.0	1.0	10.0	25.0	16r	16.0	0.0	monopolar		[8428. 1288. 3303.]	[nan nan nan]
7300.186266666667	2.0	trials	1.0	2.0	75.0	biphasic	29.0	100.0	1.0	10.0	25.0	16r	16.0	0.0	monopolar		[8428. 1288. 3303.]	[nan nan nan]
7302.188266666667	2.0	trials	1.0	2.0	75.0	biphasic	29.0	100.0	1.0	10.0	25.0	16r	16.0	0.0	monopolar		[8428. 1288. 3303.]	[nan nan nan]
7304.1902666666665	2.0	trials	1.0	2.0	75.0	biphasic	29.0	100.0	1.0	10.0	25.0	16r	16.0	0.0	monopolar		[8428. 1288. 3303.]	[nan nan nan]
7306.192266666667	2.0	trials	1.0	2.0	75.0	biphasic	29.0	100.0	1.0	10.0	25.0	16r	16.0	0.0	monopolar		[8428. 1288. 3303.]	[nan nan nan]
7308.194266666666	2.0	trials	1.0	2.0	75.0	biphasic	29.0	100.0	1.0	10.0	25.0	16r	16.0	0.0	monopolar		[8428. 1288. 3303.]	[nan nan nan]
7310.196266666667	2.0	trials	1.0	2.0	75.0	biphasic	29.0	100.0	1.0	10.0	25.0	16r	16.0	0.0	monopolar		[8428. 1288. 3303.]	[nan nan nan]
7312.197790612123	2.0	trials	1.0	2.0	75.0	biphasic	29.0	100.0	1.0	10.0	25.0	16r	16.0	0.0	monopolar		[8428. 1288. 3303.]	[nan nan nan]
7314.200266666667	2.0	trials	1.0	2.0	75.0	biphasic	29.0	100.0	1.0	10.0	25.0	16r	16.0	0.0	monopolar		[8428. 1288. 3303.]	[nan nan nan]
7316.202233333333	2.0	trials	1.0	2.0	75.0	biphasic	29.0	100.0	1.0	10.0	25.0	16r	16.0	0.0	monopolar		[8428. 1288. 3303.]	[nan nan nan]
7318.204709778953	2.0	trials	1.0	2.0	75.0	biphasic	29.0	100.0	1.0	10.0	25.0	16r	16.0	0.0	monopolar		[8428. 1288. 3303.]	[nan nan nan]
7320.206233333333	2.0	trials	1.0	2.0	75.0	biphasic	29.0	100.0	1.0	10.0	25.0	16r	16.0	0.0	monopolar		[8428. 1288. 3303.]	[nan nan nan]
7322.208233333334	2.0	trials	1.0	2.0	75.0	biphasic	29.0	100.0	1.0	10.0	25.0	16r	16.0	0.0	monopolar		[8428. 1288. 3303.]	[nan nan nan]
7324.210233333333	2.0	trials	1.0	2.0	75.0	biphasic	29.0	100.0	1.0	10.0	25.0	16r	16.0	0.0	monopolar		[8428. 1288. 3303.]	[nan nan nan]
7326.212233333334	2.0	trials	1.0	2.0	75.0	biphasic	29.0	100.0	1.0	10.0	25.0	16r	16.0	0.0	monopolar		[8428. 1288. 3303.]	[nan nan nan]
7328.214233333333	2.0	trials	1.0	2.0	75.0	biphasic	29.0	100.0	1.0	10.0	25.0	16r	16.0	0.0	monopolar		[8428. 1288. 3303.]	[nan nan nan]
7330.216233333334	2.0	trials	1.0	2.0	75.0	biphasic	29.0	100.0	1.0	10.0	25.0	16r	16.0	0.0	monopolar		[8428. 1288. 3303.]	[nan nan nan]
7332.218233333333	2.0	trials	1.0	2.0	75.0	biphasic	29.0	100.0	1.0	10.0	25.0	16r	16.0	0.0	monopolar		[8428. 1288. 3303.]	[nan nan nan]
7334.220233333333	2.0	trials	1.0	2.0	75.0	biphasic	29.0	100.0	1.0	10.0	25.0	16r	16.0	0.0	monopolar		[8428. 1288. 3303.]	[nan nan nan]
7336.222233333333	2.0	trials	1.0	2.0	75.0	biphasic	29.0	100.0	1.0	10.0	25.0	16r	16.0	0.0	monopolar		[8428. 1288. 3303.]	[nan nan nan]
7338.224233333333	2.0	trials	1.0	2.0	75.0	biphasic	29.0	100.0	1.0	10.0	25.0	16r	16.0	0.0	monopolar		[8428. 1288. 3303.]	[nan nan nan]
7340.226233333334	2.0	trials	1.0	2.0	75.0	biphasic	29.0	100.0	1.0	10.0	25.0	16r	16.0	0.0	monopolar		[8428. 1288. 3303.]	[nan nan nan]
7342.228233333333	2.0	trials	1.0	2.0	75.0	biphasic	29.0	100.0	1.0	10.0	25.0	16r	16.0	0.0	monopolar		[8428. 1288. 3303.]	[nan nan nan]
7344.2302	2.0	trials	1.0	2.0	75.0	biphasic	29.0	100.0	1.0	10.0	25.0	16r	16.0	0.0	monopolar		[8428. 1288. 3303.]	[nan nan nan]
7346.2322	2.0	trials	1.0	2.0	75.0	biphasic	29.0	100.0	1.0	10.0	25.0	16r	16.0	0.0	monopolar		[8428. 1288. 3303.]	[nan nan nan]
7348.2342	2.0	trials	1.0	2.0	75.0	biphasic	29.0	100.0	1.0	10.0	25.0	16r	16.0	0.0	monopolar		[8428. 1288. 3303.]	[nan nan nan]
7350.2362	2.0	trials	1.0	2.0	75.0	biphasic	29.0	100.0	1.0	10.0	25.0	16r	16.0	0.0	monopolar		[8428. 1288. 3303.]	[nan nan nan]
7352.2382	2.0	trials	1.0	2.0	75.0	biphasic	29.0	100.0	1.0	10.0	25.0	16r	16.0	0.0	monopolar		[8428. 1288. 3303.]	[nan nan nan]
7354.2402	2.0	trials	1.0	2.0	75.0	biphasic	29.0	100.0	1.0	10.0	25.0	16r	16.0	0.0	monopolar		[8428. 1288. 3303.]	[nan nan nan]
7356.2422	2.0	trials	1.0	2.0	75.0	biphasic	29.0	100.0	1.0	10.0	25.0	16r	16.0	0.0	monopolar		[8428. 1288. 3303.]	[nan nan nan]
7358.2442	2.0	trials	1.0	2.0	75.0	biphasic	29.0	100.0	1.0	10.0	25.0	16r	16.0	0.0	monopolar		[8428. 1288. 3303.]	[nan nan nan]
7360.2462	2.0	trials	1.0	2.0	75.0	biphasic	29.0	100.0	1.0	10.0	25.0	16r	16.0	0.0	monopolar		[8428. 1288. 3303.]	[nan nan nan]
7362.2482	2.0	trials	1.0	2.0	75.0	biphasic	29.0	100.0	1.0	10.0	25.0	16r	16.0	0.0	monopolar		[8428. 1288. 3303.]	[nan nan nan]
7364.2502	2.0	trials	1.0	2.0	75.0	biphasic	29.0	100.0	1.0	10.0	25.0	16r	16.0	0.0	monopolar		[8428. 1288. 3303.]	[nan nan nan]
7366.2522	2.0	trials	1.0	2.0	75.0	biphasic	29.0	100.0	1.0	10.0	25.0	16r	16.0	0.0	monopolar		[8428. 1288. 3303.]	[nan nan nan]
7368.2542	2.0	trials	1.0	2.0	75.0	biphasic	29.0	100.0	1.0	10.0	25.0	16r	16.0	0.0	monopolar		[8428. 1288. 3303.]	[nan nan nan]
7370.256166666667	2.0	trials	1.0	2.0	75.0	biphasic	29.0	100.0	1.0	10.0	25.0	16r	16.0	0.0	monopolar		[8428. 1288. 3303.]	[nan nan nan]
7372.2581666666665	2.0	trials	1.0	2.0	75.0	biphasic	29.0	100.0	1.0	10.0	25.0	16r	16.0	0.0	monopolar		[8428. 1288. 3303.]	[nan nan nan]
7374.260166666667	2.0	trials	1.0	2.0	75.0	biphasic	29.0	100.0	1.0	10.0	25.0	16r	16.0	0.0	monopolar		[8428. 1288. 3303.]	[nan nan nan]
7376.262166666666	2.0	trials	1.0	2.0	75.0	biphasic	29.0	100.0	1.0	10.0	25.0	16r	16.0	0.0	monopolar		[8428. 1288. 3303.]	[nan nan nan]
7378.264166666667	2.0	trials	1.0	2.0	75.0	biphasic	29.0	100.0	1.0	10.0	25.0	16r	16.0	0.0	monopolar		[8428. 1288. 3303.]	[nan nan nan]
7380.266166666666	2.0	trials	1.0	2.0	75.0	biphasic	29.0	100.0	1.0	10.0	25.0	16r	16.0	0.0	monopolar		[8428. 1288. 3303.]	[nan nan nan]
7382.268166666667	2.0	trials	1.0	2.0	75.0	biphasic	29.0	100.0	1.0	10.0	25.0	16r	16.0	0.0	monopolar		[8428. 1288. 3303.]	[nan nan nan]
7384.270166666666	2.0	trials	1.0	2.0	75.0	biphasic	29.0	100.0	1.0	10.0	25.0	16r	16.0	0.0	monopolar		[8428. 1288. 3303.]	[nan nan nan]
7386.272166666667	2.0	trials	1.0	2.0	75.0	biphasic	29.0	100.0	1.0	10.0	25.0	16r	16.0	0.0	monopolar		[8428. 1288. 3303.]	[nan nan nan]
7388.274166666667	2.0	trials	1.0	2.0	75.0	biphasic	29.0	100.0	1.0	10.0	25.0	16r	16.0	0.0	monopolar		[8428. 1288. 3303.]	[nan nan nan]
7390.2761666666665	2.0	trials	1.0	2.0	75.0	biphasic	29.0	100.0	1.0	10.0	25.0	16r	16.0	0.0	monopolar		[8428. 1288. 3303.]	[nan nan nan]
7392.278166666667	2.0	trials	1.0	2.0	75.0	biphasic	29.0	100.0	1.0	10.0	25.0	16r	16.0	0.0	monopolar		[8428. 1288. 3303.]	[nan nan nan]
7394.280166666666	2.0	trials	1.0	2.0	75.0	biphasic	29.0	100.0	1.0	10.0	25.0	16r	16.0	0.0	monopolar		[8428. 1288. 3303.]	[nan nan nan]
7396.282133333333	2.0	trials	1.0	2.0	75.0	biphasic	29.0	100.0	1.0	10.0	25.0	16r	16.0	0.0	monopolar		[8428. 1288. 3303.]	[nan nan nan]
7398.284133333334	2.0	trials	1.0	2.0	75.0	biphasic	29.0	100.0	1.0	10.0	25.0	16r	16.0	0.0	monopolar		[8428. 1288. 3303.]	[nan nan nan]
7400.286133333333	2.0	trials	1.0	2.0	75.0	biphasic	29.0	100.0	1.0	10.0	25.0	16r	16.0	0.0	monopolar		[8428. 1288. 3303.]	[nan nan nan]
7402.2881333333335	2.0	trials	1.0	2.0	75.0	biphasic	29.0	100.0	1.0	10.0	25.0	16r	16.0	0.0	monopolar		[8428. 1288. 3303.]	[nan nan nan]
7404.290133333333	2.0	trials	1.0	2.0	75.0	biphasic	29.0	100.0	1.0	10.0	25.0	16r	16.0	0.0	monopolar		[8428. 1288. 3303.]	[nan nan nan]
7406.292133333333	2.0	trials	1.0	2.0	75.0	biphasic	29.0	100.0	1.0	10.0	25.0	16r	16.0	0.0	monopolar		[8428. 1288. 3303.]	[nan nan nan]
7453.036833333334	2.0	trials	1.0	2.0	75.0	biphasic	30.0	100.0	1.0	10.0	-50.0	16r	16.0	0.0	monopolar		[8428. 1288. 3303.]	[nan nan nan]
7455.038833333333	2.0	trials	1.0	2.0	75.0	biphasic	30.0	100.0	1.0	10.0	-50.0	16r	16.0	0.0	monopolar		[8428. 1288. 3303.]	[nan nan nan]
7457.0408	2.0	trials	1.0	2.0	75.0	biphasic	30.0	100.0	1.0	10.0	-50.0	16r	16.0	0.0	monopolar		[8428. 1288. 3303.]	[nan nan nan]
7459.0428	2.0	trials	1.0	2.0	75.0	biphasic	30.0	100.0	1.0	10.0	-50.0	16r	16.0	0.0	monopolar		[8428. 1288. 3303.]	[nan nan nan]
7461.0448	2.0	trials	1.0	2.0	75.0	biphasic	30.0	100.0	1.0	10.0	-50.0	16r	16.0	0.0	monopolar		[8428. 1288. 3303.]	[nan nan nan]
7463.0468	2.0	trials	1.0	2.0	75.0	biphasic	30.0	100.0	1.0	10.0	-50.0	16r	16.0	0.0	monopolar		[8428. 1288. 3303.]	[nan nan nan]
7465.0488	2.0	trials	1.0	2.0	75.0	biphasic	30.0	100.0	1.0	10.0	-50.0	16r	16.0	0.0	monopolar		[8428. 1288. 3303.]	[nan nan nan]
7467.0508	2.0	trials	1.0	2.0	75.0	biphasic	30.0	100.0	1.0	10.0	-50.0	16r	16.0	0.0	monopolar		[8428. 1288. 3303.]	[nan nan nan]
7469.0528	2.0	trials	1.0	2.0	75.0	biphasic	30.0	100.0	1.0	10.0	-50.0	16r	16.0	0.0	monopolar		[8428. 1288. 3303.]	[nan nan nan]
7471.0548	2.0	trials	1.0	2.0	75.0	biphasic	30.0	100.0	1.0	10.0	-50.0	16r	16.0	0.0	monopolar		[8428. 1288. 3303.]	[nan nan nan]
7473.0568	2.0	trials	1.0	2.0	75.0	biphasic	30.0	100.0	1.0	10.0	-50.0	16r	16.0	0.0	monopolar		[8428. 1288. 3303.]	[nan nan nan]
7475.0588	2.0	trials	1.0	2.0	75.0	biphasic	30.0	100.0	1.0	10.0	-50.0	16r	16.0	0.0	monopolar		[8428. 1288. 3303.]	[nan nan nan]
7477.0608	2.0	trials	1.0	2.0	75.0	biphasic	30.0	100.0	1.0	10.0	-50.0	16r	16.0	0.0	monopolar		[8428. 1288. 3303.]	[nan nan nan]
7479.0628	2.0	trials	1.0	2.0	75.0	biphasic	30.0	100.0	1.0	10.0	-50.0	16r	16.0	0.0	monopolar		[8428. 1288. 3303.]	[nan nan nan]
7481.0648	2.0	trials	1.0	2.0	75.0	biphasic	30.0	100.0	1.0	10.0	-50.0	16r	16.0	0.0	monopolar		[8428. 1288. 3303.]	[nan nan nan]
7483.066766666667	2.0	trials	1.0	2.0	75.0	biphasic	30.0	100.0	1.0	10.0	-50.0	16r	16.0	0.0	monopolar		[8428. 1288. 3303.]	[nan nan nan]
7485.068766666666	2.0	trials	1.0	2.0	75.0	biphasic	30.0	100.0	1.0	10.0	-50.0	16r	16.0	0.0	monopolar		[8428. 1288. 3303.]	[nan nan nan]
7487.070766666667	2.0	trials	1.0	2.0	75.0	biphasic	30.0	100.0	1.0	10.0	-50.0	16r	16.0	0.0	monopolar		[8428. 1288. 3303.]	[nan nan nan]
7489.072766666667	2.0	trials	1.0	2.0	75.0	biphasic	30.0	100.0	1.0	10.0	-50.0	16r	16.0	0.0	monopolar		[8428. 1288. 3303.]	[nan nan nan]
7491.074766666667	2.0	trials	1.0	2.0	75.0	biphasic	30.0	100.0	1.0	10.0	-50.0	16r	16.0	0.0	monopolar		[8428. 1288. 3303.]	[nan nan nan]
7493.076766666667	2.0	trials	1.0	2.0	75.0	biphasic	30.0	100.0	1.0	10.0	-50.0	16r	16.0	0.0	monopolar		[8428. 1288. 3303.]	[nan nan nan]
7495.0787666666665	2.0	trials	1.0	2.0	75.0	biphasic	30.0	100.0	1.0	10.0	-50.0	16r	16.0	0.0	monopolar		[8428. 1288. 3303.]	[nan nan nan]
7497.080766666667	2.0	trials	1.0	2.0	75.0	biphasic	30.0	100.0	1.0	10.0	-50.0	16r	16.0	0.0	monopolar		[8428. 1288. 3303.]	[nan nan nan]
7499.082766666666	2.0	trials	1.0	2.0	75.0	biphasic	30.0	100.0	1.0	10.0	-50.0	16r	16.0	0.0	monopolar		[8428. 1288. 3303.]	[nan nan nan]
7501.084766666667	2.0	trials	1.0	2.0	75.0	biphasic	30.0	100.0	1.0	10.0	-50.0	16r	16.0	0.0	monopolar		[8428. 1288. 3303.]	[nan nan nan]
7503.086766666666	2.0	trials	1.0	2.0	75.0	biphasic	30.0	100.0	1.0	10.0	-50.0	16r	16.0	0.0	monopolar		[8428. 1288. 3303.]	[nan nan nan]
7505.088766666667	2.0	trials	1.0	2.0	75.0	biphasic	30.0	100.0	1.0	10.0	-50.0	16r	16.0	0.0	monopolar		[8428. 1288. 3303.]	[nan nan nan]
7507.090766666666	2.0	trials	1.0	2.0	75.0	biphasic	30.0	100.0	1.0	10.0	-50.0	16r	16.0	0.0	monopolar		[8428. 1288. 3303.]	[nan nan nan]
7509.092766666667	2.0	trials	1.0	2.0	75.0	biphasic	30.0	100.0	1.0	10.0	-50.0	16r	16.0	0.0	monopolar		[8428. 1288. 3303.]	[nan nan nan]
7511.094733333333	2.0	trials	1.0	2.0	75.0	biphasic	30.0	100.0	1.0	10.0	-50.0	16r	16.0	0.0	monopolar		[8428. 1288. 3303.]	[nan nan nan]
7513.096733333334	2.0	trials	1.0	2.0	75.0	biphasic	30.0	100.0	1.0	10.0	-50.0	16r	16.0	0.0	monopolar		[8428. 1288. 3303.]	[nan nan nan]
7515.098733333333	2.0	trials	1.0	2.0	75.0	biphasic	30.0	100.0	1.0	10.0	-50.0	16r	16.0	0.0	monopolar		[8428. 1288. 3303.]	[nan nan nan]
7517.100733333334	2.0	trials	1.0	2.0	75.0	biphasic	30.0	100.0	1.0	10.0	-50.0	16r	16.0	0.0	monopolar		[8428. 1288. 3303.]	[nan nan nan]
7519.102733333333	2.0	trials	1.0	2.0	75.0	biphasic	30.0	100.0	1.0	10.0	-50.0	16r	16.0	0.0	monopolar		[8428. 1288. 3303.]	[nan nan nan]
7521.104733333334	2.0	trials	1.0	2.0	75.0	biphasic	30.0	100.0	1.0	10.0	-50.0	16r	16.0	0.0	monopolar		[8428. 1288. 3303.]	[nan nan nan]
7523.106733333333	2.0	trials	1.0	2.0	75.0	biphasic	30.0	100.0	1.0	10.0	-50.0	16r	16.0	0.0	monopolar		[8428. 1288. 3303.]	[nan nan nan]
7525.1087333333335	2.0	trials	1.0	2.0	75.0	biphasic	30.0	100.0	1.0	10.0	-50.0	16r	16.0	0.0	monopolar		[8428. 1288. 3303.]	[nan nan nan]
7527.110733333333	2.0	trials	1.0	2.0	75.0	biphasic	30.0	100.0	1.0	10.0	-50.0	16r	16.0	0.0	monopolar		[8428. 1288. 3303.]	[nan nan nan]
7529.112733333333	2.0	trials	1.0	2.0	75.0	biphasic	30.0	100.0	1.0	10.0	-50.0	16r	16.0	0.0	monopolar		[8428. 1288. 3303.]	[nan nan nan]
7531.114733333333	2.0	trials	1.0	2.0	75.0	biphasic	30.0	100.0	1.0	10.0	-50.0	16r	16.0	0.0	monopolar		[8428. 1288. 3303.]	[nan nan nan]
7533.116733333333	2.0	trials	1.0	2.0	75.0	biphasic	30.0	100.0	1.0	10.0	-50.0	16r	16.0	0.0	monopolar		[8428. 1288. 3303.]	[nan nan nan]
7535.118733333334	2.0	trials	1.0	2.0	75.0	biphasic	30.0	100.0	1.0	10.0	-50.0	16r	16.0	0.0	monopolar		[8428. 1288. 3303.]	[nan nan nan]
7537.1207	2.0	trials	1.0	2.0	75.0	biphasic	30.0	100.0	1.0	10.0	-50.0	16r	16.0	0.0	monopolar		[8428. 1288. 3303.]	[nan nan nan]
7539.1227	2.0	trials	1.0	2.0	75.0	biphasic	30.0	100.0	1.0	10.0	-50.0	16r	16.0	0.0	monopolar		[8428. 1288. 3303.]	[nan nan nan]
7541.1247	2.0	trials	1.0	2.0	75.0	biphasic	30.0	100.0	1.0	10.0	-50.0	16r	16.0	0.0	monopolar		[8428. 1288. 3303.]	[nan nan nan]
7543.1267	2.0	trials	1.0	2.0	75.0	biphasic	30.0	100.0	1.0	10.0	-50.0	16r	16.0	0.0	monopolar		[8428. 1288. 3303.]	[nan nan nan]
7545.1287	2.0	trials	1.0	2.0	75.0	biphasic	30.0	100.0	1.0	10.0	-50.0	16r	16.0	0.0	monopolar		[8428. 1288. 3303.]	[nan nan nan]
7547.1307	2.0	trials	1.0	2.0	75.0	biphasic	30.0	100.0	1.0	10.0	-50.0	16r	16.0	0.0	monopolar		[8428. 1288. 3303.]	[nan nan nan]
7549.1327	2.0	trials	1.0	2.0	75.0	biphasic	30.0	100.0	1.0	10.0	-50.0	16r	16.0	0.0	monopolar		[8428. 1288. 3303.]	[nan nan nan]
7551.1347	2.0	trials	1.0	2.0	75.0	biphasic	30.0	100.0	1.0	10.0	-50.0	16r	16.0	0.0	monopolar		[8428. 1288. 3303.]	[nan nan nan]
7553.1367	2.0	trials	1.0	2.0	75.0	biphasic	30.0	100.0	1.0	10.0	-50.0	16r	16.0	0.0	monopolar		[8428. 1288. 3303.]	[nan nan nan]
7555.1387	2.0	trials	1.0	2.0	75.0	biphasic	30.0	100.0	1.0	10.0	-50.0	16r	16.0	0.0	monopolar		[8428. 1288. 3303.]	[nan nan nan]
7557.1407	2.0	trials	1.0	2.0	75.0	biphasic	30.0	100.0	1.0	10.0	-50.0	16r	16.0	0.0	monopolar		[8428. 1288. 3303.]	[nan nan nan]
7559.1427	2.0	trials	1.0	2.0	75.0	biphasic	30.0	100.0	1.0	10.0	-50.0	16r	16.0	0.0	monopolar		[8428. 1288. 3303.]	[nan nan nan]
7561.1447	2.0	trials	1.0	2.0	75.0	biphasic	30.0	100.0	1.0	10.0	-50.0	16r	16.0	0.0	monopolar		[8428. 1288. 3303.]	[nan nan nan]
7563.1466666666665	2.0	trials	1.0	2.0	75.0	biphasic	30.0	100.0	1.0	10.0	-50.0	16r	16.0	0.0	monopolar		[8428. 1288. 3303.]	[nan nan nan]
7565.148666666667	2.0	trials	1.0	2.0	75.0	biphasic	30.0	100.0	1.0	10.0	-50.0	16r	16.0	0.0	monopolar		[8428. 1288. 3303.]	[nan nan nan]
7567.150666666666	2.0	trials	1.0	2.0	75.0	biphasic	30.0	100.0	1.0	10.0	-50.0	16r	16.0	0.0	monopolar		[8428. 1288. 3303.]	[nan nan nan]
7569.152666666667	2.0	trials	1.0	2.0	75.0	biphasic	30.0	100.0	1.0	10.0	-50.0	16r	16.0	0.0	monopolar		[8428. 1288. 3303.]	[nan nan nan]
7571.154666666666	2.0	trials	1.0	2.0	75.0	biphasic	30.0	100.0	1.0	10.0	-50.0	16r	16.0	0.0	monopolar		[8428. 1288. 3303.]	[nan nan nan]
7573.156666666667	2.0	trials	1.0	2.0	75.0	biphasic	30.0	100.0	1.0	10.0	-50.0	16r	16.0	0.0	monopolar		[8428. 1288. 3303.]	[nan nan nan]
7575.158666666666	2.0	trials	1.0	2.0	75.0	biphasic	30.0	100.0	1.0	10.0	-50.0	16r	16.0	0.0	monopolar		[8428. 1288. 3303.]	[nan nan nan]
7577.160666666667	2.0	trials	1.0	2.0	75.0	biphasic	30.0	100.0	1.0	10.0	-50.0	16r	16.0	0.0	monopolar		[8428. 1288. 3303.]	[nan nan nan]
7579.162666666667	2.0	trials	1.0	2.0	75.0	biphasic	30.0	100.0	1.0	10.0	-50.0	16r	16.0	0.0	monopolar		[8428. 1288. 3303.]	[nan nan nan]
7581.164666666667	2.0	trials	1.0	2.0	75.0	biphasic	30.0	100.0	1.0	10.0	-50.0	16r	16.0	0.0	monopolar		[8428. 1288. 3303.]	[nan nan nan]
7583.166666666667	2.0	trials	1.0	2.0	75.0	biphasic	30.0	100.0	1.0	10.0	-50.0	16r	16.0	0.0	monopolar		[8428. 1288. 3303.]	[nan nan nan]
7585.1686666666665	2.0	trials	1.0	2.0	75.0	biphasic	30.0	100.0	1.0	10.0	-50.0	16r	16.0	0.0	monopolar		[8428. 1288. 3303.]	[nan nan nan]
7587.170666666667	2.0	trials	1.0	2.0	75.0	biphasic	30.0	100.0	1.0	10.0	-50.0	16r	16.0	0.0	monopolar		[8428. 1288. 3303.]	[nan nan nan]
7589.172666666666	2.0	trials	1.0	2.0	75.0	biphasic	30.0	100.0	1.0	10.0	-50.0	16r	16.0	0.0	monopolar		[8428. 1288. 3303.]	[nan nan nan]
7591.174633333333	2.0	trials	1.0	2.0	75.0	biphasic	30.0	100.0	1.0	10.0	-50.0	16r	16.0	0.0	monopolar		[8428. 1288. 3303.]	[nan nan nan]
7593.1766333333335	2.0	trials	1.0	2.0	75.0	biphasic	30.0	100.0	1.0	10.0	-50.0	16r	16.0	0.0	monopolar		[8428. 1288. 3303.]	[nan nan nan]
7595.178633333333	2.0	trials	1.0	2.0	75.0	biphasic	30.0	100.0	1.0	10.0	-50.0	16r	16.0	0.0	monopolar		[8428. 1288. 3303.]	[nan nan nan]
7597.180633333333	2.0	trials	1.0	2.0	75.0	biphasic	30.0	100.0	1.0	10.0	-50.0	16r	16.0	0.0	monopolar		[8428. 1288. 3303.]	[nan nan nan]
7599.182633333333	2.0	trials	1.0	2.0	75.0	biphasic	30.0	100.0	1.0	10.0	-50.0	16r	16.0	0.0	monopolar		[8428. 1288. 3303.]	[nan nan nan]
7601.184633333333	2.0	trials	1.0	2.0	75.0	biphasic	30.0	100.0	1.0	10.0	-50.0	16r	16.0	0.0	monopolar		[8428. 1288. 3303.]	[nan nan nan]
7612.4393	2.0	trials	1.0	2.0	75.0	biphasic	31.0	100.0	1.0	10.0	50.0	16r	16.0	0.0	monopolar		[8428. 1288. 3303.]	[nan nan nan]
7614.4413	2.0	trials	1.0	2.0	75.0	biphasic	31.0	100.0	1.0	10.0	50.0	16r	16.0	0.0	monopolar		[8428. 1288. 3303.]	[nan nan nan]
7616.443266666667	2.0	trials	1.0	2.0	75.0	biphasic	31.0	100.0	1.0	10.0	50.0	16r	16.0	0.0	monopolar		[8428. 1288. 3303.]	[nan nan nan]
7618.445266666667	2.0	trials	1.0	2.0	75.0	biphasic	31.0	100.0	1.0	10.0	50.0	16r	16.0	0.0	monopolar		[8428. 1288. 3303.]	[nan nan nan]
7620.447266666667	2.0	trials	1.0	2.0	75.0	biphasic	31.0	100.0	1.0	10.0	50.0	16r	16.0	0.0	monopolar		[8428. 1288. 3303.]	[nan nan nan]
7622.4492666666665	2.0	trials	1.0	2.0	75.0	biphasic	31.0	100.0	1.0	10.0	50.0	16r	16.0	0.0	monopolar		[8428. 1288. 3303.]	[nan nan nan]
7624.451266666667	2.0	trials	1.0	2.0	75.0	biphasic	31.0	100.0	1.0	10.0	50.0	16r	16.0	0.0	monopolar		[8428. 1288. 3303.]	[nan nan nan]
7626.453266666666	2.0	trials	1.0	2.0	75.0	biphasic	31.0	100.0	1.0	10.0	50.0	16r	16.0	0.0	monopolar		[8428. 1288. 3303.]	[nan nan nan]
7628.455266666667	2.0	trials	1.0	2.0	75.0	biphasic	31.0	100.0	1.0	10.0	50.0	16r	16.0	0.0	monopolar		[8428. 1288. 3303.]	[nan nan nan]
7630.457266666666	2.0	trials	1.0	2.0	75.0	biphasic	31.0	100.0	1.0	10.0	50.0	16r	16.0	0.0	monopolar		[8428. 1288. 3303.]	[nan nan nan]
7632.459266666667	2.0	trials	1.0	2.0	75.0	biphasic	31.0	100.0	1.0	10.0	50.0	16r	16.0	0.0	monopolar		[8428. 1288. 3303.]	[nan nan nan]
7634.461266666666	2.0	trials	1.0	2.0	75.0	biphasic	31.0	100.0	1.0	10.0	50.0	16r	16.0	0.0	monopolar		[8428. 1288. 3303.]	[nan nan nan]
7636.463266666667	2.0	trials	1.0	2.0	75.0	biphasic	31.0	100.0	1.0	10.0	50.0	16r	16.0	0.0	monopolar		[8428. 1288. 3303.]	[nan nan nan]
7638.465266666667	2.0	trials	1.0	2.0	75.0	biphasic	31.0	100.0	1.0	10.0	50.0	16r	16.0	0.0	monopolar		[8428. 1288. 3303.]	[nan nan nan]
7640.467266666667	2.0	trials	1.0	2.0	75.0	biphasic	31.0	100.0	1.0	10.0	50.0	16r	16.0	0.0	monopolar		[8428. 1288. 3303.]	[nan nan nan]
7642.469233333333	2.0	trials	1.0	2.0	75.0	biphasic	31.0	100.0	1.0	10.0	50.0	16r	16.0	0.0	monopolar		[8428. 1288. 3303.]	[nan nan nan]
7644.471233333334	2.0	trials	1.0	2.0	75.0	biphasic	31.0	100.0	1.0	10.0	50.0	16r	16.0	0.0	monopolar		[8428. 1288. 3303.]	[nan nan nan]
7646.473233333333	2.0	trials	1.0	2.0	75.0	biphasic	31.0	100.0	1.0	10.0	50.0	16r	16.0	0.0	monopolar		[8428. 1288. 3303.]	[nan nan nan]
7648.475233333334	2.0	trials	1.0	2.0	75.0	biphasic	31.0	100.0	1.0	10.0	50.0	16r	16.0	0.0	monopolar		[8428. 1288. 3303.]	[nan nan nan]
7650.477233333333	2.0	trials	1.0	2.0	75.0	biphasic	31.0	100.0	1.0	10.0	50.0	16r	16.0	0.0	monopolar		[8428. 1288. 3303.]	[nan nan nan]
7652.4792333333335	2.0	trials	1.0	2.0	75.0	biphasic	31.0	100.0	1.0	10.0	50.0	16r	16.0	0.0	monopolar		[8428. 1288. 3303.]	[nan nan nan]
7654.481233333333	2.0	trials	1.0	2.0	75.0	biphasic	31.0	100.0	1.0	10.0	50.0	16r	16.0	0.0	monopolar		[8428. 1288. 3303.]	[nan nan nan]
7656.483233333333	2.0	trials	1.0	2.0	75.0	biphasic	31.0	100.0	1.0	10.0	50.0	16r	16.0	0.0	monopolar		[8428. 1288. 3303.]	[nan nan nan]
7658.485233333334	2.0	trials	1.0	2.0	75.0	biphasic	31.0	100.0	1.0	10.0	50.0	16r	16.0	0.0	monopolar		[8428. 1288. 3303.]	[nan nan nan]
7660.487233333333	2.0	trials	1.0	2.0	75.0	biphasic	31.0	100.0	1.0	10.0	50.0	16r	16.0	0.0	monopolar		[8428. 1288. 3303.]	[nan nan nan]
7662.489233333334	2.0	trials	1.0	2.0	75.0	biphasic	31.0	100.0	1.0	10.0	50.0	16r	16.0	0.0	monopolar		[8428. 1288. 3303.]	[nan nan nan]
7664.491233333333	2.0	trials	1.0	2.0	75.0	biphasic	31.0	100.0	1.0	10.0	50.0	16r	16.0	0.0	monopolar		[8428. 1288. 3303.]	[nan nan nan]
7666.493233333334	2.0	trials	1.0	2.0	75.0	biphasic	31.0	100.0	1.0	10.0	50.0	16r	16.0	0.0	monopolar		[8428. 1288. 3303.]	[nan nan nan]
7668.4952	2.0	trials	1.0	2.0	75.0	biphasic	31.0	100.0	1.0	10.0	50.0	16r	16.0	0.0	monopolar		[8428. 1288. 3303.]	[nan nan nan]
7670.4972	2.0	trials	1.0	2.0	75.0	biphasic	31.0	100.0	1.0	10.0	50.0	16r	16.0	0.0	monopolar		[8428. 1288. 3303.]	[nan nan nan]
7672.4992	2.0	trials	1.0	2.0	75.0	biphasic	31.0	100.0	1.0	10.0	50.0	16r	16.0	0.0	monopolar		[8428. 1288. 3303.]	[nan nan nan]
7674.5012	2.0	trials	1.0	2.0	75.0	biphasic	31.0	100.0	1.0	10.0	50.0	16r	16.0	0.0	monopolar		[8428. 1288. 3303.]	[nan nan nan]
7676.5032	2.0	trials	1.0	2.0	75.0	biphasic	31.0	100.0	1.0	10.0	50.0	16r	16.0	0.0	monopolar		[8428. 1288. 3303.]	[nan nan nan]
7678.5052	2.0	trials	1.0	2.0	75.0	biphasic	31.0	100.0	1.0	10.0	50.0	16r	16.0	0.0	monopolar		[8428. 1288. 3303.]	[nan nan nan]
7680.5072	2.0	trials	1.0	2.0	75.0	biphasic	31.0	100.0	1.0	10.0	50.0	16r	16.0	0.0	monopolar		[8428. 1288. 3303.]	[nan nan nan]
7682.5092	2.0	trials	1.0	2.0	75.0	biphasic	31.0	100.0	1.0	10.0	50.0	16r	16.0	0.0	monopolar		[8428. 1288. 3303.]	[nan nan nan]
7684.5112	2.0	trials	1.0	2.0	75.0	biphasic	31.0	100.0	1.0	10.0	50.0	16r	16.0	0.0	monopolar		[8428. 1288. 3303.]	[nan nan nan]
7686.5132	2.0	trials	1.0	2.0	75.0	biphasic	31.0	100.0	1.0	10.0	50.0	16r	16.0	0.0	monopolar		[8428. 1288. 3303.]	[nan nan nan]
7688.5152	2.0	trials	1.0	2.0	75.0	biphasic	31.0	100.0	1.0	10.0	50.0	16r	16.0	0.0	monopolar		[8428. 1288. 3303.]	[nan nan nan]
7690.5172	2.0	trials	1.0	2.0	75.0	biphasic	31.0	100.0	1.0	10.0	50.0	16r	16.0	0.0	monopolar		[8428. 1288. 3303.]	[nan nan nan]
7692.5192	2.0	trials	1.0	2.0	75.0	biphasic	31.0	100.0	1.0	10.0	50.0	16r	16.0	0.0	monopolar		[8428. 1288. 3303.]	[nan nan nan]
7694.521166666666	2.0	trials	1.0	2.0	75.0	biphasic	31.0	100.0	1.0	10.0	50.0	16r	16.0	0.0	monopolar		[8428. 1288. 3303.]	[nan nan nan]
7696.523166666667	2.0	trials	1.0	2.0	75.0	biphasic	31.0	100.0	1.0	10.0	50.0	16r	16.0	0.0	monopolar		[8428. 1288. 3303.]	[nan nan nan]
7698.525166666666	2.0	trials	1.0	2.0	75.0	biphasic	31.0	100.0	1.0	10.0	50.0	16r	16.0	0.0	monopolar		[8428. 1288. 3303.]	[nan nan nan]
7700.527166666667	2.0	trials	1.0	2.0	75.0	biphasic	31.0	100.0	1.0	10.0	50.0	16r	16.0	0.0	monopolar		[8428. 1288. 3303.]	[nan nan nan]
7702.529166666666	2.0	trials	1.0	2.0	75.0	biphasic	31.0	100.0	1.0	10.0	50.0	16r	16.0	0.0	monopolar		[8428. 1288. 3303.]	[nan nan nan]
7704.531166666667	2.0	trials	1.0	2.0	75.0	biphasic	31.0	100.0	1.0	10.0	50.0	16r	16.0	0.0	monopolar		[8428. 1288. 3303.]	[nan nan nan]
7706.533166666667	2.0	trials	1.0	2.0	75.0	biphasic	31.0	100.0	1.0	10.0	50.0	16r	16.0	0.0	monopolar		[8428. 1288. 3303.]	[nan nan nan]
7708.535166666667	2.0	trials	1.0	2.0	75.0	biphasic	31.0	100.0	1.0	10.0	50.0	16r	16.0	0.0	monopolar		[8428. 1288. 3303.]	[nan nan nan]
7710.537166666667	2.0	trials	1.0	2.0	75.0	biphasic	31.0	100.0	1.0	10.0	50.0	16r	16.0	0.0	monopolar		[8428. 1288. 3303.]	[nan nan nan]
7712.5391666666665	2.0	trials	1.0	2.0	75.0	biphasic	31.0	100.0	1.0	10.0	50.0	16r	16.0	0.0	monopolar		[8428. 1288. 3303.]	[nan nan nan]
7714.541166666667	2.0	trials	1.0	2.0	75.0	biphasic	31.0	100.0	1.0	10.0	50.0	16r	16.0	0.0	monopolar		[8428. 1288. 3303.]	[nan nan nan]
7716.543166666666	2.0	trials	1.0	2.0	75.0	biphasic	31.0	100.0	1.0	10.0	50.0	16r	16.0	0.0	monopolar		[8428. 1288. 3303.]	[nan nan nan]
7718.545166666667	2.0	trials	1.0	2.0	75.0	biphasic	31.0	100.0	1.0	10.0	50.0	16r	16.0	0.0	monopolar		[8428. 1288. 3303.]	[nan nan nan]
7720.547166666666	2.0	trials	1.0	2.0	75.0	biphasic	31.0	100.0	1.0	10.0	50.0	16r	16.0	0.0	monopolar		[8428. 1288. 3303.]	[nan nan nan]
7722.549133333333	2.0	trials	1.0	2.0	75.0	biphasic	31.0	100.0	1.0	10.0	50.0	16r	16.0	0.0	monopolar		[8428. 1288. 3303.]	[nan nan nan]
7724.551133333333	2.0	trials	1.0	2.0	75.0	biphasic	31.0	100.0	1.0	10.0	50.0	16r	16.0	0.0	monopolar		[8428. 1288. 3303.]	[nan nan nan]
7726.553133333333	2.0	trials	1.0	2.0	75.0	biphasic	31.0	100.0	1.0	10.0	50.0	16r	16.0	0.0	monopolar		[8428. 1288. 3303.]	[nan nan nan]
7728.555133333333	2.0	trials	1.0	2.0	75.0	biphasic	31.0	100.0	1.0	10.0	50.0	16r	16.0	0.0	monopolar		[8428. 1288. 3303.]	[nan nan nan]
7730.557133333334	2.0	trials	1.0	2.0	75.0	biphasic	31.0	100.0	1.0	10.0	50.0	16r	16.0	0.0	monopolar		[8428. 1288. 3303.]	[nan nan nan]
7732.559133333333	2.0	trials	1.0	2.0	75.0	biphasic	31.0	100.0	1.0	10.0	50.0	16r	16.0	0.0	monopolar		[8428. 1288. 3303.]	[nan nan nan]
7734.561133333334	2.0	trials	1.0	2.0	75.0	biphasic	31.0	100.0	1.0	10.0	50.0	16r	16.0	0.0	monopolar		[8428. 1288. 3303.]	[nan nan nan]
7736.563133333333	2.0	trials	1.0	2.0	75.0	biphasic	31.0	100.0	1.0	10.0	50.0	16r	16.0	0.0	monopolar		[8428. 1288. 3303.]	[nan nan nan]
7738.5651333333335	2.0	trials	1.0	2.0	75.0	biphasic	31.0	100.0	1.0	10.0	50.0	16r	16.0	0.0	monopolar		[8428. 1288. 3303.]	[nan nan nan]
7740.567133333333	2.0	trials	1.0	2.0	75.0	biphasic	31.0	100.0	1.0	10.0	50.0	16r	16.0	0.0	monopolar		[8428. 1288. 3303.]	[nan nan nan]
7742.569133333333	2.0	trials	1.0	2.0	75.0	biphasic	31.0	100.0	1.0	10.0	50.0	16r	16.0	0.0	monopolar		[8428. 1288. 3303.]	[nan nan nan]
7744.571133333333	2.0	trials	1.0	2.0	75.0	biphasic	31.0	100.0	1.0	10.0	50.0	16r	16.0	0.0	monopolar		[8428. 1288. 3303.]	[nan nan nan]
7746.573133333333	2.0	trials	1.0	2.0	75.0	biphasic	31.0	100.0	1.0	10.0	50.0	16r	16.0	0.0	monopolar		[8428. 1288. 3303.]	[nan nan nan]
7748.5751	2.0	trials	1.0	2.0	75.0	biphasic	31.0	100.0	1.0	10.0	50.0	16r	16.0	0.0	monopolar		[8428. 1288. 3303.]	[nan nan nan]
7750.5771	2.0	trials	1.0	2.0	75.0	biphasic	31.0	100.0	1.0	10.0	50.0	16r	16.0	0.0	monopolar		[8428. 1288. 3303.]	[nan nan nan]
7752.5791	2.0	trials	1.0	2.0	75.0	biphasic	31.0	100.0	1.0	10.0	50.0	16r	16.0	0.0	monopolar		[8428. 1288. 3303.]	[nan nan nan]
7754.5811	2.0	trials	1.0	2.0	75.0	biphasic	31.0	100.0	1.0	10.0	50.0	16r	16.0	0.0	monopolar		[8428. 1288. 3303.]	[nan nan nan]
7756.5831	2.0	trials	1.0	2.0	75.0	biphasic	31.0	100.0	1.0	10.0	50.0	16r	16.0	0.0	monopolar		[8428. 1288. 3303.]	[nan nan nan]
7758.5851	2.0	trials	1.0	2.0	75.0	biphasic	31.0	100.0	1.0	10.0	50.0	16r	16.0	0.0	monopolar		[8428. 1288. 3303.]	[nan nan nan]
7760.5871	2.0	trials	1.0	2.0	75.0	biphasic	31.0	100.0	1.0	10.0	50.0	16r	16.0	0.0	monopolar		[8428. 1288. 3303.]	[nan nan nan]
7782.838366666667	2.0	trials	1.0	2.0	75.0	biphasic	32.0	100.0	1.0	10.0	-100.0	16r	16.0	0.0	monopolar		[8428. 1288. 3303.]	[nan nan nan]
7784.840366666666	2.0	trials	1.0	2.0	75.0	biphasic	32.0	100.0	1.0	10.0	-100.0	16r	16.0	0.0	monopolar		[8428. 1288. 3303.]	[nan nan nan]
7786.842366666667	2.0	trials	1.0	2.0	75.0	biphasic	32.0	100.0	1.0	10.0	-100.0	16r	16.0	0.0	monopolar		[8428. 1288. 3303.]	[nan nan nan]
7788.844333333333	2.0	trials	1.0	2.0	75.0	biphasic	32.0	100.0	1.0	10.0	-100.0	16r	16.0	0.0	monopolar		[8428. 1288. 3303.]	[nan nan nan]
7790.846333333333	2.0	trials	1.0	2.0	75.0	biphasic	32.0	100.0	1.0	10.0	-100.0	16r	16.0	0.0	monopolar		[8428. 1288. 3303.]	[nan nan nan]
7792.848333333333	2.0	trials	1.0	2.0	75.0	biphasic	32.0	100.0	1.0	10.0	-100.0	16r	16.0	0.0	monopolar		[8428. 1288. 3303.]	[nan nan nan]
7794.850333333334	2.0	trials	1.0	2.0	75.0	biphasic	32.0	100.0	1.0	10.0	-100.0	16r	16.0	0.0	monopolar		[8428. 1288. 3303.]	[nan nan nan]
7796.852333333333	2.0	trials	1.0	2.0	75.0	biphasic	32.0	100.0	1.0	10.0	-100.0	16r	16.0	0.0	monopolar		[8428. 1288. 3303.]	[nan nan nan]
7798.854333333334	2.0	trials	1.0	2.0	75.0	biphasic	32.0	100.0	1.0	10.0	-100.0	16r	16.0	0.0	monopolar		[8428. 1288. 3303.]	[nan nan nan]
7800.856333333333	2.0	trials	1.0	2.0	75.0	biphasic	32.0	100.0	1.0	10.0	-100.0	16r	16.0	0.0	monopolar		[8428. 1288. 3303.]	[nan nan nan]
7802.858333333334	2.0	trials	1.0	2.0	75.0	biphasic	32.0	100.0	1.0	10.0	-100.0	16r	16.0	0.0	monopolar		[8428. 1288. 3303.]	[nan nan nan]
7804.860333333333	2.0	trials	1.0	2.0	75.0	biphasic	32.0	100.0	1.0	10.0	-100.0	16r	16.0	0.0	monopolar		[8428. 1288. 3303.]	[nan nan nan]
7806.8623333333335	2.0	trials	1.0	2.0	75.0	biphasic	32.0	100.0	1.0	10.0	-100.0	16r	16.0	0.0	monopolar		[8428. 1288. 3303.]	[nan nan nan]
7808.864333333333	2.0	trials	1.0	2.0	75.0	biphasic	32.0	100.0	1.0	10.0	-100.0	16r	16.0	0.0	monopolar		[8428. 1288. 3303.]	[nan nan nan]
7810.866333333333	2.0	trials	1.0	2.0	75.0	biphasic	32.0	100.0	1.0	10.0	-100.0	16r	16.0	0.0	monopolar		[8428. 1288. 3303.]	[nan nan nan]
7812.868333333333	2.0	trials	1.0	2.0	75.0	biphasic	32.0	100.0	1.0	10.0	-100.0	16r	16.0	0.0	monopolar		[8428. 1288. 3303.]	[nan nan nan]
7814.8703	2.0	trials	1.0	2.0	75.0	biphasic	32.0	100.0	1.0	10.0	-100.0	16r	16.0	0.0	monopolar		[8428. 1288. 3303.]	[nan nan nan]
7816.8723	2.0	trials	1.0	2.0	75.0	biphasic	32.0	100.0	1.0	10.0	-100.0	16r	16.0	0.0	monopolar		[8428. 1288. 3303.]	[nan nan nan]
7818.8743	2.0	trials	1.0	2.0	75.0	biphasic	32.0	100.0	1.0	10.0	-100.0	16r	16.0	0.0	monopolar		[8428. 1288. 3303.]	[nan nan nan]
7820.8763	2.0	trials	1.0	2.0	75.0	biphasic	32.0	100.0	1.0	10.0	-100.0	16r	16.0	0.0	monopolar		[8428. 1288. 3303.]	[nan nan nan]
7822.8783	2.0	trials	1.0	2.0	75.0	biphasic	32.0	100.0	1.0	10.0	-100.0	16r	16.0	0.0	monopolar		[8428. 1288. 3303.]	[nan nan nan]
7824.8803	2.0	trials	1.0	2.0	75.0	biphasic	32.0	100.0	1.0	10.0	-100.0	16r	16.0	0.0	monopolar		[8428. 1288. 3303.]	[nan nan nan]
7826.8823	2.0	trials	1.0	2.0	75.0	biphasic	32.0	100.0	1.0	10.0	-100.0	16r	16.0	0.0	monopolar		[8428. 1288. 3303.]	[nan nan nan]
7828.8843	2.0	trials	1.0	2.0	75.0	biphasic	32.0	100.0	1.0	10.0	-100.0	16r	16.0	0.0	monopolar		[8428. 1288. 3303.]	[nan nan nan]
7830.8863	2.0	trials	1.0	2.0	75.0	biphasic	32.0	100.0	1.0	10.0	-100.0	16r	16.0	0.0	monopolar		[8428. 1288. 3303.]	[nan nan nan]
7832.8883	2.0	trials	1.0	2.0	75.0	biphasic	32.0	100.0	1.0	10.0	-100.0	16r	16.0	0.0	monopolar		[8428. 1288. 3303.]	[nan nan nan]
7834.8903	2.0	trials	1.0	2.0	75.0	biphasic	32.0	100.0	1.0	10.0	-100.0	16r	16.0	0.0	monopolar		[8428. 1288. 3303.]	[nan nan nan]
7836.8923	2.0	trials	1.0	2.0	75.0	biphasic	32.0	100.0	1.0	10.0	-100.0	16r	16.0	0.0	monopolar		[8428. 1288. 3303.]	[nan nan nan]
7838.8943	2.0	trials	1.0	2.0	75.0	biphasic	32.0	100.0	1.0	10.0	-100.0	16r	16.0	0.0	monopolar		[8428. 1288. 3303.]	[nan nan nan]
7840.896266666667	2.0	trials	1.0	2.0	75.0	biphasic	32.0	100.0	1.0	10.0	-100.0	16r	16.0	0.0	monopolar		[8428. 1288. 3303.]	[nan nan nan]
7842.898266666667	2.0	trials	1.0	2.0	75.0	biphasic	32.0	100.0	1.0	10.0	-100.0	16r	16.0	0.0	monopolar		[8428. 1288. 3303.]	[nan nan nan]
7844.9002666666665	2.0	trials	1.0	2.0	75.0	biphasic	32.0	100.0	1.0	10.0	-100.0	16r	16.0	0.0	monopolar		[8428. 1288. 3303.]	[nan nan nan]
7846.902266666667	2.0	trials	1.0	2.0	75.0	biphasic	32.0	100.0	1.0	10.0	-100.0	16r	16.0	0.0	monopolar		[8428. 1288. 3303.]	[nan nan nan]
7848.904266666666	2.0	trials	1.0	2.0	75.0	biphasic	32.0	100.0	1.0	10.0	-100.0	16r	16.0	0.0	monopolar		[8428. 1288. 3303.]	[nan nan nan]
7850.906266666667	2.0	trials	1.0	2.0	75.0	biphasic	32.0	100.0	1.0	10.0	-100.0	16r	16.0	0.0	monopolar		[8428. 1288. 3303.]	[nan nan nan]
7852.908266666666	2.0	trials	1.0	2.0	75.0	biphasic	32.0	100.0	1.0	10.0	-100.0	16r	16.0	0.0	monopolar		[8428. 1288. 3303.]	[nan nan nan]
7854.910266666667	2.0	trials	1.0	2.0	75.0	biphasic	32.0	100.0	1.0	10.0	-100.0	16r	16.0	0.0	monopolar		[8428. 1288. 3303.]	[nan nan nan]
7856.912266666666	2.0	trials	1.0	2.0	75.0	biphasic	32.0	100.0	1.0	10.0	-100.0	16r	16.0	0.0	monopolar		[8428. 1288. 3303.]	[nan nan nan]
7858.914266666667	2.0	trials	1.0	2.0	75.0	biphasic	32.0	100.0	1.0	10.0	-100.0	16r	16.0	0.0	monopolar		[8428. 1288. 3303.]	[nan nan nan]
7860.916266666667	2.0	trials	1.0	2.0	75.0	biphasic	32.0	100.0	1.0	10.0	-100.0	16r	16.0	0.0	monopolar		[8428. 1288. 3303.]	[nan nan nan]
7862.918266666667	2.0	trials	1.0	2.0	75.0	biphasic	32.0	100.0	1.0	10.0	-100.0	16r	16.0	0.0	monopolar		[8428. 1288. 3303.]	[nan nan nan]
7864.920266666667	2.0	trials	1.0	2.0	75.0	biphasic	32.0	100.0	1.0	10.0	-100.0	16r	16.0	0.0	monopolar		[8428. 1288. 3303.]	[nan nan nan]
7866.922233333334	2.0	trials	1.0	2.0	75.0	biphasic	32.0	100.0	1.0	10.0	-100.0	16r	16.0	0.0	monopolar		[8428. 1288. 3303.]	[nan nan nan]
7868.924233333333	2.0	trials	1.0	2.0	75.0	biphasic	32.0	100.0	1.0	10.0	-100.0	16r	16.0	0.0	monopolar		[8428. 1288. 3303.]	[nan nan nan]
7870.926233333334	2.0	trials	1.0	2.0	75.0	biphasic	32.0	100.0	1.0	10.0	-100.0	16r	16.0	0.0	monopolar		[8428. 1288. 3303.]	[nan nan nan]
7872.928233333333	2.0	trials	1.0	2.0	75.0	biphasic	32.0	100.0	1.0	10.0	-100.0	16r	16.0	0.0	monopolar		[8428. 1288. 3303.]	[nan nan nan]
7874.9302333333335	2.0	trials	1.0	2.0	75.0	biphasic	32.0	100.0	1.0	10.0	-100.0	16r	16.0	0.0	monopolar		[8428. 1288. 3303.]	[nan nan nan]
7876.932233333333	2.0	trials	1.0	2.0	75.0	biphasic	32.0	100.0	1.0	10.0	-100.0	16r	16.0	0.0	monopolar		[8428. 1288. 3303.]	[nan nan nan]
7878.934233333333	2.0	trials	1.0	2.0	75.0	biphasic	32.0	100.0	1.0	10.0	-100.0	16r	16.0	0.0	monopolar		[8428. 1288. 3303.]	[nan nan nan]
7880.936233333333	2.0	trials	1.0	2.0	75.0	biphasic	32.0	100.0	1.0	10.0	-100.0	16r	16.0	0.0	monopolar		[8428. 1288. 3303.]	[nan nan nan]
7882.938233333333	2.0	trials	1.0	2.0	75.0	biphasic	32.0	100.0	1.0	10.0	-100.0	16r	16.0	0.0	monopolar		[8428. 1288. 3303.]	[nan nan nan]
7884.940233333334	2.0	trials	1.0	2.0	75.0	biphasic	32.0	100.0	1.0	10.0	-100.0	16r	16.0	0.0	monopolar		[8428. 1288. 3303.]	[nan nan nan]
7886.942233333333	2.0	trials	1.0	2.0	75.0	biphasic	32.0	100.0	1.0	10.0	-100.0	16r	16.0	0.0	monopolar		[8428. 1288. 3303.]	[nan nan nan]
7888.944233333334	2.0	trials	1.0	2.0	75.0	biphasic	32.0	100.0	1.0	10.0	-100.0	16r	16.0	0.0	monopolar		[8428. 1288. 3303.]	[nan nan nan]
7890.946233333333	2.0	trials	1.0	2.0	75.0	biphasic	32.0	100.0	1.0	10.0	-100.0	16r	16.0	0.0	monopolar		[8428. 1288. 3303.]	[nan nan nan]
7892.9482	2.0	trials	1.0	2.0	75.0	biphasic	32.0	100.0	1.0	10.0	-100.0	16r	16.0	0.0	monopolar		[8428. 1288. 3303.]	[nan nan nan]
7894.9502	2.0	trials	1.0	2.0	75.0	biphasic	32.0	100.0	1.0	10.0	-100.0	16r	16.0	0.0	monopolar		[8428. 1288. 3303.]	[nan nan nan]
7896.9522	2.0	trials	1.0	2.0	75.0	biphasic	32.0	100.0	1.0	10.0	-100.0	16r	16.0	0.0	monopolar		[8428. 1288. 3303.]	[nan nan nan]
7898.9542	2.0	trials	1.0	2.0	75.0	biphasic	32.0	100.0	1.0	10.0	-100.0	16r	16.0	0.0	monopolar		[8428. 1288. 3303.]	[nan nan nan]
7900.9562	2.0	trials	1.0	2.0	75.0	biphasic	32.0	100.0	1.0	10.0	-100.0	16r	16.0	0.0	monopolar		[8428. 1288. 3303.]	[nan nan nan]
7902.9582	2.0	trials	1.0	2.0	75.0	biphasic	32.0	100.0	1.0	10.0	-100.0	16r	16.0	0.0	monopolar		[8428. 1288. 3303.]	[nan nan nan]
7904.9602	2.0	trials	1.0	2.0	75.0	biphasic	32.0	100.0	1.0	10.0	-100.0	16r	16.0	0.0	monopolar		[8428. 1288. 3303.]	[nan nan nan]
7906.9622	2.0	trials	1.0	2.0	75.0	biphasic	32.0	100.0	1.0	10.0	-100.0	16r	16.0	0.0	monopolar		[8428. 1288. 3303.]	[nan nan nan]
7908.9642	2.0	trials	1.0	2.0	75.0	biphasic	32.0	100.0	1.0	10.0	-100.0	16r	16.0	0.0	monopolar		[8428. 1288. 3303.]	[nan nan nan]
7910.9662	2.0	trials	1.0	2.0	75.0	biphasic	32.0	100.0	1.0	10.0	-100.0	16r	16.0	0.0	monopolar		[8428. 1288. 3303.]	[nan nan nan]
7912.9682	2.0	trials	1.0	2.0	75.0	biphasic	32.0	100.0	1.0	10.0	-100.0	16r	16.0	0.0	monopolar		[8428. 1288. 3303.]	[nan nan nan]
7914.9702	2.0	trials	1.0	2.0	75.0	biphasic	32.0	100.0	1.0	10.0	-100.0	16r	16.0	0.0	monopolar		[8428. 1288. 3303.]	[nan nan nan]
7916.9722	2.0	trials	1.0	2.0	75.0	biphasic	32.0	100.0	1.0	10.0	-100.0	16r	16.0	0.0	monopolar		[8428. 1288. 3303.]	[nan nan nan]
7918.974166666667	2.0	trials	1.0	2.0	75.0	biphasic	32.0	100.0	1.0	10.0	-100.0	16r	16.0	0.0	monopolar		[8428. 1288. 3303.]	[nan nan nan]
7920.976166666666	2.0	trials	1.0	2.0	75.0	biphasic	32.0	100.0	1.0	10.0	-100.0	16r	16.0	0.0	monopolar		[8428. 1288. 3303.]	[nan nan nan]
7922.978166666667	2.0	trials	1.0	2.0	75.0	biphasic	32.0	100.0	1.0	10.0	-100.0	16r	16.0	0.0	monopolar		[8428. 1288. 3303.]	[nan nan nan]
7924.980166666666	2.0	trials	1.0	2.0	75.0	biphasic	32.0	100.0	1.0	10.0	-100.0	16r	16.0	0.0	monopolar		[8428. 1288. 3303.]	[nan nan nan]
7926.982166666667	2.0	trials	1.0	2.0	75.0	biphasic	32.0	100.0	1.0	10.0	-100.0	16r	16.0	0.0	monopolar		[8428. 1288. 3303.]	[nan nan nan]
7928.984166666667	2.0	trials	1.0	2.0	75.0	biphasic	32.0	100.0	1.0	10.0	-100.0	16r	16.0	0.0	monopolar		[8428. 1288. 3303.]	[nan nan nan]
7930.986166666667	2.0	trials	1.0	2.0	75.0	biphasic	32.0	100.0	1.0	10.0	-100.0	16r	16.0	0.0	monopolar		[8428. 1288. 3303.]	[nan nan nan]
7943.733766666666	2.0	trials	1.0	2.0	75.0	biphasic	33.0	100.0	1.0	10.0	100.0	16r	16.0	0.0	monopolar		[8428. 1288. 3303.]	[nan nan nan]
7945.735766666667	2.0	trials	1.0	2.0	75.0	biphasic	33.0	100.0	1.0	10.0	100.0	16r	16.0	0.0	monopolar		[8428. 1288. 3303.]	[nan nan nan]
7947.737766666667	2.0	trials	1.0	2.0	75.0	biphasic	33.0	100.0	1.0	10.0	100.0	16r	16.0	0.0	monopolar		[8428. 1288. 3303.]	[nan nan nan]
7949.739733333333	2.0	trials	1.0	2.0	75.0	biphasic	33.0	100.0	1.0	10.0	100.0	16r	16.0	0.0	monopolar		[8428. 1288. 3303.]	[nan nan nan]
7951.741733333333	2.0	trials	1.0	2.0	75.0	biphasic	33.0	100.0	1.0	10.0	100.0	16r	16.0	0.0	monopolar		[8428. 1288. 3303.]	[nan nan nan]
7953.743733333334	2.0	trials	1.0	2.0	75.0	biphasic	33.0	100.0	1.0	10.0	100.0	16r	16.0	0.0	monopolar		[8428. 1288. 3303.]	[nan nan nan]
7955.745733333333	2.0	trials	1.0	2.0	75.0	biphasic	33.0	100.0	1.0	10.0	100.0	16r	16.0	0.0	monopolar		[8428. 1288. 3303.]	[nan nan nan]
7957.747733333334	2.0	trials	1.0	2.0	75.0	biphasic	33.0	100.0	1.0	10.0	100.0	16r	16.0	0.0	monopolar		[8428. 1288. 3303.]	[nan nan nan]
7959.749733333333	2.0	trials	1.0	2.0	75.0	biphasic	33.0	100.0	1.0	10.0	100.0	16r	16.0	0.0	monopolar		[8428. 1288. 3303.]	[nan nan nan]
7961.7517333333335	2.0	trials	1.0	2.0	75.0	biphasic	33.0	100.0	1.0	10.0	100.0	16r	16.0	0.0	monopolar		[8428. 1288. 3303.]	[nan nan nan]
7963.753733333333	2.0	trials	1.0	2.0	75.0	biphasic	33.0	100.0	1.0	10.0	100.0	16r	16.0	0.0	monopolar		[8428. 1288. 3303.]	[nan nan nan]
7965.755733333333	2.0	trials	1.0	2.0	75.0	biphasic	33.0	100.0	1.0	10.0	100.0	16r	16.0	0.0	monopolar		[8428. 1288. 3303.]	[nan nan nan]
7967.757733333333	2.0	trials	1.0	2.0	75.0	biphasic	33.0	100.0	1.0	10.0	100.0	16r	16.0	0.0	monopolar		[8428. 1288. 3303.]	[nan nan nan]
7969.759733333333	2.0	trials	1.0	2.0	75.0	biphasic	33.0	100.0	1.0	10.0	100.0	16r	16.0	0.0	monopolar		[8428. 1288. 3303.]	[nan nan nan]
7971.761733333334	2.0	trials	1.0	2.0	75.0	biphasic	33.0	100.0	1.0	10.0	100.0	16r	16.0	0.0	monopolar		[8428. 1288. 3303.]	[nan nan nan]
7973.763733333333	2.0	trials	1.0	2.0	75.0	biphasic	33.0	100.0	1.0	10.0	100.0	16r	16.0	0.0	monopolar		[8428. 1288. 3303.]	[nan nan nan]
7975.7657	2.0	trials	1.0	2.0	75.0	biphasic	33.0	100.0	1.0	10.0	100.0	16r	16.0	0.0	monopolar		[8428. 1288. 3303.]	[nan nan nan]
7977.7677	2.0	trials	1.0	2.0	75.0	biphasic	33.0	100.0	1.0	10.0	100.0	16r	16.0	0.0	monopolar		[8428. 1288. 3303.]	[nan nan nan]
7979.7697	2.0	trials	1.0	2.0	75.0	biphasic	33.0	100.0	1.0	10.0	100.0	16r	16.0	0.0	monopolar		[8428. 1288. 3303.]	[nan nan nan]
7981.7717	2.0	trials	1.0	2.0	75.0	biphasic	33.0	100.0	1.0	10.0	100.0	16r	16.0	0.0	monopolar		[8428. 1288. 3303.]	[nan nan nan]
7983.7737	2.0	trials	1.0	2.0	75.0	biphasic	33.0	100.0	1.0	10.0	100.0	16r	16.0	0.0	monopolar		[8428. 1288. 3303.]	[nan nan nan]
7985.7757	2.0	trials	1.0	2.0	75.0	biphasic	33.0	100.0	1.0	10.0	100.0	16r	16.0	0.0	monopolar		[8428. 1288. 3303.]	[nan nan nan]
7987.7777	2.0	trials	1.0	2.0	75.0	biphasic	33.0	100.0	1.0	10.0	100.0	16r	16.0	0.0	monopolar		[8428. 1288. 3303.]	[nan nan nan]
7989.7797	2.0	trials	1.0	2.0	75.0	biphasic	33.0	100.0	1.0	10.0	100.0	16r	16.0	0.0	monopolar		[8428. 1288. 3303.]	[nan nan nan]
7991.7817	2.0	trials	1.0	2.0	75.0	biphasic	33.0	100.0	1.0	10.0	100.0	16r	16.0	0.0	monopolar		[8428. 1288. 3303.]	[nan nan nan]
7993.7837	2.0	trials	1.0	2.0	75.0	biphasic	33.0	100.0	1.0	10.0	100.0	16r	16.0	0.0	monopolar		[8428. 1288. 3303.]	[nan nan nan]
7995.7857	2.0	trials	1.0	2.0	75.0	biphasic	33.0	100.0	1.0	10.0	100.0	16r	16.0	0.0	monopolar		[8428. 1288. 3303.]	[nan nan nan]
7997.7877	2.0	trials	1.0	2.0	75.0	biphasic	33.0	100.0	1.0	10.0	100.0	16r	16.0	0.0	monopolar		[8428. 1288. 3303.]	[nan nan nan]
7999.7897	2.0	trials	1.0	2.0	75.0	biphasic	33.0	100.0	1.0	10.0	100.0	16r	16.0	0.0	monopolar		[8428. 1288. 3303.]	[nan nan nan]
8001.791666666667	2.0	trials	1.0	2.0	75.0	biphasic	33.0	100.0	1.0	10.0	100.0	16r	16.0	0.0	monopolar		[8428. 1288. 3303.]	[nan nan nan]
8003.7936666666665	2.0	trials	1.0	2.0	75.0	biphasic	33.0	100.0	1.0	10.0	100.0	16r	16.0	0.0	monopolar		[8428. 1288. 3303.]	[nan nan nan]
8005.795666666667	2.0	trials	1.0	2.0	75.0	biphasic	33.0	100.0	1.0	10.0	100.0	16r	16.0	0.0	monopolar		[8428. 1288. 3303.]	[nan nan nan]
8007.797666666666	2.0	trials	1.0	2.0	75.0	biphasic	33.0	100.0	1.0	10.0	100.0	16r	16.0	0.0	monopolar		[8428. 1288. 3303.]	[nan nan nan]
8009.799666666667	2.0	trials	1.0	2.0	75.0	biphasic	33.0	100.0	1.0	10.0	100.0	16r	16.0	0.0	monopolar		[8428. 1288. 3303.]	[nan nan nan]
8011.801666666666	2.0	trials	1.0	2.0	75.0	biphasic	33.0	100.0	1.0	10.0	100.0	16r	16.0	0.0	monopolar		[8428. 1288. 3303.]	[nan nan nan]
8013.803666666667	2.0	trials	1.0	2.0	75.0	biphasic	33.0	100.0	1.0	10.0	100.0	16r	16.0	0.0	monopolar		[8428. 1288. 3303.]	[nan nan nan]
8015.805666666667	2.0	trials	1.0	2.0	75.0	biphasic	33.0	100.0	1.0	10.0	100.0	16r	16.0	0.0	monopolar		[8428. 1288. 3303.]	[nan nan nan]
8017.807666666667	2.0	trials	1.0	2.0	75.0	biphasic	33.0	100.0	1.0	10.0	100.0	16r	16.0	0.0	monopolar		[8428. 1288. 3303.]	[nan nan nan]
8019.809666666667	2.0	trials	1.0	2.0	75.0	biphasic	33.0	100.0	1.0	10.0	100.0	16r	16.0	0.0	monopolar		[8428. 1288. 3303.]	[nan nan nan]
8021.8116666666665	2.0	trials	1.0	2.0	75.0	biphasic	33.0	100.0	1.0	10.0	100.0	16r	16.0	0.0	monopolar		[8428. 1288. 3303.]	[nan nan nan]
8023.813666666667	2.0	trials	1.0	2.0	75.0	biphasic	33.0	100.0	1.0	10.0	100.0	16r	16.0	0.0	monopolar		[8428. 1288. 3303.]	[nan nan nan]
8025.815666666666	2.0	trials	1.0	2.0	75.0	biphasic	33.0	100.0	1.0	10.0	100.0	16r	16.0	0.0	monopolar		[8428. 1288. 3303.]	[nan nan nan]
8027.817633333333	2.0	trials	1.0	2.0	75.0	biphasic	33.0	100.0	1.0	10.0	100.0	16r	16.0	0.0	monopolar		[8428. 1288. 3303.]	[nan nan nan]
8029.8196333333335	2.0	trials	1.0	2.0	75.0	biphasic	33.0	100.0	1.0	10.0	100.0	16r	16.0	0.0	monopolar		[8428. 1288. 3303.]	[nan nan nan]
8031.821633333333	2.0	trials	1.0	2.0	75.0	biphasic	33.0	100.0	1.0	10.0	100.0	16r	16.0	0.0	monopolar		[8428. 1288. 3303.]	[nan nan nan]
8033.823633333333	2.0	trials	1.0	2.0	75.0	biphasic	33.0	100.0	1.0	10.0	100.0	16r	16.0	0.0	monopolar		[8428. 1288. 3303.]	[nan nan nan]
8035.825633333333	2.0	trials	1.0	2.0	75.0	biphasic	33.0	100.0	1.0	10.0	100.0	16r	16.0	0.0	monopolar		[8428. 1288. 3303.]	[nan nan nan]
8037.827633333333	2.0	trials	1.0	2.0	75.0	biphasic	33.0	100.0	1.0	10.0	100.0	16r	16.0	0.0	monopolar		[8428. 1288. 3303.]	[nan nan nan]
8039.829633333334	2.0	trials	1.0	2.0	75.0	biphasic	33.0	100.0	1.0	10.0	100.0	16r	16.0	0.0	monopolar		[8428. 1288. 3303.]	[nan nan nan]
8041.831633333333	2.0	trials	1.0	2.0	75.0	biphasic	33.0	100.0	1.0	10.0	100.0	16r	16.0	0.0	monopolar		[8428. 1288. 3303.]	[nan nan nan]
8043.833633333334	2.0	trials	1.0	2.0	75.0	biphasic	33.0	100.0	1.0	10.0	100.0	16r	16.0	0.0	monopolar		[8428. 1288. 3303.]	[nan nan nan]
8045.835633333333	2.0	trials	1.0	2.0	75.0	biphasic	33.0	100.0	1.0	10.0	100.0	16r	16.0	0.0	monopolar		[8428. 1288. 3303.]	[nan nan nan]
8047.8376333333335	2.0	trials	1.0	2.0	75.0	biphasic	33.0	100.0	1.0	10.0	100.0	16r	16.0	0.0	monopolar		[8428. 1288. 3303.]	[nan nan nan]
8049.839633333333	2.0	trials	1.0	2.0	75.0	biphasic	33.0	100.0	1.0	10.0	100.0	16r	16.0	0.0	monopolar		[8428. 1288. 3303.]	[nan nan nan]
8051.841633333333	2.0	trials	1.0	2.0	75.0	biphasic	33.0	100.0	1.0	10.0	100.0	16r	16.0	0.0	monopolar		[8428. 1288. 3303.]	[nan nan nan]
8053.8436	2.0	trials	1.0	2.0	75.0	biphasic	33.0	100.0	1.0	10.0	100.0	16r	16.0	0.0	monopolar		[8428. 1288. 3303.]	[nan nan nan]
8055.8456	2.0	trials	1.0	2.0	75.0	biphasic	33.0	100.0	1.0	10.0	100.0	16r	16.0	0.0	monopolar		[8428. 1288. 3303.]	[nan nan nan]
8057.8476	2.0	trials	1.0	2.0	75.0	biphasic	33.0	100.0	1.0	10.0	100.0	16r	16.0	0.0	monopolar		[8428. 1288. 3303.]	[nan nan nan]
8059.8496	2.0	trials	1.0	2.0	75.0	biphasic	33.0	100.0	1.0	10.0	100.0	16r	16.0	0.0	monopolar		[8428. 1288. 3303.]	[nan nan nan]
8061.8516	2.0	trials	1.0	2.0	75.0	biphasic	33.0	100.0	1.0	10.0	100.0	16r	16.0	0.0	monopolar		[8428. 1288. 3303.]	[nan nan nan]
8063.8536	2.0	trials	1.0	2.0	75.0	biphasic	33.0	100.0	1.0	10.0	100.0	16r	16.0	0.0	monopolar		[8428. 1288. 3303.]	[nan nan nan]
8065.8556	2.0	trials	1.0	2.0	75.0	biphasic	33.0	100.0	1.0	10.0	100.0	16r	16.0	0.0	monopolar		[8428. 1288. 3303.]	[nan nan nan]
8067.8576	2.0	trials	1.0	2.0	75.0	biphasic	33.0	100.0	1.0	10.0	100.0	16r	16.0	0.0	monopolar		[8428. 1288. 3303.]	[nan nan nan]
8069.8596	2.0	trials	1.0	2.0	75.0	biphasic	33.0	100.0	1.0	10.0	100.0	16r	16.0	0.0	monopolar		[8428. 1288. 3303.]	[nan nan nan]
8071.8616	2.0	trials	1.0	2.0	75.0	biphasic	33.0	100.0	1.0	10.0	100.0	16r	16.0	0.0	monopolar		[8428. 1288. 3303.]	[nan nan nan]
8073.8636	2.0	trials	1.0	2.0	75.0	biphasic	33.0	100.0	1.0	10.0	100.0	16r	16.0	0.0	monopolar		[8428. 1288. 3303.]	[nan nan nan]
8075.8656	2.0	trials	1.0	2.0	75.0	biphasic	33.0	100.0	1.0	10.0	100.0	16r	16.0	0.0	monopolar		[8428. 1288. 3303.]	[nan nan nan]
8077.8676	2.0	trials	1.0	2.0	75.0	biphasic	33.0	100.0	1.0	10.0	100.0	16r	16.0	0.0	monopolar		[8428. 1288. 3303.]	[nan nan nan]
8079.869566666666	2.0	trials	1.0	2.0	75.0	biphasic	33.0	100.0	1.0	10.0	100.0	16r	16.0	0.0	monopolar		[8428. 1288. 3303.]	[nan nan nan]
8081.871566666667	2.0	trials	1.0	2.0	75.0	biphasic	33.0	100.0	1.0	10.0	100.0	16r	16.0	0.0	monopolar		[8428. 1288. 3303.]	[nan nan nan]
8083.873566666667	2.0	trials	1.0	2.0	75.0	biphasic	33.0	100.0	1.0	10.0	100.0	16r	16.0	0.0	monopolar		[8428. 1288. 3303.]	[nan nan nan]
8085.875566666667	2.0	trials	1.0	2.0	75.0	biphasic	33.0	100.0	1.0	10.0	100.0	16r	16.0	0.0	monopolar		[8428. 1288. 3303.]	[nan nan nan]
8087.877566666667	2.0	trials	1.0	2.0	75.0	biphasic	33.0	100.0	1.0	10.0	100.0	16r	16.0	0.0	monopolar		[8428. 1288. 3303.]	[nan nan nan]
8089.8795666666665	2.0	trials	1.0	2.0	75.0	biphasic	33.0	100.0	1.0	10.0	100.0	16r	16.0	0.0	monopolar		[8428. 1288. 3303.]	[nan nan nan]
8091.881566666667	2.0	trials	1.0	2.0	75.0	biphasic	33.0	100.0	1.0	10.0	100.0	16r	16.0	0.0	monopolar		[8428. 1288. 3303.]	[nan nan nan]
8124.6132	2.0	trials	1.0	2.0	50.0	biphasic	34.0	200.0	1.0	10.0	-25.0	16r	16.0	0.0	monopolar		[8428. 1288. 3303.]	[nan nan nan]
8126.6152	2.0	trials	1.0	2.0	50.0	biphasic	34.0	200.0	1.0	10.0	-25.0	16r	16.0	0.0	monopolar		[8428. 1288. 3303.]	[nan nan nan]
8128.6172	2.0	trials	1.0	2.0	50.0	biphasic	34.0	200.0	1.0	10.0	-25.0	16r	16.0	0.0	monopolar		[8428. 1288. 3303.]	[nan nan nan]
8130.6192	2.0	trials	1.0	2.0	50.0	biphasic	34.0	200.0	1.0	10.0	-25.0	16r	16.0	0.0	monopolar		[8428. 1288. 3303.]	[nan nan nan]
8132.6212	2.0	trials	1.0	2.0	50.0	biphasic	34.0	200.0	1.0	10.0	-25.0	16r	16.0	0.0	monopolar		[8428. 1288. 3303.]	[nan nan nan]
8134.6232	2.0	trials	1.0	2.0	50.0	biphasic	34.0	200.0	1.0	10.0	-25.0	16r	16.0	0.0	monopolar		[8428. 1288. 3303.]	[nan nan nan]
8136.6252	2.0	trials	1.0	2.0	50.0	biphasic	34.0	200.0	1.0	10.0	-25.0	16r	16.0	0.0	monopolar		[8428. 1288. 3303.]	[nan nan nan]
8138.6272	2.0	trials	1.0	2.0	50.0	biphasic	34.0	200.0	1.0	10.0	-25.0	16r	16.0	0.0	monopolar		[8428. 1288. 3303.]	[nan nan nan]
8140.629166666667	2.0	trials	1.0	2.0	50.0	biphasic	34.0	200.0	1.0	10.0	-25.0	16r	16.0	0.0	monopolar		[8428. 1288. 3303.]	[nan nan nan]
8142.631166666667	2.0	trials	1.0	2.0	50.0	biphasic	34.0	200.0	1.0	10.0	-25.0	16r	16.0	0.0	monopolar		[8428. 1288. 3303.]	[nan nan nan]
8144.6331666666665	2.0	trials	1.0	2.0	50.0	biphasic	34.0	200.0	1.0	10.0	-25.0	16r	16.0	0.0	monopolar		[8428. 1288. 3303.]	[nan nan nan]
8146.635166666667	2.0	trials	1.0	2.0	50.0	biphasic	34.0	200.0	1.0	10.0	-25.0	16r	16.0	0.0	monopolar		[8428. 1288. 3303.]	[nan nan nan]
8148.637166666666	2.0	trials	1.0	2.0	50.0	biphasic	34.0	200.0	1.0	10.0	-25.0	16r	16.0	0.0	monopolar		[8428. 1288. 3303.]	[nan nan nan]
8150.639166666667	2.0	trials	1.0	2.0	50.0	biphasic	34.0	200.0	1.0	10.0	-25.0	16r	16.0	0.0	monopolar		[8428. 1288. 3303.]	[nan nan nan]
8152.641166666666	2.0	trials	1.0	2.0	50.0	biphasic	34.0	200.0	1.0	10.0	-25.0	16r	16.0	0.0	monopolar		[8428. 1288. 3303.]	[nan nan nan]
8154.643166666667	2.0	trials	1.0	2.0	50.0	biphasic	34.0	200.0	1.0	10.0	-25.0	16r	16.0	0.0	monopolar		[8428. 1288. 3303.]	[nan nan nan]
8156.645166666666	2.0	trials	1.0	2.0	50.0	biphasic	34.0	200.0	1.0	10.0	-25.0	16r	16.0	0.0	monopolar		[8428. 1288. 3303.]	[nan nan nan]
8158.647166666667	2.0	trials	1.0	2.0	50.0	biphasic	34.0	200.0	1.0	10.0	-25.0	16r	16.0	0.0	monopolar		[8428. 1288. 3303.]	[nan nan nan]
8160.649166666667	2.0	trials	1.0	2.0	50.0	biphasic	34.0	200.0	1.0	10.0	-25.0	16r	16.0	0.0	monopolar		[8428. 1288. 3303.]	[nan nan nan]
8162.6511666666665	2.0	trials	1.0	2.0	50.0	biphasic	34.0	200.0	1.0	10.0	-25.0	16r	16.0	0.0	monopolar		[8428. 1288. 3303.]	[nan nan nan]
8164.653166666667	2.0	trials	1.0	2.0	50.0	biphasic	34.0	200.0	1.0	10.0	-25.0	16r	16.0	0.0	monopolar		[8428. 1288. 3303.]	[nan nan nan]
8166.655133333334	2.0	trials	1.0	2.0	50.0	biphasic	34.0	200.0	1.0	10.0	-25.0	16r	16.0	0.0	monopolar		[8428. 1288. 3303.]	[nan nan nan]
8168.657133333333	2.0	trials	1.0	2.0	50.0	biphasic	34.0	200.0	1.0	10.0	-25.0	16r	16.0	0.0	monopolar		[8428. 1288. 3303.]	[nan nan nan]
8170.659133333334	2.0	trials	1.0	2.0	50.0	biphasic	34.0	200.0	1.0	10.0	-25.0	16r	16.0	0.0	monopolar		[8428. 1288. 3303.]	[nan nan nan]
8172.661133333333	2.0	trials	1.0	2.0	50.0	biphasic	34.0	200.0	1.0	10.0	-25.0	16r	16.0	0.0	monopolar		[8428. 1288. 3303.]	[nan nan nan]
8174.6631333333335	2.0	trials	1.0	2.0	50.0	biphasic	34.0	200.0	1.0	10.0	-25.0	16r	16.0	0.0	monopolar		[8428. 1288. 3303.]	[nan nan nan]
8176.665133333333	2.0	trials	1.0	2.0	50.0	biphasic	34.0	200.0	1.0	10.0	-25.0	16r	16.0	0.0	monopolar		[8428. 1288. 3303.]	[nan nan nan]
8178.667133333333	2.0	trials	1.0	2.0	50.0	biphasic	34.0	200.0	1.0	10.0	-25.0	16r	16.0	0.0	monopolar		[8428. 1288. 3303.]	[nan nan nan]
8180.669133333334	2.0	trials	1.0	2.0	50.0	biphasic	34.0	200.0	1.0	10.0	-25.0	16r	16.0	0.0	monopolar		[8428. 1288. 3303.]	[nan nan nan]
8182.671133333333	2.0	trials	1.0	2.0	50.0	biphasic	34.0	200.0	1.0	10.0	-25.0	16r	16.0	0.0	monopolar		[8428. 1288. 3303.]	[nan nan nan]
8184.673133333334	2.0	trials	1.0	2.0	50.0	biphasic	34.0	200.0	1.0	10.0	-25.0	16r	16.0	0.0	monopolar		[8428. 1288. 3303.]	[nan nan nan]
8186.675133333333	2.0	trials	1.0	2.0	50.0	biphasic	34.0	200.0	1.0	10.0	-25.0	16r	16.0	0.0	monopolar		[8428. 1288. 3303.]	[nan nan nan]
8188.677133333334	2.0	trials	1.0	2.0	50.0	biphasic	34.0	200.0	1.0	10.0	-25.0	16r	16.0	0.0	monopolar		[8428. 1288. 3303.]	[nan nan nan]
8190.679133333333	2.0	trials	1.0	2.0	50.0	biphasic	34.0	200.0	1.0	10.0	-25.0	16r	16.0	0.0	monopolar		[8428. 1288. 3303.]	[nan nan nan]
8192.681133333333	2.0	trials	1.0	2.0	50.0	biphasic	34.0	200.0	1.0	10.0	-25.0	16r	16.0	0.0	monopolar		[8428. 1288. 3303.]	[nan nan nan]
8194.6831	2.0	trials	1.0	2.0	50.0	biphasic	34.0	200.0	1.0	10.0	-25.0	16r	16.0	0.0	monopolar		[8428. 1288. 3303.]	[nan nan nan]
8196.6851	2.0	trials	1.0	2.0	50.0	biphasic	34.0	200.0	1.0	10.0	-25.0	16r	16.0	0.0	monopolar		[8428. 1288. 3303.]	[nan nan nan]
8198.6871	2.0	trials	1.0	2.0	50.0	biphasic	34.0	200.0	1.0	10.0	-25.0	16r	16.0	0.0	monopolar		[8428. 1288. 3303.]	[nan nan nan]
8200.6891	2.0	trials	1.0	2.0	50.0	biphasic	34.0	200.0	1.0	10.0	-25.0	16r	16.0	0.0	monopolar		[8428. 1288. 3303.]	[nan nan nan]
8202.690565970666	2.0	trials	1.0	2.0	50.0	biphasic	34.0	200.0	1.0	10.0	-25.0	16r	16.0	0.0	monopolar		[8428. 1288. 3303.]	[nan nan nan]
8204.6931	2.0	trials	1.0	2.0	50.0	biphasic	34.0	200.0	1.0	10.0	-25.0	16r	16.0	0.0	monopolar		[8428. 1288. 3303.]	[nan nan nan]
8206.6951	2.0	trials	1.0	2.0	50.0	biphasic	34.0	200.0	1.0	10.0	-25.0	16r	16.0	0.0	monopolar		[8428. 1288. 3303.]	[nan nan nan]
8208.69656557965	2.0	trials	1.0	2.0	50.0	biphasic	34.0	200.0	1.0	10.0	-25.0	16r	16.0	0.0	monopolar		[8428. 1288. 3303.]	[nan nan nan]
8210.698565449313	2.0	trials	1.0	2.0	50.0	biphasic	34.0	200.0	1.0	10.0	-25.0	16r	16.0	0.0	monopolar		[8428. 1288. 3303.]	[nan nan nan]
8212.7011	2.0	trials	1.0	2.0	50.0	biphasic	34.0	200.0	1.0	10.0	-25.0	16r	16.0	0.0	monopolar		[8428. 1288. 3303.]	[nan nan nan]
8214.702565188634	2.0	trials	1.0	2.0	50.0	biphasic	34.0	200.0	1.0	10.0	-25.0	16r	16.0	0.0	monopolar		[8428. 1288. 3303.]	[nan nan nan]
8216.704565058297	2.0	trials	1.0	2.0	50.0	biphasic	34.0	200.0	1.0	10.0	-25.0	16r	16.0	0.0	monopolar		[8428. 1288. 3303.]	[nan nan nan]
8218.70763507211	2.0	trials	1.0	2.0	50.0	biphasic	34.0	200.0	1.0	10.0	-25.0	16r	16.0	0.0	monopolar		[8428. 1288. 3303.]	[nan nan nan]
8220.708531464288	2.0	trials	1.0	2.0	50.0	biphasic	34.0	200.0	1.0	10.0	-25.0	16r	16.0	0.0	monopolar		[8428. 1288. 3303.]	[nan nan nan]
8222.710531333949	2.0	trials	1.0	2.0	50.0	biphasic	34.0	200.0	1.0	10.0	-25.0	16r	16.0	0.0	monopolar		[8428. 1288. 3303.]	[nan nan nan]
8231.891802597123	2.0	trials	1.0	2.0	50.0	biphasic	35.0	200.0	1.0	10.0	-50.0	16r	16.0	0.0	monopolar		[8428. 1288. 3303.]	[nan nan nan]
8233.893266666666	2.0	trials	1.0	2.0	50.0	biphasic	35.0	200.0	1.0	10.0	-50.0	16r	16.0	0.0	monopolar		[8428. 1288. 3303.]	[nan nan nan]
8235.894730475604	2.0	trials	1.0	2.0	50.0	biphasic	35.0	200.0	1.0	10.0	-50.0	16r	16.0	0.0	monopolar		[8428. 1288. 3303.]	[nan nan nan]
8237.897802988138	2.0	trials	1.0	2.0	50.0	biphasic	35.0	200.0	1.0	10.0	-50.0	16r	16.0	0.0	monopolar		[8428. 1288. 3303.]	[nan nan nan]
8239.899266666667	2.0	trials	1.0	2.0	50.0	biphasic	35.0	200.0	1.0	10.0	-50.0	16r	16.0	0.0	monopolar		[8428. 1288. 3303.]	[nan nan nan]
8241.900730084588	2.0	trials	1.0	2.0	50.0	biphasic	35.0	200.0	1.0	10.0	-50.0	16r	16.0	0.0	monopolar		[8428. 1288. 3303.]	[nan nan nan]
8243.903803379153	2.0	trials	1.0	2.0	50.0	biphasic	35.0	200.0	1.0	10.0	-50.0	16r	16.0	0.0	monopolar		[8428. 1288. 3303.]	[nan nan nan]
8245.905233333333	2.0	trials	1.0	2.0	50.0	biphasic	35.0	200.0	1.0	10.0	-50.0	16r	16.0	0.0	monopolar		[8428. 1288. 3303.]	[nan nan nan]
8247.907233333333	2.0	trials	1.0	2.0	50.0	biphasic	35.0	200.0	1.0	10.0	-50.0	16r	16.0	0.0	monopolar		[8428. 1288. 3303.]	[nan nan nan]
8249.909770436834	2.0	trials	1.0	2.0	50.0	biphasic	35.0	200.0	1.0	10.0	-50.0	16r	16.0	0.0	monopolar		[8428. 1288. 3303.]	[nan nan nan]
8251.911233333334	2.0	trials	1.0	2.0	50.0	biphasic	35.0	200.0	1.0	10.0	-50.0	16r	16.0	0.0	monopolar		[8428. 1288. 3303.]	[nan nan nan]
8253.913233333333	2.0	trials	1.0	2.0	50.0	biphasic	35.0	200.0	1.0	10.0	-50.0	16r	16.0	0.0	monopolar		[8428. 1288. 3303.]	[nan nan nan]
8255.915233333333	2.0	trials	1.0	2.0	50.0	biphasic	35.0	200.0	1.0	10.0	-50.0	16r	16.0	0.0	monopolar		[8428. 1288. 3303.]	[nan nan nan]
8257.916695708549	2.0	trials	1.0	2.0	50.0	biphasic	35.0	200.0	1.0	10.0	-50.0	16r	16.0	0.0	monopolar		[8428. 1288. 3303.]	[nan nan nan]
8259.919233333334	2.0	trials	1.0	2.0	50.0	biphasic	35.0	200.0	1.0	10.0	-50.0	16r	16.0	0.0	monopolar		[8428. 1288. 3303.]	[nan nan nan]
8261.921233333333	2.0	trials	1.0	2.0	50.0	biphasic	35.0	200.0	1.0	10.0	-50.0	16r	16.0	0.0	monopolar		[8428. 1288. 3303.]	[nan nan nan]
8263.922695317533	2.0	trials	1.0	2.0	50.0	biphasic	35.0	200.0	1.0	10.0	-50.0	16r	16.0	0.0	monopolar		[8428. 1288. 3303.]	[nan nan nan]
8265.925771479542	2.0	trials	1.0	2.0	50.0	biphasic	35.0	200.0	1.0	10.0	-50.0	16r	16.0	0.0	monopolar		[8428. 1288. 3303.]	[nan nan nan]
8267.927233333334	2.0	trials	1.0	2.0	50.0	biphasic	35.0	200.0	1.0	10.0	-50.0	16r	16.0	0.0	monopolar		[8428. 1288. 3303.]	[nan nan nan]
8269.928694926517	2.0	trials	1.0	2.0	50.0	biphasic	35.0	200.0	1.0	10.0	-50.0	16r	16.0	0.0	monopolar		[8428. 1288. 3303.]	[nan nan nan]
8271.931738537223	2.0	trials	1.0	2.0	50.0	biphasic	35.0	200.0	1.0	10.0	-50.0	16r	16.0	0.0	monopolar		[8428. 1288. 3303.]	[nan nan nan]
8273.9332	2.0	trials	1.0	2.0	50.0	biphasic	35.0	200.0	1.0	10.0	-50.0	16r	16.0	0.0	monopolar		[8428. 1288. 3303.]	[nan nan nan]
8275.9352	2.0	trials	1.0	2.0	50.0	biphasic	35.0	200.0	1.0	10.0	-50.0	16r	16.0	0.0	monopolar		[8428. 1288. 3303.]	[nan nan nan]
8277.937738928238	2.0	trials	1.0	2.0	50.0	biphasic	35.0	200.0	1.0	10.0	-50.0	16r	16.0	0.0	monopolar		[8428. 1288. 3303.]	[nan nan nan]
8279.9392	2.0	trials	1.0	2.0	50.0	biphasic	35.0	200.0	1.0	10.0	-50.0	16r	16.0	0.0	monopolar		[8428. 1288. 3303.]	[nan nan nan]
8281.9412	2.0	trials	1.0	2.0	50.0	biphasic	35.0	200.0	1.0	10.0	-50.0	16r	16.0	0.0	monopolar		[8428. 1288. 3303.]	[nan nan nan]
8283.9432	2.0	trials	1.0	2.0	50.0	biphasic	35.0	200.0	1.0	10.0	-50.0	16r	16.0	0.0	monopolar		[8428. 1288. 3303.]	[nan nan nan]
8285.9452	2.0	trials	1.0	2.0	50.0	biphasic	35.0	200.0	1.0	10.0	-50.0	16r	16.0	0.0	monopolar		[8428. 1288. 3303.]	[nan nan nan]
8287.9472	2.0	trials	1.0	2.0	50.0	biphasic	35.0	200.0	1.0	10.0	-50.0	16r	16.0	0.0	monopolar		[8428. 1288. 3303.]	[nan nan nan]
8289.9492	2.0	trials	1.0	2.0	50.0	biphasic	35.0	200.0	1.0	10.0	-50.0	16r	16.0	0.0	monopolar		[8428. 1288. 3303.]	[nan nan nan]
8291.950660159462	2.0	trials	1.0	2.0	50.0	biphasic	35.0	200.0	1.0	10.0	-50.0	16r	16.0	0.0	monopolar		[8428. 1288. 3303.]	[nan nan nan]
8293.9532	2.0	trials	1.0	2.0	50.0	biphasic	35.0	200.0	1.0	10.0	-50.0	16r	16.0	0.0	monopolar		[8428. 1288. 3303.]	[nan nan nan]
8295.9552	2.0	trials	1.0	2.0	50.0	biphasic	35.0	200.0	1.0	10.0	-50.0	16r	16.0	0.0	monopolar		[8428. 1288. 3303.]	[nan nan nan]
8297.956626435116	2.0	trials	1.0	2.0	50.0	biphasic	35.0	200.0	1.0	10.0	-50.0	16r	16.0	0.0	monopolar		[8428. 1288. 3303.]	[nan nan nan]
8299.959707028627	2.0	trials	1.0	2.0	50.0	biphasic	35.0	200.0	1.0	10.0	-50.0	16r	16.0	0.0	monopolar		[8428. 1288. 3303.]	[nan nan nan]
8301.961166666666	2.0	trials	1.0	2.0	50.0	biphasic	35.0	200.0	1.0	10.0	-50.0	16r	16.0	0.0	monopolar		[8428. 1288. 3303.]	[nan nan nan]
8303.9626260441	2.0	trials	1.0	2.0	50.0	biphasic	35.0	200.0	1.0	10.0	-50.0	16r	16.0	0.0	monopolar		[8428. 1288. 3303.]	[nan nan nan]
8305.965707419642	2.0	trials	1.0	2.0	50.0	biphasic	35.0	200.0	1.0	10.0	-50.0	16r	16.0	0.0	monopolar		[8428. 1288. 3303.]	[nan nan nan]
8307.96770754998	2.0	trials	1.0	2.0	50.0	biphasic	35.0	200.0	1.0	10.0	-50.0	16r	16.0	0.0	monopolar		[8428. 1288. 3303.]	[nan nan nan]
8309.969166666666	2.0	trials	1.0	2.0	50.0	biphasic	35.0	200.0	1.0	10.0	-50.0	16r	16.0	0.0	monopolar		[8428. 1288. 3303.]	[nan nan nan]
8311.971707810659	2.0	trials	1.0	2.0	50.0	biphasic	35.0	200.0	1.0	10.0	-50.0	16r	16.0	0.0	monopolar		[8428. 1288. 3303.]	[nan nan nan]
8313.973707940997	2.0	trials	1.0	2.0	50.0	biphasic	35.0	200.0	1.0	10.0	-50.0	16r	16.0	0.0	monopolar		[8428. 1288. 3303.]	[nan nan nan]
8315.975166666667	2.0	trials	1.0	2.0	50.0	biphasic	35.0	200.0	1.0	10.0	-50.0	16r	16.0	0.0	monopolar		[8428. 1288. 3303.]	[nan nan nan]
8317.977166666667	2.0	trials	1.0	2.0	50.0	biphasic	35.0	200.0	1.0	10.0	-50.0	16r	16.0	0.0	monopolar		[8428. 1288. 3303.]	[nan nan nan]
8319.979708332012	2.0	trials	1.0	2.0	50.0	biphasic	35.0	200.0	1.0	10.0	-50.0	16r	16.0	0.0	monopolar		[8428. 1288. 3303.]	[nan nan nan]
8321.981166666666	2.0	trials	1.0	2.0	50.0	biphasic	35.0	200.0	1.0	10.0	-50.0	16r	16.0	0.0	monopolar		[8428. 1288. 3303.]	[nan nan nan]
8323.983133333333	2.0	trials	1.0	2.0	50.0	biphasic	35.0	200.0	1.0	10.0	-50.0	16r	16.0	0.0	monopolar		[8428. 1288. 3303.]	[nan nan nan]
8325.985133333334	2.0	trials	1.0	2.0	50.0	biphasic	35.0	200.0	1.0	10.0	-50.0	16r	16.0	0.0	monopolar		[8428. 1288. 3303.]	[nan nan nan]
8327.987133333334	2.0	trials	1.0	2.0	50.0	biphasic	35.0	200.0	1.0	10.0	-50.0	16r	16.0	0.0	monopolar		[8428. 1288. 3303.]	[nan nan nan]
8329.989133333333	2.0	trials	1.0	2.0	50.0	biphasic	35.0	200.0	1.0	10.0	-50.0	16r	16.0	0.0	monopolar		[8428. 1288. 3303.]	[nan nan nan]
8340.926476362401	2.0	trials	1.0	2.0	50.0	biphasic	36.0	200.0	1.0	10.0	25.0	16r	16.0	0.0	monopolar		[8428. 1288. 3303.]	[nan nan nan]
8342.927933333332	2.0	trials	1.0	2.0	50.0	biphasic	36.0	200.0	1.0	10.0	25.0	16r	16.0	0.0	monopolar		[8428. 1288. 3303.]	[nan nan nan]
8344.929390043659	2.0	trials	1.0	2.0	50.0	biphasic	36.0	200.0	1.0	10.0	25.0	16r	16.0	0.0	monopolar		[8428. 1288. 3303.]	[nan nan nan]
8346.931389913321	2.0	trials	1.0	2.0	50.0	biphasic	36.0	200.0	1.0	10.0	25.0	16r	16.0	0.0	monopolar		[8428. 1288. 3303.]	[nan nan nan]
8348.933933333334	2.0	trials	1.0	2.0	50.0	biphasic	36.0	200.0	1.0	10.0	25.0	16r	16.0	0.0	monopolar		[8428. 1288. 3303.]	[nan nan nan]
8350.935933333334	2.0	trials	1.0	2.0	50.0	biphasic	36.0	200.0	1.0	10.0	25.0	16r	16.0	0.0	monopolar		[8428. 1288. 3303.]	[nan nan nan]
8352.937933333333	2.0	trials	1.0	2.0	50.0	biphasic	36.0	200.0	1.0	10.0	25.0	16r	16.0	0.0	monopolar		[8428. 1288. 3303.]	[nan nan nan]
8354.939933333333	2.0	trials	1.0	2.0	50.0	biphasic	36.0	200.0	1.0	10.0	25.0	16r	16.0	0.0	monopolar		[8428. 1288. 3303.]	[nan nan nan]
8356.941933333334	2.0	trials	1.0	2.0	50.0	biphasic	36.0	200.0	1.0	10.0	25.0	16r	16.0	0.0	monopolar		[8428. 1288. 3303.]	[nan nan nan]
8358.943933333334	2.0	trials	1.0	2.0	50.0	biphasic	36.0	200.0	1.0	10.0	25.0	16r	16.0	0.0	monopolar		[8428. 1288. 3303.]	[nan nan nan]
8360.945389000952	2.0	trials	1.0	2.0	50.0	biphasic	36.0	200.0	1.0	10.0	25.0	16r	16.0	0.0	monopolar		[8428. 1288. 3303.]	[nan nan nan]
8362.947933333333	2.0	trials	1.0	2.0	50.0	biphasic	36.0	200.0	1.0	10.0	25.0	16r	16.0	0.0	monopolar		[8428. 1288. 3303.]	[nan nan nan]
8364.9499	2.0	trials	1.0	2.0	50.0	biphasic	36.0	200.0	1.0	10.0	25.0	16r	16.0	0.0	monopolar		[8428. 1288. 3303.]	[nan nan nan]
8366.951355276604	2.0	trials	1.0	2.0	50.0	biphasic	36.0	200.0	1.0	10.0	25.0	16r	16.0	0.0	monopolar		[8428. 1288. 3303.]	[nan nan nan]
8368.954444853805	2.0	trials	1.0	2.0	50.0	biphasic	36.0	200.0	1.0	10.0	25.0	16r	16.0	0.0	monopolar		[8428. 1288. 3303.]	[nan nan nan]
8370.9559	2.0	trials	1.0	2.0	50.0	biphasic	36.0	200.0	1.0	10.0	25.0	16r	16.0	0.0	monopolar		[8428. 1288. 3303.]	[nan nan nan]
8372.95735488559	2.0	trials	1.0	2.0	50.0	biphasic	36.0	200.0	1.0	10.0	25.0	16r	16.0	0.0	monopolar		[8428. 1288. 3303.]	[nan nan nan]
8374.96044524482	2.0	trials	1.0	2.0	50.0	biphasic	36.0	200.0	1.0	10.0	25.0	16r	16.0	0.0	monopolar		[8428. 1288. 3303.]	[nan nan nan]
8376.962445375158	2.0	trials	1.0	2.0	50.0	biphasic	36.0	200.0	1.0	10.0	25.0	16r	16.0	0.0	monopolar		[8428. 1288. 3303.]	[nan nan nan]
8378.963354494574	2.0	trials	1.0	2.0	50.0	biphasic	36.0	200.0	1.0	10.0	25.0	16r	16.0	0.0	monopolar		[8428. 1288. 3303.]	[nan nan nan]
8380.966445635837	2.0	trials	1.0	2.0	50.0	biphasic	36.0	200.0	1.0	10.0	25.0	16r	16.0	0.0	monopolar		[8428. 1288. 3303.]	[nan nan nan]
8382.967354233897	2.0	trials	1.0	2.0	50.0	biphasic	36.0	200.0	1.0	10.0	25.0	16r	16.0	0.0	monopolar		[8428. 1288. 3303.]	[nan nan nan]
8384.9699	2.0	trials	1.0	2.0	50.0	biphasic	36.0	200.0	1.0	10.0	25.0	16r	16.0	0.0	monopolar		[8428. 1288. 3303.]	[nan nan nan]
8386.9719	2.0	trials	1.0	2.0	50.0	biphasic	36.0	200.0	1.0	10.0	25.0	16r	16.0	0.0	monopolar		[8428. 1288. 3303.]	[nan nan nan]
8388.97444615719	2.0	trials	1.0	2.0	50.0	biphasic	36.0	200.0	1.0	10.0	25.0	16r	16.0	0.0	monopolar		[8428. 1288. 3303.]	[nan nan nan]
8390.975866666668	2.0	trials	1.0	2.0	50.0	biphasic	36.0	200.0	1.0	10.0	25.0	16r	16.0	0.0	monopolar		[8428. 1288. 3303.]	[nan nan nan]
8392.977866666666	2.0	trials	1.0	2.0	50.0	biphasic	36.0	200.0	1.0	10.0	25.0	16r	16.0	0.0	monopolar		[8428. 1288. 3303.]	[nan nan nan]
8394.979866666667	2.0	trials	1.0	2.0	50.0	biphasic	36.0	200.0	1.0	10.0	25.0	16r	16.0	0.0	monopolar		[8428. 1288. 3303.]	[nan nan nan]
8396.981866666667	2.0	trials	1.0	2.0	50.0	biphasic	36.0	200.0	1.0	10.0	25.0	16r	16.0	0.0	monopolar		[8428. 1288. 3303.]	[nan nan nan]
8398.983866666667	2.0	trials	1.0	2.0	50.0	biphasic	36.0	200.0	1.0	10.0	25.0	16r	16.0	0.0	monopolar		[8428. 1288. 3303.]	[nan nan nan]
8400.985866666666	2.0	trials	1.0	2.0	50.0	biphasic	36.0	200.0	1.0	10.0	25.0	16r	16.0	0.0	monopolar		[8428. 1288. 3303.]	[nan nan nan]
8402.98731959718	2.0	trials	1.0	2.0	50.0	biphasic	36.0	200.0	1.0	10.0	25.0	16r	16.0	0.0	monopolar		[8428. 1288. 3303.]	[nan nan nan]
8404.989866666667	2.0	trials	1.0	2.0	50.0	biphasic	36.0	200.0	1.0	10.0	25.0	16r	16.0	0.0	monopolar		[8428. 1288. 3303.]	[nan nan nan]
8406.991866666667	2.0	trials	1.0	2.0	50.0	biphasic	36.0	200.0	1.0	10.0	25.0	16r	16.0	0.0	monopolar		[8428. 1288. 3303.]	[nan nan nan]
8408.993319206164	2.0	trials	1.0	2.0	50.0	biphasic	36.0	200.0	1.0	10.0	25.0	16r	16.0	0.0	monopolar		[8428. 1288. 3303.]	[nan nan nan]
8410.996414257579	2.0	trials	1.0	2.0	50.0	biphasic	36.0	200.0	1.0	10.0	25.0	16r	16.0	0.0	monopolar		[8428. 1288. 3303.]	[nan nan nan]
8412.997318945487	2.0	trials	1.0	2.0	50.0	biphasic	36.0	200.0	1.0	10.0	25.0	16r	16.0	0.0	monopolar		[8428. 1288. 3303.]	[nan nan nan]
8414.99931881515	2.0	trials	1.0	2.0	50.0	biphasic	36.0	200.0	1.0	10.0	25.0	16r	16.0	0.0	monopolar		[8428. 1288. 3303.]	[nan nan nan]
8417.002381315258	2.0	trials	1.0	2.0	50.0	biphasic	36.0	200.0	1.0	10.0	25.0	16r	16.0	0.0	monopolar		[8428. 1288. 3303.]	[nan nan nan]
8419.003833333334	2.0	trials	1.0	2.0	50.0	biphasic	36.0	200.0	1.0	10.0	25.0	16r	16.0	0.0	monopolar		[8428. 1288. 3303.]	[nan nan nan]
8421.005833333333	2.0	trials	1.0	2.0	50.0	biphasic	36.0	200.0	1.0	10.0	25.0	16r	16.0	0.0	monopolar		[8428. 1288. 3303.]	[nan nan nan]
8423.008381706275	2.0	trials	1.0	2.0	50.0	biphasic	36.0	200.0	1.0	10.0	25.0	16r	16.0	0.0	monopolar		[8428. 1288. 3303.]	[nan nan nan]
8425.009833333334	2.0	trials	1.0	2.0	50.0	biphasic	36.0	200.0	1.0	10.0	25.0	16r	16.0	0.0	monopolar		[8428. 1288. 3303.]	[nan nan nan]
8427.011833333334	2.0	trials	1.0	2.0	50.0	biphasic	36.0	200.0	1.0	10.0	25.0	16r	16.0	0.0	monopolar		[8428. 1288. 3303.]	[nan nan nan]
8429.013833333333	2.0	trials	1.0	2.0	50.0	biphasic	36.0	200.0	1.0	10.0	25.0	16r	16.0	0.0	monopolar		[8428. 1288. 3303.]	[nan nan nan]
8431.015833333333	2.0	trials	1.0	2.0	50.0	biphasic	36.0	200.0	1.0	10.0	25.0	16r	16.0	0.0	monopolar		[8428. 1288. 3303.]	[nan nan nan]
8433.017833333333	2.0	trials	1.0	2.0	50.0	biphasic	36.0	200.0	1.0	10.0	25.0	16r	16.0	0.0	monopolar		[8428. 1288. 3303.]	[nan nan nan]
8435.019833333334	2.0	trials	1.0	2.0	50.0	biphasic	36.0	200.0	1.0	10.0	25.0	16r	16.0	0.0	monopolar		[8428. 1288. 3303.]	[nan nan nan]
8437.021284048093	2.0	trials	1.0	2.0	50.0	biphasic	36.0	200.0	1.0	10.0	25.0	16r	16.0	0.0	monopolar		[8428. 1288. 3303.]	[nan nan nan]
8439.023833333333	2.0	trials	1.0	2.0	50.0	biphasic	36.0	200.0	1.0	10.0	25.0	16r	16.0	0.0	monopolar		[8428. 1288. 3303.]	[nan nan nan]
