onset	duration	nwb_table	train_duration	train_period	train_quantity	waveform_shape	run	pulse_duration	pulse_number	event_period	amplitude	contacts	contact_negative	contact_positive	polarity	notes	contact_negative_coord	contact_positive_coord
1731.5902947155298	2281.9798343255607	epochs																
1731.5902947155298	2.0	trials	1.0	2.0	75.0	biphasic	0.0	100.0	1.0	10.0	-5.0	15r_16b	15.0	16.0	bipolar		[8428. 1188. 3303.]	[8428. 1288. 3303.]
1733.5902979674916	2.0	trials	1.0	2.0	75.0	biphasic	0.0	100.0	1.0	10.0	-5.0	15r_16b	15.0	16.0	bipolar		[8428. 1188. 3303.]	[8428. 1288. 3303.]
1735.590301219453	2.0	trials	1.0	2.0	75.0	biphasic	0.0	100.0	1.0	10.0	-5.0	15r_16b	15.0	16.0	bipolar		[8428. 1188. 3303.]	[8428. 1288. 3303.]
1737.5903044714148	2.0	trials	1.0	2.0	75.0	biphasic	0.0	100.0	1.0	10.0	-5.0	15r_16b	15.0	16.0	bipolar		[8428. 1188. 3303.]	[8428. 1288. 3303.]
1739.5903077233763	2.0	trials	1.0	2.0	75.0	biphasic	0.0	100.0	1.0	10.0	-5.0	15r_16b	15.0	16.0	bipolar		[8428. 1188. 3303.]	[8428. 1288. 3303.]
1741.590310975338	2.0	trials	1.0	2.0	75.0	biphasic	0.0	100.0	1.0	10.0	-5.0	15r_16b	15.0	16.0	bipolar		[8428. 1188. 3303.]	[8428. 1288. 3303.]
1743.5900874237748	2.0	trials	1.0	2.0	75.0	biphasic	0.0	100.0	1.0	10.0	-5.0	15r_16b	15.0	16.0	bipolar		[8428. 1188. 3303.]	[8428. 1288. 3303.]
1745.5903174792613	2.0	trials	1.0	2.0	75.0	biphasic	0.0	100.0	1.0	10.0	-5.0	15r_16b	15.0	16.0	bipolar		[8428. 1188. 3303.]	[8428. 1288. 3303.]
1747.5900934073836	2.0	trials	1.0	2.0	75.0	biphasic	0.0	100.0	1.0	10.0	-5.0	15r_16b	15.0	16.0	bipolar		[8428. 1188. 3303.]	[8428. 1288. 3303.]
1749.5900963991878	2.0	trials	1.0	2.0	75.0	biphasic	0.0	100.0	1.0	10.0	-5.0	15r_16b	15.0	16.0	bipolar		[8428. 1188. 3303.]	[8428. 1288. 3303.]
1751.5903272351463	2.0	trials	1.0	2.0	75.0	biphasic	0.0	100.0	1.0	10.0	-5.0	15r_16b	15.0	16.0	bipolar		[8428. 1188. 3303.]	[8428. 1288. 3303.]
1753.5902971870207	2.0	trials	1.0	2.0	75.0	biphasic	0.0	100.0	1.0	10.0	-5.0	15r_16b	15.0	16.0	bipolar		[8428. 1188. 3303.]	[8428. 1288. 3303.]
1755.5903004389822	2.0	trials	1.0	2.0	75.0	biphasic	0.0	100.0	1.0	10.0	-5.0	15r_16b	15.0	16.0	bipolar		[8428. 1188. 3303.]	[8428. 1288. 3303.]
1757.590303690944	2.0	trials	1.0	2.0	75.0	biphasic	0.0	100.0	1.0	10.0	-5.0	15r_16b	15.0	16.0	bipolar		[8428. 1188. 3303.]	[8428. 1288. 3303.]
1759.5903069429057	2.0	trials	1.0	2.0	75.0	biphasic	0.0	100.0	1.0	10.0	-5.0	15r_16b	15.0	16.0	bipolar		[8428. 1188. 3303.]	[8428. 1288. 3303.]
1761.5903101948672	2.0	trials	1.0	2.0	75.0	biphasic	0.0	100.0	1.0	10.0	-5.0	15r_16b	15.0	16.0	bipolar		[8428. 1188. 3303.]	[8428. 1288. 3303.]
1763.590313446829	2.0	trials	1.0	2.0	75.0	biphasic	0.0	100.0	1.0	10.0	-5.0	15r_16b	15.0	16.0	bipolar		[8428. 1188. 3303.]	[8428. 1288. 3303.]
1765.5903166987907	2.0	trials	1.0	2.0	75.0	biphasic	0.0	100.0	1.0	10.0	-5.0	15r_16b	15.0	16.0	bipolar		[8428. 1188. 3303.]	[8428. 1288. 3303.]
1767.590434913479	2.0	trials	1.0	2.0	75.0	biphasic	0.0	100.0	1.0	10.0	-5.0	15r_16b	15.0	16.0	bipolar		[8428. 1188. 3303.]	[8428. 1288. 3303.]
1769.590323202714	2.0	trials	1.0	2.0	75.0	biphasic	0.0	100.0	1.0	10.0	-5.0	15r_16b	15.0	16.0	bipolar		[8428. 1188. 3303.]	[8428. 1288. 3303.]
1771.5903264546757	2.0	trials	1.0	2.0	75.0	biphasic	0.0	100.0	1.0	10.0	-5.0	15r_16b	15.0	16.0	bipolar		[8428. 1188. 3303.]	[8428. 1288. 3303.]
1773.5903297066372	2.0	trials	1.0	2.0	75.0	biphasic	0.0	100.0	1.0	10.0	-5.0	15r_16b	15.0	16.0	bipolar		[8428. 1188. 3303.]	[8428. 1288. 3303.]
1775.590332958599	2.0	trials	1.0	2.0	75.0	biphasic	0.0	100.0	1.0	10.0	-5.0	15r_16b	15.0	16.0	bipolar		[8428. 1188. 3303.]	[8428. 1288. 3303.]
1777.5903029104732	2.0	trials	1.0	2.0	75.0	biphasic	0.0	100.0	1.0	10.0	-5.0	15r_16b	15.0	16.0	bipolar		[8428. 1188. 3303.]	[8428. 1288. 3303.]
1779.590306162435	2.0	trials	1.0	2.0	75.0	biphasic	0.0	100.0	1.0	10.0	-5.0	15r_16b	15.0	16.0	bipolar		[8428. 1188. 3303.]	[8428. 1288. 3303.]
1781.5903094143964	2.0	trials	1.0	2.0	75.0	biphasic	0.0	100.0	1.0	10.0	-5.0	15r_16b	15.0	16.0	bipolar		[8428. 1188. 3303.]	[8428. 1288. 3303.]
1783.5903126663582	2.0	trials	1.0	2.0	75.0	biphasic	0.0	100.0	1.0	10.0	-5.0	15r_16b	15.0	16.0	bipolar		[8428. 1188. 3303.]	[8428. 1288. 3303.]
1785.59031591832	2.0	trials	1.0	2.0	75.0	biphasic	0.0	100.0	1.0	10.0	-5.0	15r_16b	15.0	16.0	bipolar		[8428. 1188. 3303.]	[8428. 1288. 3303.]
1787.5903191702814	2.0	trials	1.0	2.0	75.0	biphasic	0.0	100.0	1.0	10.0	-5.0	15r_16b	15.0	16.0	bipolar		[8428. 1188. 3303.]	[8428. 1288. 3303.]
1789.5904388158333	2.0	trials	1.0	2.0	75.0	biphasic	0.0	100.0	1.0	10.0	-5.0	15r_16b	15.0	16.0	bipolar		[8428. 1188. 3303.]	[8428. 1288. 3303.]
1791.590325674205	2.0	trials	1.0	2.0	75.0	biphasic	0.0	100.0	1.0	10.0	-5.0	15r_16b	15.0	16.0	bipolar		[8428. 1188. 3303.]	[8428. 1288. 3303.]
1793.5903289261664	2.0	trials	1.0	2.0	75.0	biphasic	0.0	100.0	1.0	10.0	-5.0	15r_16b	15.0	16.0	bipolar		[8428. 1188. 3303.]	[8428. 1288. 3303.]
1795.5903321781282	2.0	trials	1.0	2.0	75.0	biphasic	0.0	100.0	1.0	10.0	-5.0	15r_16b	15.0	16.0	bipolar		[8428. 1188. 3303.]	[8428. 1288. 3303.]
1797.59033543009	2.0	trials	1.0	2.0	75.0	biphasic	0.0	100.0	1.0	10.0	-5.0	15r_16b	15.0	16.0	bipolar		[8428. 1188. 3303.]	[8428. 1288. 3303.]
1799.5904557260349	2.0	trials	1.0	2.0	75.0	biphasic	0.0	100.0	1.0	10.0	-5.0	15r_16b	15.0	16.0	bipolar		[8428. 1188. 3303.]	[8428. 1288. 3303.]
1801.5904258079856	2.0	trials	1.0	2.0	75.0	biphasic	0.0	100.0	1.0	10.0	-5.0	15r_16b	15.0	16.0	bipolar		[8428. 1188. 3303.]	[8428. 1288. 3303.]
1803.590429190026	2.0	trials	1.0	2.0	75.0	biphasic	0.0	100.0	1.0	10.0	-5.0	15r_16b	15.0	16.0	bipolar		[8428. 1188. 3303.]	[8428. 1288. 3303.]
1805.5904325720664	2.0	trials	1.0	2.0	75.0	biphasic	0.0	100.0	1.0	10.0	-5.0	15r_16b	15.0	16.0	bipolar		[8428. 1188. 3303.]	[8428. 1288. 3303.]
1807.5904359541069	2.0	trials	1.0	2.0	75.0	biphasic	0.0	100.0	1.0	10.0	-5.0	15r_16b	15.0	16.0	bipolar		[8428. 1188. 3303.]	[8428. 1288. 3303.]
1809.5902039474129	2.0	trials	1.0	2.0	75.0	biphasic	0.0	100.0	1.0	10.0	-5.0	15r_16b	15.0	16.0	bipolar		[8428. 1188. 3303.]	[8428. 1288. 3303.]
1811.590207069296	2.0	trials	1.0	2.0	75.0	biphasic	0.0	100.0	1.0	10.0	-5.0	15r_16b	15.0	16.0	bipolar		[8428. 1188. 3303.]	[8428. 1288. 3303.]
1813.5902101911788	2.0	trials	1.0	2.0	75.0	biphasic	0.0	100.0	1.0	10.0	-5.0	15r_16b	15.0	16.0	bipolar		[8428. 1188. 3303.]	[8428. 1288. 3303.]
1815.590213313062	2.0	trials	1.0	2.0	75.0	biphasic	0.0	100.0	1.0	10.0	-5.0	15r_16b	15.0	16.0	bipolar		[8428. 1188. 3303.]	[8428. 1288. 3303.]
1817.590216434945	2.0	trials	1.0	2.0	75.0	biphasic	0.0	100.0	1.0	10.0	-5.0	15r_16b	15.0	16.0	bipolar		[8428. 1188. 3303.]	[8428. 1288. 3303.]
1819.5902195568278	2.0	trials	1.0	2.0	75.0	biphasic	0.0	100.0	1.0	10.0	-5.0	15r_16b	15.0	16.0	bipolar		[8428. 1188. 3303.]	[8428. 1288. 3303.]
1821.5903411535423	2.0	trials	1.0	2.0	75.0	biphasic	0.0	100.0	1.0	10.0	-5.0	15r_16b	15.0	16.0	bipolar		[8428. 1188. 3303.]	[8428. 1288. 3303.]
1823.590344405504	2.0	trials	1.0	2.0	75.0	biphasic	0.0	100.0	1.0	10.0	-5.0	15r_16b	15.0	16.0	bipolar		[8428. 1188. 3303.]	[8428. 1288. 3303.]
1825.5903143573782	2.0	trials	1.0	2.0	75.0	biphasic	0.0	100.0	1.0	10.0	-5.0	15r_16b	15.0	16.0	bipolar		[8428. 1188. 3303.]	[8428. 1288. 3303.]
1827.5901987442746	2.0	trials	1.0	2.0	75.0	biphasic	0.0	100.0	1.0	10.0	-5.0	15r_16b	15.0	16.0	bipolar		[8428. 1188. 3303.]	[8428. 1288. 3303.]
1829.5903208613015	2.0	trials	1.0	2.0	75.0	biphasic	0.0	100.0	1.0	10.0	-5.0	15r_16b	15.0	16.0	bipolar		[8428. 1188. 3303.]	[8428. 1288. 3303.]
1831.5902049880406	2.0	trials	1.0	2.0	75.0	biphasic	0.0	100.0	1.0	10.0	-5.0	15r_16b	15.0	16.0	bipolar		[8428. 1188. 3303.]	[8428. 1288. 3303.]
1833.590327365225	2.0	trials	1.0	2.0	75.0	biphasic	0.0	100.0	1.0	10.0	-5.0	15r_16b	15.0	16.0	bipolar		[8428. 1188. 3303.]	[8428. 1288. 3303.]
1835.5903306171865	2.0	trials	1.0	2.0	75.0	biphasic	0.0	100.0	1.0	10.0	-5.0	15r_16b	15.0	16.0	bipolar		[8428. 1188. 3303.]	[8428. 1288. 3303.]
1837.5903338691483	2.0	trials	1.0	2.0	75.0	biphasic	0.0	100.0	1.0	10.0	-5.0	15r_16b	15.0	16.0	bipolar		[8428. 1188. 3303.]	[8428. 1288. 3303.]
1839.5903371211098	2.0	trials	1.0	2.0	75.0	biphasic	0.0	100.0	1.0	10.0	-5.0	15r_16b	15.0	16.0	bipolar		[8428. 1188. 3303.]	[8428. 1288. 3303.]
1841.5903403730715	2.0	trials	1.0	2.0	75.0	biphasic	0.0	100.0	1.0	10.0	-5.0	15r_16b	15.0	16.0	bipolar		[8428. 1188. 3303.]	[8428. 1288. 3303.]
1843.5903436250333	2.0	trials	1.0	2.0	75.0	biphasic	0.0	100.0	1.0	10.0	-5.0	15r_16b	15.0	16.0	bipolar		[8428. 1188. 3303.]	[8428. 1288. 3303.]
1845.5903468769948	2.0	trials	1.0	2.0	75.0	biphasic	0.0	100.0	1.0	10.0	-5.0	15r_16b	15.0	16.0	bipolar		[8428. 1188. 3303.]	[8428. 1288. 3303.]
1847.5903501289565	2.0	trials	1.0	2.0	75.0	biphasic	0.0	100.0	1.0	10.0	-5.0	15r_16b	15.0	16.0	bipolar		[8428. 1188. 3303.]	[8428. 1288. 3303.]
1849.5901997849023	2.0	trials	1.0	2.0	75.0	biphasic	0.0	100.0	1.0	10.0	-5.0	15r_16b	15.0	16.0	bipolar		[8428. 1188. 3303.]	[8428. 1288. 3303.]
1851.5903233327924	2.0	trials	1.0	2.0	75.0	biphasic	0.0	100.0	1.0	10.0	-5.0	15r_16b	15.0	16.0	bipolar		[8428. 1188. 3303.]	[8428. 1288. 3303.]
1853.5902060286683	2.0	trials	1.0	2.0	75.0	biphasic	0.0	100.0	1.0	10.0	-5.0	15r_16b	15.0	16.0	bipolar		[8428. 1188. 3303.]	[8428. 1288. 3303.]
1855.5903298367157	2.0	trials	1.0	2.0	75.0	biphasic	0.0	100.0	1.0	10.0	-5.0	15r_16b	15.0	16.0	bipolar		[8428. 1188. 3303.]	[8428. 1288. 3303.]
1857.5903330886774	2.0	trials	1.0	2.0	75.0	biphasic	0.0	100.0	1.0	10.0	-5.0	15r_16b	15.0	16.0	bipolar		[8428. 1188. 3303.]	[8428. 1288. 3303.]
1859.5903363406392	2.0	trials	1.0	2.0	75.0	biphasic	0.0	100.0	1.0	10.0	-5.0	15r_16b	15.0	16.0	bipolar		[8428. 1188. 3303.]	[8428. 1288. 3303.]
1861.5903395926007	2.0	trials	1.0	2.0	75.0	biphasic	0.0	100.0	1.0	10.0	-5.0	15r_16b	15.0	16.0	bipolar		[8428. 1188. 3303.]	[8428. 1288. 3303.]
1863.5903428445624	2.0	trials	1.0	2.0	75.0	biphasic	0.0	100.0	1.0	10.0	-5.0	15r_16b	15.0	16.0	bipolar		[8428. 1188. 3303.]	[8428. 1288. 3303.]
1865.5902247599663	2.0	trials	1.0	2.0	75.0	biphasic	0.0	100.0	1.0	10.0	-5.0	15r_16b	15.0	16.0	bipolar		[8428. 1188. 3303.]	[8428. 1288. 3303.]
1867.5903493484857	2.0	trials	1.0	2.0	75.0	biphasic	0.0	100.0	1.0	10.0	-5.0	15r_16b	15.0	16.0	bipolar		[8428. 1188. 3303.]	[8428. 1288. 3303.]
1869.5903526004474	2.0	trials	1.0	2.0	75.0	biphasic	0.0	100.0	1.0	10.0	-5.0	15r_16b	15.0	16.0	bipolar		[8428. 1188. 3303.]	[8428. 1288. 3303.]
1871.590234125615	2.0	trials	1.0	2.0	75.0	biphasic	0.0	100.0	1.0	10.0	-5.0	15r_16b	15.0	16.0	bipolar		[8428. 1188. 3303.]	[8428. 1288. 3303.]
1873.5903258042833	2.0	trials	1.0	2.0	75.0	biphasic	0.0	100.0	1.0	10.0	-5.0	15r_16b	15.0	16.0	bipolar		[8428. 1188. 3303.]	[8428. 1288. 3303.]
1875.590207069296	2.0	trials	1.0	2.0	75.0	biphasic	0.0	100.0	1.0	10.0	-5.0	15r_16b	15.0	16.0	bipolar		[8428. 1188. 3303.]	[8428. 1288. 3303.]
1877.5902101911788	2.0	trials	1.0	2.0	75.0	biphasic	0.0	100.0	1.0	10.0	-5.0	15r_16b	15.0	16.0	bipolar		[8428. 1188. 3303.]	[8428. 1288. 3303.]
1879.590213313062	2.0	trials	1.0	2.0	75.0	biphasic	0.0	100.0	1.0	10.0	-5.0	15r_16b	15.0	16.0	bipolar		[8428. 1188. 3303.]	[8428. 1288. 3303.]
1924.1187543478725	2.0	trials	1.0	2.0	75.0	biphasic	1.0	100.0	1.0	10.0	-25.0	15r_16b	15.0	16.0	bipolar		[8428. 1188. 3303.]	[8428. 1288. 3303.]
1926.1187574697556	2.0	trials	1.0	2.0	75.0	biphasic	1.0	100.0	1.0	10.0	-25.0	15r_16b	15.0	16.0	bipolar		[8428. 1188. 3303.]	[8428. 1288. 3303.]
1928.1187605916384	2.0	trials	1.0	2.0	75.0	biphasic	1.0	100.0	1.0	10.0	-25.0	15r_16b	15.0	16.0	bipolar		[8428. 1188. 3303.]	[8428. 1288. 3303.]
1930.1187304134362	2.0	trials	1.0	2.0	75.0	biphasic	1.0	100.0	1.0	10.0	-25.0	15r_16b	15.0	16.0	bipolar		[8428. 1188. 3303.]	[8428. 1288. 3303.]
1932.1189848623776	2.0	trials	1.0	2.0	75.0	biphasic	1.0	100.0	1.0	10.0	-25.0	15r_16b	15.0	16.0	bipolar		[8428. 1188. 3303.]	[8428. 1288. 3303.]
1934.118988244418	2.0	trials	1.0	2.0	75.0	biphasic	1.0	100.0	1.0	10.0	-25.0	15r_16b	15.0	16.0	bipolar		[8428. 1188. 3303.]	[8428. 1288. 3303.]
1936.1189916264584	2.0	trials	1.0	2.0	75.0	biphasic	1.0	100.0	1.0	10.0	-25.0	15r_16b	15.0	16.0	bipolar		[8428. 1188. 3303.]	[8428. 1288. 3303.]
1938.1189950084986	2.0	trials	1.0	2.0	75.0	biphasic	1.0	100.0	1.0	10.0	-25.0	15r_16b	15.0	16.0	bipolar		[8428. 1188. 3303.]	[8428. 1288. 3303.]
1940.118998390539	2.0	trials	1.0	2.0	75.0	biphasic	1.0	100.0	1.0	10.0	-25.0	15r_16b	15.0	16.0	bipolar		[8428. 1188. 3303.]	[8428. 1288. 3303.]
1942.1188754586485	2.0	trials	1.0	2.0	75.0	biphasic	1.0	100.0	1.0	10.0	-25.0	15r_16b	15.0	16.0	bipolar		[8428. 1188. 3303.]	[8428. 1288. 3303.]
1944.1190051546198	2.0	trials	1.0	2.0	75.0	biphasic	1.0	100.0	1.0	10.0	-25.0	15r_16b	15.0	16.0	bipolar		[8428. 1188. 3303.]	[8428. 1288. 3303.]
1946.1188819625718	2.0	trials	1.0	2.0	75.0	biphasic	1.0	100.0	1.0	10.0	-25.0	15r_16b	15.0	16.0	bipolar		[8428. 1188. 3303.]	[8428. 1288. 3303.]
1948.1188852145335	2.0	trials	1.0	2.0	75.0	biphasic	1.0	100.0	1.0	10.0	-25.0	15r_16b	15.0	16.0	bipolar		[8428. 1188. 3303.]	[8428. 1288. 3303.]
1950.1188884664953	2.0	trials	1.0	2.0	75.0	biphasic	1.0	100.0	1.0	10.0	-25.0	15r_16b	15.0	16.0	bipolar		[8428. 1188. 3303.]	[8428. 1288. 3303.]
1952.1188917184568	2.0	trials	1.0	2.0	75.0	biphasic	1.0	100.0	1.0	10.0	-25.0	15r_16b	15.0	16.0	bipolar		[8428. 1188. 3303.]	[8428. 1288. 3303.]
1954.118988764732	2.0	trials	1.0	2.0	75.0	biphasic	1.0	100.0	1.0	10.0	-25.0	15r_16b	15.0	16.0	bipolar		[8428. 1188. 3303.]	[8428. 1288. 3303.]
1956.1189921467721	2.0	trials	1.0	2.0	75.0	biphasic	1.0	100.0	1.0	10.0	-25.0	15r_16b	15.0	16.0	bipolar		[8428. 1188. 3303.]	[8428. 1288. 3303.]
1958.1189955288125	2.0	trials	1.0	2.0	75.0	biphasic	1.0	100.0	1.0	10.0	-25.0	15r_16b	15.0	16.0	bipolar		[8428. 1188. 3303.]	[8428. 1288. 3303.]
1960.118998910853	2.0	trials	1.0	2.0	75.0	biphasic	1.0	100.0	1.0	10.0	-25.0	15r_16b	15.0	16.0	bipolar		[8428. 1188. 3303.]	[8428. 1288. 3303.]
1962.1190022928934	2.0	trials	1.0	2.0	75.0	biphasic	1.0	100.0	1.0	10.0	-25.0	15r_16b	15.0	16.0	bipolar		[8428. 1188. 3303.]	[8428. 1288. 3303.]
1964.1187501853617	2.0	trials	1.0	2.0	75.0	biphasic	1.0	100.0	1.0	10.0	-25.0	15r_16b	15.0	16.0	bipolar		[8428. 1188. 3303.]	[8428. 1288. 3303.]
1966.119009056974	2.0	trials	1.0	2.0	75.0	biphasic	1.0	100.0	1.0	10.0	-25.0	15r_16b	15.0	16.0	bipolar		[8428. 1188. 3303.]	[8428. 1288. 3303.]
1968.1188844340627	2.0	trials	1.0	2.0	75.0	biphasic	1.0	100.0	1.0	10.0	-25.0	15r_16b	15.0	16.0	bipolar		[8428. 1188. 3303.]	[8428. 1288. 3303.]
1970.1188876860244	2.0	trials	1.0	2.0	75.0	biphasic	1.0	100.0	1.0	10.0	-25.0	15r_16b	15.0	16.0	bipolar		[8428. 1188. 3303.]	[8428. 1288. 3303.]
1972.1188909379862	2.0	trials	1.0	2.0	75.0	biphasic	1.0	100.0	1.0	10.0	-25.0	15r_16b	15.0	16.0	bipolar		[8428. 1188. 3303.]	[8428. 1288. 3303.]
1974.1188941899477	2.0	trials	1.0	2.0	75.0	biphasic	1.0	100.0	1.0	10.0	-25.0	15r_16b	15.0	16.0	bipolar		[8428. 1188. 3303.]	[8428. 1288. 3303.]
1976.1188974419094	2.0	trials	1.0	2.0	75.0	biphasic	1.0	100.0	1.0	10.0	-25.0	15r_16b	15.0	16.0	bipolar		[8428. 1188. 3303.]	[8428. 1288. 3303.]
1978.1188673937836	2.0	trials	1.0	2.0	75.0	biphasic	1.0	100.0	1.0	10.0	-25.0	15r_16b	15.0	16.0	bipolar		[8428. 1188. 3303.]	[8428. 1288. 3303.]
1980.1188706457453	2.0	trials	1.0	2.0	75.0	biphasic	1.0	100.0	1.0	10.0	-25.0	15r_16b	15.0	16.0	bipolar		[8428. 1188. 3303.]	[8428. 1288. 3303.]
1982.1188738977069	2.0	trials	1.0	2.0	75.0	biphasic	1.0	100.0	1.0	10.0	-25.0	15r_16b	15.0	16.0	bipolar		[8428. 1188. 3303.]	[8428. 1288. 3303.]
1984.1188771496686	2.0	trials	1.0	2.0	75.0	biphasic	1.0	100.0	1.0	10.0	-25.0	15r_16b	15.0	16.0	bipolar		[8428. 1188. 3303.]	[8428. 1288. 3303.]
1986.1187512259894	2.0	trials	1.0	2.0	75.0	biphasic	1.0	100.0	1.0	10.0	-25.0	15r_16b	15.0	16.0	bipolar		[8428. 1188. 3303.]	[8428. 1288. 3303.]
1988.1190129593283	2.0	trials	1.0	2.0	75.0	biphasic	1.0	100.0	1.0	10.0	-25.0	15r_16b	15.0	16.0	bipolar		[8428. 1188. 3303.]	[8428. 1288. 3303.]
1990.1188869055536	2.0	trials	1.0	2.0	75.0	biphasic	1.0	100.0	1.0	10.0	-25.0	15r_16b	15.0	16.0	bipolar		[8428. 1188. 3303.]	[8428. 1288. 3303.]
1992.1188901575154	2.0	trials	1.0	2.0	75.0	biphasic	1.0	100.0	1.0	10.0	-25.0	15r_16b	15.0	16.0	bipolar		[8428. 1188. 3303.]	[8428. 1288. 3303.]
1994.1188934094769	2.0	trials	1.0	2.0	75.0	biphasic	1.0	100.0	1.0	10.0	-25.0	15r_16b	15.0	16.0	bipolar		[8428. 1188. 3303.]	[8428. 1288. 3303.]
1996.1188966614386	2.0	trials	1.0	2.0	75.0	biphasic	1.0	100.0	1.0	10.0	-25.0	15r_16b	15.0	16.0	bipolar		[8428. 1188. 3303.]	[8428. 1288. 3303.]
1998.1188999134004	2.0	trials	1.0	2.0	75.0	biphasic	1.0	100.0	1.0	10.0	-25.0	15r_16b	15.0	16.0	bipolar		[8428. 1188. 3303.]	[8428. 1288. 3303.]
2000.1190332515703	2.0	trials	1.0	2.0	75.0	biphasic	1.0	100.0	1.0	10.0	-25.0	15r_16b	15.0	16.0	bipolar		[8428. 1188. 3303.]	[8428. 1288. 3303.]
2002.119003333521	2.0	trials	1.0	2.0	75.0	biphasic	1.0	100.0	1.0	10.0	-25.0	15r_16b	15.0	16.0	bipolar		[8428. 1188. 3303.]	[8428. 1288. 3303.]
2004.1190067155615	2.0	trials	1.0	2.0	75.0	biphasic	1.0	100.0	1.0	10.0	-25.0	15r_16b	15.0	16.0	bipolar		[8428. 1188. 3303.]	[8428. 1288. 3303.]
2006.1190100976019	2.0	trials	1.0	2.0	75.0	biphasic	1.0	100.0	1.0	10.0	-25.0	15r_16b	15.0	16.0	bipolar		[8428. 1188. 3303.]	[8428. 1288. 3303.]
2008.118882873121	2.0	trials	1.0	2.0	75.0	biphasic	1.0	100.0	1.0	10.0	-25.0	15r_16b	15.0	16.0	bipolar		[8428. 1188. 3303.]	[8428. 1288. 3303.]
2010.1190168616824	2.0	trials	1.0	2.0	75.0	biphasic	1.0	100.0	1.0	10.0	-25.0	15r_16b	15.0	16.0	bipolar		[8428. 1188. 3303.]	[8428. 1288. 3303.]
2012.1188893770445	2.0	trials	1.0	2.0	75.0	biphasic	1.0	100.0	1.0	10.0	-25.0	15r_16b	15.0	16.0	bipolar		[8428. 1188. 3303.]	[8428. 1288. 3303.]
2014.118892629006	2.0	trials	1.0	2.0	75.0	biphasic	1.0	100.0	1.0	10.0	-25.0	15r_16b	15.0	16.0	bipolar		[8428. 1188. 3303.]	[8428. 1288. 3303.]
2016.1188958809678	2.0	trials	1.0	2.0	75.0	biphasic	1.0	100.0	1.0	10.0	-25.0	15r_16b	15.0	16.0	bipolar		[8428. 1188. 3303.]	[8428. 1288. 3303.]
2018.1188991329295	2.0	trials	1.0	2.0	75.0	biphasic	1.0	100.0	1.0	10.0	-25.0	15r_16b	15.0	16.0	bipolar		[8428. 1188. 3303.]	[8428. 1288. 3303.]
2020.118902384891	2.0	trials	1.0	2.0	75.0	biphasic	1.0	100.0	1.0	10.0	-25.0	15r_16b	15.0	16.0	bipolar		[8428. 1188. 3303.]	[8428. 1288. 3303.]
2022.1189056368528	2.0	trials	1.0	2.0	75.0	biphasic	1.0	100.0	1.0	10.0	-25.0	15r_16b	15.0	16.0	bipolar		[8428. 1188. 3303.]	[8428. 1288. 3303.]
2024.1189088888145	2.0	trials	1.0	2.0	75.0	biphasic	1.0	100.0	1.0	10.0	-25.0	15r_16b	15.0	16.0	bipolar		[8428. 1188. 3303.]	[8428. 1288. 3303.]
2026.1188788406887	2.0	trials	1.0	2.0	75.0	biphasic	1.0	100.0	1.0	10.0	-25.0	15r_16b	15.0	16.0	bipolar		[8428. 1188. 3303.]	[8428. 1288. 3303.]
2028.1188820926504	2.0	trials	1.0	2.0	75.0	biphasic	1.0	100.0	1.0	10.0	-25.0	15r_16b	15.0	16.0	bipolar		[8428. 1188. 3303.]	[8428. 1288. 3303.]
2030.1187533072448	2.0	trials	1.0	2.0	75.0	biphasic	1.0	100.0	1.0	10.0	-25.0	15r_16b	15.0	16.0	bipolar		[8428. 1188. 3303.]	[8428. 1288. 3303.]
2032.1188885965737	2.0	trials	1.0	2.0	75.0	biphasic	1.0	100.0	1.0	10.0	-25.0	15r_16b	15.0	16.0	bipolar		[8428. 1188. 3303.]	[8428. 1288. 3303.]
2034.1188918485354	2.0	trials	1.0	2.0	75.0	biphasic	1.0	100.0	1.0	10.0	-25.0	15r_16b	15.0	16.0	bipolar		[8428. 1188. 3303.]	[8428. 1288. 3303.]
2036.118895100497	2.0	trials	1.0	2.0	75.0	biphasic	1.0	100.0	1.0	10.0	-25.0	15r_16b	15.0	16.0	bipolar		[8428. 1188. 3303.]	[8428. 1288. 3303.]
2038.1188983524587	2.0	trials	1.0	2.0	75.0	biphasic	1.0	100.0	1.0	10.0	-25.0	15r_16b	15.0	16.0	bipolar		[8428. 1188. 3303.]	[8428. 1288. 3303.]
2040.1189016044202	2.0	trials	1.0	2.0	75.0	biphasic	1.0	100.0	1.0	10.0	-25.0	15r_16b	15.0	16.0	bipolar		[8428. 1188. 3303.]	[8428. 1288. 3303.]
2042.118904856382	2.0	trials	1.0	2.0	75.0	biphasic	1.0	100.0	1.0	10.0	-25.0	15r_16b	15.0	16.0	bipolar		[8428. 1188. 3303.]	[8428. 1288. 3303.]
2044.1189081083437	2.0	trials	1.0	2.0	75.0	biphasic	1.0	100.0	1.0	10.0	-25.0	15r_16b	15.0	16.0	bipolar		[8428. 1188. 3303.]	[8428. 1288. 3303.]
2046.1189113603052	1.9999999999997726	trials	1.0	2.0	75.0	biphasic	1.0	100.0	1.0	10.0	-25.0	15r_16b	15.0	16.0	bipolar		[8428. 1188. 3303.]	[8428. 1288. 3303.]
2048.1190478203594	2.0	trials	1.0	2.0	75.0	biphasic	1.0	100.0	1.0	10.0	-25.0	15r_16b	15.0	16.0	bipolar		[8428. 1188. 3303.]	[8428. 1288. 3303.]
2050.1190512024	2.0	trials	1.0	2.0	75.0	biphasic	1.0	100.0	1.0	10.0	-25.0	15r_16b	15.0	16.0	bipolar		[8428. 1188. 3303.]	[8428. 1288. 3303.]
2052.118887816103	2.0	trials	1.0	2.0	75.0	biphasic	1.0	100.0	1.0	10.0	-25.0	15r_16b	15.0	16.0	bipolar		[8428. 1188. 3303.]	[8428. 1288. 3303.]
2054.1188910680644	2.0	trials	1.0	2.0	75.0	biphasic	1.0	100.0	1.0	10.0	-25.0	15r_16b	15.0	16.0	bipolar		[8428. 1188. 3303.]	[8428. 1288. 3303.]
2056.1188943200264	2.0	trials	1.0	2.0	75.0	biphasic	1.0	100.0	1.0	10.0	-25.0	15r_16b	15.0	16.0	bipolar		[8428. 1188. 3303.]	[8428. 1288. 3303.]
2058.118897571988	2.0	trials	1.0	2.0	75.0	biphasic	1.0	100.0	1.0	10.0	-25.0	15r_16b	15.0	16.0	bipolar		[8428. 1188. 3303.]	[8428. 1288. 3303.]
2060.1189008239494	2.0	trials	1.0	2.0	75.0	biphasic	1.0	100.0	1.0	10.0	-25.0	15r_16b	15.0	16.0	bipolar		[8428. 1188. 3303.]	[8428. 1288. 3303.]
2062.1189040759114	2.0	trials	1.0	2.0	75.0	biphasic	1.0	100.0	1.0	10.0	-25.0	15r_16b	15.0	16.0	bipolar		[8428. 1188. 3303.]	[8428. 1288. 3303.]
2064.118907327873	2.0	trials	1.0	2.0	75.0	biphasic	1.0	100.0	1.0	10.0	-25.0	15r_16b	15.0	16.0	bipolar		[8428. 1188. 3303.]	[8428. 1288. 3303.]
2066.1189105798344	2.0	trials	1.0	2.0	75.0	biphasic	1.0	100.0	1.0	10.0	-25.0	15r_16b	15.0	16.0	bipolar		[8428. 1188. 3303.]	[8428. 1288. 3303.]
2068.119182849568	2.0	trials	1.0	2.0	75.0	biphasic	1.0	100.0	1.0	10.0	-25.0	15r_16b	15.0	16.0	bipolar		[8428. 1188. 3303.]	[8428. 1288. 3303.]
2070.1190517227137	2.0	trials	1.0	2.0	75.0	biphasic	1.0	100.0	1.0	10.0	-25.0	15r_16b	15.0	16.0	bipolar		[8428. 1188. 3303.]	[8428. 1288. 3303.]
2072.1190551047544	2.0	trials	1.0	2.0	75.0	biphasic	1.0	100.0	1.0	10.0	-25.0	15r_16b	15.0	16.0	bipolar		[8428. 1188. 3303.]	[8428. 1288. 3303.]
2118.0416390277023	2.0	trials	1.0	2.0	75.0	biphasic	2.0	100.0	1.0	10.0	25.0	15r_16b	15.0	16.0	bipolar		[8428. 1188. 3303.]	[8428. 1288. 3303.]
2120.0416422796643	2.0	trials	1.0	2.0	75.0	biphasic	2.0	100.0	1.0	10.0	25.0	15r_16b	15.0	16.0	bipolar		[8428. 1188. 3303.]	[8428. 1288. 3303.]
2122.041645531626	2.0	trials	1.0	2.0	75.0	biphasic	2.0	100.0	1.0	10.0	25.0	15r_16b	15.0	16.0	bipolar		[8428. 1188. 3303.]	[8428. 1288. 3303.]
2124.0416487835873	2.0	trials	1.0	2.0	75.0	biphasic	2.0	100.0	1.0	10.0	25.0	15r_16b	15.0	16.0	bipolar		[8428. 1188. 3303.]	[8428. 1288. 3303.]
2126.0416520355493	2.0	trials	1.0	2.0	75.0	biphasic	2.0	100.0	1.0	10.0	25.0	15r_16b	15.0	16.0	bipolar		[8428. 1188. 3303.]	[8428. 1288. 3303.]
2128.041655287511	2.0	trials	1.0	2.0	75.0	biphasic	2.0	100.0	1.0	10.0	25.0	15r_16b	15.0	16.0	bipolar		[8428. 1188. 3303.]	[8428. 1288. 3303.]
2130.0416585394723	2.0	trials	1.0	2.0	75.0	biphasic	2.0	100.0	1.0	10.0	25.0	15r_16b	15.0	16.0	bipolar		[8428. 1188. 3303.]	[8428. 1288. 3303.]
2132.041523125088	2.0	trials	1.0	2.0	75.0	biphasic	2.0	100.0	1.0	10.0	25.0	15r_16b	15.0	16.0	bipolar		[8428. 1188. 3303.]	[8428. 1288. 3303.]
2134.041665043396	2.0	trials	1.0	2.0	75.0	biphasic	2.0	100.0	1.0	10.0	25.0	15r_16b	15.0	16.0	bipolar		[8428. 1188. 3303.]	[8428. 1288. 3303.]
2136.0415293688543	2.0	trials	1.0	2.0	75.0	biphasic	2.0	100.0	1.0	10.0	25.0	15r_16b	15.0	16.0	bipolar		[8428. 1188. 3303.]	[8428. 1288. 3303.]
2138.041810603919	2.0	trials	1.0	2.0	75.0	biphasic	2.0	100.0	1.0	10.0	25.0	15r_16b	15.0	16.0	bipolar		[8428. 1188. 3303.]	[8428. 1288. 3303.]
2140.0415023125347	2.0	trials	1.0	2.0	75.0	biphasic	2.0	100.0	1.0	10.0	25.0	15r_16b	15.0	16.0	bipolar		[8428. 1188. 3303.]	[8428. 1288. 3303.]
2142.04178406791	2.0	trials	1.0	2.0	75.0	biphasic	2.0	100.0	1.0	10.0	25.0	15r_16b	15.0	16.0	bipolar		[8428. 1188. 3303.]	[8428. 1288. 3303.]
2144.041787449951	2.0	trials	1.0	2.0	75.0	biphasic	2.0	100.0	1.0	10.0	25.0	15r_16b	15.0	16.0	bipolar		[8428. 1188. 3303.]	[8428. 1288. 3303.]
2146.041790831991	2.0	trials	1.0	2.0	75.0	biphasic	2.0	100.0	1.0	10.0	25.0	15r_16b	15.0	16.0	bipolar		[8428. 1188. 3303.]	[8428. 1288. 3303.]
2148.04165450704	2.0	trials	1.0	2.0	75.0	biphasic	2.0	100.0	1.0	10.0	25.0	15r_16b	15.0	16.0	bipolar		[8428. 1188. 3303.]	[8428. 1288. 3303.]
2150.0416577590017	2.0	trials	1.0	2.0	75.0	biphasic	2.0	100.0	1.0	10.0	25.0	15r_16b	15.0	16.0	bipolar		[8428. 1188. 3303.]	[8428. 1288. 3303.]
2152.0416610109633	2.0	trials	1.0	2.0	75.0	biphasic	2.0	100.0	1.0	10.0	25.0	15r_16b	15.0	16.0	bipolar		[8428. 1188. 3303.]	[8428. 1288. 3303.]
2154.0415241657156	2.0	trials	1.0	2.0	75.0	biphasic	2.0	100.0	1.0	10.0	25.0	15r_16b	15.0	16.0	bipolar		[8428. 1188. 3303.]	[8428. 1288. 3303.]
2156.0416675148867	2.0	trials	1.0	2.0	75.0	biphasic	2.0	100.0	1.0	10.0	25.0	15r_16b	15.0	16.0	bipolar		[8428. 1188. 3303.]	[8428. 1288. 3303.]
2158.0415304094818	2.0	trials	1.0	2.0	75.0	biphasic	2.0	100.0	1.0	10.0	25.0	15r_16b	15.0	16.0	bipolar		[8428. 1188. 3303.]	[8428. 1288. 3303.]
2160.0415335313646	2.0	trials	1.0	2.0	75.0	biphasic	2.0	100.0	1.0	10.0	25.0	15r_16b	15.0	16.0	bipolar		[8428. 1188. 3303.]	[8428. 1288. 3303.]
2162.041536653248	2.0	trials	1.0	2.0	75.0	biphasic	2.0	100.0	1.0	10.0	25.0	15r_16b	15.0	16.0	bipolar		[8428. 1188. 3303.]	[8428. 1288. 3303.]
2164.0415064750455	2.0	trials	1.0	2.0	75.0	biphasic	2.0	100.0	1.0	10.0	25.0	15r_16b	15.0	16.0	bipolar		[8428. 1188. 3303.]	[8428. 1288. 3303.]
2166.0415095969283	2.0	trials	1.0	2.0	75.0	biphasic	2.0	100.0	1.0	10.0	25.0	15r_16b	15.0	16.0	bipolar		[8428. 1188. 3303.]	[8428. 1288. 3303.]
2168.0415127188116	2.0	trials	1.0	2.0	75.0	biphasic	2.0	100.0	1.0	10.0	25.0	15r_16b	15.0	16.0	bipolar		[8428. 1188. 3303.]	[8428. 1288. 3303.]
2170.0415158406945	2.0	trials	1.0	2.0	75.0	biphasic	2.0	100.0	1.0	10.0	25.0	15r_16b	15.0	16.0	bipolar		[8428. 1188. 3303.]	[8428. 1288. 3303.]
2172.0415189625774	2.0	trials	1.0	2.0	75.0	biphasic	2.0	100.0	1.0	10.0	25.0	15r_16b	15.0	16.0	bipolar		[8428. 1188. 3303.]	[8428. 1288. 3303.]
2174.0415220844607	2.0	trials	1.0	2.0	75.0	biphasic	2.0	100.0	1.0	10.0	25.0	15r_16b	15.0	16.0	bipolar		[8428. 1188. 3303.]	[8428. 1288. 3303.]
2176.0416667344157	2.0	trials	1.0	2.0	75.0	biphasic	2.0	100.0	1.0	10.0	25.0	15r_16b	15.0	16.0	bipolar		[8428. 1188. 3303.]	[8428. 1288. 3303.]
2178.0416699863777	2.0	trials	1.0	2.0	75.0	biphasic	2.0	100.0	1.0	10.0	25.0	15r_16b	15.0	16.0	bipolar		[8428. 1188. 3303.]	[8428. 1288. 3303.]
2180.041673238339	2.0	trials	1.0	2.0	75.0	biphasic	2.0	100.0	1.0	10.0	25.0	15r_16b	15.0	16.0	bipolar		[8428. 1188. 3303.]	[8428. 1288. 3303.]
2182.0416764903007	2.0	trials	1.0	2.0	75.0	biphasic	2.0	100.0	1.0	10.0	25.0	15r_16b	15.0	16.0	bipolar		[8428. 1188. 3303.]	[8428. 1288. 3303.]
2184.0416797422627	2.0	trials	1.0	2.0	75.0	biphasic	2.0	100.0	1.0	10.0	25.0	15r_16b	15.0	16.0	bipolar		[8428. 1188. 3303.]	[8428. 1288. 3303.]
2186.041682994224	2.0	trials	1.0	2.0	75.0	biphasic	2.0	100.0	1.0	10.0	25.0	15r_16b	15.0	16.0	bipolar		[8428. 1188. 3303.]	[8428. 1288. 3303.]
2188.0416862461857	2.0	trials	1.0	2.0	75.0	biphasic	2.0	100.0	1.0	10.0	25.0	15r_16b	15.0	16.0	bipolar		[8428. 1188. 3303.]	[8428. 1288. 3303.]
2190.04165619806	2.0	trials	1.0	2.0	75.0	biphasic	2.0	100.0	1.0	10.0	25.0	15r_16b	15.0	16.0	bipolar		[8428. 1188. 3303.]	[8428. 1288. 3303.]
2192.0416594500216	2.0	trials	1.0	2.0	75.0	biphasic	2.0	100.0	1.0	10.0	25.0	15r_16b	15.0	16.0	bipolar		[8428. 1188. 3303.]	[8428. 1288. 3303.]
2194.0416627019836	2.0	trials	1.0	2.0	75.0	biphasic	2.0	100.0	1.0	10.0	25.0	15r_16b	15.0	16.0	bipolar		[8428. 1188. 3303.]	[8428. 1288. 3303.]
2196.041665953945	2.0	trials	1.0	2.0	75.0	biphasic	2.0	100.0	1.0	10.0	25.0	15r_16b	15.0	16.0	bipolar		[8428. 1188. 3303.]	[8428. 1288. 3303.]
2198.041526246971	2.0	trials	1.0	2.0	75.0	biphasic	2.0	100.0	1.0	10.0	25.0	15r_16b	15.0	16.0	bipolar		[8428. 1188. 3303.]	[8428. 1288. 3303.]
2200.0415293688543	2.0	trials	1.0	2.0	75.0	biphasic	2.0	100.0	1.0	10.0	25.0	15r_16b	15.0	16.0	bipolar		[8428. 1188. 3303.]	[8428. 1288. 3303.]
2202.041532490737	2.0	trials	1.0	2.0	75.0	biphasic	2.0	100.0	1.0	10.0	25.0	15r_16b	15.0	16.0	bipolar		[8428. 1188. 3303.]	[8428. 1288. 3303.]
2204.04153561262	2.0	trials	1.0	2.0	75.0	biphasic	2.0	100.0	1.0	10.0	25.0	15r_16b	15.0	16.0	bipolar		[8428. 1188. 3303.]	[8428. 1288. 3303.]
2206.0415387345033	2.0	trials	1.0	2.0	75.0	biphasic	2.0	100.0	1.0	10.0	25.0	15r_16b	15.0	16.0	bipolar		[8428. 1188. 3303.]	[8428. 1288. 3303.]
2208.041541856386	2.0	trials	1.0	2.0	75.0	biphasic	2.0	100.0	1.0	10.0	25.0	15r_16b	15.0	16.0	bipolar		[8428. 1188. 3303.]	[8428. 1288. 3303.]
2210.0416887176766	2.0	trials	1.0	2.0	75.0	biphasic	2.0	100.0	1.0	10.0	25.0	15r_16b	15.0	16.0	bipolar		[8428. 1188. 3303.]	[8428. 1288. 3303.]
2212.0416919696386	2.0	trials	1.0	2.0	75.0	biphasic	2.0	100.0	1.0	10.0	25.0	15r_16b	15.0	16.0	bipolar		[8428. 1188. 3303.]	[8428. 1288. 3303.]
2214.0416619215125	2.0	trials	1.0	2.0	75.0	biphasic	2.0	100.0	1.0	10.0	25.0	15r_16b	15.0	16.0	bipolar		[8428. 1188. 3303.]	[8428. 1288. 3303.]
2216.0415210438327	2.0	trials	1.0	2.0	75.0	biphasic	2.0	100.0	1.0	10.0	25.0	15r_16b	15.0	16.0	bipolar		[8428. 1188. 3303.]	[8428. 1288. 3303.]
2218.041668425436	2.0	trials	1.0	2.0	75.0	biphasic	2.0	100.0	1.0	10.0	25.0	15r_16b	15.0	16.0	bipolar		[8428. 1188. 3303.]	[8428. 1288. 3303.]
2220.041527287599	2.0	trials	1.0	2.0	75.0	biphasic	2.0	100.0	1.0	10.0	25.0	15r_16b	15.0	16.0	bipolar		[8428. 1188. 3303.]	[8428. 1288. 3303.]
2222.0415304094818	2.0	trials	1.0	2.0	75.0	biphasic	2.0	100.0	1.0	10.0	25.0	15r_16b	15.0	16.0	bipolar		[8428. 1188. 3303.]	[8428. 1288. 3303.]
2224.0415335313646	2.0	trials	1.0	2.0	75.0	biphasic	2.0	100.0	1.0	10.0	25.0	15r_16b	15.0	16.0	bipolar		[8428. 1188. 3303.]	[8428. 1288. 3303.]
2226.041536653248	2.0	trials	1.0	2.0	75.0	biphasic	2.0	100.0	1.0	10.0	25.0	15r_16b	15.0	16.0	bipolar		[8428. 1188. 3303.]	[8428. 1288. 3303.]
2228.041539775131	2.0	trials	1.0	2.0	75.0	biphasic	2.0	100.0	1.0	10.0	25.0	15r_16b	15.0	16.0	bipolar		[8428. 1188. 3303.]	[8428. 1288. 3303.]
2230.0415428970136	2.0	trials	1.0	2.0	75.0	biphasic	2.0	100.0	1.0	10.0	25.0	15r_16b	15.0	16.0	bipolar		[8428. 1188. 3303.]	[8428. 1288. 3303.]
2232.041836359457	2.0	trials	1.0	2.0	75.0	biphasic	2.0	100.0	1.0	10.0	25.0	15r_16b	15.0	16.0	bipolar		[8428. 1188. 3303.]	[8428. 1288. 3303.]
2234.041839741498	2.0	trials	1.0	2.0	75.0	biphasic	2.0	100.0	1.0	10.0	25.0	15r_16b	15.0	16.0	bipolar		[8428. 1188. 3303.]	[8428. 1288. 3303.]
2236.041843123538	2.0	trials	1.0	2.0	75.0	biphasic	2.0	100.0	1.0	10.0	25.0	15r_16b	15.0	16.0	bipolar		[8428. 1188. 3303.]	[8428. 1288. 3303.]
2238.0413765239746	2.0	trials	1.0	2.0	75.0	biphasic	2.0	100.0	1.0	10.0	25.0	15r_16b	15.0	16.0	bipolar		[8428. 1188. 3303.]	[8428. 1288. 3303.]
2240.041816587529	2.0	trials	1.0	2.0	75.0	biphasic	2.0	100.0	1.0	10.0	25.0	15r_16b	15.0	16.0	bipolar		[8428. 1188. 3303.]	[8428. 1288. 3303.]
2242.0416741488884	2.0	trials	1.0	2.0	75.0	biphasic	2.0	100.0	1.0	10.0	25.0	15r_16b	15.0	16.0	bipolar		[8428. 1188. 3303.]	[8428. 1288. 3303.]
2244.0418233516098	2.0	trials	1.0	2.0	75.0	biphasic	2.0	100.0	1.0	10.0	25.0	15r_16b	15.0	16.0	bipolar		[8428. 1188. 3303.]	[8428. 1288. 3303.]
2246.041680652812	2.0	trials	1.0	2.0	75.0	biphasic	2.0	100.0	1.0	10.0	25.0	15r_16b	15.0	16.0	bipolar		[8428. 1188. 3303.]	[8428. 1288. 3303.]
2248.0418301156906	2.0	trials	1.0	2.0	75.0	biphasic	2.0	100.0	1.0	10.0	25.0	15r_16b	15.0	16.0	bipolar		[8428. 1188. 3303.]	[8428. 1288. 3303.]
2250.041687156735	2.0	trials	1.0	2.0	75.0	biphasic	2.0	100.0	1.0	10.0	25.0	15r_16b	15.0	16.0	bipolar		[8428. 1188. 3303.]	[8428. 1288. 3303.]
2252.0418368797714	2.0	trials	1.0	2.0	75.0	biphasic	2.0	100.0	1.0	10.0	25.0	15r_16b	15.0	16.0	bipolar		[8428. 1188. 3303.]	[8428. 1288. 3303.]
2254.0416936606584	2.0	trials	1.0	2.0	75.0	biphasic	2.0	100.0	1.0	10.0	25.0	15r_16b	15.0	16.0	bipolar		[8428. 1188. 3303.]	[8428. 1288. 3303.]
2256.0415501814073	2.0	trials	1.0	2.0	75.0	biphasic	2.0	100.0	1.0	10.0	25.0	15r_16b	15.0	16.0	bipolar		[8428. 1188. 3303.]	[8428. 1288. 3303.]
2258.041700164582	2.0	trials	1.0	2.0	75.0	biphasic	2.0	100.0	1.0	10.0	25.0	15r_16b	15.0	16.0	bipolar		[8428. 1188. 3303.]	[8428. 1288. 3303.]
2260.0415564251734	2.0	trials	1.0	2.0	75.0	biphasic	2.0	100.0	1.0	10.0	25.0	15r_16b	15.0	16.0	bipolar		[8428. 1188. 3303.]	[8428. 1288. 3303.]
2262.041673368418	2.0	trials	1.0	2.0	75.0	biphasic	2.0	100.0	1.0	10.0	25.0	15r_16b	15.0	16.0	bipolar		[8428. 1188. 3303.]	[8428. 1288. 3303.]
2264.0415293688543	2.0	trials	1.0	2.0	75.0	biphasic	2.0	100.0	1.0	10.0	25.0	15r_16b	15.0	16.0	bipolar		[8428. 1188. 3303.]	[8428. 1288. 3303.]
2266.041679872341	2.0	trials	1.0	2.0	75.0	biphasic	2.0	100.0	1.0	10.0	25.0	15r_16b	15.0	16.0	bipolar		[8428. 1188. 3303.]	[8428. 1288. 3303.]
2351.383856847096	2.0	trials	1.0	2.0	75.0	biphasic	3.0	100.0	1.0	10.0	-50.0	15r_16b	15.0	16.0	bipolar		[8428. 1188. 3303.]	[8428. 1288. 3303.]
2353.3840130312606	2.0	trials	1.0	2.0	75.0	biphasic	3.0	100.0	1.0	10.0	-50.0	15r_16b	15.0	16.0	bipolar		[8428. 1188. 3303.]	[8428. 1288. 3303.]
2355.3838297907764	2.0	trials	1.0	2.0	75.0	biphasic	3.0	100.0	1.0	10.0	-50.0	15r_16b	15.0	16.0	bipolar		[8428. 1188. 3303.]	[8428. 1288. 3303.]
2357.3836795902425	2.0	trials	1.0	2.0	75.0	biphasic	3.0	100.0	1.0	10.0	-50.0	15r_16b	15.0	16.0	bipolar		[8428. 1188. 3303.]	[8428. 1288. 3303.]
2359.3838360345426	2.0	trials	1.0	2.0	75.0	biphasic	3.0	100.0	1.0	10.0	-50.0	15r_16b	15.0	16.0	bipolar		[8428. 1188. 3303.]	[8428. 1288. 3303.]
2361.3836855738514	2.0	trials	1.0	2.0	75.0	biphasic	3.0	100.0	1.0	10.0	-50.0	15r_16b	15.0	16.0	bipolar		[8428. 1188. 3303.]	[8428. 1288. 3303.]
2363.3838422783087	2.0	trials	1.0	2.0	75.0	biphasic	3.0	100.0	1.0	10.0	-50.0	15r_16b	15.0	16.0	bipolar		[8428. 1188. 3303.]	[8428. 1288. 3303.]
2365.3836915574598	2.0	trials	1.0	2.0	75.0	biphasic	3.0	100.0	1.0	10.0	-50.0	15r_16b	15.0	16.0	bipolar		[8428. 1188. 3303.]	[8428. 1288. 3303.]
2367.3838485220745	2.0	trials	1.0	2.0	75.0	biphasic	3.0	100.0	1.0	10.0	-50.0	15r_16b	15.0	16.0	bipolar		[8428. 1188. 3303.]	[8428. 1288. 3303.]
2369.3840057468665	2.0	trials	1.0	2.0	75.0	biphasic	3.0	100.0	1.0	10.0	-50.0	15r_16b	15.0	16.0	bipolar		[8428. 1188. 3303.]	[8428. 1288. 3303.]
2371.3841632318363	2.0	trials	1.0	2.0	75.0	biphasic	3.0	100.0	1.0	10.0	-50.0	15r_16b	15.0	16.0	bipolar		[8428. 1188. 3303.]	[8428. 1288. 3303.]
2373.38401225079	2.0	trials	1.0	2.0	75.0	biphasic	3.0	100.0	1.0	10.0	-50.0	15r_16b	15.0	16.0	bipolar		[8428. 1188. 3303.]	[8428. 1288. 3303.]
2375.3838610096063	2.0	trials	1.0	2.0	75.0	biphasic	3.0	100.0	1.0	10.0	-50.0	15r_16b	15.0	16.0	bipolar		[8428. 1188. 3303.]	[8428. 1288. 3303.]
2377.3840187547135	2.0	trials	1.0	2.0	75.0	biphasic	3.0	100.0	1.0	10.0	-50.0	15r_16b	15.0	16.0	bipolar		[8428. 1188. 3303.]	[8428. 1288. 3303.]
2379.383833953287	2.0	trials	1.0	2.0	75.0	biphasic	3.0	100.0	1.0	10.0	-50.0	15r_16b	15.0	16.0	bipolar		[8428. 1188. 3303.]	[8428. 1288. 3303.]
2381.3839919585494	2.0	trials	1.0	2.0	75.0	biphasic	3.0	100.0	1.0	10.0	-50.0	15r_16b	15.0	16.0	bipolar		[8428. 1188. 3303.]	[8428. 1288. 3303.]
2383.3838401970534	2.0	trials	1.0	2.0	75.0	biphasic	3.0	100.0	1.0	10.0	-50.0	15r_16b	15.0	16.0	bipolar		[8428. 1188. 3303.]	[8428. 1288. 3303.]
2385.3839984624724	2.0	trials	1.0	2.0	75.0	biphasic	3.0	100.0	1.0	10.0	-50.0	15r_16b	15.0	16.0	bipolar		[8428. 1188. 3303.]	[8428. 1288. 3303.]
2387.383846440819	2.0	trials	1.0	2.0	75.0	biphasic	3.0	100.0	1.0	10.0	-50.0	15r_16b	15.0	16.0	bipolar		[8428. 1188. 3303.]	[8428. 1288. 3303.]
2389.384004966396	2.0	trials	1.0	2.0	75.0	biphasic	3.0	100.0	1.0	10.0	-50.0	15r_16b	15.0	16.0	bipolar		[8428. 1188. 3303.]	[8428. 1288. 3303.]
2391.3838526845852	2.0	trials	1.0	2.0	75.0	biphasic	3.0	100.0	1.0	10.0	-50.0	15r_16b	15.0	16.0	bipolar		[8428. 1188. 3303.]	[8428. 1288. 3303.]
2393.3840114703194	2.0	trials	1.0	2.0	75.0	biphasic	3.0	100.0	1.0	10.0	-50.0	15r_16b	15.0	16.0	bipolar		[8428. 1188. 3303.]	[8428. 1288. 3303.]
2395.3838589283514	2.0	trials	1.0	2.0	75.0	biphasic	3.0	100.0	1.0	10.0	-50.0	15r_16b	15.0	16.0	bipolar		[8428. 1188. 3303.]	[8428. 1288. 3303.]
2397.3840179742424	2.0	trials	1.0	2.0	75.0	biphasic	3.0	100.0	1.0	10.0	-50.0	15r_16b	15.0	16.0	bipolar		[8428. 1188. 3303.]	[8428. 1288. 3303.]
2399.383865172117	2.0	trials	1.0	2.0	75.0	biphasic	3.0	100.0	1.0	10.0	-50.0	15r_16b	15.0	16.0	bipolar		[8428. 1188. 3303.]	[8428. 1288. 3303.]
2401.383712109855	2.0	trials	1.0	2.0	75.0	biphasic	3.0	100.0	1.0	10.0	-50.0	15r_16b	15.0	16.0	bipolar		[8428. 1188. 3303.]	[8428. 1288. 3303.]
2403.383838115798	2.0	trials	1.0	2.0	75.0	biphasic	3.0	100.0	1.0	10.0	-50.0	15r_16b	15.0	16.0	bipolar		[8428. 1188. 3303.]	[8428. 1288. 3303.]
2405.3836847933803	2.0	trials	1.0	2.0	75.0	biphasic	3.0	100.0	1.0	10.0	-50.0	15r_16b	15.0	16.0	bipolar		[8428. 1188. 3303.]	[8428. 1288. 3303.]
2407.3843140828235	2.0	trials	1.0	2.0	75.0	biphasic	3.0	100.0	1.0	10.0	-50.0	15r_16b	15.0	16.0	bipolar		[8428. 1188. 3303.]	[8428. 1288. 3303.]
2409.3841608904236	2.0	trials	1.0	2.0	75.0	biphasic	3.0	100.0	1.0	10.0	-50.0	15r_16b	15.0	16.0	bipolar		[8428. 1188. 3303.]	[8428. 1288. 3303.]
2411.3843211070616	2.0	trials	1.0	2.0	75.0	biphasic	3.0	100.0	1.0	10.0	-50.0	15r_16b	15.0	16.0	bipolar		[8428. 1188. 3303.]	[8428. 1288. 3303.]
2413.3841676545044	2.0	trials	1.0	2.0	75.0	biphasic	3.0	100.0	1.0	10.0	-50.0	15r_16b	15.0	16.0	bipolar		[8428. 1188. 3303.]	[8428. 1288. 3303.]
2415.3843281312998	2.0	trials	1.0	2.0	75.0	biphasic	3.0	100.0	1.0	10.0	-50.0	15r_16b	15.0	16.0	bipolar		[8428. 1188. 3303.]	[8428. 1288. 3303.]
2417.384174418585	2.0	trials	1.0	2.0	75.0	biphasic	3.0	100.0	1.0	10.0	-50.0	15r_16b	15.0	16.0	bipolar		[8428. 1188. 3303.]	[8428. 1288. 3303.]
2419.3840204457333	2.0	trials	1.0	2.0	75.0	biphasic	3.0	100.0	1.0	10.0	-50.0	15r_16b	15.0	16.0	bipolar		[8428. 1188. 3303.]	[8428. 1288. 3303.]
2421.3841811826655	2.0	trials	1.0	2.0	75.0	biphasic	3.0	100.0	1.0	10.0	-50.0	15r_16b	15.0	16.0	bipolar		[8428. 1188. 3303.]	[8428. 1288. 3303.]
2423.384026949657	2.0	trials	1.0	2.0	75.0	biphasic	3.0	100.0	1.0	10.0	-50.0	15r_16b	15.0	16.0	bipolar		[8428. 1188. 3303.]	[8428. 1288. 3303.]
2425.3841879467464	2.0	trials	1.0	2.0	75.0	biphasic	3.0	100.0	1.0	10.0	-50.0	15r_16b	15.0	16.0	bipolar		[8428. 1188. 3303.]	[8428. 1288. 3303.]
2427.3840001534927	2.0	trials	1.0	2.0	75.0	biphasic	3.0	100.0	1.0	10.0	-50.0	15r_16b	15.0	16.0	bipolar		[8428. 1188. 3303.]	[8428. 1288. 3303.]
2429.3841614107373	2.0	trials	1.0	2.0	75.0	biphasic	3.0	100.0	1.0	10.0	-50.0	15r_16b	15.0	16.0	bipolar		[8428. 1188. 3303.]	[8428. 1288. 3303.]
2431.3840066574157	2.0	trials	1.0	2.0	75.0	biphasic	3.0	100.0	1.0	10.0	-50.0	15r_16b	15.0	16.0	bipolar		[8428. 1188. 3303.]	[8428. 1288. 3303.]
2433.384168174818	2.0	trials	1.0	2.0	75.0	biphasic	3.0	100.0	1.0	10.0	-50.0	15r_16b	15.0	16.0	bipolar		[8428. 1188. 3303.]	[8428. 1288. 3303.]
2435.384013161339	2.0	trials	1.0	2.0	75.0	biphasic	3.0	100.0	1.0	10.0	-50.0	15r_16b	15.0	16.0	bipolar		[8428. 1188. 3303.]	[8428. 1288. 3303.]
2437.3840164133007	2.0	trials	1.0	2.0	75.0	biphasic	3.0	100.0	1.0	10.0	-50.0	15r_16b	15.0	16.0	bipolar		[8428. 1188. 3303.]	[8428. 1288. 3303.]
2439.384178320939	2.0	trials	1.0	2.0	75.0	biphasic	3.0	100.0	1.0	10.0	-50.0	15r_16b	15.0	16.0	bipolar		[8428. 1188. 3303.]	[8428. 1288. 3303.]
2441.3843404887557	2.0	trials	1.0	2.0	75.0	biphasic	3.0	100.0	1.0	10.0	-50.0	15r_16b	15.0	16.0	bipolar		[8428. 1188. 3303.]	[8428. 1288. 3303.]
2443.38418508502	2.0	trials	1.0	2.0	75.0	biphasic	3.0	100.0	1.0	10.0	-50.0	15r_16b	15.0	16.0	bipolar		[8428. 1188. 3303.]	[8428. 1288. 3303.]
2445.3840294211477	2.0	trials	1.0	2.0	75.0	biphasic	3.0	100.0	1.0	10.0	-50.0	15r_16b	15.0	16.0	bipolar		[8428. 1188. 3303.]	[8428. 1288. 3303.]
2447.3841918491007	2.0	trials	1.0	2.0	75.0	biphasic	3.0	100.0	1.0	10.0	-50.0	15r_16b	15.0	16.0	bipolar		[8428. 1188. 3303.]	[8428. 1288. 3303.]
2449.3840359250707	2.0	trials	1.0	2.0	75.0	biphasic	3.0	100.0	1.0	10.0	-50.0	15r_16b	15.0	16.0	bipolar		[8428. 1188. 3303.]	[8428. 1288. 3303.]
2451.3841986131815	2.0	trials	1.0	2.0	75.0	biphasic	3.0	100.0	1.0	10.0	-50.0	15r_16b	15.0	16.0	bipolar		[8428. 1188. 3303.]	[8428. 1288. 3303.]
2453.3840091289067	2.0	trials	1.0	2.0	75.0	biphasic	3.0	100.0	1.0	10.0	-50.0	15r_16b	15.0	16.0	bipolar		[8428. 1188. 3303.]	[8428. 1288. 3303.]
2455.3841720771725	2.0	trials	1.0	2.0	75.0	biphasic	3.0	100.0	1.0	10.0	-50.0	15r_16b	15.0	16.0	bipolar		[8428. 1188. 3303.]	[8428. 1288. 3303.]
2457.38401563283	2.0	trials	1.0	2.0	75.0	biphasic	3.0	100.0	1.0	10.0	-50.0	15r_16b	15.0	16.0	bipolar		[8428. 1188. 3303.]	[8428. 1288. 3303.]
2459.3841788412533	2.0	trials	1.0	2.0	75.0	biphasic	3.0	100.0	1.0	10.0	-50.0	15r_16b	15.0	16.0	bipolar		[8428. 1188. 3303.]	[8428. 1288. 3303.]
2461.3840221367536	2.0	trials	1.0	2.0	75.0	biphasic	3.0	100.0	1.0	10.0	-50.0	15r_16b	15.0	16.0	bipolar		[8428. 1188. 3303.]	[8428. 1288. 3303.]
2463.383865172117	2.0	trials	1.0	2.0	75.0	biphasic	3.0	100.0	1.0	10.0	-50.0	15r_16b	15.0	16.0	bipolar		[8428. 1188. 3303.]	[8428. 1288. 3303.]
2465.3840286406767	2.0	trials	1.0	2.0	75.0	biphasic	3.0	100.0	1.0	10.0	-50.0	15r_16b	15.0	16.0	bipolar		[8428. 1188. 3303.]	[8428. 1288. 3303.]
2467.3838714158833	2.0	trials	1.0	2.0	75.0	biphasic	3.0	100.0	1.0	10.0	-50.0	15r_16b	15.0	16.0	bipolar		[8428. 1188. 3303.]	[8428. 1288. 3303.]
2469.3840351446	2.0	trials	1.0	2.0	75.0	biphasic	3.0	100.0	1.0	10.0	-50.0	15r_16b	15.0	16.0	bipolar		[8428. 1188. 3303.]	[8428. 1288. 3303.]
2471.383877659649	2.0	trials	1.0	2.0	75.0	biphasic	3.0	100.0	1.0	10.0	-50.0	15r_16b	15.0	16.0	bipolar		[8428. 1188. 3303.]	[8428. 1288. 3303.]
2473.3840416485236	2.0	trials	1.0	2.0	75.0	biphasic	3.0	100.0	1.0	10.0	-50.0	15r_16b	15.0	16.0	bipolar		[8428. 1188. 3303.]	[8428. 1288. 3303.]
2475.384205897576	2.0	trials	1.0	2.0	75.0	biphasic	3.0	100.0	1.0	10.0	-50.0	15r_16b	15.0	16.0	bipolar		[8428. 1188. 3303.]	[8428. 1288. 3303.]
2477.384337106715	2.0	trials	1.0	2.0	75.0	biphasic	3.0	100.0	1.0	10.0	-50.0	15r_16b	15.0	16.0	bipolar		[8428. 1188. 3303.]	[8428. 1288. 3303.]
2479.384179361567	2.0	trials	1.0	2.0	75.0	biphasic	3.0	100.0	1.0	10.0	-50.0	15r_16b	15.0	16.0	bipolar		[8428. 1188. 3303.]	[8428. 1288. 3303.]
2481.3840213562826	2.0	trials	1.0	2.0	75.0	biphasic	3.0	100.0	1.0	10.0	-50.0	15r_16b	15.0	16.0	bipolar		[8428. 1188. 3303.]	[8428. 1288. 3303.]
2483.384186125648	2.0	trials	1.0	2.0	75.0	biphasic	3.0	100.0	1.0	10.0	-50.0	15r_16b	15.0	16.0	bipolar		[8428. 1188. 3303.]	[8428. 1288. 3303.]
2485.384189507688	2.0	trials	1.0	2.0	75.0	biphasic	3.0	100.0	1.0	10.0	-50.0	15r_16b	15.0	16.0	bipolar		[8428. 1188. 3303.]	[8428. 1288. 3303.]
2487.3841928897286	2.0	trials	1.0	2.0	75.0	biphasic	3.0	100.0	1.0	10.0	-50.0	15r_16b	15.0	16.0	bipolar		[8428. 1188. 3303.]	[8428. 1288. 3303.]
2489.384034364129	2.0	trials	1.0	2.0	75.0	biphasic	3.0	100.0	1.0	10.0	-50.0	15r_16b	15.0	16.0	bipolar		[8428. 1188. 3303.]	[8428. 1288. 3303.]
2491.384199653809	2.0	trials	1.0	2.0	75.0	biphasic	3.0	100.0	1.0	10.0	-50.0	15r_16b	15.0	16.0	bipolar		[8428. 1188. 3303.]	[8428. 1288. 3303.]
2493.3840408680526	2.0	trials	1.0	2.0	75.0	biphasic	3.0	100.0	1.0	10.0	-50.0	15r_16b	15.0	16.0	bipolar		[8428. 1188. 3303.]	[8428. 1288. 3303.]
2495.38420641789	2.0	trials	1.0	2.0	75.0	biphasic	3.0	100.0	1.0	10.0	-50.0	15r_16b	15.0	16.0	bipolar		[8428. 1188. 3303.]	[8428. 1288. 3303.]
2497.384047371976	2.0	trials	1.0	2.0	75.0	biphasic	3.0	100.0	1.0	10.0	-50.0	15r_16b	15.0	16.0	bipolar		[8428. 1188. 3303.]	[8428. 1288. 3303.]
2499.3842131819706	2.0	trials	1.0	2.0	75.0	biphasic	3.0	100.0	1.0	10.0	-50.0	15r_16b	15.0	16.0	bipolar		[8428. 1188. 3303.]	[8428. 1288. 3303.]
2514.370552210443	2.0	trials	1.0	2.0	75.0	biphasic	4.0	100.0	1.0	10.0	50.0	15r_16b	15.0	16.0	bipolar		[8428. 1188. 3303.]	[8428. 1288. 3303.]
2516.3703919296718	2.0	trials	1.0	2.0	75.0	biphasic	4.0	100.0	1.0	10.0	50.0	15r_16b	15.0	16.0	bipolar		[8428. 1188. 3303.]	[8428. 1288. 3303.]
2518.3705589745236	2.0	trials	1.0	2.0	75.0	biphasic	4.0	100.0	1.0	10.0	50.0	15r_16b	15.0	16.0	bipolar		[8428. 1188. 3303.]	[8428. 1288. 3303.]
2520.3703651335077	2.0	trials	1.0	2.0	75.0	biphasic	4.0	100.0	1.0	10.0	50.0	15r_16b	15.0	16.0	bipolar		[8428. 1188. 3303.]	[8428. 1288. 3303.]
2522.370532438515	2.0	trials	1.0	2.0	75.0	biphasic	4.0	100.0	1.0	10.0	50.0	15r_16b	15.0	16.0	bipolar		[8428. 1188. 3303.]	[8428. 1288. 3303.]
2524.370371637431	2.0	trials	1.0	2.0	75.0	biphasic	4.0	100.0	1.0	10.0	50.0	15r_16b	15.0	16.0	bipolar		[8428. 1188. 3303.]	[8428. 1288. 3303.]
2526.3705392025954	2.0	trials	1.0	2.0	75.0	biphasic	4.0	100.0	1.0	10.0	50.0	15r_16b	15.0	16.0	bipolar		[8428. 1188. 3303.]	[8428. 1288. 3303.]
2528.370378141354	2.0	trials	1.0	2.0	75.0	biphasic	4.0	100.0	1.0	10.0	50.0	15r_16b	15.0	16.0	bipolar		[8428. 1188. 3303.]	[8428. 1288. 3303.]
2530.370381393316	2.0	trials	1.0	2.0	75.0	biphasic	4.0	100.0	1.0	10.0	50.0	15r_16b	15.0	16.0	bipolar		[8428. 1188. 3303.]	[8428. 1288. 3303.]
2532.3703846452777	2.0	trials	1.0	2.0	75.0	biphasic	4.0	100.0	1.0	10.0	50.0	15r_16b	15.0	16.0	bipolar		[8428. 1188. 3303.]	[8428. 1288. 3303.]
2534.370223063743	2.0	trials	1.0	2.0	75.0	biphasic	4.0	100.0	1.0	10.0	50.0	15r_16b	15.0	16.0	bipolar		[8428. 1188. 3303.]	[8428. 1288. 3303.]
2536.370391149201	2.0	trials	1.0	2.0	75.0	biphasic	4.0	100.0	1.0	10.0	50.0	15r_16b	15.0	16.0	bipolar		[8428. 1188. 3303.]	[8428. 1288. 3303.]
2538.3703944011627	2.0	trials	1.0	2.0	75.0	biphasic	4.0	100.0	1.0	10.0	50.0	15r_16b	15.0	16.0	bipolar		[8428. 1188. 3303.]	[8428. 1288. 3303.]
2540.370397653124	2.0	trials	1.0	2.0	75.0	biphasic	4.0	100.0	1.0	10.0	50.0	15r_16b	15.0	16.0	bipolar		[8428. 1188. 3303.]	[8428. 1288. 3303.]
2542.370235551275	2.0	trials	1.0	2.0	75.0	biphasic	4.0	100.0	1.0	10.0	50.0	15r_16b	15.0	16.0	bipolar		[8428. 1188. 3303.]	[8428. 1288. 3303.]
2544.370536340869	2.0	trials	1.0	2.0	75.0	biphasic	4.0	100.0	1.0	10.0	50.0	15r_16b	15.0	16.0	bipolar		[8428. 1188. 3303.]	[8428. 1288. 3303.]
2546.370374108922	2.0	trials	1.0	2.0	75.0	biphasic	4.0	100.0	1.0	10.0	50.0	15r_16b	15.0	16.0	bipolar		[8428. 1188. 3303.]	[8428. 1288. 3303.]
2548.37054310495	2.0	trials	1.0	2.0	75.0	biphasic	4.0	100.0	1.0	10.0	50.0	15r_16b	15.0	16.0	bipolar		[8428. 1188. 3303.]	[8428. 1288. 3303.]
2550.370380612845	2.0	trials	1.0	2.0	75.0	biphasic	4.0	100.0	1.0	10.0	50.0	15r_16b	15.0	16.0	bipolar		[8428. 1188. 3303.]	[8428. 1288. 3303.]
2552.3705498690306	2.0	trials	1.0	2.0	75.0	biphasic	4.0	100.0	1.0	10.0	50.0	15r_16b	15.0	16.0	bipolar		[8428. 1188. 3303.]	[8428. 1288. 3303.]
2554.3703871167686	2.0	trials	1.0	2.0	75.0	biphasic	4.0	100.0	1.0	10.0	50.0	15r_16b	15.0	16.0	bipolar		[8428. 1188. 3303.]	[8428. 1288. 3303.]
2556.3705566331114	2.0	trials	1.0	2.0	75.0	biphasic	4.0	100.0	1.0	10.0	50.0	15r_16b	15.0	16.0	bipolar		[8428. 1188. 3303.]	[8428. 1288. 3303.]
2558.3703936206916	2.0	trials	1.0	2.0	75.0	biphasic	4.0	100.0	1.0	10.0	50.0	15r_16b	15.0	16.0	bipolar		[8428. 1188. 3303.]	[8428. 1288. 3303.]
2560.370230348137	2.0	trials	1.0	2.0	75.0	biphasic	4.0	100.0	1.0	10.0	50.0	15r_16b	15.0	16.0	bipolar		[8428. 1188. 3303.]	[8428. 1288. 3303.]
2562.370400124615	2.0	trials	1.0	2.0	75.0	biphasic	4.0	100.0	1.0	10.0	50.0	15r_16b	15.0	16.0	bipolar		[8428. 1188. 3303.]	[8428. 1288. 3303.]
2564.370236591903	2.0	trials	1.0	2.0	75.0	biphasic	4.0	100.0	1.0	10.0	50.0	15r_16b	15.0	16.0	bipolar		[8428. 1188. 3303.]	[8428. 1288. 3303.]
2566.3704066285386	2.0	trials	1.0	2.0	75.0	biphasic	4.0	100.0	1.0	10.0	50.0	15r_16b	15.0	16.0	bipolar		[8428. 1188. 3303.]	[8428. 1288. 3303.]
2568.3702095355834	2.0	trials	1.0	2.0	75.0	biphasic	4.0	100.0	1.0	10.0	50.0	15r_16b	15.0	16.0	bipolar		[8428. 1188. 3303.]	[8428. 1288. 3303.]
2570.3703798323745	2.0	trials	1.0	2.0	75.0	biphasic	4.0	100.0	1.0	10.0	50.0	15r_16b	15.0	16.0	bipolar		[8428. 1188. 3303.]	[8428. 1288. 3303.]
2572.3702157793496	2.0	trials	1.0	2.0	75.0	biphasic	4.0	100.0	1.0	10.0	50.0	15r_16b	15.0	16.0	bipolar		[8428. 1188. 3303.]	[8428. 1288. 3303.]
2574.370553771385	2.0	trials	1.0	2.0	75.0	biphasic	4.0	100.0	1.0	10.0	50.0	15r_16b	15.0	16.0	bipolar		[8428. 1188. 3303.]	[8428. 1288. 3303.]
2576.370557153425	2.0	trials	1.0	2.0	75.0	biphasic	4.0	100.0	1.0	10.0	50.0	15r_16b	15.0	16.0	bipolar		[8428. 1188. 3303.]	[8428. 1288. 3303.]
2578.370392840221	2.0	trials	1.0	2.0	75.0	biphasic	4.0	100.0	1.0	10.0	50.0	15r_16b	15.0	16.0	bipolar		[8428. 1188. 3303.]	[8428. 1288. 3303.]
2580.370563917506	2.0	trials	1.0	2.0	75.0	biphasic	4.0	100.0	1.0	10.0	50.0	15r_16b	15.0	16.0	bipolar		[8428. 1188. 3303.]	[8428. 1288. 3303.]
2582.370567299546	2.0	trials	1.0	2.0	75.0	biphasic	4.0	100.0	1.0	10.0	50.0	15r_16b	15.0	16.0	bipolar		[8428. 1188. 3303.]	[8428. 1288. 3303.]
2584.370402596106	2.0	trials	1.0	2.0	75.0	biphasic	4.0	100.0	1.0	10.0	50.0	15r_16b	15.0	16.0	bipolar		[8428. 1188. 3303.]	[8428. 1288. 3303.]
2586.3704058480675	2.0	trials	1.0	2.0	75.0	biphasic	4.0	100.0	1.0	10.0	50.0	15r_16b	15.0	16.0	bipolar		[8428. 1188. 3303.]	[8428. 1288. 3303.]
2588.3704091000295	2.0	trials	1.0	2.0	75.0	biphasic	4.0	100.0	1.0	10.0	50.0	15r_16b	15.0	16.0	bipolar		[8428. 1188. 3303.]	[8428. 1288. 3303.]
2590.370412351991	2.0	trials	1.0	2.0	75.0	biphasic	4.0	100.0	1.0	10.0	50.0	15r_16b	15.0	16.0	bipolar		[8428. 1188. 3303.]	[8428. 1288. 3303.]
2592.3703823038654	2.0	trials	1.0	2.0	75.0	biphasic	4.0	100.0	1.0	10.0	50.0	15r_16b	15.0	16.0	bipolar		[8428. 1188. 3303.]	[8428. 1288. 3303.]
2594.370385555827	2.0	trials	1.0	2.0	75.0	biphasic	4.0	100.0	1.0	10.0	50.0	15r_16b	15.0	16.0	bipolar		[8428. 1188. 3303.]	[8428. 1288. 3303.]
2596.3703888077885	2.0	trials	1.0	2.0	75.0	biphasic	4.0	100.0	1.0	10.0	50.0	15r_16b	15.0	16.0	bipolar		[8428. 1188. 3303.]	[8428. 1288. 3303.]
2598.3703920597504	2.0	trials	1.0	2.0	75.0	biphasic	4.0	100.0	1.0	10.0	50.0	15r_16b	15.0	16.0	bipolar		[8428. 1188. 3303.]	[8428. 1288. 3303.]
2600.370395311712	2.0	trials	1.0	2.0	75.0	biphasic	4.0	100.0	1.0	10.0	50.0	15r_16b	15.0	16.0	bipolar		[8428. 1188. 3303.]	[8428. 1288. 3303.]
2602.3703985636735	2.0	trials	1.0	2.0	75.0	biphasic	4.0	100.0	1.0	10.0	50.0	15r_16b	15.0	16.0	bipolar		[8428. 1188. 3303.]	[8428. 1288. 3303.]
2604.370232429392	2.0	trials	1.0	2.0	75.0	biphasic	4.0	100.0	1.0	10.0	50.0	15r_16b	15.0	16.0	bipolar		[8428. 1188. 3303.]	[8428. 1288. 3303.]
2606.370235551275	2.0	trials	1.0	2.0	75.0	biphasic	4.0	100.0	1.0	10.0	50.0	15r_16b	15.0	16.0	bipolar		[8428. 1188. 3303.]	[8428. 1288. 3303.]
2608.370238673158	2.0	trials	1.0	2.0	75.0	biphasic	4.0	100.0	1.0	10.0	50.0	15r_16b	15.0	16.0	bipolar		[8428. 1188. 3303.]	[8428. 1288. 3303.]
2610.3702417950412	2.0	trials	1.0	2.0	75.0	biphasic	4.0	100.0	1.0	10.0	50.0	15r_16b	15.0	16.0	bipolar		[8428. 1188. 3303.]	[8428. 1288. 3303.]
2612.370244916924	2.0	trials	1.0	2.0	75.0	biphasic	4.0	100.0	1.0	10.0	50.0	15r_16b	15.0	16.0	bipolar		[8428. 1188. 3303.]	[8428. 1288. 3303.]
2614.3705881121023	2.0	trials	1.0	2.0	75.0	biphasic	4.0	100.0	1.0	10.0	50.0	15r_16b	15.0	16.0	bipolar		[8428. 1188. 3303.]	[8428. 1288. 3303.]
2616.370388027318	2.0	trials	1.0	2.0	75.0	biphasic	4.0	100.0	1.0	10.0	50.0	15r_16b	15.0	16.0	bipolar		[8428. 1188. 3303.]	[8428. 1288. 3303.]
2618.370561576093	2.0	trials	1.0	2.0	75.0	biphasic	4.0	100.0	1.0	10.0	50.0	15r_16b	15.0	16.0	bipolar		[8428. 1188. 3303.]	[8428. 1288. 3303.]
2620.370394531241	2.0	trials	1.0	2.0	75.0	biphasic	4.0	100.0	1.0	10.0	50.0	15r_16b	15.0	16.0	bipolar		[8428. 1188. 3303.]	[8428. 1288. 3303.]
2622.370227226254	2.0	trials	1.0	2.0	75.0	biphasic	4.0	100.0	1.0	10.0	50.0	15r_16b	15.0	16.0	bipolar		[8428. 1188. 3303.]	[8428. 1288. 3303.]
2624.3704010351644	2.0	trials	1.0	2.0	75.0	biphasic	4.0	100.0	1.0	10.0	50.0	15r_16b	15.0	16.0	bipolar		[8428. 1188. 3303.]	[8428. 1288. 3303.]
2626.3702334700197	2.0	trials	1.0	2.0	75.0	biphasic	4.0	100.0	1.0	10.0	50.0	15r_16b	15.0	16.0	bipolar		[8428. 1188. 3303.]	[8428. 1288. 3303.]
2628.370407539088	2.0	trials	1.0	2.0	75.0	biphasic	4.0	100.0	1.0	10.0	50.0	15r_16b	15.0	16.0	bipolar		[8428. 1188. 3303.]	[8428. 1288. 3303.]
2630.370239713786	2.0	trials	1.0	2.0	75.0	biphasic	4.0	100.0	1.0	10.0	50.0	15r_16b	15.0	16.0	bipolar		[8428. 1188. 3303.]	[8428. 1288. 3303.]
2632.370414043011	2.0	trials	1.0	2.0	75.0	biphasic	4.0	100.0	1.0	10.0	50.0	15r_16b	15.0	16.0	bipolar		[8428. 1188. 3303.]	[8428. 1288. 3303.]
2634.3702459575516	2.0	trials	1.0	2.0	75.0	biphasic	4.0	100.0	1.0	10.0	50.0	15r_16b	15.0	16.0	bipolar		[8428. 1188. 3303.]	[8428. 1288. 3303.]
2636.3704205469344	2.0	trials	1.0	2.0	75.0	biphasic	4.0	100.0	1.0	10.0	50.0	15r_16b	15.0	16.0	bipolar		[8428. 1188. 3303.]	[8428. 1288. 3303.]
2638.3702522013177	2.0	trials	1.0	2.0	75.0	biphasic	4.0	100.0	1.0	10.0	50.0	15r_16b	15.0	16.0	bipolar		[8428. 1188. 3303.]	[8428. 1288. 3303.]
2640.3703937507703	2.0	trials	1.0	2.0	75.0	biphasic	4.0	100.0	1.0	10.0	50.0	15r_16b	15.0	16.0	bipolar		[8428. 1188. 3303.]	[8428. 1288. 3303.]
2642.3702251449986	2.0	trials	1.0	2.0	75.0	biphasic	4.0	100.0	1.0	10.0	50.0	15r_16b	15.0	16.0	bipolar		[8428. 1188. 3303.]	[8428. 1288. 3303.]
2644.3705722425284	2.0	trials	1.0	2.0	75.0	biphasic	4.0	100.0	1.0	10.0	50.0	15r_16b	15.0	16.0	bipolar		[8428. 1188. 3303.]	[8428. 1288. 3303.]
2646.3704035066553	2.0	trials	1.0	2.0	75.0	biphasic	4.0	100.0	1.0	10.0	50.0	15r_16b	15.0	16.0	bipolar		[8428. 1188. 3303.]	[8428. 1288. 3303.]
2648.370406758617	2.0	trials	1.0	2.0	75.0	biphasic	4.0	100.0	1.0	10.0	50.0	15r_16b	15.0	16.0	bipolar		[8428. 1188. 3303.]	[8428. 1288. 3303.]
2650.370410010579	2.0	trials	1.0	2.0	75.0	biphasic	4.0	100.0	1.0	10.0	50.0	15r_16b	15.0	16.0	bipolar		[8428. 1188. 3303.]	[8428. 1288. 3303.]
2652.3704132625403	2.0	trials	1.0	2.0	75.0	biphasic	4.0	100.0	1.0	10.0	50.0	15r_16b	15.0	16.0	bipolar		[8428. 1188. 3303.]	[8428. 1288. 3303.]
2654.370416514502	2.0	trials	1.0	2.0	75.0	biphasic	4.0	100.0	1.0	10.0	50.0	15r_16b	15.0	16.0	bipolar		[8428. 1188. 3303.]	[8428. 1288. 3303.]
2656.370419766464	2.0	trials	1.0	2.0	75.0	biphasic	4.0	100.0	1.0	10.0	50.0	15r_16b	15.0	16.0	bipolar		[8428. 1188. 3303.]	[8428. 1288. 3303.]
2658.3704230184253	2.0	trials	1.0	2.0	75.0	biphasic	4.0	100.0	1.0	10.0	50.0	15r_16b	15.0	16.0	bipolar		[8428. 1188. 3303.]	[8428. 1288. 3303.]
2660.370253241945	2.0	trials	1.0	2.0	75.0	biphasic	4.0	100.0	1.0	10.0	50.0	15r_16b	15.0	16.0	bipolar		[8428. 1188. 3303.]	[8428. 1288. 3303.]
2662.370429522349	2.0	trials	1.0	2.0	75.0	biphasic	4.0	100.0	1.0	10.0	50.0	15r_16b	15.0	16.0	bipolar		[8428. 1188. 3303.]	[8428. 1288. 3303.]
2678.4090426381576	2.0	trials	1.0	2.0	75.0	biphasic	5.0	100.0	1.0	10.0	-100.0	15r_16b	15.0	16.0	bipolar		[8428. 1188. 3303.]	[8428. 1288. 3303.]
2680.4090457600405	2.0	trials	1.0	2.0	75.0	biphasic	5.0	100.0	1.0	10.0	-100.0	15r_16b	15.0	16.0	bipolar		[8428. 1188. 3303.]	[8428. 1288. 3303.]
2682.4092233437514	2.0	trials	1.0	2.0	75.0	biphasic	5.0	100.0	1.0	10.0	-100.0	15r_16b	15.0	16.0	bipolar		[8428. 1188. 3303.]	[8428. 1288. 3303.]
2684.4094011876423	2.0	trials	1.0	2.0	75.0	biphasic	5.0	100.0	1.0	10.0	-100.0	15r_16b	15.0	16.0	bipolar		[8428. 1188. 3303.]	[8428. 1288. 3303.]
2686.409229847675	2.0	trials	1.0	2.0	75.0	biphasic	5.0	100.0	1.0	10.0	-100.0	15r_16b	15.0	16.0	bipolar		[8428. 1188. 3303.]	[8428. 1288. 3303.]
2688.409407951723	2.0	trials	1.0	2.0	75.0	biphasic	5.0	100.0	1.0	10.0	-100.0	15r_16b	15.0	16.0	bipolar		[8428. 1188. 3303.]	[8428. 1288. 3303.]
2690.4092363515983	2.0	trials	1.0	2.0	75.0	biphasic	5.0	100.0	1.0	10.0	-100.0	15r_16b	15.0	16.0	bipolar		[8428. 1188. 3303.]	[8428. 1288. 3303.]
2692.4090644913385	2.0	trials	1.0	2.0	75.0	biphasic	5.0	100.0	1.0	10.0	-100.0	15r_16b	15.0	16.0	bipolar		[8428. 1188. 3303.]	[8428. 1288. 3303.]
2694.4092428555214	2.0	trials	1.0	2.0	75.0	biphasic	5.0	100.0	1.0	10.0	-100.0	15r_16b	15.0	16.0	bipolar		[8428. 1188. 3303.]	[8428. 1288. 3303.]
2696.4090707351047	2.0	trials	1.0	2.0	75.0	biphasic	5.0	100.0	1.0	10.0	-100.0	15r_16b	15.0	16.0	bipolar		[8428. 1188. 3303.]	[8428. 1288. 3303.]
2698.409249359445	2.0	trials	1.0	2.0	75.0	biphasic	5.0	100.0	1.0	10.0	-100.0	15r_16b	15.0	16.0	bipolar		[8428. 1188. 3303.]	[8428. 1288. 3303.]
2700.409043678785	2.0	trials	1.0	2.0	75.0	biphasic	5.0	100.0	1.0	10.0	-100.0	15r_16b	15.0	16.0	bipolar		[8428. 1188. 3303.]	[8428. 1288. 3303.]
2702.4092225632808	2.0	trials	1.0	2.0	75.0	biphasic	5.0	100.0	1.0	10.0	-100.0	15r_16b	15.0	16.0	bipolar		[8428. 1188. 3303.]	[8428. 1288. 3303.]
2704.4090499225513	2.0	trials	1.0	2.0	75.0	biphasic	5.0	100.0	1.0	10.0	-100.0	15r_16b	15.0	16.0	bipolar		[8428. 1188. 3303.]	[8428. 1288. 3303.]
2706.4092290672043	2.0	trials	1.0	2.0	75.0	biphasic	5.0	100.0	1.0	10.0	-100.0	15r_16b	15.0	16.0	bipolar		[8428. 1188. 3303.]	[8428. 1288. 3303.]
2708.4090561663174	2.0	trials	1.0	2.0	75.0	biphasic	5.0	100.0	1.0	10.0	-100.0	15r_16b	15.0	16.0	bipolar		[8428. 1188. 3303.]	[8428. 1288. 3303.]
2710.408883005296	2.0	trials	1.0	2.0	75.0	biphasic	5.0	100.0	1.0	10.0	-100.0	15r_16b	15.0	16.0	bipolar		[8428. 1188. 3303.]	[8428. 1288. 3303.]
2712.4092388230893	2.0	trials	1.0	2.0	75.0	biphasic	5.0	100.0	1.0	10.0	-100.0	15r_16b	15.0	16.0	bipolar		[8428. 1188. 3303.]	[8428. 1288. 3303.]
2714.4090655319665	2.0	trials	1.0	2.0	75.0	biphasic	5.0	100.0	1.0	10.0	-100.0	15r_16b	15.0	16.0	bipolar		[8428. 1188. 3303.]	[8428. 1288. 3303.]
2716.4092453270123	2.0	trials	1.0	2.0	75.0	biphasic	5.0	100.0	1.0	10.0	-100.0	15r_16b	15.0	16.0	bipolar		[8428. 1188. 3303.]	[8428. 1288. 3303.]
2718.409071775732	2.0	trials	1.0	2.0	75.0	biphasic	5.0	100.0	1.0	10.0	-100.0	15r_16b	15.0	16.0	bipolar		[8428. 1188. 3303.]	[8428. 1288. 3303.]
2720.409251830936	2.0	trials	1.0	2.0	75.0	biphasic	5.0	100.0	1.0	10.0	-100.0	15r_16b	15.0	16.0	bipolar		[8428. 1188. 3303.]	[8428. 1288. 3303.]
2722.4090780194983	2.0	trials	1.0	2.0	75.0	biphasic	5.0	100.0	1.0	10.0	-100.0	15r_16b	15.0	16.0	bipolar		[8428. 1188. 3303.]	[8428. 1288. 3303.]
2724.4092583348593	2.0	trials	1.0	2.0	75.0	biphasic	5.0	100.0	1.0	10.0	-100.0	15r_16b	15.0	16.0	bipolar		[8428. 1188. 3303.]	[8428. 1288. 3303.]
2726.4090509631787	2.0	trials	1.0	2.0	75.0	biphasic	5.0	100.0	1.0	10.0	-100.0	15r_16b	15.0	16.0	bipolar		[8428. 1188. 3303.]	[8428. 1288. 3303.]
2728.4092315386947	2.0	trials	1.0	2.0	75.0	biphasic	5.0	100.0	1.0	10.0	-100.0	15r_16b	15.0	16.0	bipolar		[8428. 1188. 3303.]	[8428. 1288. 3303.]
2730.409057206945	2.0	trials	1.0	2.0	75.0	biphasic	5.0	100.0	1.0	10.0	-100.0	15r_16b	15.0	16.0	bipolar		[8428. 1188. 3303.]	[8428. 1288. 3303.]
2732.409238042618	2.0	trials	1.0	2.0	75.0	biphasic	5.0	100.0	1.0	10.0	-100.0	15r_16b	15.0	16.0	bipolar		[8428. 1188. 3303.]	[8428. 1288. 3303.]
2734.409063450711	2.0	trials	1.0	2.0	75.0	biphasic	5.0	100.0	1.0	10.0	-100.0	15r_16b	15.0	16.0	bipolar		[8428. 1188. 3303.]	[8428. 1288. 3303.]
2736.409066572594	2.0	trials	1.0	2.0	75.0	biphasic	5.0	100.0	1.0	10.0	-100.0	15r_16b	15.0	16.0	bipolar		[8428. 1188. 3303.]	[8428. 1288. 3303.]
2738.409069694477	2.0	trials	1.0	2.0	75.0	biphasic	5.0	100.0	1.0	10.0	-100.0	15r_16b	15.0	16.0	bipolar		[8428. 1188. 3303.]	[8428. 1288. 3303.]
2740.40907281636	2.0	trials	1.0	2.0	75.0	biphasic	5.0	100.0	1.0	10.0	-100.0	15r_16b	15.0	16.0	bipolar		[8428. 1188. 3303.]	[8428. 1288. 3303.]
2742.409075938243	2.0	trials	1.0	2.0	75.0	biphasic	5.0	100.0	1.0	10.0	-100.0	15r_16b	15.0	16.0	bipolar		[8428. 1188. 3303.]	[8428. 1288. 3303.]
2744.4089005658866	2.0	trials	1.0	2.0	75.0	biphasic	5.0	100.0	1.0	10.0	-100.0	15r_16b	15.0	16.0	bipolar		[8428. 1188. 3303.]	[8428. 1288. 3303.]
2746.409082182009	2.0	trials	1.0	2.0	75.0	biphasic	5.0	100.0	1.0	10.0	-100.0	15r_16b	15.0	16.0	bipolar		[8428. 1188. 3303.]	[8428. 1288. 3303.]
2748.4089065494954	2.0	trials	1.0	2.0	75.0	biphasic	5.0	100.0	1.0	10.0	-100.0	15r_16b	15.0	16.0	bipolar		[8428. 1188. 3303.]	[8428. 1288. 3303.]
2750.4090551256895	2.0	trials	1.0	2.0	75.0	biphasic	5.0	100.0	1.0	10.0	-100.0	15r_16b	15.0	16.0	bipolar		[8428. 1188. 3303.]	[8428. 1288. 3303.]
2752.4092372621476	2.0	trials	1.0	2.0	75.0	biphasic	5.0	100.0	1.0	10.0	-100.0	15r_16b	15.0	16.0	bipolar		[8428. 1188. 3303.]	[8428. 1288. 3303.]
2754.4090613694557	2.0	trials	1.0	2.0	75.0	biphasic	5.0	100.0	1.0	10.0	-100.0	15r_16b	15.0	16.0	bipolar		[8428. 1188. 3303.]	[8428. 1288. 3303.]
2756.4092437660706	2.0	trials	1.0	2.0	75.0	biphasic	5.0	100.0	1.0	10.0	-100.0	15r_16b	15.0	16.0	bipolar		[8428. 1188. 3303.]	[8428. 1288. 3303.]
2758.4090676132214	2.0	trials	1.0	2.0	75.0	biphasic	5.0	100.0	1.0	10.0	-100.0	15r_16b	15.0	16.0	bipolar		[8428. 1188. 3303.]	[8428. 1288. 3303.]
2760.409250269994	2.0	trials	1.0	2.0	75.0	biphasic	5.0	100.0	1.0	10.0	-100.0	15r_16b	15.0	16.0	bipolar		[8428. 1188. 3303.]	[8428. 1288. 3303.]
2762.4090738569876	2.0	trials	1.0	2.0	75.0	biphasic	5.0	100.0	1.0	10.0	-100.0	15r_16b	15.0	16.0	bipolar		[8428. 1188. 3303.]	[8428. 1288. 3303.]
2764.4092567739176	2.0	trials	1.0	2.0	75.0	biphasic	5.0	100.0	1.0	10.0	-100.0	15r_16b	15.0	16.0	bipolar		[8428. 1188. 3303.]	[8428. 1288. 3303.]
2766.4090801007537	2.0	trials	1.0	2.0	75.0	biphasic	5.0	100.0	1.0	10.0	-100.0	15r_16b	15.0	16.0	bipolar		[8428. 1188. 3303.]	[8428. 1288. 3303.]
2768.4092632778406	2.0	trials	1.0	2.0	75.0	biphasic	5.0	100.0	1.0	10.0	-100.0	15r_16b	15.0	16.0	bipolar		[8428. 1188. 3303.]	[8428. 1288. 3303.]
2770.4090863445194	2.0	trials	1.0	2.0	75.0	biphasic	5.0	100.0	1.0	10.0	-100.0	15r_16b	15.0	16.0	bipolar		[8428. 1188. 3303.]	[8428. 1288. 3303.]
2772.4089091510646	2.0	trials	1.0	2.0	75.0	biphasic	5.0	100.0	1.0	10.0	-100.0	15r_16b	15.0	16.0	bipolar		[8428. 1188. 3303.]	[8428. 1288. 3303.]
2774.4090592882003	2.0	trials	1.0	2.0	75.0	biphasic	5.0	100.0	1.0	10.0	-100.0	15r_16b	15.0	16.0	bipolar		[8428. 1188. 3303.]	[8428. 1288. 3303.]
2776.4092429856	2.0	trials	1.0	2.0	75.0	biphasic	5.0	100.0	1.0	10.0	-100.0	15r_16b	15.0	16.0	bipolar		[8428. 1188. 3303.]	[8428. 1288. 3303.]
2778.4090655319665	2.0	trials	1.0	2.0	75.0	biphasic	5.0	100.0	1.0	10.0	-100.0	15r_16b	15.0	16.0	bipolar		[8428. 1188. 3303.]	[8428. 1288. 3303.]
2780.4088878181988	2.0	trials	1.0	2.0	75.0	biphasic	5.0	100.0	1.0	10.0	-100.0	15r_16b	15.0	16.0	bipolar		[8428. 1188. 3303.]	[8428. 1288. 3303.]
2782.409433707261	2.0	trials	1.0	2.0	75.0	biphasic	5.0	100.0	1.0	10.0	-100.0	15r_16b	15.0	16.0	bipolar		[8428. 1188. 3303.]	[8428. 1288. 3303.]
2784.4094370893017	2.0	trials	1.0	2.0	75.0	biphasic	5.0	100.0	1.0	10.0	-100.0	15r_16b	15.0	16.0	bipolar		[8428. 1188. 3303.]	[8428. 1288. 3303.]
2786.409440471342	2.0	trials	1.0	2.0	75.0	biphasic	5.0	100.0	1.0	10.0	-100.0	15r_16b	15.0	16.0	bipolar		[8428. 1188. 3303.]	[8428. 1288. 3303.]
2788.4094438533825	2.0	trials	1.0	2.0	75.0	biphasic	5.0	100.0	1.0	10.0	-100.0	15r_16b	15.0	16.0	bipolar		[8428. 1188. 3303.]	[8428. 1288. 3303.]
2790.4094472354227	2.0	trials	1.0	2.0	75.0	biphasic	5.0	100.0	1.0	10.0	-100.0	15r_16b	15.0	16.0	bipolar		[8428. 1188. 3303.]	[8428. 1288. 3303.]
2792.409450617463	2.0	trials	1.0	2.0	75.0	biphasic	5.0	100.0	1.0	10.0	-100.0	15r_16b	15.0	16.0	bipolar		[8428. 1188. 3303.]	[8428. 1288. 3303.]
2794.4094539995035	2.0	trials	1.0	2.0	75.0	biphasic	5.0	100.0	1.0	10.0	-100.0	15r_16b	15.0	16.0	bipolar		[8428. 1188. 3303.]	[8428. 1288. 3303.]
2796.4094573815437	2.0	trials	1.0	2.0	75.0	biphasic	5.0	100.0	1.0	10.0	-100.0	15r_16b	15.0	16.0	bipolar		[8428. 1188. 3303.]	[8428. 1288. 3303.]
2798.409245457091	2.0	trials	1.0	2.0	75.0	biphasic	5.0	100.0	1.0	10.0	-100.0	15r_16b	15.0	16.0	bipolar		[8428. 1188. 3303.]	[8428. 1288. 3303.]
2800.4094308455346	2.0	trials	1.0	2.0	75.0	biphasic	5.0	100.0	1.0	10.0	-100.0	15r_16b	15.0	16.0	bipolar		[8428. 1188. 3303.]	[8428. 1288. 3303.]
2802.409251961014	2.0	trials	1.0	2.0	75.0	biphasic	5.0	100.0	1.0	10.0	-100.0	15r_16b	15.0	16.0	bipolar		[8428. 1188. 3303.]	[8428. 1288. 3303.]
2804.4094376096155	2.0	trials	1.0	2.0	75.0	biphasic	5.0	100.0	1.0	10.0	-100.0	15r_16b	15.0	16.0	bipolar		[8428. 1188. 3303.]	[8428. 1288. 3303.]
2806.4092584649375	2.0	trials	1.0	2.0	75.0	biphasic	5.0	100.0	1.0	10.0	-100.0	15r_16b	15.0	16.0	bipolar		[8428. 1188. 3303.]	[8428. 1288. 3303.]
2808.409261716899	2.0	trials	1.0	2.0	75.0	biphasic	5.0	100.0	1.0	10.0	-100.0	15r_16b	15.0	16.0	bipolar		[8428. 1188. 3303.]	[8428. 1288. 3303.]
2810.409264968861	2.0	trials	1.0	2.0	75.0	biphasic	5.0	100.0	1.0	10.0	-100.0	15r_16b	15.0	16.0	bipolar		[8428. 1188. 3303.]	[8428. 1288. 3303.]
2812.4092682208225	2.0	trials	1.0	2.0	75.0	biphasic	5.0	100.0	1.0	10.0	-100.0	15r_16b	15.0	16.0	bipolar		[8428. 1188. 3303.]	[8428. 1288. 3303.]
2814.409271472784	2.0	trials	1.0	2.0	75.0	biphasic	5.0	100.0	1.0	10.0	-100.0	15r_16b	15.0	16.0	bipolar		[8428. 1188. 3303.]	[8428. 1288. 3303.]
2816.4090915476577	2.0	trials	1.0	2.0	75.0	biphasic	5.0	100.0	1.0	10.0	-100.0	15r_16b	15.0	16.0	bipolar		[8428. 1188. 3303.]	[8428. 1288. 3303.]
2818.4092779767075	2.0	trials	1.0	2.0	75.0	biphasic	5.0	100.0	1.0	10.0	-100.0	15r_16b	15.0	16.0	bipolar		[8428. 1188. 3303.]	[8428. 1288. 3303.]
2820.409281228669	2.0	trials	1.0	2.0	75.0	biphasic	5.0	100.0	1.0	10.0	-100.0	15r_16b	15.0	16.0	bipolar		[8428. 1188. 3303.]	[8428. 1288. 3303.]
2822.409434747889	2.0	trials	1.0	2.0	75.0	biphasic	5.0	100.0	1.0	10.0	-100.0	15r_16b	15.0	16.0	bipolar		[8428. 1188. 3303.]	[8428. 1288. 3303.]
2824.409254432505	2.0	trials	1.0	2.0	75.0	biphasic	5.0	100.0	1.0	10.0	-100.0	15r_16b	15.0	16.0	bipolar		[8428. 1188. 3303.]	[8428. 1288. 3303.]
2826.40944151197	2.0	trials	1.0	2.0	75.0	biphasic	5.0	100.0	1.0	10.0	-100.0	15r_16b	15.0	16.0	bipolar		[8428. 1188. 3303.]	[8428. 1288. 3303.]
2842.3735676410583	2.0	trials	1.0	2.0	75.0	biphasic	6.0	100.0	1.0	10.0	100.0	15r_16b	15.0	16.0	bipolar		[8428. 1188. 3303.]	[8428. 1288. 3303.]
2844.3737557588174	2.0	trials	1.0	2.0	75.0	biphasic	6.0	100.0	1.0	10.0	100.0	15r_16b	15.0	16.0	bipolar		[8428. 1188. 3303.]	[8428. 1288. 3303.]
2846.3735738848245	2.0	trials	1.0	2.0	75.0	biphasic	6.0	100.0	1.0	10.0	100.0	15r_16b	15.0	16.0	bipolar		[8428. 1188. 3303.]	[8428. 1288. 3303.]
2848.373762262741	2.0	trials	1.0	2.0	75.0	biphasic	6.0	100.0	1.0	10.0	100.0	15r_16b	15.0	16.0	bipolar		[8428. 1188. 3303.]	[8428. 1288. 3303.]
2850.373950900839	2.0	trials	1.0	2.0	75.0	biphasic	6.0	100.0	1.0	10.0	100.0	15r_16b	15.0	16.0	bipolar		[8428. 1188. 3303.]	[8428. 1288. 3303.]
2852.3739542828794	2.0	trials	1.0	2.0	75.0	biphasic	6.0	100.0	1.0	10.0	100.0	15r_16b	15.0	16.0	bipolar		[8428. 1188. 3303.]	[8428. 1288. 3303.]
2854.3739576649195	2.0	trials	1.0	2.0	75.0	biphasic	6.0	100.0	1.0	10.0	100.0	15r_16b	15.0	16.0	bipolar		[8428. 1188. 3303.]	[8428. 1288. 3303.]
2856.37396104696	2.0	trials	1.0	2.0	75.0	biphasic	6.0	100.0	1.0	10.0	100.0	15r_16b	15.0	16.0	bipolar		[8428. 1188. 3303.]	[8428. 1288. 3303.]
2858.3739644290004	2.0	trials	1.0	2.0	75.0	biphasic	6.0	100.0	1.0	10.0	100.0	15r_16b	15.0	16.0	bipolar		[8428. 1188. 3303.]	[8428. 1288. 3303.]
2860.373781774511	2.0	trials	1.0	2.0	75.0	biphasic	6.0	100.0	1.0	10.0	100.0	15r_16b	15.0	16.0	bipolar		[8428. 1188. 3303.]	[8428. 1288. 3303.]
2862.3737850264724	2.0	trials	1.0	2.0	75.0	biphasic	6.0	100.0	1.0	10.0	100.0	15r_16b	15.0	16.0	bipolar		[8428. 1188. 3303.]	[8428. 1288. 3303.]
2864.373754978347	2.0	trials	1.0	2.0	75.0	biphasic	6.0	100.0	1.0	10.0	100.0	15r_16b	15.0	16.0	bipolar		[8428. 1188. 3303.]	[8428. 1288. 3303.]
2866.3737582303083	2.0	trials	1.0	2.0	75.0	biphasic	6.0	100.0	1.0	10.0	100.0	15r_16b	15.0	16.0	bipolar		[8428. 1188. 3303.]	[8428. 1288. 3303.]
2868.3737614822703	2.0	trials	1.0	2.0	75.0	biphasic	6.0	100.0	1.0	10.0	100.0	15r_16b	15.0	16.0	bipolar		[8428. 1188. 3303.]	[8428. 1288. 3303.]
2870.373764734232	2.0	trials	1.0	2.0	75.0	biphasic	6.0	100.0	1.0	10.0	100.0	15r_16b	15.0	16.0	bipolar		[8428. 1188. 3303.]	[8428. 1288. 3303.]
2872.3737679861933	2.0	trials	1.0	2.0	75.0	biphasic	6.0	100.0	1.0	10.0	100.0	15r_16b	15.0	16.0	bipolar		[8428. 1188. 3303.]	[8428. 1288. 3303.]
2874.3737712381553	2.0	trials	1.0	2.0	75.0	biphasic	6.0	100.0	1.0	10.0	100.0	15r_16b	15.0	16.0	bipolar		[8428. 1188. 3303.]	[8428. 1288. 3303.]
2876.373774490117	2.0	trials	1.0	2.0	75.0	biphasic	6.0	100.0	1.0	10.0	100.0	15r_16b	15.0	16.0	bipolar		[8428. 1188. 3303.]	[8428. 1288. 3303.]
2878.3737777420783	2.0	trials	1.0	2.0	75.0	biphasic	6.0	100.0	1.0	10.0	100.0	15r_16b	15.0	16.0	bipolar		[8428. 1188. 3303.]	[8428. 1288. 3303.]
2880.3737809940403	2.0	trials	1.0	2.0	75.0	biphasic	6.0	100.0	1.0	10.0	100.0	15r_16b	15.0	16.0	bipolar		[8428. 1188. 3303.]	[8428. 1288. 3303.]
2882.373784246002	2.0	trials	1.0	2.0	75.0	biphasic	6.0	100.0	1.0	10.0	100.0	15r_16b	15.0	16.0	bipolar		[8428. 1188. 3303.]	[8428. 1288. 3303.]
2884.3737874979633	2.0	trials	1.0	2.0	75.0	biphasic	6.0	100.0	1.0	10.0	100.0	15r_16b	15.0	16.0	bipolar		[8428. 1188. 3303.]	[8428. 1288. 3303.]
2886.373603022399	2.0	trials	1.0	2.0	75.0	biphasic	6.0	100.0	1.0	10.0	100.0	15r_16b	15.0	16.0	bipolar		[8428. 1188. 3303.]	[8428. 1288. 3303.]
2888.3737607017993	2.0	trials	1.0	2.0	75.0	biphasic	6.0	100.0	1.0	10.0	100.0	15r_16b	15.0	16.0	bipolar		[8428. 1188. 3303.]	[8428. 1288. 3303.]
2890.373763953761	2.0	trials	1.0	2.0	75.0	biphasic	6.0	100.0	1.0	10.0	100.0	15r_16b	15.0	16.0	bipolar		[8428. 1188. 3303.]	[8428. 1288. 3303.]
2892.3739553235073	2.0	trials	1.0	2.0	75.0	biphasic	6.0	100.0	1.0	10.0	100.0	15r_16b	15.0	16.0	bipolar		[8428. 1188. 3303.]	[8428. 1288. 3303.]
2894.3737704576843	2.0	trials	1.0	2.0	75.0	biphasic	6.0	100.0	1.0	10.0	100.0	15r_16b	15.0	16.0	bipolar		[8428. 1188. 3303.]	[8428. 1288. 3303.]
2896.3739620875876	2.0	trials	1.0	2.0	75.0	biphasic	6.0	100.0	1.0	10.0	100.0	15r_16b	15.0	16.0	bipolar		[8428. 1188. 3303.]	[8428. 1288. 3303.]
2898.3737769616077	2.0	trials	1.0	2.0	75.0	biphasic	6.0	100.0	1.0	10.0	100.0	15r_16b	15.0	16.0	bipolar		[8428. 1188. 3303.]	[8428. 1288. 3303.]
2900.3739688516685	2.0	trials	1.0	2.0	75.0	biphasic	6.0	100.0	1.0	10.0	100.0	15r_16b	15.0	16.0	bipolar		[8428. 1188. 3303.]	[8428. 1288. 3303.]
2902.373783465531	2.0	trials	1.0	2.0	75.0	biphasic	6.0	100.0	1.0	10.0	100.0	15r_16b	15.0	16.0	bipolar		[8428. 1188. 3303.]	[8428. 1288. 3303.]
2904.373597819261	2.0	trials	1.0	2.0	75.0	biphasic	6.0	100.0	1.0	10.0	100.0	15r_16b	15.0	16.0	bipolar		[8428. 1188. 3303.]	[8428. 1288. 3303.]
2906.3737899694543	2.0	trials	1.0	2.0	75.0	biphasic	6.0	100.0	1.0	10.0	100.0	15r_16b	15.0	16.0	bipolar		[8428. 1188. 3303.]	[8428. 1288. 3303.]
2908.3736040630265	2.0	trials	1.0	2.0	75.0	biphasic	6.0	100.0	1.0	10.0	100.0	15r_16b	15.0	16.0	bipolar		[8428. 1188. 3303.]	[8428. 1288. 3303.]
2910.3737964733778	2.0	trials	1.0	2.0	75.0	biphasic	6.0	100.0	1.0	10.0	100.0	15r_16b	15.0	16.0	bipolar		[8428. 1188. 3303.]	[8428. 1288. 3303.]
2912.3736103067927	2.0	trials	1.0	2.0	75.0	biphasic	6.0	100.0	1.0	10.0	100.0	15r_16b	15.0	16.0	bipolar		[8428. 1188. 3303.]	[8428. 1288. 3303.]
2914.3737696772137	2.0	trials	1.0	2.0	75.0	biphasic	6.0	100.0	1.0	10.0	100.0	15r_16b	15.0	16.0	bipolar		[8428. 1188. 3303.]	[8428. 1288. 3303.]
2916.3735832504735	2.0	trials	1.0	2.0	75.0	biphasic	6.0	100.0	1.0	10.0	100.0	15r_16b	15.0	16.0	bipolar		[8428. 1188. 3303.]	[8428. 1288. 3303.]
2918.3737761811367	2.0	trials	1.0	2.0	75.0	biphasic	6.0	100.0	1.0	10.0	100.0	15r_16b	15.0	16.0	bipolar		[8428. 1188. 3303.]	[8428. 1288. 3303.]
2920.3737794330987	2.0	trials	1.0	2.0	75.0	biphasic	6.0	100.0	1.0	10.0	100.0	15r_16b	15.0	16.0	bipolar		[8428. 1188. 3303.]	[8428. 1288. 3303.]
2922.373972754023	2.0	trials	1.0	2.0	75.0	biphasic	6.0	100.0	1.0	10.0	100.0	15r_16b	15.0	16.0	bipolar		[8428. 1188. 3303.]	[8428. 1288. 3303.]
2924.3737859370217	2.0	trials	1.0	2.0	75.0	biphasic	6.0	100.0	1.0	10.0	100.0	15r_16b	15.0	16.0	bipolar		[8428. 1188. 3303.]	[8428. 1288. 3303.]
2926.3739795181036	2.0	trials	1.0	2.0	75.0	biphasic	6.0	100.0	1.0	10.0	100.0	15r_16b	15.0	16.0	bipolar		[8428. 1188. 3303.]	[8428. 1288. 3303.]
2928.373792440945	2.0	trials	1.0	2.0	75.0	biphasic	6.0	100.0	1.0	10.0	100.0	15r_16b	15.0	16.0	bipolar		[8428. 1188. 3303.]	[8428. 1288. 3303.]
2930.3737956929067	2.0	trials	1.0	2.0	75.0	biphasic	6.0	100.0	1.0	10.0	100.0	15r_16b	15.0	16.0	bipolar		[8428. 1188. 3303.]	[8428. 1288. 3303.]
2932.3737989448687	2.0	trials	1.0	2.0	75.0	biphasic	6.0	100.0	1.0	10.0	100.0	15r_16b	15.0	16.0	bipolar		[8428. 1188. 3303.]	[8428. 1288. 3303.]
2934.37380219683	2.0	trials	1.0	2.0	75.0	biphasic	6.0	100.0	1.0	10.0	100.0	15r_16b	15.0	16.0	bipolar		[8428. 1188. 3303.]	[8428. 1288. 3303.]
2936.3738054487917	2.0	trials	1.0	2.0	75.0	biphasic	6.0	100.0	1.0	10.0	100.0	15r_16b	15.0	16.0	bipolar		[8428. 1188. 3303.]	[8428. 1288. 3303.]
2938.373775400666	2.0	trials	1.0	2.0	75.0	biphasic	6.0	100.0	1.0	10.0	100.0	15r_16b	15.0	16.0	bipolar		[8428. 1188. 3303.]	[8428. 1288. 3303.]
2940.3737786526276	2.0	trials	1.0	2.0	75.0	biphasic	6.0	100.0	1.0	10.0	100.0	15r_16b	15.0	16.0	bipolar		[8428. 1188. 3303.]	[8428. 1288. 3303.]
2942.3737819045896	2.0	trials	1.0	2.0	75.0	biphasic	6.0	100.0	1.0	10.0	100.0	15r_16b	15.0	16.0	bipolar		[8428. 1188. 3303.]	[8428. 1288. 3303.]
2944.373785156551	2.0	trials	1.0	2.0	75.0	biphasic	6.0	100.0	1.0	10.0	100.0	15r_16b	15.0	16.0	bipolar		[8428. 1188. 3303.]	[8428. 1288. 3303.]
2946.3737884085126	2.0	trials	1.0	2.0	75.0	biphasic	6.0	100.0	1.0	10.0	100.0	15r_16b	15.0	16.0	bipolar		[8428. 1188. 3303.]	[8428. 1288. 3303.]
2948.373599900516	2.0	trials	1.0	2.0	75.0	biphasic	6.0	100.0	1.0	10.0	100.0	15r_16b	15.0	16.0	bipolar		[8428. 1188. 3303.]	[8428. 1288. 3303.]
2950.373794912436	2.0	trials	1.0	2.0	75.0	biphasic	6.0	100.0	1.0	10.0	100.0	15r_16b	15.0	16.0	bipolar		[8428. 1188. 3303.]	[8428. 1288. 3303.]
2952.373606144282	2.0	trials	1.0	2.0	75.0	biphasic	6.0	100.0	1.0	10.0	100.0	15r_16b	15.0	16.0	bipolar		[8428. 1188. 3303.]	[8428. 1288. 3303.]
2954.373609266165	2.0	trials	1.0	2.0	75.0	biphasic	6.0	100.0	1.0	10.0	100.0	15r_16b	15.0	16.0	bipolar		[8428. 1188. 3303.]	[8428. 1288. 3303.]
2956.373612388048	2.0	trials	1.0	2.0	75.0	biphasic	6.0	100.0	1.0	10.0	100.0	15r_16b	15.0	16.0	bipolar		[8428. 1188. 3303.]	[8428. 1288. 3303.]
2958.3740003306593	2.0	trials	1.0	2.0	75.0	biphasic	6.0	100.0	1.0	10.0	100.0	15r_16b	15.0	16.0	bipolar		[8428. 1188. 3303.]	[8428. 1288. 3303.]
2960.3738111722446	2.0	trials	1.0	2.0	75.0	biphasic	6.0	100.0	1.0	10.0	100.0	15r_16b	15.0	16.0	bipolar		[8428. 1188. 3303.]	[8428. 1288. 3303.]
2962.3739737946507	2.0	trials	1.0	2.0	75.0	biphasic	6.0	100.0	1.0	10.0	100.0	15r_16b	15.0	16.0	bipolar		[8428. 1188. 3303.]	[8428. 1288. 3303.]
2964.37378437608	2.0	trials	1.0	2.0	75.0	biphasic	6.0	100.0	1.0	10.0	100.0	15r_16b	15.0	16.0	bipolar		[8428. 1188. 3303.]	[8428. 1288. 3303.]
2966.3735946973775	2.0	trials	1.0	2.0	75.0	biphasic	6.0	100.0	1.0	10.0	100.0	15r_16b	15.0	16.0	bipolar		[8428. 1188. 3303.]	[8428. 1288. 3303.]
2968.3737908800035	2.0	trials	1.0	2.0	75.0	biphasic	6.0	100.0	1.0	10.0	100.0	15r_16b	15.0	16.0	bipolar		[8428. 1188. 3303.]	[8428. 1288. 3303.]
2970.373987322812	2.0	trials	1.0	2.0	75.0	biphasic	6.0	100.0	1.0	10.0	100.0	15r_16b	15.0	16.0	bipolar		[8428. 1188. 3303.]	[8428. 1288. 3303.]
2972.373797383927	2.0	trials	1.0	2.0	75.0	biphasic	6.0	100.0	1.0	10.0	100.0	15r_16b	15.0	16.0	bipolar		[8428. 1188. 3303.]	[8428. 1288. 3303.]
2974.37360718491	2.0	trials	1.0	2.0	75.0	biphasic	6.0	100.0	1.0	10.0	100.0	15r_16b	15.0	16.0	bipolar		[8428. 1188. 3303.]	[8428. 1288. 3303.]
2976.37380388785	2.0	trials	1.0	2.0	75.0	biphasic	6.0	100.0	1.0	10.0	100.0	15r_16b	15.0	16.0	bipolar		[8428. 1188. 3303.]	[8428. 1288. 3303.]
2978.3736134286755	2.0	trials	1.0	2.0	75.0	biphasic	6.0	100.0	1.0	10.0	100.0	15r_16b	15.0	16.0	bipolar		[8428. 1188. 3303.]	[8428. 1288. 3303.]
2980.3738103917735	2.0	trials	1.0	2.0	75.0	biphasic	6.0	100.0	1.0	10.0	100.0	15r_16b	15.0	16.0	bipolar		[8428. 1188. 3303.]	[8428. 1288. 3303.]
2982.3736196724417	2.0	trials	1.0	2.0	75.0	biphasic	6.0	100.0	1.0	10.0	100.0	15r_16b	15.0	16.0	bipolar		[8428. 1188. 3303.]	[8428. 1288. 3303.]
2984.373816895697	2.0	trials	1.0	2.0	75.0	biphasic	6.0	100.0	1.0	10.0	100.0	15r_16b	15.0	16.0	bipolar		[8428. 1188. 3303.]	[8428. 1288. 3303.]
2986.3735926161226	2.0	trials	1.0	2.0	75.0	biphasic	6.0	100.0	1.0	10.0	100.0	15r_16b	15.0	16.0	bipolar		[8428. 1188. 3303.]	[8428. 1288. 3303.]
2988.3739844610855	2.0	trials	1.0	2.0	75.0	biphasic	6.0	100.0	1.0	10.0	100.0	15r_16b	15.0	16.0	bipolar		[8428. 1188. 3303.]	[8428. 1288. 3303.]
2990.3737933514944	2.0	trials	1.0	2.0	75.0	biphasic	6.0	100.0	1.0	10.0	100.0	15r_16b	15.0	16.0	bipolar		[8428. 1188. 3303.]	[8428. 1288. 3303.]
3156.381816696559	2.0	trials	1.0	2.0	75.0	biphasic	7.0	100.0	1.0	10.0	-5.0	15r_16b	15.0	16.0	bipolar		[8428. 1188. 3303.]	[8428. 1288. 3303.]
3158.3818198184417	2.0	trials	1.0	2.0	75.0	biphasic	7.0	100.0	1.0	10.0	-5.0	15r_16b	15.0	16.0	bipolar		[8428. 1188. 3303.]	[8428. 1288. 3303.]
3160.3816173915407	2.0	trials	1.0	2.0	75.0	biphasic	7.0	100.0	1.0	10.0	-5.0	15r_16b	15.0	16.0	bipolar		[8428. 1188. 3303.]	[8428. 1288. 3303.]
3162.381826062208	2.0	trials	1.0	2.0	75.0	biphasic	7.0	100.0	1.0	10.0	-5.0	15r_16b	15.0	16.0	bipolar		[8428. 1188. 3303.]	[8428. 1288. 3303.]
3164.382446611075	2.0	trials	1.0	2.0	75.0	biphasic	7.0	100.0	1.0	10.0	-5.0	15r_16b	15.0	16.0	bipolar		[8428. 1188. 3303.]	[8428. 1288. 3303.]
3166.382244184094	2.0	trials	1.0	2.0	75.0	biphasic	7.0	100.0	1.0	10.0	-5.0	15r_16b	15.0	16.0	bipolar		[8428. 1188. 3303.]	[8428. 1288. 3303.]
3168.382041496982	2.0	trials	1.0	2.0	75.0	biphasic	7.0	100.0	1.0	10.0	-5.0	15r_16b	15.0	16.0	bipolar		[8428. 1188. 3303.]	[8428. 1288. 3303.]
3170.3822509481747	2.0	trials	1.0	2.0	75.0	biphasic	7.0	100.0	1.0	10.0	-5.0	15r_16b	15.0	16.0	bipolar		[8428. 1188. 3303.]	[8428. 1288. 3303.]
3172.3820147008178	2.0	trials	1.0	2.0	75.0	biphasic	7.0	100.0	1.0	10.0	-5.0	15r_16b	15.0	16.0	bipolar		[8428. 1188. 3303.]	[8428. 1288. 3303.]
3174.3822244121657	2.0	trials	1.0	2.0	75.0	biphasic	7.0	100.0	1.0	10.0	-5.0	15r_16b	15.0	16.0	bipolar		[8428. 1188. 3303.]	[8428. 1288. 3303.]
3176.3820212047412	2.0	trials	1.0	2.0	75.0	biphasic	7.0	100.0	1.0	10.0	-5.0	15r_16b	15.0	16.0	bipolar		[8428. 1188. 3303.]	[8428. 1288. 3303.]
3178.3822311762465	2.0	trials	1.0	2.0	75.0	biphasic	7.0	100.0	1.0	10.0	-5.0	15r_16b	15.0	16.0	bipolar		[8428. 1188. 3303.]	[8428. 1288. 3303.]
3180.3820277086647	2.0	trials	1.0	2.0	75.0	biphasic	7.0	100.0	1.0	10.0	-5.0	15r_16b	15.0	16.0	bipolar		[8428. 1188. 3303.]	[8428. 1288. 3303.]
3182.382237940327	2.0	trials	1.0	2.0	75.0	biphasic	7.0	100.0	1.0	10.0	-5.0	15r_16b	15.0	16.0	bipolar		[8428. 1188. 3303.]	[8428. 1288. 3303.]
3184.3820342125878	2.0	trials	1.0	2.0	75.0	biphasic	7.0	100.0	1.0	10.0	-5.0	15r_16b	15.0	16.0	bipolar		[8428. 1188. 3303.]	[8428. 1288. 3303.]
3186.381830224718	2.0	trials	1.0	2.0	75.0	biphasic	7.0	100.0	1.0	10.0	-5.0	15r_16b	15.0	16.0	bipolar		[8428. 1188. 3303.]	[8428. 1288. 3303.]
3188.3820407165113	2.0	trials	1.0	2.0	75.0	biphasic	7.0	100.0	1.0	10.0	-5.0	15r_16b	15.0	16.0	bipolar		[8428. 1188. 3303.]	[8428. 1288. 3303.]
3190.3818364684844	2.0	trials	1.0	2.0	75.0	biphasic	7.0	100.0	1.0	10.0	-5.0	15r_16b	15.0	16.0	bipolar		[8428. 1188. 3303.]	[8428. 1288. 3303.]
3192.3820472204347	2.0	trials	1.0	2.0	75.0	biphasic	7.0	100.0	1.0	10.0	-5.0	15r_16b	15.0	16.0	bipolar		[8428. 1188. 3303.]	[8428. 1288. 3303.]
3194.3822582325693	2.0	trials	1.0	2.0	75.0	biphasic	7.0	100.0	1.0	10.0	-5.0	15r_16b	15.0	16.0	bipolar		[8428. 1188. 3303.]	[8428. 1288. 3303.]
3196.38222831452	2.0	trials	1.0	2.0	75.0	biphasic	7.0	100.0	1.0	10.0	-5.0	15r_16b	15.0	16.0	bipolar		[8428. 1188. 3303.]	[8428. 1288. 3303.]
3198.382023676232	2.0	trials	1.0	2.0	75.0	biphasic	7.0	100.0	1.0	10.0	-5.0	15r_16b	15.0	16.0	bipolar		[8428. 1188. 3303.]	[8428. 1288. 3303.]
3200.3822350786004	2.0	trials	1.0	2.0	75.0	biphasic	7.0	100.0	1.0	10.0	-5.0	15r_16b	15.0	16.0	bipolar		[8428. 1188. 3303.]	[8428. 1288. 3303.]
3202.382030180155	2.0	trials	1.0	2.0	75.0	biphasic	7.0	100.0	1.0	10.0	-5.0	15r_16b	15.0	16.0	bipolar		[8428. 1188. 3303.]	[8428. 1288. 3303.]
3204.382033432117	2.0	trials	1.0	2.0	75.0	biphasic	7.0	100.0	1.0	10.0	-5.0	15r_16b	15.0	16.0	bipolar		[8428. 1188. 3303.]	[8428. 1288. 3303.]
3206.3820366840787	2.0	trials	1.0	2.0	75.0	biphasic	7.0	100.0	1.0	10.0	-5.0	15r_16b	15.0	16.0	bipolar		[8428. 1188. 3303.]	[8428. 1288. 3303.]
3208.382248606762	2.0	trials	1.0	2.0	75.0	biphasic	7.0	100.0	1.0	10.0	-5.0	15r_16b	15.0	16.0	bipolar		[8428. 1188. 3303.]	[8428. 1288. 3303.]
3210.382043188002	2.0	trials	1.0	2.0	75.0	biphasic	7.0	100.0	1.0	10.0	-5.0	15r_16b	15.0	16.0	bipolar		[8428. 1188. 3303.]	[8428. 1288. 3303.]
3212.3820464399637	2.0	trials	1.0	2.0	75.0	biphasic	7.0	100.0	1.0	10.0	-5.0	15r_16b	15.0	16.0	bipolar		[8428. 1188. 3303.]	[8428. 1288. 3303.]
3214.382049691925	2.0	trials	1.0	2.0	75.0	biphasic	7.0	100.0	1.0	10.0	-5.0	15r_16b	15.0	16.0	bipolar		[8428. 1188. 3303.]	[8428. 1288. 3303.]
3216.382052943887	2.0	trials	1.0	2.0	75.0	biphasic	7.0	100.0	1.0	10.0	-5.0	15r_16b	15.0	16.0	bipolar		[8428. 1188. 3303.]	[8428. 1288. 3303.]
3218.3820561958487	2.0	trials	1.0	2.0	75.0	biphasic	7.0	100.0	1.0	10.0	-5.0	15r_16b	15.0	16.0	bipolar		[8428. 1188. 3303.]	[8428. 1288. 3303.]
3220.382026147723	2.0	trials	1.0	2.0	75.0	biphasic	7.0	100.0	1.0	10.0	-5.0	15r_16b	15.0	16.0	bipolar		[8428. 1188. 3303.]	[8428. 1288. 3303.]
3222.3820293996846	2.0	trials	1.0	2.0	75.0	biphasic	7.0	100.0	1.0	10.0	-5.0	15r_16b	15.0	16.0	bipolar		[8428. 1188. 3303.]	[8428. 1288. 3303.]
3224.382032651646	2.0	trials	1.0	2.0	75.0	biphasic	7.0	100.0	1.0	10.0	-5.0	15r_16b	15.0	16.0	bipolar		[8428. 1188. 3303.]	[8428. 1288. 3303.]
3226.382035903608	2.0	trials	1.0	2.0	75.0	biphasic	7.0	100.0	1.0	10.0	-5.0	15r_16b	15.0	16.0	bipolar		[8428. 1188. 3303.]	[8428. 1288. 3303.]
3228.3820391555696	2.0	trials	1.0	2.0	75.0	biphasic	7.0	100.0	1.0	10.0	-5.0	15r_16b	15.0	16.0	bipolar		[8428. 1188. 3303.]	[8428. 1288. 3303.]
3230.3818323059736	2.0	trials	1.0	2.0	75.0	biphasic	7.0	100.0	1.0	10.0	-5.0	15r_16b	15.0	16.0	bipolar		[8428. 1188. 3303.]	[8428. 1288. 3303.]
3232.382045659493	2.0	trials	1.0	2.0	75.0	biphasic	7.0	100.0	1.0	10.0	-5.0	15r_16b	15.0	16.0	bipolar		[8428. 1188. 3303.]	[8428. 1288. 3303.]
3234.3820489114546	2.0	trials	1.0	2.0	75.0	biphasic	7.0	100.0	1.0	10.0	-5.0	15r_16b	15.0	16.0	bipolar		[8428. 1188. 3303.]	[8428. 1288. 3303.]
3236.3822626552374	2.0	trials	1.0	2.0	75.0	biphasic	7.0	100.0	1.0	10.0	-5.0	15r_16b	15.0	16.0	bipolar		[8428. 1188. 3303.]	[8428. 1288. 3303.]
3238.382055415378	2.0	trials	1.0	2.0	75.0	biphasic	7.0	100.0	1.0	10.0	-5.0	15r_16b	15.0	16.0	bipolar		[8428. 1188. 3303.]	[8428. 1288. 3303.]
3240.382269419318	2.0	trials	1.0	2.0	75.0	biphasic	7.0	100.0	1.0	10.0	-5.0	15r_16b	15.0	16.0	bipolar		[8428. 1188. 3303.]	[8428. 1288. 3303.]
3242.382061919301	2.0	trials	1.0	2.0	75.0	biphasic	7.0	100.0	1.0	10.0	-5.0	15r_16b	15.0	16.0	bipolar		[8428. 1188. 3303.]	[8428. 1288. 3303.]
3244.3822761833985	2.0	trials	1.0	2.0	75.0	biphasic	7.0	100.0	1.0	10.0	-5.0	15r_16b	15.0	16.0	bipolar		[8428. 1188. 3303.]	[8428. 1288. 3303.]
3246.382035123137	2.0	trials	1.0	2.0	75.0	biphasic	7.0	100.0	1.0	10.0	-5.0	15r_16b	15.0	16.0	bipolar		[8428. 1188. 3303.]	[8428. 1288. 3303.]
3248.3818271028354	2.0	trials	1.0	2.0	75.0	biphasic	7.0	100.0	1.0	10.0	-5.0	15r_16b	15.0	16.0	bipolar		[8428. 1188. 3303.]	[8428. 1288. 3303.]
3250.3820416270605	2.0	trials	1.0	2.0	75.0	biphasic	7.0	100.0	1.0	10.0	-5.0	15r_16b	15.0	16.0	bipolar		[8428. 1188. 3303.]	[8428. 1288. 3303.]
3252.3818333466015	2.0	trials	1.0	2.0	75.0	biphasic	7.0	100.0	1.0	10.0	-5.0	15r_16b	15.0	16.0	bipolar		[8428. 1188. 3303.]	[8428. 1288. 3303.]
3254.382048130984	2.0	trials	1.0	2.0	75.0	biphasic	7.0	100.0	1.0	10.0	-5.0	15r_16b	15.0	16.0	bipolar		[8428. 1188. 3303.]	[8428. 1288. 3303.]
3256.3818395903672	2.0	trials	1.0	2.0	75.0	biphasic	7.0	100.0	1.0	10.0	-5.0	15r_16b	15.0	16.0	bipolar		[8428. 1188. 3303.]	[8428. 1288. 3303.]
3258.382054634907	2.0	trials	1.0	2.0	75.0	biphasic	7.0	100.0	1.0	10.0	-5.0	15r_16b	15.0	16.0	bipolar		[8428. 1188. 3303.]	[8428. 1288. 3303.]
3260.3818458341334	2.0	trials	1.0	2.0	75.0	biphasic	7.0	100.0	1.0	10.0	-5.0	15r_16b	15.0	16.0	bipolar		[8428. 1188. 3303.]	[8428. 1288. 3303.]
3262.3820611388305	2.0	trials	1.0	2.0	75.0	biphasic	7.0	100.0	1.0	10.0	-5.0	15r_16b	15.0	16.0	bipolar		[8428. 1188. 3303.]	[8428. 1288. 3303.]
3264.382064390792	2.0	trials	1.0	2.0	75.0	biphasic	7.0	100.0	1.0	10.0	-5.0	15r_16b	15.0	16.0	bipolar		[8428. 1188. 3303.]	[8428. 1288. 3303.]
3266.382280085753	2.0	trials	1.0	2.0	75.0	biphasic	7.0	100.0	1.0	10.0	-5.0	15r_16b	15.0	16.0	bipolar		[8428. 1188. 3303.]	[8428. 1288. 3303.]
3268.3820708947155	2.0	trials	1.0	2.0	75.0	biphasic	7.0	100.0	1.0	10.0	-5.0	15r_16b	15.0	16.0	bipolar		[8428. 1188. 3303.]	[8428. 1288. 3303.]
3270.382253549744	2.0	trials	1.0	2.0	75.0	biphasic	7.0	100.0	1.0	10.0	-5.0	15r_16b	15.0	16.0	bipolar		[8428. 1188. 3303.]	[8428. 1288. 3303.]
3272.3820440985514	2.0	trials	1.0	2.0	75.0	biphasic	7.0	100.0	1.0	10.0	-5.0	15r_16b	15.0	16.0	bipolar		[8428. 1188. 3303.]	[8428. 1288. 3303.]
3274.382047350513	2.0	trials	1.0	2.0	75.0	biphasic	7.0	100.0	1.0	10.0	-5.0	15r_16b	15.0	16.0	bipolar		[8428. 1188. 3303.]	[8428. 1288. 3303.]
3276.3820506024745	2.0	trials	1.0	2.0	75.0	biphasic	7.0	100.0	1.0	10.0	-5.0	15r_16b	15.0	16.0	bipolar		[8428. 1188. 3303.]	[8428. 1288. 3303.]
3278.3820538544364	2.0	trials	1.0	2.0	75.0	biphasic	7.0	100.0	1.0	10.0	-5.0	15r_16b	15.0	16.0	bipolar		[8428. 1188. 3303.]	[8428. 1288. 3303.]
3280.382057106398	2.0	trials	1.0	2.0	75.0	biphasic	7.0	100.0	1.0	10.0	-5.0	15r_16b	15.0	16.0	bipolar		[8428. 1188. 3303.]	[8428. 1288. 3303.]
3282.3820603583595	2.0	trials	1.0	2.0	75.0	biphasic	7.0	100.0	1.0	10.0	-5.0	15r_16b	15.0	16.0	bipolar		[8428. 1188. 3303.]	[8428. 1288. 3303.]
3284.3820636103214	2.0	trials	1.0	2.0	75.0	biphasic	7.0	100.0	1.0	10.0	-5.0	15r_16b	15.0	16.0	bipolar		[8428. 1188. 3303.]	[8428. 1288. 3303.]
3286.382066862283	2.0	trials	1.0	2.0	75.0	biphasic	7.0	100.0	1.0	10.0	-5.0	15r_16b	15.0	16.0	bipolar		[8428. 1188. 3303.]	[8428. 1288. 3303.]
3288.3820701142445	2.0	trials	1.0	2.0	75.0	biphasic	7.0	100.0	1.0	10.0	-5.0	15r_16b	15.0	16.0	bipolar		[8428. 1188. 3303.]	[8428. 1288. 3303.]
3290.3820733662064	2.0	trials	1.0	2.0	75.0	biphasic	7.0	100.0	1.0	10.0	-5.0	15r_16b	15.0	16.0	bipolar		[8428. 1188. 3303.]	[8428. 1288. 3303.]
3292.381862484176	2.0	trials	1.0	2.0	75.0	biphasic	7.0	100.0	1.0	10.0	-5.0	15r_16b	15.0	16.0	bipolar		[8428. 1188. 3303.]	[8428. 1288. 3303.]
3294.3820465700423	2.0	trials	1.0	2.0	75.0	biphasic	7.0	100.0	1.0	10.0	-5.0	15r_16b	15.0	16.0	bipolar		[8428. 1188. 3303.]	[8428. 1288. 3303.]
3296.3818354278565	2.0	trials	1.0	2.0	75.0	biphasic	7.0	100.0	1.0	10.0	-5.0	15r_16b	15.0	16.0	bipolar		[8428. 1188. 3303.]	[8428. 1288. 3303.]
3298.3818385497398	2.0	trials	1.0	2.0	75.0	biphasic	7.0	100.0	1.0	10.0	-5.0	15r_16b	15.0	16.0	bipolar		[8428. 1188. 3303.]	[8428. 1288. 3303.]
3300.3818416716226	2.0	trials	1.0	2.0	75.0	biphasic	7.0	100.0	1.0	10.0	-5.0	15r_16b	15.0	16.0	bipolar		[8428. 1188. 3303.]	[8428. 1288. 3303.]
3302.3822743623	2.0	trials	1.0	2.0	75.0	biphasic	7.0	100.0	1.0	10.0	-5.0	15r_16b	15.0	16.0	bipolar		[8428. 1188. 3303.]	[8428. 1288. 3303.]
3304.3820628298504	2.0	trials	1.0	2.0	75.0	biphasic	7.0	100.0	1.0	10.0	-5.0	15r_16b	15.0	16.0	bipolar		[8428. 1188. 3303.]	[8428. 1288. 3303.]
3571.0639483302316	2.0	trials	1.0	2.0	75.0	biphasic	8.0	100.0	1.0	10.0	-25.0	15r_16b	15.0	16.0	bipolar		[8428. 1188. 3303.]	[8428. 1288. 3303.]
3573.0637191928686	2.0	trials	1.0	2.0	75.0	biphasic	8.0	100.0	1.0	10.0	-25.0	15r_16b	15.0	16.0	bipolar		[8428. 1188. 3303.]	[8428. 1288. 3303.]
3575.0639548341546	2.0	trials	1.0	2.0	75.0	biphasic	8.0	100.0	1.0	10.0	-25.0	15r_16b	15.0	16.0	bipolar		[8428. 1188. 3303.]	[8428. 1288. 3303.]
3577.0639580861166	2.0	trials	1.0	2.0	75.0	biphasic	8.0	100.0	1.0	10.0	-25.0	15r_16b	15.0	16.0	bipolar		[8428. 1188. 3303.]	[8428. 1288. 3303.]
3579.063961338078	2.0	trials	1.0	2.0	75.0	biphasic	8.0	100.0	1.0	10.0	-25.0	15r_16b	15.0	16.0	bipolar		[8428. 1188. 3303.]	[8428. 1288. 3303.]
3581.0639645900396	2.0	trials	1.0	2.0	75.0	biphasic	8.0	100.0	1.0	10.0	-25.0	15r_16b	15.0	16.0	bipolar		[8428. 1188. 3303.]	[8428. 1288. 3303.]
3583.063934541914	2.0	trials	1.0	2.0	75.0	biphasic	8.0	100.0	1.0	10.0	-25.0	15r_16b	15.0	16.0	bipolar		[8428. 1188. 3303.]	[8428. 1288. 3303.]
3585.0639377938755	2.0	trials	1.0	2.0	75.0	biphasic	8.0	100.0	1.0	10.0	-25.0	15r_16b	15.0	16.0	bipolar		[8428. 1188. 3303.]	[8428. 1288. 3303.]
3587.0639410458375	2.0	trials	1.0	2.0	75.0	biphasic	8.0	100.0	1.0	10.0	-25.0	15r_16b	15.0	16.0	bipolar		[8428. 1188. 3303.]	[8428. 1288. 3303.]
3589.063944297799	2.0	trials	1.0	2.0	75.0	biphasic	8.0	100.0	1.0	10.0	-25.0	15r_16b	15.0	16.0	bipolar		[8428. 1188. 3303.]	[8428. 1288. 3303.]
3591.0639475497605	2.0	trials	1.0	2.0	75.0	biphasic	8.0	100.0	1.0	10.0	-25.0	15r_16b	15.0	16.0	bipolar		[8428. 1188. 3303.]	[8428. 1288. 3303.]
3593.0639508017225	2.0	trials	1.0	2.0	75.0	biphasic	8.0	100.0	1.0	10.0	-25.0	15r_16b	15.0	16.0	bipolar		[8428. 1188. 3303.]	[8428. 1288. 3303.]
3595.063954053684	2.0	trials	1.0	2.0	75.0	biphasic	8.0	100.0	1.0	10.0	-25.0	15r_16b	15.0	16.0	bipolar		[8428. 1188. 3303.]	[8428. 1288. 3303.]
3597.0639573056455	2.0	trials	1.0	2.0	75.0	biphasic	8.0	100.0	1.0	10.0	-25.0	15r_16b	15.0	16.0	bipolar		[8428. 1188. 3303.]	[8428. 1288. 3303.]
3599.0639605576075	2.0	trials	1.0	2.0	75.0	biphasic	8.0	100.0	1.0	10.0	-25.0	15r_16b	15.0	16.0	bipolar		[8428. 1188. 3303.]	[8428. 1288. 3303.]
3601.063963809569	2.0	trials	1.0	2.0	75.0	biphasic	8.0	100.0	1.0	10.0	-25.0	15r_16b	15.0	16.0	bipolar		[8428. 1188. 3303.]	[8428. 1288. 3303.]
3603.0639670615305	2.0	trials	1.0	2.0	75.0	biphasic	8.0	100.0	1.0	10.0	-25.0	15r_16b	15.0	16.0	bipolar		[8428. 1188. 3303.]	[8428. 1288. 3303.]
3605.0637358429112	2.0	trials	1.0	2.0	75.0	biphasic	8.0	100.0	1.0	10.0	-25.0	15r_16b	15.0	16.0	bipolar		[8428. 1188. 3303.]	[8428. 1288. 3303.]
3607.063973565454	2.0	trials	1.0	2.0	75.0	biphasic	8.0	100.0	1.0	10.0	-25.0	15r_16b	15.0	16.0	bipolar		[8428. 1188. 3303.]	[8428. 1288. 3303.]
3609.0637087865916	2.0	trials	1.0	2.0	75.0	biphasic	8.0	100.0	1.0	10.0	-25.0	15r_16b	15.0	16.0	bipolar		[8428. 1188. 3303.]	[8428. 1288. 3303.]
3611.064181630136	2.0	trials	1.0	2.0	75.0	biphasic	8.0	100.0	1.0	10.0	-25.0	15r_16b	15.0	16.0	bipolar		[8428. 1188. 3303.]	[8428. 1288. 3303.]
3613.063715030358	2.0	trials	1.0	2.0	75.0	biphasic	8.0	100.0	1.0	10.0	-25.0	15r_16b	15.0	16.0	bipolar		[8428. 1188. 3303.]	[8428. 1288. 3303.]
3615.064188394216	2.0	trials	1.0	2.0	75.0	biphasic	8.0	100.0	1.0	10.0	-25.0	15r_16b	15.0	16.0	bipolar		[8428. 1188. 3303.]	[8428. 1288. 3303.]
3617.063956525175	2.0	trials	1.0	2.0	75.0	biphasic	8.0	100.0	1.0	10.0	-25.0	15r_16b	15.0	16.0	bipolar		[8428. 1188. 3303.]	[8428. 1288. 3303.]
3619.064195158297	2.0	trials	1.0	2.0	75.0	biphasic	8.0	100.0	1.0	10.0	-25.0	15r_16b	15.0	16.0	bipolar		[8428. 1188. 3303.]	[8428. 1288. 3303.]
3621.0639630290984	2.0	trials	1.0	2.0	75.0	biphasic	8.0	100.0	1.0	10.0	-25.0	15r_16b	15.0	16.0	bipolar		[8428. 1188. 3303.]	[8428. 1288. 3303.]
3623.06396628106	2.0	trials	1.0	2.0	75.0	biphasic	8.0	100.0	1.0	10.0	-25.0	15r_16b	15.0	16.0	bipolar		[8428. 1188. 3303.]	[8428. 1288. 3303.]
3625.0639695330215	2.0	trials	1.0	2.0	75.0	biphasic	8.0	100.0	1.0	10.0	-25.0	15r_16b	15.0	16.0	bipolar		[8428. 1188. 3303.]	[8428. 1288. 3303.]
3627.0637368835387	2.0	trials	1.0	2.0	75.0	biphasic	8.0	100.0	1.0	10.0	-25.0	15r_16b	15.0	16.0	bipolar		[8428. 1188. 3303.]	[8428. 1288. 3303.]
3629.063976036945	2.0	trials	1.0	2.0	75.0	biphasic	8.0	100.0	1.0	10.0	-25.0	15r_16b	15.0	16.0	bipolar		[8428. 1188. 3303.]	[8428. 1288. 3303.]
3631.063743127305	2.0	trials	1.0	2.0	75.0	biphasic	8.0	100.0	1.0	10.0	-25.0	15r_16b	15.0	16.0	bipolar		[8428. 1188. 3303.]	[8428. 1288. 3303.]
3633.063949240781	2.0	trials	1.0	2.0	75.0	biphasic	8.0	100.0	1.0	10.0	-25.0	15r_16b	15.0	16.0	bipolar		[8428. 1188. 3303.]	[8428. 1288. 3303.]
3635.0637160709853	2.0	trials	1.0	2.0	75.0	biphasic	8.0	100.0	1.0	10.0	-25.0	15r_16b	15.0	16.0	bipolar		[8428. 1188. 3303.]	[8428. 1288. 3303.]
3637.063955744704	2.0	trials	1.0	2.0	75.0	biphasic	8.0	100.0	1.0	10.0	-25.0	15r_16b	15.0	16.0	bipolar		[8428. 1188. 3303.]	[8428. 1288. 3303.]
3639.0637223147514	2.0	trials	1.0	2.0	75.0	biphasic	8.0	100.0	1.0	10.0	-25.0	15r_16b	15.0	16.0	bipolar		[8428. 1188. 3303.]	[8428. 1288. 3303.]
3641.0637254366343	2.0	trials	1.0	2.0	75.0	biphasic	8.0	100.0	1.0	10.0	-25.0	15r_16b	15.0	16.0	bipolar		[8428. 1188. 3303.]	[8428. 1288. 3303.]
3643.063728558517	2.0	trials	1.0	2.0	75.0	biphasic	8.0	100.0	1.0	10.0	-25.0	15r_16b	15.0	16.0	bipolar		[8428. 1188. 3303.]	[8428. 1288. 3303.]
3645.064205824732	2.0	trials	1.0	2.0	75.0	biphasic	8.0	100.0	1.0	10.0	-25.0	15r_16b	15.0	16.0	bipolar		[8428. 1188. 3303.]	[8428. 1288. 3303.]
3647.0639720045124	2.0	trials	1.0	2.0	75.0	biphasic	8.0	100.0	1.0	10.0	-25.0	15r_16b	15.0	16.0	bipolar		[8428. 1188. 3303.]	[8428. 1288. 3303.]
3649.063975256474	2.0	trials	1.0	2.0	75.0	biphasic	8.0	100.0	1.0	10.0	-25.0	15r_16b	15.0	16.0	bipolar		[8428. 1188. 3303.]	[8428. 1288. 3303.]
3651.063978508436	2.0	trials	1.0	2.0	75.0	biphasic	8.0	100.0	1.0	10.0	-25.0	15r_16b	15.0	16.0	bipolar		[8428. 1188. 3303.]	[8428. 1288. 3303.]
3653.0639817603974	2.0	trials	1.0	2.0	75.0	biphasic	8.0	100.0	1.0	10.0	-25.0	15r_16b	15.0	16.0	bipolar		[8428. 1188. 3303.]	[8428. 1288. 3303.]
3655.063985012359	2.0	trials	1.0	2.0	75.0	biphasic	8.0	100.0	1.0	10.0	-25.0	15r_16b	15.0	16.0	bipolar		[8428. 1188. 3303.]	[8428. 1288. 3303.]
3657.063988264321	2.0	trials	1.0	2.0	75.0	biphasic	8.0	100.0	1.0	10.0	-25.0	15r_16b	15.0	16.0	bipolar		[8428. 1188. 3303.]	[8428. 1288. 3303.]
3659.063958216195	2.0	trials	1.0	2.0	75.0	biphasic	8.0	100.0	1.0	10.0	-25.0	15r_16b	15.0	16.0	bipolar		[8428. 1188. 3303.]	[8428. 1288. 3303.]
3661.063961468157	2.0	trials	1.0	2.0	75.0	biphasic	8.0	100.0	1.0	10.0	-25.0	15r_16b	15.0	16.0	bipolar		[8428. 1188. 3303.]	[8428. 1288. 3303.]
3663.0639647201183	2.0	trials	1.0	2.0	75.0	biphasic	8.0	100.0	1.0	10.0	-25.0	15r_16b	15.0	16.0	bipolar		[8428. 1188. 3303.]	[8428. 1288. 3303.]
3665.06396797208	2.0	trials	1.0	2.0	75.0	biphasic	8.0	100.0	1.0	10.0	-25.0	15r_16b	15.0	16.0	bipolar		[8428. 1188. 3303.]	[8428. 1288. 3303.]
3667.063732721028	2.0	trials	1.0	2.0	75.0	biphasic	8.0	100.0	1.0	10.0	-25.0	15r_16b	15.0	16.0	bipolar		[8428. 1188. 3303.]	[8428. 1288. 3303.]
3669.0639744760033	2.0	trials	1.0	2.0	75.0	biphasic	8.0	100.0	1.0	10.0	-25.0	15r_16b	15.0	16.0	bipolar		[8428. 1188. 3303.]	[8428. 1288. 3303.]
3671.063738964794	2.0	trials	1.0	2.0	75.0	biphasic	8.0	100.0	1.0	10.0	-25.0	15r_16b	15.0	16.0	bipolar		[8428. 1188. 3303.]	[8428. 1288. 3303.]
3673.063980979927	2.0	trials	1.0	2.0	75.0	biphasic	8.0	100.0	1.0	10.0	-25.0	15r_16b	15.0	16.0	bipolar		[8428. 1188. 3303.]	[8428. 1288. 3303.]
3675.06374520856	2.0	trials	1.0	2.0	75.0	biphasic	8.0	100.0	1.0	10.0	-25.0	15r_16b	15.0	16.0	bipolar		[8428. 1188. 3303.]	[8428. 1288. 3303.]
3677.06398748385	2.0	trials	1.0	2.0	75.0	biphasic	8.0	100.0	1.0	10.0	-25.0	15r_16b	15.0	16.0	bipolar		[8428. 1188. 3303.]	[8428. 1288. 3303.]
3679.063751452326	2.0	trials	1.0	2.0	75.0	biphasic	8.0	100.0	1.0	10.0	-25.0	15r_16b	15.0	16.0	bipolar		[8428. 1188. 3303.]	[8428. 1288. 3303.]
3681.0639939877733	2.0	trials	1.0	2.0	75.0	biphasic	8.0	100.0	1.0	10.0	-25.0	15r_16b	15.0	16.0	bipolar		[8428. 1188. 3303.]	[8428. 1288. 3303.]
3683.063724396007	2.0	trials	1.0	2.0	75.0	biphasic	8.0	100.0	1.0	10.0	-25.0	15r_16b	15.0	16.0	bipolar		[8428. 1188. 3303.]	[8428. 1288. 3303.]
3685.0637275178897	2.0	trials	1.0	2.0	75.0	biphasic	8.0	100.0	1.0	10.0	-25.0	15r_16b	15.0	16.0	bipolar		[8428. 1188. 3303.]	[8428. 1288. 3303.]
3687.0639704435707	2.0	trials	1.0	2.0	75.0	biphasic	8.0	100.0	1.0	10.0	-25.0	15r_16b	15.0	16.0	bipolar		[8428. 1188. 3303.]	[8428. 1288. 3303.]
3689.063733761656	2.0	trials	1.0	2.0	75.0	biphasic	8.0	100.0	1.0	10.0	-25.0	15r_16b	15.0	16.0	bipolar		[8428. 1188. 3303.]	[8428. 1288. 3303.]
3691.063976947494	2.0	trials	1.0	2.0	75.0	biphasic	8.0	100.0	1.0	10.0	-25.0	15r_16b	15.0	16.0	bipolar		[8428. 1188. 3303.]	[8428. 1288. 3303.]
3693.0637400054216	2.0	trials	1.0	2.0	75.0	biphasic	8.0	100.0	1.0	10.0	-25.0	15r_16b	15.0	16.0	bipolar		[8428. 1188. 3303.]	[8428. 1288. 3303.]
3695.0639834514177	2.0	trials	1.0	2.0	75.0	biphasic	8.0	100.0	1.0	10.0	-25.0	15r_16b	15.0	16.0	bipolar		[8428. 1188. 3303.]	[8428. 1288. 3303.]
3697.0637462491877	2.0	trials	1.0	2.0	75.0	biphasic	8.0	100.0	1.0	10.0	-25.0	15r_16b	15.0	16.0	bipolar		[8428. 1188. 3303.]	[8428. 1288. 3303.]
3699.0639899553407	2.0	trials	1.0	2.0	75.0	biphasic	8.0	100.0	1.0	10.0	-25.0	15r_16b	15.0	16.0	bipolar		[8428. 1188. 3303.]	[8428. 1288. 3303.]
3701.0637524929534	2.0	trials	1.0	2.0	75.0	biphasic	8.0	100.0	1.0	10.0	-25.0	15r_16b	15.0	16.0	bipolar		[8428. 1188. 3303.]	[8428. 1288. 3303.]
3703.063996459264	2.0	trials	1.0	2.0	75.0	biphasic	8.0	100.0	1.0	10.0	-25.0	15r_16b	15.0	16.0	bipolar		[8428. 1188. 3303.]	[8428. 1288. 3303.]
3705.0637587367196	2.0	trials	1.0	2.0	75.0	biphasic	8.0	100.0	1.0	10.0	-25.0	15r_16b	15.0	16.0	bipolar		[8428. 1188. 3303.]	[8428. 1288. 3303.]
3707.0640029631872	2.0	trials	1.0	2.0	75.0	biphasic	8.0	100.0	1.0	10.0	-25.0	15r_16b	15.0	16.0	bipolar		[8428. 1188. 3303.]	[8428. 1288. 3303.]
3709.0637316804005	2.0	trials	1.0	2.0	75.0	biphasic	8.0	100.0	1.0	10.0	-25.0	15r_16b	15.0	16.0	bipolar		[8428. 1188. 3303.]	[8428. 1288. 3303.]
3711.0637348022833	2.0	trials	1.0	2.0	75.0	biphasic	8.0	100.0	1.0	10.0	-25.0	15r_16b	15.0	16.0	bipolar		[8428. 1188. 3303.]	[8428. 1288. 3303.]
3713.063737924166	2.0	trials	1.0	2.0	75.0	biphasic	8.0	100.0	1.0	10.0	-25.0	15r_16b	15.0	16.0	bipolar		[8428. 1188. 3303.]	[8428. 1288. 3303.]
3715.0639826709466	2.0	trials	1.0	2.0	75.0	biphasic	8.0	100.0	1.0	10.0	-25.0	15r_16b	15.0	16.0	bipolar		[8428. 1188. 3303.]	[8428. 1288. 3303.]
3717.063985922908	2.0	trials	1.0	2.0	75.0	biphasic	8.0	100.0	1.0	10.0	-25.0	15r_16b	15.0	16.0	bipolar		[8428. 1188. 3303.]	[8428. 1288. 3303.]
3719.06398917487	2.0	trials	1.0	2.0	75.0	biphasic	8.0	100.0	1.0	10.0	-25.0	15r_16b	15.0	16.0	bipolar		[8428. 1188. 3303.]	[8428. 1288. 3303.]
3865.569836782754	2.0	trials	1.0	2.0	75.0	biphasic	9.0	100.0	1.0	10.0	-50.0	15r_16b	15.0	16.0	bipolar		[8428. 1188. 3303.]	[8428. 1288. 3303.]
3867.569839904637	2.0	trials	1.0	2.0	75.0	biphasic	9.0	100.0	1.0	10.0	-50.0	15r_16b	15.0	16.0	bipolar		[8428. 1188. 3303.]	[8428. 1288. 3303.]
3869.5698430265197	2.0	trials	1.0	2.0	75.0	biphasic	9.0	100.0	1.0	10.0	-50.0	15r_16b	15.0	16.0	bipolar		[8428. 1188. 3303.]	[8428. 1288. 3303.]
3871.569846148403	2.0	trials	1.0	2.0	75.0	biphasic	9.0	100.0	1.0	10.0	-50.0	15r_16b	15.0	16.0	bipolar		[8428. 1188. 3303.]	[8428. 1288. 3303.]
3873.569849270286	2.0	trials	1.0	2.0	75.0	biphasic	9.0	100.0	1.0	10.0	-50.0	15r_16b	15.0	16.0	bipolar		[8428. 1188. 3303.]	[8428. 1288. 3303.]
3875.5698523921687	2.0	trials	1.0	2.0	75.0	biphasic	9.0	100.0	1.0	10.0	-50.0	15r_16b	15.0	16.0	bipolar		[8428. 1188. 3303.]	[8428. 1288. 3303.]
3877.569855514052	2.0	trials	1.0	2.0	75.0	biphasic	9.0	100.0	1.0	10.0	-50.0	15r_16b	15.0	16.0	bipolar		[8428. 1188. 3303.]	[8428. 1288. 3303.]
3879.5698253358496	2.0	trials	1.0	2.0	75.0	biphasic	9.0	100.0	1.0	10.0	-50.0	15r_16b	15.0	16.0	bipolar		[8428. 1188. 3303.]	[8428. 1288. 3303.]
3881.5703333664164	2.0	trials	1.0	2.0	75.0	biphasic	9.0	100.0	1.0	10.0	-50.0	15r_16b	15.0	16.0	bipolar		[8428. 1188. 3303.]	[8428. 1288. 3303.]
3883.57008416402	2.0	trials	1.0	2.0	75.0	biphasic	9.0	100.0	1.0	10.0	-50.0	15r_16b	15.0	16.0	bipolar		[8428. 1188. 3303.]	[8428. 1288. 3303.]
3885.5703401304972	2.0	trials	1.0	2.0	75.0	biphasic	9.0	100.0	1.0	10.0	-50.0	15r_16b	15.0	16.0	bipolar		[8428. 1188. 3303.]	[8428. 1288. 3303.]
3887.570343512538	2.0	trials	1.0	2.0	75.0	biphasic	9.0	100.0	1.0	10.0	-50.0	15r_16b	15.0	16.0	bipolar		[8428. 1188. 3303.]	[8428. 1288. 3303.]
3889.570093919905	2.0	trials	1.0	2.0	75.0	biphasic	9.0	100.0	1.0	10.0	-50.0	15r_16b	15.0	16.0	bipolar		[8428. 1188. 3303.]	[8428. 1288. 3303.]
3891.5700971718666	2.0	trials	1.0	2.0	75.0	biphasic	9.0	100.0	1.0	10.0	-50.0	15r_16b	15.0	16.0	bipolar		[8428. 1188. 3303.]	[8428. 1288. 3303.]
3893.570353658659	2.0	trials	1.0	2.0	75.0	biphasic	9.0	100.0	1.0	10.0	-50.0	15r_16b	15.0	16.0	bipolar		[8428. 1188. 3303.]	[8428. 1288. 3303.]
3895.57010367579	2.0	trials	1.0	2.0	75.0	biphasic	9.0	100.0	1.0	10.0	-50.0	15r_16b	15.0	16.0	bipolar		[8428. 1188. 3303.]	[8428. 1288. 3303.]
3897.570360422739	2.0	trials	1.0	2.0	75.0	biphasic	9.0	100.0	1.0	10.0	-50.0	15r_16b	15.0	16.0	bipolar		[8428. 1188. 3303.]	[8428. 1288. 3303.]
3899.570110179713	2.0	trials	1.0	2.0	75.0	biphasic	9.0	100.0	1.0	10.0	-50.0	15r_16b	15.0	16.0	bipolar		[8428. 1188. 3303.]	[8428. 1288. 3303.]
3901.57036718682	2.0	trials	1.0	2.0	75.0	biphasic	9.0	100.0	1.0	10.0	-50.0	15r_16b	15.0	16.0	bipolar		[8428. 1188. 3303.]	[8428. 1288. 3303.]
3903.570083383549	2.0	trials	1.0	2.0	75.0	biphasic	9.0	100.0	1.0	10.0	-50.0	15r_16b	15.0	16.0	bipolar		[8428. 1188. 3303.]	[8428. 1288. 3303.]
3905.5700866355105	2.0	trials	1.0	2.0	75.0	biphasic	9.0	100.0	1.0	10.0	-50.0	15r_16b	15.0	16.0	bipolar		[8428. 1188. 3303.]	[8428. 1288. 3303.]
3907.5700898874725	2.0	trials	1.0	2.0	75.0	biphasic	9.0	100.0	1.0	10.0	-50.0	15r_16b	15.0	16.0	bipolar		[8428. 1188. 3303.]	[8428. 1288. 3303.]
3909.5698388640094	2.0	trials	1.0	2.0	75.0	biphasic	9.0	100.0	1.0	10.0	-50.0	15r_16b	15.0	16.0	bipolar		[8428. 1188. 3303.]	[8428. 1288. 3303.]
3911.5700963913955	2.0	trials	1.0	2.0	75.0	biphasic	9.0	100.0	1.0	10.0	-50.0	15r_16b	15.0	16.0	bipolar		[8428. 1188. 3303.]	[8428. 1288. 3303.]
3913.569845107775	2.0	trials	1.0	2.0	75.0	biphasic	9.0	100.0	1.0	10.0	-50.0	15r_16b	15.0	16.0	bipolar		[8428. 1188. 3303.]	[8428. 1288. 3303.]
3915.570102895319	2.0	trials	1.0	2.0	75.0	biphasic	9.0	100.0	1.0	10.0	-50.0	15r_16b	15.0	16.0	bipolar		[8428. 1188. 3303.]	[8428. 1288. 3303.]
3917.5698513515413	2.0	trials	1.0	2.0	75.0	biphasic	9.0	100.0	1.0	10.0	-50.0	15r_16b	15.0	16.0	bipolar		[8428. 1188. 3303.]	[8428. 1288. 3303.]
3919.5701093992425	2.0	trials	1.0	2.0	75.0	biphasic	9.0	100.0	1.0	10.0	-50.0	15r_16b	15.0	16.0	bipolar		[8428. 1188. 3303.]	[8428. 1288. 3303.]
3921.570112651204	2.0	trials	1.0	2.0	75.0	biphasic	9.0	100.0	1.0	10.0	-50.0	15r_16b	15.0	16.0	bipolar		[8428. 1188. 3303.]	[8428. 1288. 3303.]
3923.5703710891744	2.0	trials	1.0	2.0	75.0	biphasic	9.0	100.0	1.0	10.0	-50.0	15r_16b	15.0	16.0	bipolar		[8428. 1188. 3303.]	[8428. 1288. 3303.]
3925.5701191551275	2.0	trials	1.0	2.0	75.0	biphasic	9.0	100.0	1.0	10.0	-50.0	15r_16b	15.0	16.0	bipolar		[8428. 1188. 3303.]	[8428. 1288. 3303.]
3927.5700891070014	2.0	trials	1.0	2.0	75.0	biphasic	9.0	100.0	1.0	10.0	-50.0	15r_16b	15.0	16.0	bipolar		[8428. 1188. 3303.]	[8428. 1288. 3303.]
3929.5700923589634	2.0	trials	1.0	2.0	75.0	biphasic	9.0	100.0	1.0	10.0	-50.0	15r_16b	15.0	16.0	bipolar		[8428. 1188. 3303.]	[8428. 1288. 3303.]
3931.570095610925	2.0	trials	1.0	2.0	75.0	biphasic	9.0	100.0	1.0	10.0	-50.0	15r_16b	15.0	16.0	bipolar		[8428. 1188. 3303.]	[8428. 1288. 3303.]
3933.5700988628864	2.0	trials	1.0	2.0	75.0	biphasic	9.0	100.0	1.0	10.0	-50.0	15r_16b	15.0	16.0	bipolar		[8428. 1188. 3303.]	[8428. 1288. 3303.]
3935.5701021148484	2.0	trials	1.0	2.0	75.0	biphasic	9.0	100.0	1.0	10.0	-50.0	15r_16b	15.0	16.0	bipolar		[8428. 1188. 3303.]	[8428. 1288. 3303.]
3937.57010536681	2.0	trials	1.0	2.0	75.0	biphasic	9.0	100.0	1.0	10.0	-50.0	15r_16b	15.0	16.0	bipolar		[8428. 1188. 3303.]	[8428. 1288. 3303.]
3939.5701086187714	2.0	trials	1.0	2.0	75.0	biphasic	9.0	100.0	1.0	10.0	-50.0	15r_16b	15.0	16.0	bipolar		[8428. 1188. 3303.]	[8428. 1288. 3303.]
3941.5701118707334	2.0	trials	1.0	2.0	75.0	biphasic	9.0	100.0	1.0	10.0	-50.0	15r_16b	15.0	16.0	bipolar		[8428. 1188. 3303.]	[8428. 1288. 3303.]
3943.570115122695	2.0	trials	1.0	2.0	75.0	biphasic	9.0	100.0	1.0	10.0	-50.0	15r_16b	15.0	16.0	bipolar		[8428. 1188. 3303.]	[8428. 1288. 3303.]
3945.5701183746564	2.0	trials	1.0	2.0	75.0	biphasic	9.0	100.0	1.0	10.0	-50.0	15r_16b	15.0	16.0	bipolar		[8428. 1188. 3303.]	[8428. 1288. 3303.]
3947.5701216266184	2.0	trials	1.0	2.0	75.0	biphasic	9.0	100.0	1.0	10.0	-50.0	15r_16b	15.0	16.0	bipolar		[8428. 1188. 3303.]	[8428. 1288. 3303.]
3949.57012487858	2.0	trials	1.0	2.0	75.0	biphasic	9.0	100.0	1.0	10.0	-50.0	15r_16b	15.0	16.0	bipolar		[8428. 1188. 3303.]	[8428. 1288. 3303.]
3951.5703851376497	2.0	trials	1.0	2.0	75.0	biphasic	9.0	100.0	1.0	10.0	-50.0	15r_16b	15.0	16.0	bipolar		[8428. 1188. 3303.]	[8428. 1288. 3303.]
3953.570098082416	2.0	trials	1.0	2.0	75.0	biphasic	9.0	100.0	1.0	10.0	-50.0	15r_16b	15.0	16.0	bipolar		[8428. 1188. 3303.]	[8428. 1288. 3303.]
3955.5703586016407	2.0	trials	1.0	2.0	75.0	biphasic	9.0	100.0	1.0	10.0	-50.0	15r_16b	15.0	16.0	bipolar		[8428. 1188. 3303.]	[8428. 1288. 3303.]
3957.5698471890305	2.0	trials	1.0	2.0	75.0	biphasic	9.0	100.0	1.0	10.0	-50.0	15r_16b	15.0	16.0	bipolar		[8428. 1188. 3303.]	[8428. 1288. 3303.]
3959.570107838301	2.0	trials	1.0	2.0	75.0	biphasic	9.0	100.0	1.0	10.0	-50.0	15r_16b	15.0	16.0	bipolar		[8428. 1188. 3303.]	[8428. 1288. 3303.]
3961.5701110902623	2.0	trials	1.0	2.0	75.0	biphasic	9.0	100.0	1.0	10.0	-50.0	15r_16b	15.0	16.0	bipolar		[8428. 1188. 3303.]	[8428. 1288. 3303.]
3963.5701143422243	2.0	trials	1.0	2.0	75.0	biphasic	9.0	100.0	1.0	10.0	-50.0	15r_16b	15.0	16.0	bipolar		[8428. 1188. 3303.]	[8428. 1288. 3303.]
3965.570117594186	2.0	trials	1.0	2.0	75.0	biphasic	9.0	100.0	1.0	10.0	-50.0	15r_16b	15.0	16.0	bipolar		[8428. 1188. 3303.]	[8428. 1288. 3303.]
3967.5701208461473	2.0	trials	1.0	2.0	75.0	biphasic	9.0	100.0	1.0	10.0	-50.0	15r_16b	15.0	16.0	bipolar		[8428. 1188. 3303.]	[8428. 1288. 3303.]
3969.570124098109	2.0	trials	1.0	2.0	75.0	biphasic	9.0	100.0	1.0	10.0	-50.0	15r_16b	15.0	16.0	bipolar		[8428. 1188. 3303.]	[8428. 1288. 3303.]
3971.570127350071	2.0	trials	1.0	2.0	75.0	biphasic	9.0	100.0	1.0	10.0	-50.0	15r_16b	15.0	16.0	bipolar		[8428. 1188. 3303.]	[8428. 1288. 3303.]
3973.5701306020323	2.0	trials	1.0	2.0	75.0	biphasic	9.0	100.0	1.0	10.0	-50.0	15r_16b	15.0	16.0	bipolar		[8428. 1188. 3303.]	[8428. 1288. 3303.]
3975.5698752859776	2.0	trials	1.0	2.0	75.0	biphasic	9.0	100.0	1.0	10.0	-50.0	15r_16b	15.0	16.0	bipolar		[8428. 1188. 3303.]	[8428. 1288. 3303.]
3977.5701038058683	2.0	trials	1.0	2.0	75.0	biphasic	9.0	100.0	1.0	10.0	-50.0	15r_16b	15.0	16.0	bipolar		[8428. 1188. 3303.]	[8428. 1288. 3303.]
3979.5698482296584	2.0	trials	1.0	2.0	75.0	biphasic	9.0	100.0	1.0	10.0	-50.0	15r_16b	15.0	16.0	bipolar		[8428. 1188. 3303.]	[8428. 1288. 3303.]
3981.5701103097917	2.0	trials	1.0	2.0	75.0	biphasic	9.0	100.0	1.0	10.0	-50.0	15r_16b	15.0	16.0	bipolar		[8428. 1188. 3303.]	[8428. 1288. 3303.]
3983.569854473424	2.0	trials	1.0	2.0	75.0	biphasic	9.0	100.0	1.0	10.0	-50.0	15r_16b	15.0	16.0	bipolar		[8428. 1188. 3303.]	[8428. 1288. 3303.]
3985.570116813715	2.0	trials	1.0	2.0	75.0	biphasic	9.0	100.0	1.0	10.0	-50.0	15r_16b	15.0	16.0	bipolar		[8428. 1188. 3303.]	[8428. 1288. 3303.]
3987.5698607171903	2.0	trials	1.0	2.0	75.0	biphasic	9.0	100.0	1.0	10.0	-50.0	15r_16b	15.0	16.0	bipolar		[8428. 1188. 3303.]	[8428. 1288. 3303.]
3989.570382796237	2.0	trials	1.0	2.0	75.0	biphasic	9.0	100.0	1.0	10.0	-50.0	15r_16b	15.0	16.0	bipolar		[8428. 1188. 3303.]	[8428. 1288. 3303.]
3991.5701265696	2.0	trials	1.0	2.0	75.0	biphasic	9.0	100.0	1.0	10.0	-50.0	15r_16b	15.0	16.0	bipolar		[8428. 1188. 3303.]	[8428. 1288. 3303.]
3993.570389560318	2.0	trials	1.0	2.0	75.0	biphasic	9.0	100.0	1.0	10.0	-50.0	15r_16b	15.0	16.0	bipolar		[8428. 1188. 3303.]	[8428. 1288. 3303.]
3995.5701330735233	2.0	trials	1.0	2.0	75.0	biphasic	9.0	100.0	1.0	10.0	-50.0	15r_16b	15.0	16.0	bipolar		[8428. 1188. 3303.]	[8428. 1288. 3303.]
3997.570136325485	2.0	trials	1.0	2.0	75.0	biphasic	9.0	100.0	1.0	10.0	-50.0	15r_16b	15.0	16.0	bipolar		[8428. 1188. 3303.]	[8428. 1288. 3303.]
3999.5701395774468	2.0	trials	1.0	2.0	75.0	biphasic	9.0	100.0	1.0	10.0	-50.0	15r_16b	15.0	16.0	bipolar		[8428. 1188. 3303.]	[8428. 1288. 3303.]
4001.5701428294083	2.0	trials	1.0	2.0	75.0	biphasic	9.0	100.0	1.0	10.0	-50.0	15r_16b	15.0	16.0	bipolar		[8428. 1188. 3303.]	[8428. 1288. 3303.]
4003.5701127812827	2.0	trials	1.0	2.0	75.0	biphasic	9.0	100.0	1.0	10.0	-50.0	15r_16b	15.0	16.0	bipolar		[8428. 1188. 3303.]	[8428. 1288. 3303.]
4005.569855514052	2.0	trials	1.0	2.0	75.0	biphasic	9.0	100.0	1.0	10.0	-50.0	15r_16b	15.0	16.0	bipolar		[8428. 1188. 3303.]	[8428. 1288. 3303.]
4007.5701192852057	2.0	trials	1.0	2.0	75.0	biphasic	9.0	100.0	1.0	10.0	-50.0	15r_16b	15.0	16.0	bipolar		[8428. 1188. 3303.]	[8428. 1288. 3303.]
4009.5701225371677	2.0	trials	1.0	2.0	75.0	biphasic	9.0	100.0	1.0	10.0	-50.0	15r_16b	15.0	16.0	bipolar		[8428. 1188. 3303.]	[8428. 1288. 3303.]
4011.570125789129	2.0	trials	1.0	2.0	75.0	biphasic	9.0	100.0	1.0	10.0	-50.0	15r_16b	15.0	16.0	bipolar		[8428. 1188. 3303.]	[8428. 1288. 3303.]
4013.5701290410907	2.0	trials	1.0	2.0	75.0	biphasic	9.0	100.0	1.0	10.0	-50.0	15r_16b	15.0	16.0	bipolar		[8428. 1188. 3303.]	[8428. 1288. 3303.]
