onset	duration	nwb_table	train_duration	train_period	train_quantity	waveform_shape	run	pulse_duration	pulse_number	event_period	amplitude	contacts	contact_negative	contact_positive	polarity	notes	contact_negative_coord	contact_positive_coord
5132.924521433502	5774.7145813223	epochs																
5132.924521433502	2.0	trials	1.0	2.0	75.0	biphasic	0.0	100.0	1.0	10.0	-5.0	2b_15r	15.0	2.0	bipolar		[8884.911448897059, 1344.0510389476128, 8213.772137775735]	[8891.797517784928, 1393.5446590791612, 8212.050620553768]
5134.924189413364	2.0	trials	1.0	2.0	75.0	biphasic	0.0	100.0	1.0	10.0	-5.0	2b_15r	15.0	2.0	bipolar		[8884.911448897059, 1344.0510389476128, 8213.772137775735]	[8891.797517784928, 1393.5446590791612, 8212.050620553768]
5136.9241912344605	2.0	trials	1.0	2.0	75.0	biphasic	0.0	100.0	1.0	10.0	-5.0	2b_15r	15.0	2.0	bipolar		[8884.911448897059, 1344.0510389476128, 8213.772137775735]	[8891.797517784928, 1393.5446590791612, 8212.050620553768]
5138.92385882413	2.0	trials	1.0	2.0	75.0	biphasic	0.0	100.0	1.0	10.0	-5.0	2b_15r	15.0	2.0	bipolar		[8884.911448897059, 1344.0510389476128, 8213.772137775735]	[8891.797517784928, 1393.5446590791612, 8212.050620553768]
5140.924194876655	2.0	trials	1.0	2.0	75.0	biphasic	0.0	100.0	1.0	10.0	-5.0	2b_15r	15.0	2.0	bipolar		[8884.911448897059, 1344.0510389476128, 8213.772137775735]	[8891.797517784928, 1393.5446590791612, 8212.050620553768]
5142.924196697752	2.0	trials	1.0	2.0	75.0	biphasic	0.0	100.0	1.0	10.0	-5.0	2b_15r	15.0	2.0	bipolar		[8884.911448897059, 1344.0510389476128, 8213.772137775735]	[8891.797517784928, 1393.5446590791612, 8212.050620553768]
5144.924198518849	2.0	trials	1.0	2.0	75.0	biphasic	0.0	100.0	1.0	10.0	-5.0	2b_15r	15.0	2.0	bipolar		[8884.911448897059, 1344.0510389476128, 8213.772137775735]	[8891.797517784928, 1393.5446590791612, 8212.050620553768]
5146.9238655882045	2.0	trials	1.0	2.0	75.0	biphasic	0.0	100.0	1.0	10.0	-5.0	2b_15r	15.0	2.0	bipolar		[8884.911448897059, 1344.0510389476128, 8213.772137775735]	[8891.797517784928, 1393.5446590791612, 8212.050620553768]
5148.92416886098	2.0	trials	1.0	2.0	75.0	biphasic	0.0	100.0	1.0	10.0	-5.0	2b_15r	15.0	2.0	bipolar		[8884.911448897059, 1344.0510389476128, 8213.772137775735]	[8891.797517784928, 1393.5446590791612, 8212.050620553768]
5150.924170682078	2.0	trials	1.0	2.0	75.0	biphasic	0.0	100.0	1.0	10.0	-5.0	2b_15r	15.0	2.0	bipolar		[8884.911448897059, 1344.0510389476128, 8213.772137775735]	[8891.797517784928, 1393.5446590791612, 8212.050620553768]
5152.924172503175	2.0	trials	1.0	2.0	75.0	biphasic	0.0	100.0	1.0	10.0	-5.0	2b_15r	15.0	2.0	bipolar		[8884.911448897059, 1344.0510389476128, 8213.772137775735]	[8891.797517784928, 1393.5446590791612, 8212.050620553768]
5154.923839052218	2.0	trials	1.0	2.0	75.0	biphasic	0.0	100.0	1.0	10.0	-5.0	2b_15r	15.0	2.0	bipolar		[8884.911448897059, 1344.0510389476128, 8213.772137775735]	[8891.797517784928, 1393.5446590791612, 8212.050620553768]
5156.923840743237	2.0	trials	1.0	2.0	75.0	biphasic	0.0	100.0	1.0	10.0	-5.0	2b_15r	15.0	2.0	bipolar		[8884.911448897059, 1344.0510389476128, 8213.772137775735]	[8891.797517784928, 1393.5446590791612, 8212.050620553768]
5158.924177966466	2.0	trials	1.0	2.0	75.0	biphasic	0.0	100.0	1.0	10.0	-5.0	2b_15r	15.0	2.0	bipolar		[8884.911448897059, 1344.0510389476128, 8213.772137775735]	[8891.797517784928, 1393.5446590791612, 8212.050620553768]
5160.924179787564	2.0	trials	1.0	2.0	75.0	biphasic	0.0	100.0	1.0	10.0	-5.0	2b_15r	15.0	2.0	bipolar		[8884.911448897059, 1344.0510389476128, 8213.772137775735]	[8891.797517784928, 1393.5446590791612, 8212.050620553768]
5162.923845816293	2.0	trials	1.0	2.0	75.0	biphasic	0.0	100.0	1.0	10.0	-5.0	2b_15r	15.0	2.0	bipolar		[8884.911448897059, 1344.0510389476128, 8213.772137775735]	[8891.797517784928, 1393.5446590791612, 8212.050620553768]
5164.923847507312	2.0	trials	1.0	2.0	75.0	biphasic	0.0	100.0	1.0	10.0	-5.0	2b_15r	15.0	2.0	bipolar		[8884.911448897059, 1344.0510389476128, 8213.772137775735]	[8891.797517784928, 1393.5446590791612, 8212.050620553768]
5166.924185250856	2.0	trials	1.0	2.0	75.0	biphasic	0.0	100.0	1.0	10.0	-5.0	2b_15r	15.0	2.0	bipolar		[8884.911448897059, 1344.0510389476128, 8213.772137775735]	[8891.797517784928, 1393.5446590791612, 8212.050620553768]
5168.9241870719525	2.0	trials	1.0	2.0	75.0	biphasic	0.0	100.0	1.0	10.0	-5.0	2b_15r	15.0	2.0	bipolar		[8884.911448897059, 1344.0510389476128, 8213.772137775735]	[8891.797517784928, 1393.5446590791612, 8212.050620553768]
5170.923852580368	2.0	trials	1.0	2.0	75.0	biphasic	0.0	100.0	1.0	10.0	-5.0	2b_15r	15.0	2.0	bipolar		[8884.911448897059, 1344.0510389476128, 8213.772137775735]	[8891.797517784928, 1393.5446590791612, 8212.050620553768]
5172.9238542713865	2.0	trials	1.0	2.0	75.0	biphasic	0.0	100.0	1.0	10.0	-5.0	2b_15r	15.0	2.0	bipolar		[8884.911448897059, 1344.0510389476128, 8213.772137775735]	[8891.797517784928, 1393.5446590791612, 8212.050620553768]
5174.92351938961	2.0	trials	1.0	2.0	75.0	biphasic	0.0	100.0	1.0	10.0	-5.0	2b_15r	15.0	2.0	bipolar		[8884.911448897059, 1344.0510389476128, 8213.772137775735]	[8891.797517784928, 1393.5446590791612, 8212.050620553768]
5176.924194356342	2.0	trials	1.0	2.0	75.0	biphasic	0.0	100.0	1.0	10.0	-5.0	2b_15r	15.0	2.0	bipolar		[8884.911448897059, 1344.0510389476128, 8213.772137775735]	[8891.797517784928, 1393.5446590791612, 8212.050620553768]
5178.923826044382	2.0	trials	1.0	2.0	75.0	biphasic	0.0	100.0	1.0	10.0	-5.0	2b_15r	15.0	2.0	bipolar		[8884.911448897059, 1344.0510389476128, 8213.772137775735]	[8891.797517784928, 1393.5446590791612, 8212.050620553768]
5180.9238277354	2.0	trials	1.0	2.0	75.0	biphasic	0.0	100.0	1.0	10.0	-5.0	2b_15r	15.0	2.0	bipolar		[8884.911448897059, 1344.0510389476128, 8213.772137775735]	[8891.797517784928, 1393.5446590791612, 8212.050620553768]
5182.924503612764	2.0	trials	1.0	2.0	75.0	biphasic	0.0	100.0	1.0	10.0	-5.0	2b_15r	15.0	2.0	bipolar		[8884.911448897059, 1344.0510389476128, 8213.772137775735]	[8891.797517784928, 1393.5446590791612, 8212.050620553768]
5184.924842787257	2.0	trials	1.0	2.0	75.0	biphasic	0.0	100.0	1.0	10.0	-5.0	2b_15r	15.0	2.0	bipolar		[8884.911448897059, 1344.0510389476128, 8213.772137775735]	[8891.797517784928, 1393.5446590791612, 8212.050620553768]
5186.924844868511	2.0	trials	1.0	2.0	75.0	biphasic	0.0	100.0	1.0	10.0	-5.0	2b_15r	15.0	2.0	bipolar		[8884.911448897059, 1344.0510389476128, 8213.772137775735]	[8891.797517784928, 1393.5446590791612, 8212.050620553768]
5188.924846949766	2.0	trials	1.0	2.0	75.0	biphasic	0.0	100.0	1.0	10.0	-5.0	2b_15r	15.0	2.0	bipolar		[8884.911448897059, 1344.0510389476128, 8213.772137775735]	[8891.797517784928, 1393.5446590791612, 8212.050620553768]
5190.924511417467	2.0	trials	1.0	2.0	75.0	biphasic	0.0	100.0	1.0	10.0	-5.0	2b_15r	15.0	2.0	bipolar		[8884.911448897059, 1344.0510389476128, 8213.772137775735]	[8891.797517784928, 1393.5446590791612, 8212.050620553768]
5192.924851112274	2.0	trials	1.0	2.0	75.0	biphasic	0.0	100.0	1.0	10.0	-5.0	2b_15r	15.0	2.0	bipolar		[8884.911448897059, 1344.0510389476128, 8213.772137775735]	[8891.797517784928, 1393.5446590791612, 8212.050620553768]
5194.924853193528	2.0	trials	1.0	2.0	75.0	biphasic	0.0	100.0	1.0	10.0	-5.0	2b_15r	15.0	2.0	bipolar		[8884.911448897059, 1344.0510389476128, 8213.772137775735]	[8891.797517784928, 1393.5446590791612, 8212.050620553768]
5196.924855274783	2.0	trials	1.0	2.0	75.0	biphasic	0.0	100.0	1.0	10.0	-5.0	2b_15r	15.0	2.0	bipolar		[8884.911448897059, 1344.0510389476128, 8213.772137775735]	[8891.797517784928, 1393.5446590791612, 8212.050620553768]
5198.924519222171	2.0	trials	1.0	2.0	75.0	biphasic	0.0	100.0	1.0	10.0	-5.0	2b_15r	15.0	2.0	bipolar		[8884.911448897059, 1344.0510389476128, 8213.772137775735]	[8891.797517784928, 1393.5446590791612, 8212.050620553768]
5200.924859437291	2.0	trials	1.0	2.0	75.0	biphasic	0.0	100.0	1.0	10.0	-5.0	2b_15r	15.0	2.0	bipolar		[8884.911448897059, 1344.0510389476128, 8213.772137775735]	[8891.797517784928, 1393.5446590791612, 8212.050620553768]
5202.924861518545	2.0	trials	1.0	2.0	75.0	biphasic	0.0	100.0	1.0	10.0	-5.0	2b_15r	15.0	2.0	bipolar		[8884.911448897059, 1344.0510389476128, 8213.772137775735]	[8891.797517784928, 1393.5446590791612, 8212.050620553768]
5204.9248635998	2.0	trials	1.0	2.0	75.0	biphasic	0.0	100.0	1.0	10.0	-5.0	2b_15r	15.0	2.0	bipolar		[8884.911448897059, 1344.0510389476128, 8213.772137775735]	[8891.797517784928, 1393.5446590791612, 8212.050620553768]
5206.924527026873	2.0	trials	1.0	2.0	75.0	biphasic	0.0	100.0	1.0	10.0	-5.0	2b_15r	15.0	2.0	bipolar		[8884.911448897059, 1344.0510389476128, 8213.772137775735]	[8891.797517784928, 1393.5446590791612, 8212.050620553768]
5208.924495677983	2.0	trials	1.0	2.0	75.0	biphasic	0.0	100.0	1.0	10.0	-5.0	2b_15r	15.0	2.0	bipolar		[8884.911448897059, 1344.0510389476128, 8213.772137775735]	[8891.797517784928, 1393.5446590791612, 8212.050620553768]
5210.924836543494	2.0	trials	1.0	2.0	75.0	biphasic	0.0	100.0	1.0	10.0	-5.0	2b_15r	15.0	2.0	bipolar		[8884.911448897059, 1344.0510389476128, 8213.772137775735]	[8891.797517784928, 1393.5446590791612, 8212.050620553768]
5212.924838624749	2.0	trials	1.0	2.0	75.0	biphasic	0.0	100.0	1.0	10.0	-5.0	2b_15r	15.0	2.0	bipolar		[8884.911448897059, 1344.0510389476128, 8213.772137775735]	[8891.797517784928, 1393.5446590791612, 8212.050620553768]
5214.92450153151	2.0	trials	1.0	2.0	75.0	biphasic	0.0	100.0	1.0	10.0	-5.0	2b_15r	15.0	2.0	bipolar		[8884.911448897059, 1344.0510389476128, 8213.772137775735]	[8891.797517784928, 1393.5446590791612, 8212.050620553768]
5216.924503482686	2.0	trials	1.0	2.0	75.0	biphasic	0.0	100.0	1.0	10.0	-5.0	2b_15r	15.0	2.0	bipolar		[8884.911448897059, 1344.0510389476128, 8213.772137775735]	[8891.797517784928, 1393.5446590791612, 8212.050620553768]
5218.924844868511	2.0	trials	1.0	2.0	75.0	biphasic	0.0	100.0	1.0	10.0	-5.0	2b_15r	15.0	2.0	bipolar		[8884.911448897059, 1344.0510389476128, 8213.772137775735]	[8891.797517784928, 1393.5446590791612, 8212.050620553768]
5220.924846949766	2.0	trials	1.0	2.0	75.0	biphasic	0.0	100.0	1.0	10.0	-5.0	2b_15r	15.0	2.0	bipolar		[8884.911448897059, 1344.0510389476128, 8213.772137775735]	[8891.797517784928, 1393.5446590791612, 8212.050620553768]
5222.924509336213	2.0	trials	1.0	2.0	75.0	biphasic	0.0	100.0	1.0	10.0	-5.0	2b_15r	15.0	2.0	bipolar		[8884.911448897059, 1344.0510389476128, 8213.772137775735]	[8891.797517784928, 1393.5446590791612, 8212.050620553768]
5224.924511287389	2.0	trials	1.0	2.0	75.0	biphasic	0.0	100.0	1.0	10.0	-5.0	2b_15r	15.0	2.0	bipolar		[8884.911448897059, 1344.0510389476128, 8213.772137775735]	[8891.797517784928, 1393.5446590791612, 8212.050620553768]
5226.924173283645	2.0	trials	1.0	2.0	75.0	biphasic	0.0	100.0	1.0	10.0	-5.0	2b_15r	15.0	2.0	bipolar		[8884.911448897059, 1344.0510389476128, 8213.772137775735]	[8891.797517784928, 1393.5446590791612, 8212.050620553768]
5228.924855274783	2.0	trials	1.0	2.0	75.0	biphasic	0.0	100.0	1.0	10.0	-5.0	2b_15r	15.0	2.0	bipolar		[8884.911448897059, 1344.0510389476128, 8213.772137775735]	[8891.797517784928, 1393.5446590791612, 8212.050620553768]
5230.924517140917	2.0	trials	1.0	2.0	75.0	biphasic	0.0	100.0	1.0	10.0	-5.0	2b_15r	15.0	2.0	bipolar		[8884.911448897059, 1344.0510389476128, 8213.772137775735]	[8891.797517784928, 1393.5446590791612, 8212.050620553768]
5232.924519092092	2.0	trials	1.0	2.0	75.0	biphasic	0.0	100.0	1.0	10.0	-5.0	2b_15r	15.0	2.0	bipolar		[8884.911448897059, 1344.0510389476128, 8213.772137775735]	[8891.797517784928, 1393.5446590791612, 8212.050620553768]
5234.924180568034	2.0	trials	1.0	2.0	75.0	biphasic	0.0	100.0	1.0	10.0	-5.0	2b_15r	15.0	2.0	bipolar		[8884.911448897059, 1344.0510389476128, 8213.772137775735]	[8891.797517784928, 1393.5446590791612, 8212.050620553768]
5236.924522994444	2.0	trials	1.0	2.0	75.0	biphasic	0.0	100.0	1.0	10.0	-5.0	2b_15r	15.0	2.0	bipolar		[8884.911448897059, 1344.0510389476128, 8213.772137775735]	[8891.797517784928, 1393.5446590791612, 8212.050620553768]
5238.924491645554	2.0	trials	1.0	2.0	75.0	biphasic	0.0	100.0	1.0	10.0	-5.0	2b_15r	15.0	2.0	bipolar		[8884.911448897059, 1344.0510389476128, 8213.772137775735]	[8891.797517784928, 1393.5446590791612, 8212.050620553768]
5240.924493596729	2.0	trials	1.0	2.0	75.0	biphasic	0.0	100.0	1.0	10.0	-5.0	2b_15r	15.0	2.0	bipolar		[8884.911448897059, 1344.0510389476128, 8213.772137775735]	[8891.797517784928, 1393.5446590791612, 8212.050620553768]
5242.924154552359	2.0	trials	1.0	2.0	75.0	biphasic	0.0	100.0	1.0	10.0	-5.0	2b_15r	15.0	2.0	bipolar		[8884.911448897059, 1344.0510389476128, 8213.772137775735]	[8891.797517784928, 1393.5446590791612, 8212.050620553768]
5244.924156373457	2.0	trials	1.0	2.0	75.0	biphasic	0.0	100.0	1.0	10.0	-5.0	2b_15r	15.0	2.0	bipolar		[8884.911448897059, 1344.0510389476128, 8213.772137775735]	[8891.797517784928, 1393.5446590791612, 8212.050620553768]
5246.924499450256	2.0	trials	1.0	2.0	75.0	biphasic	0.0	100.0	1.0	10.0	-5.0	2b_15r	15.0	2.0	bipolar		[8884.911448897059, 1344.0510389476128, 8213.772137775735]	[8891.797517784928, 1393.5446590791612, 8212.050620553768]
5248.924501401432	2.0	trials	1.0	2.0	75.0	biphasic	0.0	100.0	1.0	10.0	-5.0	2b_15r	15.0	2.0	bipolar		[8884.911448897059, 1344.0510389476128, 8213.772137775735]	[8891.797517784928, 1393.5446590791612, 8212.050620553768]
5250.924161836749	2.0	trials	1.0	2.0	75.0	biphasic	0.0	100.0	1.0	10.0	-5.0	2b_15r	15.0	2.0	bipolar		[8884.911448897059, 1344.0510389476128, 8213.772137775735]	[8891.797517784928, 1393.5446590791612, 8212.050620553768]
5252.924163657845	2.0	trials	1.0	2.0	75.0	biphasic	0.0	100.0	1.0	10.0	-5.0	2b_15r	15.0	2.0	bipolar		[8884.911448897059, 1344.0510389476128, 8213.772137775735]	[8891.797517784928, 1393.5446590791612, 8212.050620553768]
5254.925190807126	2.0	trials	1.0	2.0	75.0	biphasic	0.0	100.0	1.0	10.0	-5.0	2b_15r	15.0	2.0	bipolar		[8884.911448897059, 1344.0510389476128, 8213.772137775735]	[8891.797517784928, 1393.5446590791612, 8212.050620553768]
5256.924851112274	2.0	trials	1.0	2.0	75.0	biphasic	0.0	100.0	1.0	10.0	-5.0	2b_15r	15.0	2.0	bipolar		[8884.911448897059, 1344.0510389476128, 8213.772137775735]	[8891.797517784928, 1393.5446590791612, 8212.050620553768]
5258.924853193528	2.0	trials	1.0	2.0	75.0	biphasic	0.0	100.0	1.0	10.0	-5.0	2b_15r	15.0	2.0	bipolar		[8884.911448897059, 1344.0510389476128, 8213.772137775735]	[8891.797517784928, 1393.5446590791612, 8212.050620553768]
5260.924513108486	2.0	trials	1.0	2.0	75.0	biphasic	0.0	100.0	1.0	10.0	-5.0	2b_15r	15.0	2.0	bipolar		[8884.911448897059, 1344.0510389476128, 8213.772137775735]	[8891.797517784928, 1393.5446590791612, 8212.050620553768]
5262.924857356037	2.0	trials	1.0	2.0	75.0	biphasic	0.0	100.0	1.0	10.0	-5.0	2b_15r	15.0	2.0	bipolar		[8884.911448897059, 1344.0510389476128, 8213.772137775735]	[8891.797517784928, 1393.5446590791612, 8212.050620553768]
5264.924859437291	2.0	trials	1.0	2.0	75.0	biphasic	0.0	100.0	1.0	10.0	-5.0	2b_15r	15.0	2.0	bipolar		[8884.911448897059, 1344.0510389476128, 8213.772137775735]	[8891.797517784928, 1393.5446590791612, 8212.050620553768]
5266.924861518545	2.0	trials	1.0	2.0	75.0	biphasic	0.0	100.0	1.0	10.0	-5.0	2b_15r	15.0	2.0	bipolar		[8884.911448897059, 1344.0510389476128, 8213.772137775735]	[8891.797517784928, 1393.5446590791612, 8212.050620553768]
5268.924487613123	2.0	trials	1.0	2.0	75.0	biphasic	0.0	100.0	1.0	10.0	-5.0	2b_15r	15.0	2.0	bipolar		[8884.911448897059, 1344.0510389476128, 8213.772137775735]	[8891.797517784928, 1393.5446590791612, 8212.050620553768]
5270.9244895643	2.0	trials	1.0	2.0	75.0	biphasic	0.0	100.0	1.0	10.0	-5.0	2b_15r	15.0	2.0	bipolar		[8884.911448897059, 1344.0510389476128, 8213.772137775735]	[8891.797517784928, 1393.5446590791612, 8212.050620553768]
5272.92483446224	2.0	trials	1.0	2.0	75.0	biphasic	0.0	100.0	1.0	10.0	-5.0	2b_15r	15.0	2.0	bipolar		[8884.911448897059, 1344.0510389476128, 8213.772137775735]	[8891.797517784928, 1393.5446590791612, 8212.050620553768]
5274.924836543494	2.0	trials	1.0	2.0	75.0	biphasic	0.0	100.0	1.0	10.0	-5.0	2b_15r	15.0	2.0	bipolar		[8884.911448897059, 1344.0510389476128, 8213.772137775735]	[8891.797517784928, 1393.5446590791612, 8212.050620553768]
5276.924495417827	2.0	trials	1.0	2.0	75.0	biphasic	0.0	100.0	1.0	10.0	-5.0	2b_15r	15.0	2.0	bipolar		[8884.911448897059, 1344.0510389476128, 8213.772137775735]	[8891.797517784928, 1393.5446590791612, 8212.050620553768]
5278.924497369002	2.0	trials	1.0	2.0	75.0	biphasic	0.0	100.0	1.0	10.0	-5.0	2b_15r	15.0	2.0	bipolar		[8884.911448897059, 1344.0510389476128, 8213.772137775735]	[8891.797517784928, 1393.5446590791612, 8212.050620553768]
5280.924842787257	2.0	trials	1.0	2.0	75.0	biphasic	0.0	100.0	1.0	10.0	-5.0	2b_15r	15.0	2.0	bipolar		[8884.911448897059, 1344.0510389476128, 8213.772137775735]	[8891.797517784928, 1393.5446590791612, 8212.050620553768]
5340.430903343574	2.0	trials	1.0	2.0	75.0	biphasic	1.0	100.0	1.0	10.0	-25.0	2b_15r	15.0	2.0	bipolar		[8884.911448897059, 1344.0510389476128, 8213.772137775735]	[8891.797517784928, 1393.5446590791612, 8212.050620553768]
5342.430905164671	2.0	trials	1.0	2.0	75.0	biphasic	1.0	100.0	1.0	10.0	-25.0	2b_15r	15.0	2.0	bipolar		[8884.911448897059, 1344.0510389476128, 8213.772137775735]	[8891.797517784928, 1393.5446590791612, 8212.050620553768]
5344.430906985768	2.0	trials	1.0	2.0	75.0	biphasic	1.0	100.0	1.0	10.0	-25.0	2b_15r	15.0	2.0	bipolar		[8884.911448897059, 1344.0510389476128, 8213.772137775735]	[8891.797517784928, 1393.5446590791612, 8212.050620553768]
5346.431256534406	2.0	trials	1.0	2.0	75.0	biphasic	1.0	100.0	1.0	10.0	-25.0	2b_15r	15.0	2.0	bipolar		[8884.911448897059, 1344.0510389476128, 8213.772137775735]	[8891.797517784928, 1393.5446590791612, 8212.050620553768]
5348.4309106279625	2.0	trials	1.0	2.0	75.0	biphasic	1.0	100.0	1.0	10.0	-25.0	2b_15r	15.0	2.0	bipolar		[8884.911448897059, 1344.0510389476128, 8213.772137775735]	[8891.797517784928, 1393.5446590791612, 8212.050620553768]
5350.43091244906	2.0	trials	1.0	2.0	75.0	biphasic	1.0	100.0	1.0	10.0	-25.0	2b_15r	15.0	2.0	bipolar		[8884.911448897059, 1344.0510389476128, 8213.772137775735]	[8891.797517784928, 1393.5446590791612, 8212.050620553768]
5352.430914270157	2.0	trials	1.0	2.0	75.0	biphasic	1.0	100.0	1.0	10.0	-25.0	2b_15r	15.0	2.0	bipolar		[8884.911448897059, 1344.0510389476128, 8213.772137775735]	[8891.797517784928, 1393.5446590791612, 8212.050620553768]
5354.430534543383	2.0	trials	1.0	2.0	75.0	biphasic	1.0	100.0	1.0	10.0	-25.0	2b_15r	15.0	2.0	bipolar		[8884.911448897059, 1344.0510389476128, 8213.772137775735]	[8891.797517784928, 1393.5446590791612, 8212.050620553768]
5356.430884612288	2.0	trials	1.0	2.0	75.0	biphasic	1.0	100.0	1.0	10.0	-25.0	2b_15r	15.0	2.0	bipolar		[8884.911448897059, 1344.0510389476128, 8213.772137775735]	[8891.797517784928, 1393.5446590791612, 8212.050620553768]
5358.430886433385	2.0	trials	1.0	2.0	75.0	biphasic	1.0	100.0	1.0	10.0	-25.0	2b_15r	15.0	2.0	bipolar		[8884.911448897059, 1344.0510389476128, 8213.772137775735]	[8891.797517784928, 1393.5446590791612, 8212.050620553768]
5360.430888254482	2.0	trials	1.0	2.0	75.0	biphasic	1.0	100.0	1.0	10.0	-25.0	2b_15r	15.0	2.0	bipolar		[8884.911448897059, 1344.0510389476128, 8213.772137775735]	[8891.797517784928, 1393.5446590791612, 8212.050620553768]
5362.430541307458	2.0	trials	1.0	2.0	75.0	biphasic	1.0	100.0	1.0	10.0	-25.0	2b_15r	15.0	2.0	bipolar		[8884.911448897059, 1344.0510389476128, 8213.772137775735]	[8891.797517784928, 1393.5446590791612, 8212.050620553768]
5364.430891896676	2.0	trials	1.0	2.0	75.0	biphasic	1.0	100.0	1.0	10.0	-25.0	2b_15r	15.0	2.0	bipolar		[8884.911448897059, 1344.0510389476128, 8213.772137775735]	[8891.797517784928, 1393.5446590791612, 8212.050620553768]
5366.430893717774	2.0	trials	1.0	2.0	75.0	biphasic	1.0	100.0	1.0	10.0	-25.0	2b_15r	15.0	2.0	bipolar		[8884.911448897059, 1344.0510389476128, 8213.772137775735]	[8891.797517784928, 1393.5446590791612, 8212.050620553768]
5368.430895538872	2.0	trials	1.0	2.0	75.0	biphasic	1.0	100.0	1.0	10.0	-25.0	2b_15r	15.0	2.0	bipolar		[8884.911448897059, 1344.0510389476128, 8213.772137775735]	[8891.797517784928, 1393.5446590791612, 8212.050620553768]
5370.430548071533	2.0	trials	1.0	2.0	75.0	biphasic	1.0	100.0	1.0	10.0	-25.0	2b_15r	15.0	2.0	bipolar		[8884.911448897059, 1344.0510389476128, 8213.772137775735]	[8891.797517784928, 1393.5446590791612, 8212.050620553768]
5372.430899181066	2.0	trials	1.0	2.0	75.0	biphasic	1.0	100.0	1.0	10.0	-25.0	2b_15r	15.0	2.0	bipolar		[8884.911448897059, 1344.0510389476128, 8213.772137775735]	[8891.797517784928, 1393.5446590791612, 8212.050620553768]
5374.4312505508005	2.0	trials	1.0	2.0	75.0	biphasic	1.0	100.0	1.0	10.0	-25.0	2b_15r	15.0	2.0	bipolar		[8884.911448897059, 1344.0510389476128, 8213.772137775735]	[8891.797517784928, 1393.5446590791612, 8212.050620553768]
5376.431252501977	2.0	trials	1.0	2.0	75.0	biphasic	1.0	100.0	1.0	10.0	-25.0	2b_15r	15.0	2.0	bipolar		[8884.911448897059, 1344.0510389476128, 8213.772137775735]	[8891.797517784928, 1393.5446590791612, 8212.050620553768]
5378.431254453152	2.0	trials	1.0	2.0	75.0	biphasic	1.0	100.0	1.0	10.0	-25.0	2b_15r	15.0	2.0	bipolar		[8884.911448897059, 1344.0510389476128, 8213.772137775735]	[8891.797517784928, 1393.5446590791612, 8212.050620553768]
5380.430906465454	2.0	trials	1.0	2.0	75.0	biphasic	1.0	100.0	1.0	10.0	-25.0	2b_15r	15.0	2.0	bipolar		[8884.911448897059, 1344.0510389476128, 8213.772137775735]	[8891.797517784928, 1393.5446590791612, 8212.050620553768]
5382.431258355504	2.0	trials	1.0	2.0	75.0	biphasic	1.0	100.0	1.0	10.0	-25.0	2b_15r	15.0	2.0	bipolar		[8884.911448897059, 1344.0510389476128, 8213.772137775735]	[8891.797517784928, 1393.5446590791612, 8212.050620553768]
5384.431227006614	2.0	trials	1.0	2.0	75.0	biphasic	1.0	100.0	1.0	10.0	-25.0	2b_15r	15.0	2.0	bipolar		[8884.911448897059, 1344.0510389476128, 8213.772137775735]	[8891.797517784928, 1393.5446590791612, 8212.050620553768]
5386.431228957789	2.0	trials	1.0	2.0	75.0	biphasic	1.0	100.0	1.0	10.0	-25.0	2b_15r	15.0	2.0	bipolar		[8884.911448897059, 1344.0510389476128, 8213.772137775735]	[8891.797517784928, 1393.5446590791612, 8212.050620553768]
5388.43088044978	2.0	trials	1.0	2.0	75.0	biphasic	1.0	100.0	1.0	10.0	-25.0	2b_15r	15.0	2.0	bipolar		[8884.911448897059, 1344.0510389476128, 8213.772137775735]	[8891.797517784928, 1393.5446590791612, 8212.050620553768]
5390.431232860141	2.0	trials	1.0	2.0	75.0	biphasic	1.0	100.0	1.0	10.0	-25.0	2b_15r	15.0	2.0	bipolar		[8884.911448897059, 1344.0510389476128, 8213.772137775735]	[8891.797517784928, 1393.5446590791612, 8212.050620553768]
5392.431234811316	2.0	trials	1.0	2.0	75.0	biphasic	1.0	100.0	1.0	10.0	-25.0	2b_15r	15.0	2.0	bipolar		[8884.911448897059, 1344.0510389476128, 8213.772137775735]	[8891.797517784928, 1393.5446590791612, 8212.050620553768]
5394.4312367624925	2.0	trials	1.0	2.0	75.0	biphasic	1.0	100.0	1.0	10.0	-25.0	2b_15r	15.0	2.0	bipolar		[8884.911448897059, 1344.0510389476128, 8213.772137775735]	[8891.797517784928, 1393.5446590791612, 8212.050620553768]
5396.430887734169	2.0	trials	1.0	2.0	75.0	biphasic	1.0	100.0	1.0	10.0	-25.0	2b_15r	15.0	2.0	bipolar		[8884.911448897059, 1344.0510389476128, 8213.772137775735]	[8891.797517784928, 1393.5446590791612, 8212.050620553768]
5398.430889555266	2.0	trials	1.0	2.0	75.0	biphasic	1.0	100.0	1.0	10.0	-25.0	2b_15r	15.0	2.0	bipolar		[8884.911448897059, 1344.0510389476128, 8213.772137775735]	[8891.797517784928, 1393.5446590791612, 8212.050620553768]
5400.43124261602	2.0	trials	1.0	2.0	75.0	biphasic	1.0	100.0	1.0	10.0	-25.0	2b_15r	15.0	2.0	bipolar		[8884.911448897059, 1344.0510389476128, 8213.772137775735]	[8891.797517784928, 1393.5446590791612, 8212.050620553768]
5402.431244567195	2.0	trials	1.0	2.0	75.0	biphasic	1.0	100.0	1.0	10.0	-25.0	2b_15r	15.0	2.0	bipolar		[8884.911448897059, 1344.0510389476128, 8213.772137775735]	[8891.797517784928, 1393.5446590791612, 8212.050620553768]
5404.430895018558	2.0	trials	1.0	2.0	75.0	biphasic	1.0	100.0	1.0	10.0	-25.0	2b_15r	15.0	2.0	bipolar		[8884.911448897059, 1344.0510389476128, 8213.772137775735]	[8891.797517784928, 1393.5446590791612, 8212.050620553768]
5406.430896839654	2.0	trials	1.0	2.0	75.0	biphasic	1.0	100.0	1.0	10.0	-25.0	2b_15r	15.0	2.0	bipolar		[8884.911448897059, 1344.0510389476128, 8213.772137775735]	[8891.797517784928, 1393.5446590791612, 8212.050620553768]
5408.431250420722	2.0	trials	1.0	2.0	75.0	biphasic	1.0	100.0	1.0	10.0	-25.0	2b_15r	15.0	2.0	bipolar		[8884.911448897059, 1344.0510389476128, 8213.772137775735]	[8891.797517784928, 1393.5446590791612, 8212.050620553768]
5410.43090048185	2.0	trials	1.0	2.0	75.0	biphasic	1.0	100.0	1.0	10.0	-25.0	2b_15r	15.0	2.0	bipolar		[8884.911448897059, 1344.0510389476128, 8213.772137775735]	[8891.797517784928, 1393.5446590791612, 8212.050620553768]
5412.430902302946	2.0	trials	1.0	2.0	75.0	biphasic	1.0	100.0	1.0	10.0	-25.0	2b_15r	15.0	2.0	bipolar		[8884.911448897059, 1344.0510389476128, 8213.772137775735]	[8891.797517784928, 1393.5446590791612, 8212.050620553768]
5414.4308708239805	2.0	trials	1.0	2.0	75.0	biphasic	1.0	100.0	1.0	10.0	-25.0	2b_15r	15.0	2.0	bipolar		[8884.911448897059, 1344.0510389476128, 8213.772137775735]	[8891.797517784928, 1393.5446590791612, 8212.050620553768]
5416.430520364841	2.0	trials	1.0	2.0	75.0	biphasic	1.0	100.0	1.0	10.0	-25.0	2b_15r	15.0	2.0	bipolar		[8884.911448897059, 1344.0510389476128, 8213.772137775735]	[8891.797517784928, 1393.5446590791612, 8212.050620553768]
5418.430874466175	2.0	trials	1.0	2.0	75.0	biphasic	1.0	100.0	1.0	10.0	-25.0	2b_15r	15.0	2.0	bipolar		[8884.911448897059, 1344.0510389476128, 8213.772137775735]	[8891.797517784928, 1393.5446590791612, 8212.050620553768]
5420.430876287272	2.0	trials	1.0	2.0	75.0	biphasic	1.0	100.0	1.0	10.0	-25.0	2b_15r	15.0	2.0	bipolar		[8884.911448897059, 1344.0510389476128, 8213.772137775735]	[8891.797517784928, 1393.5446590791612, 8212.050620553768]
5422.430878108369	2.0	trials	1.0	2.0	75.0	biphasic	1.0	100.0	1.0	10.0	-25.0	2b_15r	15.0	2.0	bipolar		[8884.911448897059, 1344.0510389476128, 8213.772137775735]	[8891.797517784928, 1393.5446590791612, 8212.050620553768]
5424.430527128916	2.0	trials	1.0	2.0	75.0	biphasic	1.0	100.0	1.0	10.0	-25.0	2b_15r	15.0	2.0	bipolar		[8884.911448897059, 1344.0510389476128, 8213.772137775735]	[8891.797517784928, 1393.5446590791612, 8212.050620553768]
5426.430881750564	2.0	trials	1.0	2.0	75.0	biphasic	1.0	100.0	1.0	10.0	-25.0	2b_15r	15.0	2.0	bipolar		[8884.911448897059, 1344.0510389476128, 8213.772137775735]	[8891.797517784928, 1393.5446590791612, 8212.050620553768]
5428.430883571661	2.0	trials	1.0	2.0	75.0	biphasic	1.0	100.0	1.0	10.0	-25.0	2b_15r	15.0	2.0	bipolar		[8884.911448897059, 1344.0510389476128, 8213.772137775735]	[8891.797517784928, 1393.5446590791612, 8212.050620553768]
5430.430885392758	2.0	trials	1.0	2.0	75.0	biphasic	1.0	100.0	1.0	10.0	-25.0	2b_15r	15.0	2.0	bipolar		[8884.911448897059, 1344.0510389476128, 8213.772137775735]	[8891.797517784928, 1393.5446590791612, 8212.050620553768]
5432.430533892991	2.0	trials	1.0	2.0	75.0	biphasic	1.0	100.0	1.0	10.0	-25.0	2b_15r	15.0	2.0	bipolar		[8884.911448897059, 1344.0510389476128, 8213.772137775735]	[8891.797517784928, 1393.5446590791612, 8212.050620553768]
5434.430889034952	2.0	trials	1.0	2.0	75.0	biphasic	1.0	100.0	1.0	10.0	-25.0	2b_15r	15.0	2.0	bipolar		[8884.911448897059, 1344.0510389476128, 8213.772137775735]	[8891.797517784928, 1393.5446590791612, 8212.050620553768]
5436.43089085605	2.0	trials	1.0	2.0	75.0	biphasic	1.0	100.0	1.0	10.0	-25.0	2b_15r	15.0	2.0	bipolar		[8884.911448897059, 1344.0510389476128, 8213.772137775735]	[8891.797517784928, 1393.5446590791612, 8212.050620553768]
5438.430892677147	2.0	trials	1.0	2.0	75.0	biphasic	1.0	100.0	1.0	10.0	-25.0	2b_15r	15.0	2.0	bipolar		[8884.911448897059, 1344.0510389476128, 8213.772137775735]	[8891.797517784928, 1393.5446590791612, 8212.050620553768]
5440.430540657067	2.0	trials	1.0	2.0	75.0	biphasic	1.0	100.0	1.0	10.0	-25.0	2b_15r	15.0	2.0	bipolar		[8884.911448897059, 1344.0510389476128, 8213.772137775735]	[8891.797517784928, 1393.5446590791612, 8212.050620553768]
5442.430896319342	2.0	trials	1.0	2.0	75.0	biphasic	1.0	100.0	1.0	10.0	-25.0	2b_15r	15.0	2.0	bipolar		[8884.911448897059, 1344.0510389476128, 8213.772137775735]	[8891.797517784928, 1393.5446590791612, 8212.050620553768]
5444.430864840375	2.0	trials	1.0	2.0	75.0	biphasic	1.0	100.0	1.0	10.0	-25.0	2b_15r	15.0	2.0	bipolar		[8884.911448897059, 1344.0510389476128, 8213.772137775735]	[8891.797517784928, 1393.5446590791612, 8212.050620553768]
5446.4308666614725	2.0	trials	1.0	2.0	75.0	biphasic	1.0	100.0	1.0	10.0	-25.0	2b_15r	15.0	2.0	bipolar		[8884.911448897059, 1344.0510389476128, 8213.772137775735]	[8891.797517784928, 1393.5446590791612, 8212.050620553768]
5448.43051412108	2.0	trials	1.0	2.0	75.0	biphasic	1.0	100.0	1.0	10.0	-25.0	2b_15r	15.0	2.0	bipolar		[8884.911448897059, 1344.0510389476128, 8213.772137775735]	[8891.797517784928, 1393.5446590791612, 8212.050620553768]
5450.430515812099	2.0	trials	1.0	2.0	75.0	biphasic	1.0	100.0	1.0	10.0	-25.0	2b_15r	15.0	2.0	bipolar		[8884.911448897059, 1344.0510389476128, 8213.772137775735]	[8891.797517784928, 1393.5446590791612, 8212.050620553768]
5452.430872124764	2.0	trials	1.0	2.0	75.0	biphasic	1.0	100.0	1.0	10.0	-25.0	2b_15r	15.0	2.0	bipolar		[8884.911448897059, 1344.0510389476128, 8213.772137775735]	[8891.797517784928, 1393.5446590791612, 8212.050620553768]
5454.430873945861	2.0	trials	1.0	2.0	75.0	biphasic	1.0	100.0	1.0	10.0	-25.0	2b_15r	15.0	2.0	bipolar		[8884.911448897059, 1344.0510389476128, 8213.772137775735]	[8891.797517784928, 1393.5446590791612, 8212.050620553768]
5456.431230648808	2.0	trials	1.0	2.0	75.0	biphasic	1.0	100.0	1.0	10.0	-25.0	2b_15r	15.0	2.0	bipolar		[8884.911448897059, 1344.0510389476128, 8213.772137775735]	[8891.797517784928, 1393.5446590791612, 8212.050620553768]
5458.430877588055	2.0	trials	1.0	2.0	75.0	biphasic	1.0	100.0	1.0	10.0	-25.0	2b_15r	15.0	2.0	bipolar		[8884.911448897059, 1344.0510389476128, 8213.772137775735]	[8891.797517784928, 1393.5446590791612, 8212.050620553768]
5460.43123455116	2.0	trials	1.0	2.0	75.0	biphasic	1.0	100.0	1.0	10.0	-25.0	2b_15r	15.0	2.0	bipolar		[8884.911448897059, 1344.0510389476128, 8213.772137775735]	[8891.797517784928, 1393.5446590791612, 8212.050620553768]
5462.431236502335	2.0	trials	1.0	2.0	75.0	biphasic	1.0	100.0	1.0	10.0	-25.0	2b_15r	15.0	2.0	bipolar		[8884.911448897059, 1344.0510389476128, 8213.772137775735]	[8891.797517784928, 1393.5446590791612, 8212.050620553768]
5464.431238453512	2.0	trials	1.0	2.0	75.0	biphasic	1.0	100.0	1.0	10.0	-25.0	2b_15r	15.0	2.0	bipolar		[8884.911448897059, 1344.0510389476128, 8213.772137775735]	[8891.797517784928, 1393.5446590791612, 8212.050620553768]
5466.430884872445	2.0	trials	1.0	2.0	75.0	biphasic	1.0	100.0	1.0	10.0	-25.0	2b_15r	15.0	2.0	bipolar		[8884.911448897059, 1344.0510389476128, 8213.772137775735]	[8891.797517784928, 1393.5446590791612, 8212.050620553768]
5468.430886693542	2.0	trials	1.0	2.0	75.0	biphasic	1.0	100.0	1.0	10.0	-25.0	2b_15r	15.0	2.0	bipolar		[8884.911448897059, 1344.0510389476128, 8213.772137775735]	[8891.797517784928, 1393.5446590791612, 8212.050620553768]
5470.431244307039	2.0	trials	1.0	2.0	75.0	biphasic	1.0	100.0	1.0	10.0	-25.0	2b_15r	15.0	2.0	bipolar		[8884.911448897059, 1344.0510389476128, 8213.772137775735]	[8891.797517784928, 1393.5446590791612, 8212.050620553768]
5472.431246258214	2.0	trials	1.0	2.0	75.0	biphasic	1.0	100.0	1.0	10.0	-25.0	2b_15r	15.0	2.0	bipolar		[8884.911448897059, 1344.0510389476128, 8213.772137775735]	[8891.797517784928, 1393.5446590791612, 8212.050620553768]
5474.43085885677	2.0	trials	1.0	2.0	75.0	biphasic	1.0	100.0	1.0	10.0	-25.0	2b_15r	15.0	2.0	bipolar		[8884.911448897059, 1344.0510389476128, 8213.772137775735]	[8891.797517784928, 1393.5446590791612, 8212.050620553768]
5476.430860677867	2.0	trials	1.0	2.0	75.0	biphasic	1.0	100.0	1.0	10.0	-25.0	2b_15r	15.0	2.0	bipolar		[8884.911448897059, 1344.0510389476128, 8213.772137775735]	[8891.797517784928, 1393.5446590791612, 8212.050620553768]
5478.431218811676	2.0	trials	1.0	2.0	75.0	biphasic	1.0	100.0	1.0	10.0	-25.0	2b_15r	15.0	2.0	bipolar		[8884.911448897059, 1344.0510389476128, 8213.772137775735]	[8891.797517784928, 1393.5446590791612, 8212.050620553768]
5480.431220762851	2.0	trials	1.0	2.0	75.0	biphasic	1.0	100.0	1.0	10.0	-25.0	2b_15r	15.0	2.0	bipolar		[8884.911448897059, 1344.0510389476128, 8213.772137775735]	[8891.797517784928, 1393.5446590791612, 8212.050620553768]
5482.430866141159	2.0	trials	1.0	2.0	75.0	biphasic	1.0	100.0	1.0	10.0	-25.0	2b_15r	15.0	2.0	bipolar		[8884.911448897059, 1344.0510389476128, 8213.772137775735]	[8891.797517784928, 1393.5446590791612, 8212.050620553768]
5484.430867962256	2.0	trials	1.0	2.0	75.0	biphasic	1.0	100.0	1.0	10.0	-25.0	2b_15r	15.0	2.0	bipolar		[8884.911448897059, 1344.0510389476128, 8213.772137775735]	[8891.797517784928, 1393.5446590791612, 8212.050620553768]
5486.430512950375	2.0	trials	1.0	2.0	75.0	biphasic	1.0	100.0	1.0	10.0	-25.0	2b_15r	15.0	2.0	bipolar		[8884.911448897059, 1344.0510389476128, 8213.772137775735]	[8891.797517784928, 1393.5446590791612, 8212.050620553768]
5488.431228567554	2.0	trials	1.0	2.0	75.0	biphasic	1.0	100.0	1.0	10.0	-25.0	2b_15r	15.0	2.0	bipolar		[8884.911448897059, 1344.0510389476128, 8213.772137775735]	[8891.797517784928, 1393.5446590791612, 8212.050620553768]
5544.750764031636	2.0	trials	1.0	2.0	75.0	biphasic	2.0	100.0	1.0	10.0	25.0	2b_15r	15.0	2.0	bipolar		[8884.911448897059, 1344.0510389476128, 8213.772137775735]	[8891.797517784928, 1393.5446590791612, 8212.050620553768]
5546.7507659828125	2.0	trials	1.0	2.0	75.0	biphasic	2.0	100.0	1.0	10.0	25.0	2b_15r	15.0	2.0	bipolar		[8884.911448897059, 1344.0510389476128, 8213.772137775735]	[8891.797517784928, 1393.5446590791612, 8212.050620553768]
5548.750407047751	2.0	trials	1.0	2.0	75.0	biphasic	2.0	100.0	1.0	10.0	25.0	2b_15r	15.0	2.0	bipolar		[8884.911448897059, 1344.0510389476128, 8213.772137775735]	[8891.797517784928, 1393.5446590791612, 8212.050620553768]
5550.750408868847	2.0	trials	1.0	2.0	75.0	biphasic	2.0	100.0	1.0	10.0	25.0	2b_15r	15.0	2.0	bipolar		[8884.911448897059, 1344.0510389476128, 8213.772137775735]	[8891.797517784928, 1393.5446590791612, 8212.050620553768]
5552.75077183634	2.0	trials	1.0	2.0	75.0	biphasic	2.0	100.0	1.0	10.0	25.0	2b_15r	15.0	2.0	bipolar		[8884.911448897059, 1344.0510389476128, 8213.772137775735]	[8891.797517784928, 1393.5446590791612, 8212.050620553768]
5554.75074048745	2.0	trials	1.0	2.0	75.0	biphasic	2.0	100.0	1.0	10.0	25.0	2b_15r	15.0	2.0	bipolar		[8884.911448897059, 1344.0510389476128, 8213.772137775735]	[8891.797517784928, 1393.5446590791612, 8212.050620553768]
5556.750381032076	2.0	trials	1.0	2.0	75.0	biphasic	2.0	100.0	1.0	10.0	25.0	2b_15r	15.0	2.0	bipolar		[8884.911448897059, 1344.0510389476128, 8213.772137775735]	[8891.797517784928, 1393.5446590791612, 8212.050620553768]
5558.750382853173	2.0	trials	1.0	2.0	75.0	biphasic	2.0	100.0	1.0	10.0	25.0	2b_15r	15.0	2.0	bipolar		[8884.911448897059, 1344.0510389476128, 8213.772137775735]	[8891.797517784928, 1393.5446590791612, 8212.050620553768]
5560.750023007611	2.0	trials	1.0	2.0	75.0	biphasic	2.0	100.0	1.0	10.0	25.0	2b_15r	15.0	2.0	bipolar		[8884.911448897059, 1344.0510389476128, 8213.772137775735]	[8891.797517784928, 1393.5446590791612, 8212.050620553768]
5562.751110088984	2.0	trials	1.0	2.0	75.0	biphasic	2.0	100.0	1.0	10.0	25.0	2b_15r	15.0	2.0	bipolar		[8884.911448897059, 1344.0510389476128, 8213.772137775735]	[8891.797517784928, 1393.5446590791612, 8212.050620553768]
5564.750750243328	2.0	trials	1.0	2.0	75.0	biphasic	2.0	100.0	1.0	10.0	25.0	2b_15r	15.0	2.0	bipolar		[8884.911448897059, 1344.0510389476128, 8213.772137775735]	[8891.797517784928, 1393.5446590791612, 8212.050620553768]
5566.750752194504	2.0	trials	1.0	2.0	75.0	biphasic	2.0	100.0	1.0	10.0	25.0	2b_15r	15.0	2.0	bipolar		[8884.911448897059, 1344.0510389476128, 8213.772137775735]	[8891.797517784928, 1393.5446590791612, 8212.050620553768]
5568.750754145679	2.0	trials	1.0	2.0	75.0	biphasic	2.0	100.0	1.0	10.0	25.0	2b_15r	15.0	2.0	bipolar		[8884.911448897059, 1344.0510389476128, 8213.772137775735]	[8891.797517784928, 1393.5446590791612, 8212.050620553768]
5570.751118414001	2.0	trials	1.0	2.0	75.0	biphasic	2.0	100.0	1.0	10.0	25.0	2b_15r	15.0	2.0	bipolar		[8884.911448897059, 1344.0510389476128, 8213.772137775735]	[8891.797517784928, 1393.5446590791612, 8212.050620553768]
5572.750758048031	2.0	trials	1.0	2.0	75.0	biphasic	2.0	100.0	1.0	10.0	25.0	2b_15r	15.0	2.0	bipolar		[8884.911448897059, 1344.0510389476128, 8213.772137775735]	[8891.797517784928, 1393.5446590791612, 8212.050620553768]
5574.750759999207	2.0	trials	1.0	2.0	75.0	biphasic	2.0	100.0	1.0	10.0	25.0	2b_15r	15.0	2.0	bipolar		[8884.911448897059, 1344.0510389476128, 8213.772137775735]	[8891.797517784928, 1393.5446590791612, 8212.050620553768]
5576.750761950382	2.0	trials	1.0	2.0	75.0	biphasic	2.0	100.0	1.0	10.0	25.0	2b_15r	15.0	2.0	bipolar		[8884.911448897059, 1344.0510389476128, 8213.772137775735]	[8891.797517784928, 1393.5446590791612, 8212.050620553768]
5578.750401064145	2.0	trials	1.0	2.0	75.0	biphasic	2.0	100.0	1.0	10.0	25.0	2b_15r	15.0	2.0	bipolar		[8884.911448897059, 1344.0510389476128, 8213.772137775735]	[8891.797517784928, 1393.5446590791612, 8212.050620553768]
5580.750765852734	2.0	trials	1.0	2.0	75.0	biphasic	2.0	100.0	1.0	10.0	25.0	2b_15r	15.0	2.0	bipolar		[8884.911448897059, 1344.0510389476128, 8213.772137775735]	[8891.797517784928, 1393.5446590791612, 8212.050620553768]
5582.750767803909	2.0	trials	1.0	2.0	75.0	biphasic	2.0	100.0	1.0	10.0	25.0	2b_15r	15.0	2.0	bipolar		[8884.911448897059, 1344.0510389476128, 8213.772137775735]	[8891.797517784928, 1393.5446590791612, 8212.050620553768]
5584.7507697550855	2.0	trials	1.0	2.0	75.0	biphasic	2.0	100.0	1.0	10.0	25.0	2b_15r	15.0	2.0	bipolar		[8884.911448897059, 1344.0510389476128, 8213.772137775735]	[8891.797517784928, 1393.5446590791612, 8212.050620553768]
5586.75037504847	2.0	trials	1.0	2.0	75.0	biphasic	2.0	100.0	1.0	10.0	25.0	2b_15r	15.0	2.0	bipolar		[8884.911448897059, 1344.0510389476128, 8213.772137775735]	[8891.797517784928, 1393.5446590791612, 8212.050620553768]
5588.750740357371	2.0	trials	1.0	2.0	75.0	biphasic	2.0	100.0	1.0	10.0	25.0	2b_15r	15.0	2.0	bipolar		[8884.911448897059, 1344.0510389476128, 8213.772137775735]	[8891.797517784928, 1393.5446590791612, 8212.050620553768]
5590.750742308546	2.0	trials	1.0	2.0	75.0	biphasic	2.0	100.0	1.0	10.0	25.0	2b_15r	15.0	2.0	bipolar		[8884.911448897059, 1344.0510389476128, 8213.772137775735]	[8891.797517784928, 1393.5446590791612, 8212.050620553768]
5592.7507442597225	2.0	trials	1.0	2.0	75.0	biphasic	2.0	100.0	1.0	10.0	25.0	2b_15r	15.0	2.0	bipolar		[8884.911448897059, 1344.0510389476128, 8213.772137775735]	[8891.797517784928, 1393.5446590791612, 8212.050620553768]
5594.75038233286	2.0	trials	1.0	2.0	75.0	biphasic	2.0	100.0	1.0	10.0	25.0	2b_15r	15.0	2.0	bipolar		[8884.911448897059, 1344.0510389476128, 8213.772137775735]	[8891.797517784928, 1393.5446590791612, 8212.050620553768]
5596.750748162074	2.0	trials	1.0	2.0	75.0	biphasic	2.0	100.0	1.0	10.0	25.0	2b_15r	15.0	2.0	bipolar		[8884.911448897059, 1344.0510389476128, 8213.772137775735]	[8891.797517784928, 1393.5446590791612, 8212.050620553768]
5598.7507501132495	2.0	trials	1.0	2.0	75.0	biphasic	2.0	100.0	1.0	10.0	25.0	2b_15r	15.0	2.0	bipolar		[8884.911448897059, 1344.0510389476128, 8213.772137775735]	[8891.797517784928, 1393.5446590791612, 8212.050620553768]
5600.750752064425	2.0	trials	1.0	2.0	75.0	biphasic	2.0	100.0	1.0	10.0	25.0	2b_15r	15.0	2.0	bipolar		[8884.911448897059, 1344.0510389476128, 8213.772137775735]	[8891.797517784928, 1393.5446590791612, 8212.050620553768]
5602.750389617248	2.0	trials	1.0	2.0	75.0	biphasic	2.0	100.0	1.0	10.0	25.0	2b_15r	15.0	2.0	bipolar		[8884.911448897059, 1344.0510389476128, 8213.772137775735]	[8891.797517784928, 1393.5446590791612, 8212.050620553768]
5604.7507559667765	2.0	trials	1.0	2.0	75.0	biphasic	2.0	100.0	1.0	10.0	25.0	2b_15r	15.0	2.0	bipolar		[8884.911448897059, 1344.0510389476128, 8213.772137775735]	[8891.797517784928, 1393.5446590791612, 8212.050620553768]
5606.750757917953	2.0	trials	1.0	2.0	75.0	biphasic	2.0	100.0	1.0	10.0	25.0	2b_15r	15.0	2.0	bipolar		[8884.911448897059, 1344.0510389476128, 8213.772137775735]	[8891.797517784928, 1393.5446590791612, 8212.050620553768]
5608.750759869128	2.0	trials	1.0	2.0	75.0	biphasic	2.0	100.0	1.0	10.0	25.0	2b_15r	15.0	2.0	bipolar		[8884.911448897059, 1344.0510389476128, 8213.772137775735]	[8891.797517784928, 1393.5446590791612, 8212.050620553768]
5610.750396901637	2.0	trials	1.0	2.0	75.0	biphasic	2.0	100.0	1.0	10.0	25.0	2b_15r	15.0	2.0	bipolar		[8884.911448897059, 1344.0510389476128, 8213.772137775735]	[8891.797517784928, 1393.5446590791612, 8212.050620553768]
5612.750398722735	2.0	trials	1.0	2.0	75.0	biphasic	2.0	100.0	1.0	10.0	25.0	2b_15r	15.0	2.0	bipolar		[8884.911448897059, 1344.0510389476128, 8213.772137775735]	[8891.797517784928, 1393.5446590791612, 8212.050620553768]
5614.750765722655	2.0	trials	1.0	2.0	75.0	biphasic	2.0	100.0	1.0	10.0	25.0	2b_15r	15.0	2.0	bipolar		[8884.911448897059, 1344.0510389476128, 8213.772137775735]	[8891.797517784928, 1393.5446590791612, 8212.050620553768]
5616.750734373765	2.0	trials	1.0	2.0	75.0	biphasic	2.0	100.0	1.0	10.0	25.0	2b_15r	15.0	2.0	bipolar		[8884.911448897059, 1344.0510389476128, 8213.772137775735]	[8891.797517784928, 1393.5446590791612, 8212.050620553768]
5618.750370885962	2.0	trials	1.0	2.0	75.0	biphasic	2.0	100.0	1.0	10.0	25.0	2b_15r	15.0	2.0	bipolar		[8884.911448897059, 1344.0510389476128, 8213.772137775735]	[8891.797517784928, 1393.5446590791612, 8212.050620553768]
5620.75037270706	2.0	trials	1.0	2.0	75.0	biphasic	2.0	100.0	1.0	10.0	25.0	2b_15r	15.0	2.0	bipolar		[8884.911448897059, 1344.0510389476128, 8213.772137775735]	[8891.797517784928, 1393.5446590791612, 8212.050620553768]
5622.750740227292	2.0	trials	1.0	2.0	75.0	biphasic	2.0	100.0	1.0	10.0	25.0	2b_15r	15.0	2.0	bipolar		[8884.911448897059, 1344.0510389476128, 8213.772137775735]	[8891.797517784928, 1393.5446590791612, 8212.050620553768]
5624.7507421784685	2.0	trials	1.0	2.0	75.0	biphasic	2.0	100.0	1.0	10.0	25.0	2b_15r	15.0	2.0	bipolar		[8884.911448897059, 1344.0510389476128, 8213.772137775735]	[8891.797517784928, 1393.5446590791612, 8212.050620553768]
5626.750378170352	2.0	trials	1.0	2.0	75.0	biphasic	2.0	100.0	1.0	10.0	25.0	2b_15r	15.0	2.0	bipolar		[8884.911448897059, 1344.0510389476128, 8213.772137775735]	[8891.797517784928, 1393.5446590791612, 8212.050620553768]
5628.750379991448	2.0	trials	1.0	2.0	75.0	biphasic	2.0	100.0	1.0	10.0	25.0	2b_15r	15.0	2.0	bipolar		[8884.911448897059, 1344.0510389476128, 8213.772137775735]	[8891.797517784928, 1393.5446590791612, 8212.050620553768]
5630.750015593144	2.0	trials	1.0	2.0	75.0	biphasic	2.0	100.0	1.0	10.0	25.0	2b_15r	15.0	2.0	bipolar		[8884.911448897059, 1344.0510389476128, 8213.772137775735]	[8891.797517784928, 1393.5446590791612, 8212.050620553768]
5632.750749983171	2.0	trials	1.0	2.0	75.0	biphasic	2.0	100.0	1.0	10.0	25.0	2b_15r	15.0	2.0	bipolar		[8884.911448897059, 1344.0510389476128, 8213.772137775735]	[8891.797517784928, 1393.5446590791612, 8212.050620553768]
5634.75038545474	2.0	trials	1.0	2.0	75.0	biphasic	2.0	100.0	1.0	10.0	25.0	2b_15r	15.0	2.0	bipolar		[8884.911448897059, 1344.0510389476128, 8213.772137775735]	[8891.797517784928, 1393.5446590791612, 8212.050620553768]
5636.750387275838	2.0	trials	1.0	2.0	75.0	biphasic	2.0	100.0	1.0	10.0	25.0	2b_15r	15.0	2.0	bipolar		[8884.911448897059, 1344.0510389476128, 8213.772137775735]	[8891.797517784928, 1393.5446590791612, 8212.050620553768]
5638.750022357219	2.0	trials	1.0	2.0	75.0	biphasic	2.0	100.0	1.0	10.0	25.0	2b_15r	15.0	2.0	bipolar		[8884.911448897059, 1344.0510389476128, 8213.772137775735]	[8891.797517784928, 1393.5446590791612, 8212.050620553768]
5640.750757787874	2.0	trials	1.0	2.0	75.0	biphasic	2.0	100.0	1.0	10.0	25.0	2b_15r	15.0	2.0	bipolar		[8884.911448897059, 1344.0510389476128, 8213.772137775735]	[8891.797517784928, 1393.5446590791612, 8212.050620553768]
5642.7507597390495	2.0	trials	1.0	2.0	75.0	biphasic	2.0	100.0	1.0	10.0	25.0	2b_15r	15.0	2.0	bipolar		[8884.911448897059, 1344.0510389476128, 8213.772137775735]	[8891.797517784928, 1393.5446590791612, 8212.050620553768]
5644.750761690226	2.0	trials	1.0	2.0	75.0	biphasic	2.0	100.0	1.0	10.0	25.0	2b_15r	15.0	2.0	bipolar		[8884.911448897059, 1344.0510389476128, 8213.772137775735]	[8891.797517784928, 1393.5446590791612, 8212.050620553768]
5646.750730341336	2.0	trials	1.0	2.0	75.0	biphasic	2.0	100.0	1.0	10.0	25.0	2b_15r	15.0	2.0	bipolar		[8884.911448897059, 1344.0510389476128, 8213.772137775735]	[8891.797517784928, 1393.5446590791612, 8212.050620553768]
5648.750364902357	2.0	trials	1.0	2.0	75.0	biphasic	2.0	100.0	1.0	10.0	25.0	2b_15r	15.0	2.0	bipolar		[8884.911448897059, 1344.0510389476128, 8213.772137775735]	[8891.797517784928, 1393.5446590791612, 8212.050620553768]
5650.750734243687	2.0	trials	1.0	2.0	75.0	biphasic	2.0	100.0	1.0	10.0	25.0	2b_15r	15.0	2.0	bipolar		[8884.911448897059, 1344.0510389476128, 8213.772137775735]	[8891.797517784928, 1393.5446590791612, 8212.050620553768]
5652.750736194863	2.0	trials	1.0	2.0	75.0	biphasic	2.0	100.0	1.0	10.0	25.0	2b_15r	15.0	2.0	bipolar		[8884.911448897059, 1344.0510389476128, 8213.772137775735]	[8891.797517784928, 1393.5446590791612, 8212.050620553768]
5654.750738146038	2.0	trials	1.0	2.0	75.0	biphasic	2.0	100.0	1.0	10.0	25.0	2b_15r	15.0	2.0	bipolar		[8884.911448897059, 1344.0510389476128, 8213.772137775735]	[8891.797517784928, 1393.5446590791612, 8212.050620553768]
5656.750372186746	2.0	trials	1.0	2.0	75.0	biphasic	2.0	100.0	1.0	10.0	25.0	2b_15r	15.0	2.0	bipolar		[8884.911448897059, 1344.0510389476128, 8213.772137775735]	[8891.797517784928, 1393.5446590791612, 8212.050620553768]
5658.75074204839	2.0	trials	1.0	2.0	75.0	biphasic	2.0	100.0	1.0	10.0	25.0	2b_15r	15.0	2.0	bipolar		[8884.911448897059, 1344.0510389476128, 8213.772137775735]	[8891.797517784928, 1393.5446590791612, 8212.050620553768]
5660.750743999565	2.0	trials	1.0	2.0	75.0	biphasic	2.0	100.0	1.0	10.0	25.0	2b_15r	15.0	2.0	bipolar		[8884.911448897059, 1344.0510389476128, 8213.772137775735]	[8891.797517784928, 1393.5446590791612, 8212.050620553768]
5662.7507459507415	2.0	trials	1.0	2.0	75.0	biphasic	2.0	100.0	1.0	10.0	25.0	2b_15r	15.0	2.0	bipolar		[8884.911448897059, 1344.0510389476128, 8213.772137775735]	[8891.797517784928, 1393.5446590791612, 8212.050620553768]
5664.750379471136	2.0	trials	1.0	2.0	75.0	biphasic	2.0	100.0	1.0	10.0	25.0	2b_15r	15.0	2.0	bipolar		[8884.911448897059, 1344.0510389476128, 8213.772137775735]	[8891.797517784928, 1393.5446590791612, 8212.050620553768]
5666.750381292232	2.0	trials	1.0	2.0	75.0	biphasic	2.0	100.0	1.0	10.0	25.0	2b_15r	15.0	2.0	bipolar		[8884.911448897059, 1344.0510389476128, 8213.772137775735]	[8891.797517784928, 1393.5446590791612, 8212.050620553768]
5668.7507518042685	2.0	trials	1.0	2.0	75.0	biphasic	2.0	100.0	1.0	10.0	25.0	2b_15r	15.0	2.0	bipolar		[8884.911448897059, 1344.0510389476128, 8213.772137775735]	[8891.797517784928, 1393.5446590791612, 8212.050620553768]
5670.750753755444	2.0	trials	1.0	2.0	75.0	biphasic	2.0	100.0	1.0	10.0	25.0	2b_15r	15.0	2.0	bipolar		[8884.911448897059, 1344.0510389476128, 8213.772137775735]	[8891.797517784928, 1393.5446590791612, 8212.050620553768]
5672.750386755524	2.0	trials	1.0	2.0	75.0	biphasic	2.0	100.0	1.0	10.0	25.0	2b_15r	15.0	2.0	bipolar		[8884.911448897059, 1344.0510389476128, 8213.772137775735]	[8891.797517784928, 1393.5446590791612, 8212.050620553768]
5674.750388576621	2.0	trials	1.0	2.0	75.0	biphasic	2.0	100.0	1.0	10.0	25.0	2b_15r	15.0	2.0	bipolar		[8884.911448897059, 1344.0510389476128, 8213.772137775735]	[8891.797517784928, 1393.5446590791612, 8212.050620553768]
5676.750759608972	2.0	trials	1.0	2.0	75.0	biphasic	2.0	100.0	1.0	10.0	25.0	2b_15r	15.0	2.0	bipolar		[8884.911448897059, 1344.0510389476128, 8213.772137775735]	[8891.797517784928, 1393.5446590791612, 8212.050620553768]
5678.750728260081	2.0	trials	1.0	2.0	75.0	biphasic	2.0	100.0	1.0	10.0	25.0	2b_15r	15.0	2.0	bipolar		[8884.911448897059, 1344.0510389476128, 8213.772137775735]	[8891.797517784928, 1393.5446590791612, 8212.050620553768]
5680.750360739849	2.0	trials	1.0	2.0	75.0	biphasic	2.0	100.0	1.0	10.0	25.0	2b_15r	15.0	2.0	bipolar		[8884.911448897059, 1344.0510389476128, 8213.772137775735]	[8891.797517784928, 1393.5446590791612, 8212.050620553768]
5682.750362560947	2.0	trials	1.0	2.0	75.0	biphasic	2.0	100.0	1.0	10.0	25.0	2b_15r	15.0	2.0	bipolar		[8884.911448897059, 1344.0510389476128, 8213.772137775735]	[8891.797517784928, 1393.5446590791612, 8212.050620553768]
5684.750734113609	2.0	trials	1.0	2.0	75.0	biphasic	2.0	100.0	1.0	10.0	25.0	2b_15r	15.0	2.0	bipolar		[8884.911448897059, 1344.0510389476128, 8213.772137775735]	[8891.797517784928, 1393.5446590791612, 8212.050620553768]
5686.750736064784	2.0	trials	1.0	2.0	75.0	biphasic	2.0	100.0	1.0	10.0	25.0	2b_15r	15.0	2.0	bipolar		[8884.911448897059, 1344.0510389476128, 8213.772137775735]	[8891.797517784928, 1393.5446590791612, 8212.050620553768]
5688.750368024238	2.0	trials	1.0	2.0	75.0	biphasic	2.0	100.0	1.0	10.0	25.0	2b_15r	15.0	2.0	bipolar		[8884.911448897059, 1344.0510389476128, 8213.772137775735]	[8891.797517784928, 1393.5446590791612, 8212.050620553768]
5690.750369845336	2.0	trials	1.0	2.0	75.0	biphasic	2.0	100.0	1.0	10.0	25.0	2b_15r	15.0	2.0	bipolar		[8884.911448897059, 1344.0510389476128, 8213.772137775735]	[8891.797517784928, 1393.5446590791612, 8212.050620553768]
5692.750741918311	2.0	trials	1.0	2.0	75.0	biphasic	2.0	100.0	1.0	10.0	25.0	2b_15r	15.0	2.0	bipolar		[8884.911448897059, 1344.0510389476128, 8213.772137775735]	[8891.797517784928, 1393.5446590791612, 8212.050620553768]
5725.616508247457	2.0	trials	1.0	2.0	75.0	biphasic	3.0	100.0	1.0	10.0	-50.0	2b_15r	15.0	2.0	bipolar		[8884.911448897059, 1344.0510389476128, 8213.772137775735]	[8891.797517784928, 1393.5446590791612, 8212.050620553768]
5727.616137679113	2.0	trials	1.0	2.0	75.0	biphasic	3.0	100.0	1.0	10.0	-50.0	2b_15r	15.0	2.0	bipolar		[8884.911448897059, 1344.0510389476128, 8213.772137775735]	[8891.797517784928, 1393.5446590791612, 8212.050620553768]
5729.616512149809	2.0	trials	1.0	2.0	75.0	biphasic	3.0	100.0	1.0	10.0	-50.0	2b_15r	15.0	2.0	bipolar		[8884.911448897059, 1344.0510389476128, 8213.772137775735]	[8891.797517784928, 1393.5446590791612, 8212.050620553768]
5731.616514100984	2.0	trials	1.0	2.0	75.0	biphasic	3.0	100.0	1.0	10.0	-50.0	2b_15r	15.0	2.0	bipolar		[8884.911448897059, 1344.0510389476128, 8213.772137775735]	[8891.797517784928, 1393.5446590791612, 8212.050620553768]
5733.6165160521605	2.0	trials	1.0	2.0	75.0	biphasic	3.0	100.0	1.0	10.0	-50.0	2b_15r	15.0	2.0	bipolar		[8884.911448897059, 1344.0510389476128, 8213.772137775735]	[8891.797517784928, 1393.5446590791612, 8212.050620553768]
5735.616144963502	2.0	trials	1.0	2.0	75.0	biphasic	3.0	100.0	1.0	10.0	-50.0	2b_15r	15.0	2.0	bipolar		[8884.911448897059, 1344.0510389476128, 8213.772137775735]	[8891.797517784928, 1393.5446590791612, 8212.050620553768]
5737.616519954511	2.0	trials	1.0	2.0	75.0	biphasic	3.0	100.0	1.0	10.0	-50.0	2b_15r	15.0	2.0	bipolar		[8884.911448897059, 1344.0510389476128, 8213.772137775735]	[8891.797517784928, 1393.5446590791612, 8212.050620553768]
5739.616521905688	2.0	trials	1.0	2.0	75.0	biphasic	3.0	100.0	1.0	10.0	-50.0	2b_15r	15.0	2.0	bipolar		[8884.911448897059, 1344.0510389476128, 8213.772137775735]	[8891.797517784928, 1393.5446590791612, 8212.050620553768]
5741.616523856863	2.0	trials	1.0	2.0	75.0	biphasic	3.0	100.0	1.0	10.0	-50.0	2b_15r	15.0	2.0	bipolar		[8884.911448897059, 1344.0510389476128, 8213.772137775735]	[8891.797517784928, 1393.5446590791612, 8212.050620553768]
5743.616152247891	2.0	trials	1.0	2.0	75.0	biphasic	3.0	100.0	1.0	10.0	-50.0	2b_15r	15.0	2.0	bipolar		[8884.911448897059, 1344.0510389476128, 8213.772137775735]	[8891.797517784928, 1393.5446590791612, 8212.050620553768]
5745.616154068988	2.0	trials	1.0	2.0	75.0	biphasic	3.0	100.0	1.0	10.0	-50.0	2b_15r	15.0	2.0	bipolar		[8884.911448897059, 1344.0510389476128, 8213.772137775735]	[8891.797517784928, 1393.5446590791612, 8212.050620553768]
5747.61652971039	2.0	trials	1.0	2.0	75.0	biphasic	3.0	100.0	1.0	10.0	-50.0	2b_15r	15.0	2.0	bipolar		[8884.911448897059, 1344.0510389476128, 8213.772137775735]	[8891.797517784928, 1393.5446590791612, 8212.050620553768]
5749.616531661566	2.0	trials	1.0	2.0	75.0	biphasic	3.0	100.0	1.0	10.0	-50.0	2b_15r	15.0	2.0	bipolar		[8884.911448897059, 1344.0510389476128, 8213.772137775735]	[8891.797517784928, 1393.5446590791612, 8212.050620553768]
5751.61615953228	2.0	trials	1.0	2.0	75.0	biphasic	3.0	100.0	1.0	10.0	-50.0	2b_15r	15.0	2.0	bipolar		[8884.911448897059, 1344.0510389476128, 8213.772137775735]	[8891.797517784928, 1393.5446590791612, 8212.050620553768]
5753.616161353377	2.0	trials	1.0	2.0	75.0	biphasic	3.0	100.0	1.0	10.0	-50.0	2b_15r	15.0	2.0	bipolar		[8884.911448897059, 1344.0510389476128, 8213.772137775735]	[8891.797517784928, 1393.5446590791612, 8212.050620553768]
5755.616504215028	2.0	trials	1.0	2.0	75.0	biphasic	3.0	100.0	1.0	10.0	-50.0	2b_15r	15.0	2.0	bipolar		[8884.911448897059, 1344.0510389476128, 8213.772137775735]	[8891.797517784928, 1393.5446590791612, 8212.050620553768]
5757.616506166203	2.0	trials	1.0	2.0	75.0	biphasic	3.0	100.0	1.0	10.0	-50.0	2b_15r	15.0	2.0	bipolar		[8884.911448897059, 1344.0510389476128, 8213.772137775735]	[8891.797517784928, 1393.5446590791612, 8212.050620553768]
5759.616133516605	2.0	trials	1.0	2.0	75.0	biphasic	3.0	100.0	1.0	10.0	-50.0	2b_15r	15.0	2.0	bipolar		[8884.911448897059, 1344.0510389476128, 8213.772137775735]	[8891.797517784928, 1393.5446590791612, 8212.050620553768]
5761.616135337702	2.0	trials	1.0	2.0	75.0	biphasic	3.0	100.0	1.0	10.0	-50.0	2b_15r	15.0	2.0	bipolar		[8884.911448897059, 1344.0510389476128, 8213.772137775735]	[8891.797517784928, 1393.5446590791612, 8212.050620553768]
5763.61651201973	2.0	trials	1.0	2.0	75.0	biphasic	3.0	100.0	1.0	10.0	-50.0	2b_15r	15.0	2.0	bipolar		[8884.911448897059, 1344.0510389476128, 8213.772137775735]	[8891.797517784928, 1393.5446590791612, 8212.050620553768]
5765.616513970906	2.0	trials	1.0	2.0	75.0	biphasic	3.0	100.0	1.0	10.0	-50.0	2b_15r	15.0	2.0	bipolar		[8884.911448897059, 1344.0510389476128, 8213.772137775735]	[8891.797517784928, 1393.5446590791612, 8212.050620553768]
5767.616140800994	2.0	trials	1.0	2.0	75.0	biphasic	3.0	100.0	1.0	10.0	-50.0	2b_15r	15.0	2.0	bipolar		[8884.911448897059, 1344.0510389476128, 8213.772137775735]	[8891.797517784928, 1393.5446590791612, 8212.050620553768]
5769.616142622092	2.0	trials	1.0	2.0	75.0	biphasic	3.0	100.0	1.0	10.0	-50.0	2b_15r	15.0	2.0	bipolar		[8884.911448897059, 1344.0510389476128, 8213.772137775735]	[8891.797517784928, 1393.5446590791612, 8212.050620553768]
5771.616519824433	2.0	trials	1.0	2.0	75.0	biphasic	3.0	100.0	1.0	10.0	-50.0	2b_15r	15.0	2.0	bipolar		[8884.911448897059, 1344.0510389476128, 8213.772137775735]	[8891.797517784928, 1393.5446590791612, 8212.050620553768]
5773.616146264286	2.0	trials	1.0	2.0	75.0	biphasic	3.0	100.0	1.0	10.0	-50.0	2b_15r	15.0	2.0	bipolar		[8884.911448897059, 1344.0510389476128, 8213.772137775735]	[8891.797517784928, 1393.5446590791612, 8212.050620553768]
5775.616148085383	2.0	trials	1.0	2.0	75.0	biphasic	3.0	100.0	1.0	10.0	-50.0	2b_15r	15.0	2.0	bipolar		[8884.911448897059, 1344.0510389476128, 8213.772137775735]	[8891.797517784928, 1393.5446590791612, 8212.050620553768]
5777.61614990648	2.0	trials	1.0	2.0	75.0	biphasic	3.0	100.0	1.0	10.0	-50.0	2b_15r	15.0	2.0	bipolar		[8884.911448897059, 1344.0510389476128, 8213.772137775735]	[8891.797517784928, 1393.5446590791612, 8212.050620553768]
5779.615775826068	2.0	trials	1.0	2.0	75.0	biphasic	3.0	100.0	1.0	10.0	-50.0	2b_15r	15.0	2.0	bipolar		[8884.911448897059, 1344.0510389476128, 8213.772137775735]	[8891.797517784928, 1393.5446590791612, 8212.050620553768]
5781.616153548674	2.0	trials	1.0	2.0	75.0	biphasic	3.0	100.0	1.0	10.0	-50.0	2b_15r	15.0	2.0	bipolar		[8884.911448897059, 1344.0510389476128, 8213.772137775735]	[8891.797517784928, 1393.5446590791612, 8212.050620553768]
5783.616155369772	2.0	trials	1.0	2.0	75.0	biphasic	3.0	100.0	1.0	10.0	-50.0	2b_15r	15.0	2.0	bipolar		[8884.911448897059, 1344.0510389476128, 8213.772137775735]	[8891.797517784928, 1393.5446590791612, 8212.050620553768]
5785.616123890805	2.0	trials	1.0	2.0	75.0	biphasic	3.0	100.0	1.0	10.0	-50.0	2b_15r	15.0	2.0	bipolar		[8884.911448897059, 1344.0510389476128, 8213.772137775735]	[8891.797517784928, 1393.5446590791612, 8212.050620553768]
5787.615749290081	2.0	trials	1.0	2.0	75.0	biphasic	3.0	100.0	1.0	10.0	-50.0	2b_15r	15.0	2.0	bipolar		[8884.911448897059, 1344.0510389476128, 8213.772137775735]	[8891.797517784928, 1393.5446590791612, 8212.050620553768]
5789.616127533	2.0	trials	1.0	2.0	75.0	biphasic	3.0	100.0	1.0	10.0	-50.0	2b_15r	15.0	2.0	bipolar		[8884.911448897059, 1344.0510389476128, 8213.772137775735]	[8891.797517784928, 1393.5446590791612, 8212.050620553768]
5791.6165060361245	2.0	trials	1.0	2.0	75.0	biphasic	3.0	100.0	1.0	10.0	-50.0	2b_15r	15.0	2.0	bipolar		[8884.911448897059, 1344.0510389476128, 8213.772137775735]	[8891.797517784928, 1393.5446590791612, 8212.050620553768]
5793.616507987301	2.0	trials	1.0	2.0	75.0	biphasic	3.0	100.0	1.0	10.0	-50.0	2b_15r	15.0	2.0	bipolar		[8884.911448897059, 1344.0510389476128, 8213.772137775735]	[8891.797517784928, 1393.5446590791612, 8212.050620553768]
5795.616509938476	2.0	trials	1.0	2.0	75.0	biphasic	3.0	100.0	1.0	10.0	-50.0	2b_15r	15.0	2.0	bipolar		[8884.911448897059, 1344.0510389476128, 8213.772137775735]	[8891.797517784928, 1393.5446590791612, 8212.050620553768]
5797.616134817389	2.0	trials	1.0	2.0	75.0	biphasic	3.0	100.0	1.0	10.0	-50.0	2b_15r	15.0	2.0	bipolar		[8884.911448897059, 1344.0510389476128, 8213.772137775735]	[8891.797517784928, 1393.5446590791612, 8212.050620553768]
5799.616513840828	2.0	trials	1.0	2.0	75.0	biphasic	3.0	100.0	1.0	10.0	-50.0	2b_15r	15.0	2.0	bipolar		[8884.911448897059, 1344.0510389476128, 8213.772137775735]	[8891.797517784928, 1393.5446590791612, 8212.050620553768]
5801.616515792003	2.0	trials	1.0	2.0	75.0	biphasic	3.0	100.0	1.0	10.0	-50.0	2b_15r	15.0	2.0	bipolar		[8884.911448897059, 1344.0510389476128, 8213.772137775735]	[8891.797517784928, 1393.5446590791612, 8212.050620553768]
5803.616517743179	2.0	trials	1.0	2.0	75.0	biphasic	3.0	100.0	1.0	10.0	-50.0	2b_15r	15.0	2.0	bipolar		[8884.911448897059, 1344.0510389476128, 8213.772137775735]	[8891.797517784928, 1393.5446590791612, 8212.050620553768]
5805.616142101778	2.0	trials	1.0	2.0	75.0	biphasic	3.0	100.0	1.0	10.0	-50.0	2b_15r	15.0	2.0	bipolar		[8884.911448897059, 1344.0510389476128, 8213.772137775735]	[8891.797517784928, 1393.5446590791612, 8212.050620553768]
5807.61652164553	2.0	trials	1.0	2.0	75.0	biphasic	3.0	100.0	1.0	10.0	-50.0	2b_15r	15.0	2.0	bipolar		[8884.911448897059, 1344.0510389476128, 8213.772137775735]	[8891.797517784928, 1393.5446590791612, 8212.050620553768]
5809.616523596706	2.0	trials	1.0	2.0	75.0	biphasic	3.0	100.0	1.0	10.0	-50.0	2b_15r	15.0	2.0	bipolar		[8884.911448897059, 1344.0510389476128, 8213.772137775735]	[8891.797517784928, 1393.5446590791612, 8212.050620553768]
5811.616525547882	2.0	trials	1.0	2.0	75.0	biphasic	3.0	100.0	1.0	10.0	-50.0	2b_15r	15.0	2.0	bipolar		[8884.911448897059, 1344.0510389476128, 8213.772137775735]	[8891.797517784928, 1393.5446590791612, 8212.050620553768]
5813.616149386166	2.0	trials	1.0	2.0	75.0	biphasic	3.0	100.0	1.0	10.0	-50.0	2b_15r	15.0	2.0	bipolar		[8884.911448897059, 1344.0510389476128, 8213.772137775735]	[8891.797517784928, 1393.5446590791612, 8212.050620553768]
5815.6161179072005	2.0	trials	1.0	2.0	75.0	biphasic	3.0	100.0	1.0	10.0	-50.0	2b_15r	15.0	2.0	bipolar		[8884.911448897059, 1344.0510389476128, 8213.772137775735]	[8891.797517784928, 1393.5446590791612, 8212.050620553768]
5817.616498101344	2.0	trials	1.0	2.0	75.0	biphasic	3.0	100.0	1.0	10.0	-50.0	2b_15r	15.0	2.0	bipolar		[8884.911448897059, 1344.0510389476128, 8213.772137775735]	[8891.797517784928, 1393.5446590791612, 8212.050620553768]
5819.616500052519	2.0	trials	1.0	2.0	75.0	biphasic	3.0	100.0	1.0	10.0	-50.0	2b_15r	15.0	2.0	bipolar		[8884.911448897059, 1344.0510389476128, 8213.772137775735]	[8891.797517784928, 1393.5446590791612, 8212.050620553768]
5821.616123370492	2.0	trials	1.0	2.0	75.0	biphasic	3.0	100.0	1.0	10.0	-50.0	2b_15r	15.0	2.0	bipolar		[8884.911448897059, 1344.0510389476128, 8213.772137775735]	[8891.797517784928, 1393.5446590791612, 8212.050620553768]
5823.616125191589	2.0	trials	1.0	2.0	75.0	biphasic	3.0	100.0	1.0	10.0	-50.0	2b_15r	15.0	2.0	bipolar		[8884.911448897059, 1344.0510389476128, 8213.772137775735]	[8891.797517784928, 1393.5446590791612, 8212.050620553768]
5825.616505906047	2.0	trials	1.0	2.0	75.0	biphasic	3.0	100.0	1.0	10.0	-50.0	2b_15r	15.0	2.0	bipolar		[8884.911448897059, 1344.0510389476128, 8213.772137775735]	[8891.797517784928, 1393.5446590791612, 8212.050620553768]
5827.616507857222	2.0	trials	1.0	2.0	75.0	biphasic	3.0	100.0	1.0	10.0	-50.0	2b_15r	15.0	2.0	bipolar		[8884.911448897059, 1344.0510389476128, 8213.772137775735]	[8891.797517784928, 1393.5446590791612, 8212.050620553768]
5829.616130654881	2.0	trials	1.0	2.0	75.0	biphasic	3.0	100.0	1.0	10.0	-50.0	2b_15r	15.0	2.0	bipolar		[8884.911448897059, 1344.0510389476128, 8213.772137775735]	[8891.797517784928, 1393.5446590791612, 8212.050620553768]
5831.616132475978	2.0	trials	1.0	2.0	75.0	biphasic	3.0	100.0	1.0	10.0	-50.0	2b_15r	15.0	2.0	bipolar		[8884.911448897059, 1344.0510389476128, 8213.772137775735]	[8891.797517784928, 1393.5446590791612, 8212.050620553768]
5833.616134297075	2.0	trials	1.0	2.0	75.0	biphasic	3.0	100.0	1.0	10.0	-50.0	2b_15r	15.0	2.0	bipolar		[8884.911448897059, 1344.0510389476128, 8213.772137775735]	[8891.797517784928, 1393.5446590791612, 8212.050620553768]
5835.616515661925	2.0	trials	1.0	2.0	75.0	biphasic	3.0	100.0	1.0	10.0	-50.0	2b_15r	15.0	2.0	bipolar		[8884.911448897059, 1344.0510389476128, 8213.772137775735]	[8891.797517784928, 1393.5446590791612, 8212.050620553768]
5837.61613793927	2.0	trials	1.0	2.0	75.0	biphasic	3.0	100.0	1.0	10.0	-50.0	2b_15r	15.0	2.0	bipolar		[8884.911448897059, 1344.0510389476128, 8213.772137775735]	[8891.797517784928, 1393.5446590791612, 8212.050620553768]
5839.616139760367	2.0	trials	1.0	2.0	75.0	biphasic	3.0	100.0	1.0	10.0	-50.0	2b_15r	15.0	2.0	bipolar		[8884.911448897059, 1344.0510389476128, 8213.772137775735]	[8891.797517784928, 1393.5446590791612, 8212.050620553768]
5841.616141581464	2.0	trials	1.0	2.0	75.0	biphasic	3.0	100.0	1.0	10.0	-50.0	2b_15r	15.0	2.0	bipolar		[8884.911448897059, 1344.0510389476128, 8213.772137775735]	[8891.797517784928, 1393.5446590791612, 8212.050620553768]
5843.616523466628	2.0	trials	1.0	2.0	75.0	biphasic	3.0	100.0	1.0	10.0	-50.0	2b_15r	15.0	2.0	bipolar		[8884.911448897059, 1344.0510389476128, 8213.772137775735]	[8891.797517784928, 1393.5446590791612, 8212.050620553768]
5845.616145223658	2.0	trials	1.0	2.0	75.0	biphasic	3.0	100.0	1.0	10.0	-50.0	2b_15r	15.0	2.0	bipolar		[8884.911448897059, 1344.0510389476128, 8213.772137775735]	[8891.797517784928, 1393.5446590791612, 8212.050620553768]
5847.6161137446925	2.0	trials	1.0	2.0	75.0	biphasic	3.0	100.0	1.0	10.0	-50.0	2b_15r	15.0	2.0	bipolar		[8884.911448897059, 1344.0510389476128, 8213.772137775735]	[8891.797517784928, 1393.5446590791612, 8212.050620553768]
5849.615735111539	2.0	trials	1.0	2.0	75.0	biphasic	3.0	100.0	1.0	10.0	-50.0	2b_15r	15.0	2.0	bipolar		[8884.911448897059, 1344.0510389476128, 8213.772137775735]	[8891.797517784928, 1393.5446590791612, 8212.050620553768]
5851.616497971265	2.0	trials	1.0	2.0	75.0	biphasic	3.0	100.0	1.0	10.0	-50.0	2b_15r	15.0	2.0	bipolar		[8884.911448897059, 1344.0510389476128, 8213.772137775735]	[8891.797517784928, 1393.5446590791612, 8212.050620553768]
5853.616119207984	2.0	trials	1.0	2.0	75.0	biphasic	3.0	100.0	1.0	10.0	-50.0	2b_15r	15.0	2.0	bipolar		[8884.911448897059, 1344.0510389476128, 8213.772137775735]	[8891.797517784928, 1393.5446590791612, 8212.050620553768]
5855.616121029081	2.0	trials	1.0	2.0	75.0	biphasic	3.0	100.0	1.0	10.0	-50.0	2b_15r	15.0	2.0	bipolar		[8884.911448897059, 1344.0510389476128, 8213.772137775735]	[8891.797517784928, 1393.5446590791612, 8212.050620553768]
5857.615741875614	2.0	trials	1.0	2.0	75.0	biphasic	3.0	100.0	1.0	10.0	-50.0	2b_15r	15.0	2.0	bipolar		[8884.911448897059, 1344.0510389476128, 8213.772137775735]	[8891.797517784928, 1393.5446590791612, 8212.050620553768]
5859.616505775968	2.0	trials	1.0	2.0	75.0	biphasic	3.0	100.0	1.0	10.0	-50.0	2b_15r	15.0	2.0	bipolar		[8884.911448897059, 1344.0510389476128, 8213.772137775735]	[8891.797517784928, 1393.5446590791612, 8212.050620553768]
5861.616126492373	2.0	trials	1.0	2.0	75.0	biphasic	3.0	100.0	1.0	10.0	-50.0	2b_15r	15.0	2.0	bipolar		[8884.911448897059, 1344.0510389476128, 8213.772137775735]	[8891.797517784928, 1393.5446590791612, 8212.050620553768]
5863.61612831347	2.0	trials	1.0	2.0	75.0	biphasic	3.0	100.0	1.0	10.0	-50.0	2b_15r	15.0	2.0	bipolar		[8884.911448897059, 1344.0510389476128, 8213.772137775735]	[8891.797517784928, 1393.5446590791612, 8212.050620553768]
5865.61574863969	2.0	trials	1.0	2.0	75.0	biphasic	3.0	100.0	1.0	10.0	-50.0	2b_15r	15.0	2.0	bipolar		[8884.911448897059, 1344.0510389476128, 8213.772137775735]	[8891.797517784928, 1393.5446590791612, 8212.050620553768]
5867.615750330708	2.0	trials	1.0	2.0	75.0	biphasic	3.0	100.0	1.0	10.0	-50.0	2b_15r	15.0	2.0	bipolar		[8884.911448897059, 1344.0510389476128, 8213.772137775735]	[8891.797517784928, 1393.5446590791612, 8212.050620553768]
5869.616133776762	2.0	trials	1.0	2.0	75.0	biphasic	3.0	100.0	1.0	10.0	-50.0	2b_15r	15.0	2.0	bipolar		[8884.911448897059, 1344.0510389476128, 8213.772137775735]	[8891.797517784928, 1393.5446590791612, 8212.050620553768]
5871.616135597859	2.0	trials	1.0	2.0	75.0	biphasic	3.0	100.0	1.0	10.0	-50.0	2b_15r	15.0	2.0	bipolar		[8884.911448897059, 1344.0510389476128, 8213.772137775735]	[8891.797517784928, 1393.5446590791612, 8212.050620553768]
5873.616519434198	2.0	trials	1.0	2.0	75.0	biphasic	3.0	100.0	1.0	10.0	-50.0	2b_15r	15.0	2.0	bipolar		[8884.911448897059, 1344.0510389476128, 8213.772137775735]	[8891.797517784928, 1393.5446590791612, 8212.050620553768]
5934.678131080757	2.0	trials	1.0	2.0	75.0	biphasic	4.0	100.0	1.0	10.0	50.0	2b_15r	15.0	2.0	bipolar		[8884.911448897059, 1344.0510389476128, 8213.772137775735]	[8891.797517784928, 1393.5446590791612, 8212.050620553768]
5936.677746785162	2.0	trials	1.0	2.0	75.0	biphasic	4.0	100.0	1.0	10.0	50.0	2b_15r	15.0	2.0	bipolar		[8884.911448897059, 1344.0510389476128, 8213.772137775735]	[8891.797517784928, 1393.5446590791612, 8212.050620553768]
5938.677748476181	2.0	trials	1.0	2.0	75.0	biphasic	4.0	100.0	1.0	10.0	50.0	2b_15r	15.0	2.0	bipolar		[8884.911448897059, 1344.0510389476128, 8213.772137775735]	[8891.797517784928, 1393.5446590791612, 8212.050620553768]
5940.678136544049	2.0	trials	1.0	2.0	75.0	biphasic	4.0	100.0	1.0	10.0	50.0	2b_15r	15.0	2.0	bipolar		[8884.911448897059, 1344.0510389476128, 8213.772137775735]	[8891.797517784928, 1393.5446590791612, 8212.050620553768]
5942.678138365146	2.0	trials	1.0	2.0	75.0	biphasic	4.0	100.0	1.0	10.0	50.0	2b_15r	15.0	2.0	bipolar		[8884.911448897059, 1344.0510389476128, 8213.772137775735]	[8891.797517784928, 1393.5446590791612, 8212.050620553768]
5944.677753549237	2.0	trials	1.0	2.0	75.0	biphasic	4.0	100.0	1.0	10.0	50.0	2b_15r	15.0	2.0	bipolar		[8884.911448897059, 1344.0510389476128, 8213.772137775735]	[8891.797517784928, 1393.5446590791612, 8212.050620553768]
5946.677755240256	2.0	trials	1.0	2.0	75.0	biphasic	4.0	100.0	1.0	10.0	50.0	2b_15r	15.0	2.0	bipolar		[8884.911448897059, 1344.0510389476128, 8213.772137775735]	[8891.797517784928, 1393.5446590791612, 8212.050620553768]
5948.678530725652	2.0	trials	1.0	2.0	75.0	biphasic	4.0	100.0	1.0	10.0	50.0	2b_15r	15.0	2.0	bipolar		[8884.911448897059, 1344.0510389476128, 8213.772137775735]	[8891.797517784928, 1393.5446590791612, 8212.050620553768]
5950.678532676828	2.0	trials	1.0	2.0	75.0	biphasic	4.0	100.0	1.0	10.0	50.0	2b_15r	15.0	2.0	bipolar		[8884.911448897059, 1344.0510389476128, 8213.772137775735]	[8891.797517784928, 1393.5446590791612, 8212.050620553768]
5952.678534628003	2.0	trials	1.0	2.0	75.0	biphasic	4.0	100.0	1.0	10.0	50.0	2b_15r	15.0	2.0	bipolar		[8884.911448897059, 1344.0510389476128, 8213.772137775735]	[8891.797517784928, 1393.5446590791612, 8212.050620553768]
5954.678115991666	2.0	trials	1.0	2.0	75.0	biphasic	4.0	100.0	1.0	10.0	50.0	2b_15r	15.0	2.0	bipolar		[8884.911448897059, 1344.0510389476128, 8213.772137775735]	[8891.797517784928, 1393.5446590791612, 8212.050620553768]
5956.678505230289	2.0	trials	1.0	2.0	75.0	biphasic	4.0	100.0	1.0	10.0	50.0	2b_15r	15.0	2.0	bipolar		[8884.911448897059, 1344.0510389476128, 8213.772137775735]	[8891.797517784928, 1393.5446590791612, 8212.050620553768]
5958.678507181465	2.0	trials	1.0	2.0	75.0	biphasic	4.0	100.0	1.0	10.0	50.0	2b_15r	15.0	2.0	bipolar		[8884.911448897059, 1344.0510389476128, 8213.772137775735]	[8891.797517784928, 1393.5446590791612, 8212.050620553768]
5960.678509132641	2.0	trials	1.0	2.0	75.0	biphasic	4.0	100.0	1.0	10.0	50.0	2b_15r	15.0	2.0	bipolar		[8884.911448897059, 1344.0510389476128, 8213.772137775735]	[8891.797517784928, 1393.5446590791612, 8212.050620553768]
5962.678123276055	2.0	trials	1.0	2.0	75.0	biphasic	4.0	100.0	1.0	10.0	50.0	2b_15r	15.0	2.0	bipolar		[8884.911448897059, 1344.0510389476128, 8213.772137775735]	[8891.797517784928, 1393.5446590791612, 8212.050620553768]
5964.678125097153	2.0	trials	1.0	2.0	75.0	biphasic	4.0	100.0	1.0	10.0	50.0	2b_15r	15.0	2.0	bipolar		[8884.911448897059, 1344.0510389476128, 8213.772137775735]	[8891.797517784928, 1393.5446590791612, 8212.050620553768]
5966.678514986168	2.0	trials	1.0	2.0	75.0	biphasic	4.0	100.0	1.0	10.0	50.0	2b_15r	15.0	2.0	bipolar		[8884.911448897059, 1344.0510389476128, 8213.772137775735]	[8891.797517784928, 1393.5446590791612, 8212.050620553768]
5968.678516937343	2.0	trials	1.0	2.0	75.0	biphasic	4.0	100.0	1.0	10.0	50.0	2b_15r	15.0	2.0	bipolar		[8884.911448897059, 1344.0510389476128, 8213.772137775735]	[8891.797517784928, 1393.5446590791612, 8212.050620553768]
5970.678130560444	2.0	trials	1.0	2.0	75.0	biphasic	4.0	100.0	1.0	10.0	50.0	2b_15r	15.0	2.0	bipolar		[8884.911448897059, 1344.0510389476128, 8213.772137775735]	[8891.797517784928, 1393.5446590791612, 8212.050620553768]
5972.678132381541	2.0	trials	1.0	2.0	75.0	biphasic	4.0	100.0	1.0	10.0	50.0	2b_15r	15.0	2.0	bipolar		[8884.911448897059, 1344.0510389476128, 8213.772137775735]	[8891.797517784928, 1393.5446590791612, 8212.050620553768]
5974.67852279087	2.0	trials	1.0	2.0	75.0	biphasic	4.0	100.0	1.0	10.0	50.0	2b_15r	15.0	2.0	bipolar		[8884.911448897059, 1344.0510389476128, 8213.772137775735]	[8891.797517784928, 1393.5446590791612, 8212.050620553768]
5976.678524742047	2.0	trials	1.0	2.0	75.0	biphasic	4.0	100.0	1.0	10.0	50.0	2b_15r	15.0	2.0	bipolar		[8884.911448897059, 1344.0510389476128, 8213.772137775735]	[8891.797517784928, 1393.5446590791612, 8212.050620553768]
5978.678137844833	2.0	trials	1.0	2.0	75.0	biphasic	4.0	100.0	1.0	10.0	50.0	2b_15r	15.0	2.0	bipolar		[8884.911448897059, 1344.0510389476128, 8213.772137775735]	[8891.797517784928, 1393.5446590791612, 8212.050620553768]
5980.67813966593	2.0	trials	1.0	2.0	75.0	biphasic	4.0	100.0	1.0	10.0	50.0	2b_15r	15.0	2.0	bipolar		[8884.911448897059, 1344.0510389476128, 8213.772137775735]	[8891.797517784928, 1393.5446590791612, 8212.050620553768]
5982.677752378531	2.0	trials	1.0	2.0	75.0	biphasic	4.0	100.0	1.0	10.0	50.0	2b_15r	15.0	2.0	bipolar		[8884.911448897059, 1344.0510389476128, 8213.772137775735]	[8891.797517784928, 1393.5446590791612, 8212.050620553768]
5984.678143308124	2.0	trials	1.0	2.0	75.0	biphasic	4.0	100.0	1.0	10.0	50.0	2b_15r	15.0	2.0	bipolar		[8884.911448897059, 1344.0510389476128, 8213.772137775735]	[8891.797517784928, 1393.5446590791612, 8212.050620553768]
5986.678111829158	2.0	trials	1.0	2.0	75.0	biphasic	4.0	100.0	1.0	10.0	50.0	2b_15r	15.0	2.0	bipolar		[8884.911448897059, 1344.0510389476128, 8213.772137775735]	[8891.797517784928, 1393.5446590791612, 8212.050620553768]
5988.678113650255	2.0	trials	1.0	2.0	75.0	biphasic	4.0	100.0	1.0	10.0	50.0	2b_15r	15.0	2.0	bipolar		[8884.911448897059, 1344.0510389476128, 8213.772137775735]	[8891.797517784928, 1393.5446590791612, 8212.050620553768]
5990.677725842545	2.0	trials	1.0	2.0	75.0	biphasic	4.0	100.0	1.0	10.0	50.0	2b_15r	15.0	2.0	bipolar		[8884.911448897059, 1344.0510389476128, 8213.772137775735]	[8891.797517784928, 1393.5446590791612, 8212.050620553768]
5992.67811729245	2.0	trials	1.0	2.0	75.0	biphasic	4.0	100.0	1.0	10.0	50.0	2b_15r	15.0	2.0	bipolar		[8884.911448897059, 1344.0510389476128, 8213.772137775735]	[8891.797517784928, 1393.5446590791612, 8212.050620553768]
5994.678119113547	2.0	trials	1.0	2.0	75.0	biphasic	4.0	100.0	1.0	10.0	50.0	2b_15r	15.0	2.0	bipolar		[8884.911448897059, 1344.0510389476128, 8213.772137775735]	[8891.797517784928, 1393.5446590791612, 8212.050620553768]
5996.6781209346445	2.0	trials	1.0	2.0	75.0	biphasic	4.0	100.0	1.0	10.0	50.0	2b_15r	15.0	2.0	bipolar		[8884.911448897059, 1344.0510389476128, 8213.772137775735]	[8891.797517784928, 1393.5446590791612, 8212.050620553768]
5998.67773260662	2.0	trials	1.0	2.0	75.0	biphasic	4.0	100.0	1.0	10.0	50.0	2b_15r	15.0	2.0	bipolar		[8884.911448897059, 1344.0510389476128, 8213.772137775735]	[8891.797517784928, 1393.5446590791612, 8212.050620553768]
6000.677734297639	2.0	trials	1.0	2.0	75.0	biphasic	4.0	100.0	1.0	10.0	50.0	2b_15r	15.0	2.0	bipolar		[8884.911448897059, 1344.0510389476128, 8213.772137775735]	[8891.797517784928, 1393.5446590791612, 8212.050620553768]
6002.6781263979365	2.0	trials	1.0	2.0	75.0	biphasic	4.0	100.0	1.0	10.0	50.0	2b_15r	15.0	2.0	bipolar		[8884.911448897059, 1344.0510389476128, 8213.772137775735]	[8891.797517784928, 1393.5446590791612, 8212.050620553768]
6004.678128219033	2.0	trials	1.0	2.0	75.0	biphasic	4.0	100.0	1.0	10.0	50.0	2b_15r	15.0	2.0	bipolar		[8884.911448897059, 1344.0510389476128, 8213.772137775735]	[8891.797517784928, 1393.5446590791612, 8212.050620553768]
6006.677739370695	2.0	trials	1.0	2.0	75.0	biphasic	4.0	100.0	1.0	10.0	50.0	2b_15r	15.0	2.0	bipolar		[8884.911448897059, 1344.0510389476128, 8213.772137775735]	[8891.797517784928, 1393.5446590791612, 8212.050620553768]
6008.677741061714	2.0	trials	1.0	2.0	75.0	biphasic	4.0	100.0	1.0	10.0	50.0	2b_15r	15.0	2.0	bipolar		[8884.911448897059, 1344.0510389476128, 8213.772137775735]	[8891.797517784928, 1393.5446590791612, 8212.050620553768]
6010.678133682325	2.0	trials	1.0	2.0	75.0	biphasic	4.0	100.0	1.0	10.0	50.0	2b_15r	15.0	2.0	bipolar		[8884.911448897059, 1344.0510389476128, 8213.772137775735]	[8891.797517784928, 1393.5446590791612, 8212.050620553768]
6012.678135503422	2.0	trials	1.0	2.0	75.0	biphasic	4.0	100.0	1.0	10.0	50.0	2b_15r	15.0	2.0	bipolar		[8884.911448897059, 1344.0510389476128, 8213.772137775735]	[8891.797517784928, 1393.5446590791612, 8212.050620553768]
6014.67774613477	2.0	trials	1.0	2.0	75.0	biphasic	4.0	100.0	1.0	10.0	50.0	2b_15r	15.0	2.0	bipolar		[8884.911448897059, 1344.0510389476128, 8213.772137775735]	[8891.797517784928, 1393.5446590791612, 8212.050620553768]
6016.67849716543	2.0	trials	1.0	2.0	75.0	biphasic	4.0	100.0	1.0	10.0	50.0	2b_15r	15.0	2.0	bipolar		[8884.911448897059, 1344.0510389476128, 8213.772137775735]	[8891.797517784928, 1393.5446590791612, 8212.050620553768]
6018.67810766665	2.0	trials	1.0	2.0	75.0	biphasic	4.0	100.0	1.0	10.0	50.0	2b_15r	15.0	2.0	bipolar		[8884.911448897059, 1344.0510389476128, 8213.772137775735]	[8891.797517784928, 1393.5446590791612, 8212.050620553768]
6020.678892647866	2.0	trials	1.0	2.0	75.0	biphasic	4.0	100.0	1.0	10.0	50.0	2b_15r	15.0	2.0	bipolar		[8884.911448897059, 1344.0510389476128, 8213.772137775735]	[8891.797517784928, 1393.5446590791612, 8212.050620553768]
6022.67889472912	2.0	trials	1.0	2.0	75.0	biphasic	4.0	100.0	1.0	10.0	50.0	2b_15r	15.0	2.0	bipolar		[8884.911448897059, 1344.0510389476128, 8213.772137775735]	[8891.797517784928, 1393.5446590791612, 8212.050620553768]
6024.678896810374	2.0	trials	1.0	2.0	75.0	biphasic	4.0	100.0	1.0	10.0	50.0	2b_15r	15.0	2.0	bipolar		[8884.911448897059, 1344.0510389476128, 8213.772137775735]	[8891.797517784928, 1393.5446590791612, 8212.050620553768]
6026.679290861999	2.0	trials	1.0	2.0	75.0	biphasic	4.0	100.0	1.0	10.0	50.0	2b_15r	15.0	2.0	bipolar		[8884.911448897059, 1344.0510389476128, 8213.772137775735]	[8891.797517784928, 1393.5446590791612, 8212.050620553768]
6028.678900972883	2.0	trials	1.0	2.0	75.0	biphasic	4.0	100.0	1.0	10.0	50.0	2b_15r	15.0	2.0	bipolar		[8884.911448897059, 1344.0510389476128, 8213.772137775735]	[8891.797517784928, 1393.5446590791612, 8212.050620553768]
6030.678903054137	2.0	trials	1.0	2.0	75.0	biphasic	4.0	100.0	1.0	10.0	50.0	2b_15r	15.0	2.0	bipolar		[8884.911448897059, 1344.0510389476128, 8213.772137775735]	[8891.797517784928, 1393.5446590791612, 8212.050620553768]
6032.678905135391	2.0	trials	1.0	2.0	75.0	biphasic	4.0	100.0	1.0	10.0	50.0	2b_15r	15.0	2.0	bipolar		[8884.911448897059, 1344.0510389476128, 8213.772137775735]	[8891.797517784928, 1393.5446590791612, 8212.050620553768]
6034.678514726011	2.0	trials	1.0	2.0	75.0	biphasic	4.0	100.0	1.0	10.0	50.0	2b_15r	15.0	2.0	bipolar		[8884.911448897059, 1344.0510389476128, 8213.772137775735]	[8891.797517784928, 1393.5446590791612, 8212.050620553768]
6036.6789092979	2.0	trials	1.0	2.0	75.0	biphasic	4.0	100.0	1.0	10.0	50.0	2b_15r	15.0	2.0	bipolar		[8884.911448897059, 1344.0510389476128, 8213.772137775735]	[8891.797517784928, 1393.5446590791612, 8212.050620553768]
6038.678911379154	2.0	trials	1.0	2.0	75.0	biphasic	4.0	100.0	1.0	10.0	50.0	2b_15r	15.0	2.0	bipolar		[8884.911448897059, 1344.0510389476128, 8213.772137775735]	[8891.797517784928, 1393.5446590791612, 8212.050620553768]
6040.678520579539	2.0	trials	1.0	2.0	75.0	biphasic	4.0	100.0	1.0	10.0	50.0	2b_15r	15.0	2.0	bipolar		[8884.911448897059, 1344.0510389476128, 8213.772137775735]	[8891.797517784928, 1393.5446590791612, 8212.050620553768]
6042.678522530714	2.0	trials	1.0	2.0	75.0	biphasic	4.0	100.0	1.0	10.0	50.0	2b_15r	15.0	2.0	bipolar		[8884.911448897059, 1344.0510389476128, 8213.772137775735]	[8891.797517784928, 1393.5446590791612, 8212.050620553768]
6044.678917622916	2.0	trials	1.0	2.0	75.0	biphasic	4.0	100.0	1.0	10.0	50.0	2b_15r	15.0	2.0	bipolar		[8884.911448897059, 1344.0510389476128, 8213.772137775735]	[8891.797517784928, 1393.5446590791612, 8212.050620553768]
6046.678886404103	2.0	trials	1.0	2.0	75.0	biphasic	4.0	100.0	1.0	10.0	50.0	2b_15r	15.0	2.0	bipolar		[8884.911448897059, 1344.0510389476128, 8213.772137775735]	[8891.797517784928, 1393.5446590791612, 8212.050620553768]
6048.678495084176	2.0	trials	1.0	2.0	75.0	biphasic	4.0	100.0	1.0	10.0	50.0	2b_15r	15.0	2.0	bipolar		[8884.911448897059, 1344.0510389476128, 8213.772137775735]	[8891.797517784928, 1393.5446590791612, 8212.050620553768]
6050.678497035351	2.0	trials	1.0	2.0	75.0	biphasic	4.0	100.0	1.0	10.0	50.0	2b_15r	15.0	2.0	bipolar		[8884.911448897059, 1344.0510389476128, 8213.772137775735]	[8891.797517784928, 1393.5446590791612, 8212.050620553768]
6052.678498986526	2.0	trials	1.0	2.0	75.0	biphasic	4.0	100.0	1.0	10.0	50.0	2b_15r	15.0	2.0	bipolar		[8884.911448897059, 1344.0510389476128, 8213.772137775735]	[8891.797517784928, 1393.5446590791612, 8212.050620553768]
6054.67889472912	2.0	trials	1.0	2.0	75.0	biphasic	4.0	100.0	1.0	10.0	50.0	2b_15r	15.0	2.0	bipolar		[8884.911448897059, 1344.0510389476128, 8213.772137775735]	[8891.797517784928, 1393.5446590791612, 8212.050620553768]
6056.678502888878	2.0	trials	1.0	2.0	75.0	biphasic	4.0	100.0	1.0	10.0	50.0	2b_15r	15.0	2.0	bipolar		[8884.911448897059, 1344.0510389476128, 8213.772137775735]	[8891.797517784928, 1393.5446590791612, 8212.050620553768]
6058.678504840054	2.0	trials	1.0	2.0	75.0	biphasic	4.0	100.0	1.0	10.0	50.0	2b_15r	15.0	2.0	bipolar		[8884.911448897059, 1344.0510389476128, 8213.772137775735]	[8891.797517784928, 1393.5446590791612, 8212.050620553768]
6060.67850679123	2.0	trials	1.0	2.0	75.0	biphasic	4.0	100.0	1.0	10.0	50.0	2b_15r	15.0	2.0	bipolar		[8884.911448897059, 1344.0510389476128, 8213.772137775735]	[8891.797517784928, 1393.5446590791612, 8212.050620553768]
6062.678903054137	2.0	trials	1.0	2.0	75.0	biphasic	4.0	100.0	1.0	10.0	50.0	2b_15r	15.0	2.0	bipolar		[8884.911448897059, 1344.0510389476128, 8213.772137775735]	[8891.797517784928, 1393.5446590791612, 8212.050620553768]
6064.678510693581	2.0	trials	1.0	2.0	75.0	biphasic	4.0	100.0	1.0	10.0	50.0	2b_15r	15.0	2.0	bipolar		[8884.911448897059, 1344.0510389476128, 8213.772137775735]	[8891.797517784928, 1393.5446590791612, 8212.050620553768]
6066.678512644757	2.0	trials	1.0	2.0	75.0	biphasic	4.0	100.0	1.0	10.0	50.0	2b_15r	15.0	2.0	bipolar		[8884.911448897059, 1344.0510389476128, 8213.772137775735]	[8891.797517784928, 1393.5446590791612, 8212.050620553768]
6068.678514595933	2.0	trials	1.0	2.0	75.0	biphasic	4.0	100.0	1.0	10.0	50.0	2b_15r	15.0	2.0	bipolar		[8884.911448897059, 1344.0510389476128, 8213.772137775735]	[8891.797517784928, 1393.5446590791612, 8212.050620553768]
6070.678121715115	2.0	trials	1.0	2.0	75.0	biphasic	4.0	100.0	1.0	10.0	50.0	2b_15r	15.0	2.0	bipolar		[8884.911448897059, 1344.0510389476128, 8213.772137775735]	[8891.797517784928, 1393.5446590791612, 8212.050620553768]
6072.678518498284	2.0	trials	1.0	2.0	75.0	biphasic	4.0	100.0	1.0	10.0	50.0	2b_15r	15.0	2.0	bipolar		[8884.911448897059, 1344.0510389476128, 8213.772137775735]	[8891.797517784928, 1393.5446590791612, 8212.050620553768]
6074.67852044946	2.0	trials	1.0	2.0	75.0	biphasic	4.0	100.0	1.0	10.0	50.0	2b_15r	15.0	2.0	bipolar		[8884.911448897059, 1344.0510389476128, 8213.772137775735]	[8891.797517784928, 1393.5446590791612, 8212.050620553768]
6076.678522400635	2.0	trials	1.0	2.0	75.0	biphasic	4.0	100.0	1.0	10.0	50.0	2b_15r	15.0	2.0	bipolar		[8884.911448897059, 1344.0510389476128, 8213.772137775735]	[8891.797517784928, 1393.5446590791612, 8212.050620553768]
6078.67809569944	2.0	trials	1.0	2.0	75.0	biphasic	4.0	100.0	1.0	10.0	50.0	2b_15r	15.0	2.0	bipolar		[8884.911448897059, 1344.0510389476128, 8213.772137775735]	[8891.797517784928, 1393.5446590791612, 8212.050620553768]
6080.678493002922	2.0	trials	1.0	2.0	75.0	biphasic	4.0	100.0	1.0	10.0	50.0	2b_15r	15.0	2.0	bipolar		[8884.911448897059, 1344.0510389476128, 8213.772137775735]	[8891.797517784928, 1393.5446590791612, 8212.050620553768]
6082.678494954097	2.0	trials	1.0	2.0	75.0	biphasic	4.0	100.0	1.0	10.0	50.0	2b_15r	15.0	2.0	bipolar		[8884.911448897059, 1344.0510389476128, 8213.772137775735]	[8891.797517784928, 1393.5446590791612, 8212.050620553768]
6138.561366301788	2.0	trials	1.0	2.0	75.0	biphasic	5.0	100.0	1.0	10.0	-100.0	2b_15r	15.0	2.0	bipolar		[8884.911448897059, 1344.0510389476128, 8213.772137775735]	[8891.797517784928, 1393.5446590791612, 8212.050620553768]
6140.560969005899	2.0	trials	1.0	2.0	75.0	biphasic	5.0	100.0	1.0	10.0	-100.0	2b_15r	15.0	2.0	bipolar		[8884.911448897059, 1344.0510389476128, 8213.772137775735]	[8891.797517784928, 1393.5446590791612, 8212.050620553768]
6142.5609709570745	2.0	trials	1.0	2.0	75.0	biphasic	5.0	100.0	1.0	10.0	-100.0	2b_15r	15.0	2.0	bipolar		[8884.911448897059, 1344.0510389476128, 8213.772137775735]	[8891.797517784928, 1393.5446590791612, 8212.050620553768]
6144.56097290825	2.0	trials	1.0	2.0	75.0	biphasic	5.0	100.0	1.0	10.0	-100.0	2b_15r	15.0	2.0	bipolar		[8884.911448897059, 1344.0510389476128, 8213.772137775735]	[8891.797517784928, 1393.5446590791612, 8212.050620553768]
6146.561341326737	2.0	trials	1.0	2.0	75.0	biphasic	5.0	100.0	1.0	10.0	-100.0	2b_15r	15.0	2.0	bipolar		[8884.911448897059, 1344.0510389476128, 8213.772137775735]	[8891.797517784928, 1393.5446590791612, 8212.050620553768]
6148.560943510536	2.0	trials	1.0	2.0	75.0	biphasic	5.0	100.0	1.0	10.0	-100.0	2b_15r	15.0	2.0	bipolar		[8884.911448897059, 1344.0510389476128, 8213.772137775735]	[8891.797517784928, 1393.5446590791612, 8212.050620553768]
6150.560945461712	2.0	trials	1.0	2.0	75.0	biphasic	5.0	100.0	1.0	10.0	-100.0	2b_15r	15.0	2.0	bipolar		[8884.911448897059, 1344.0510389476128, 8213.772137775735]	[8891.797517784928, 1393.5446590791612, 8212.050620553768]
6152.560947412887	2.0	trials	1.0	2.0	75.0	biphasic	5.0	100.0	1.0	10.0	-100.0	2b_15r	15.0	2.0	bipolar		[8884.911448897059, 1344.0510389476128, 8213.772137775735]	[8891.797517784928, 1393.5446590791612, 8212.050620553768]
6154.560549076424	2.0	trials	1.0	2.0	75.0	biphasic	5.0	100.0	1.0	10.0	-100.0	2b_15r	15.0	2.0	bipolar		[8884.911448897059, 1344.0510389476128, 8213.772137775735]	[8891.797517784928, 1393.5446590791612, 8212.050620553768]
6156.560951315239	2.0	trials	1.0	2.0	75.0	biphasic	5.0	100.0	1.0	10.0	-100.0	2b_15r	15.0	2.0	bipolar		[8884.911448897059, 1344.0510389476128, 8213.772137775735]	[8891.797517784928, 1393.5446590791612, 8212.050620553768]
6158.560953266415	2.0	trials	1.0	2.0	75.0	biphasic	5.0	100.0	1.0	10.0	-100.0	2b_15r	15.0	2.0	bipolar		[8884.911448897059, 1344.0510389476128, 8213.772137775735]	[8891.797517784928, 1393.5446590791612, 8212.050620553768]
6160.560554539716	2.0	trials	1.0	2.0	75.0	biphasic	5.0	100.0	1.0	10.0	-100.0	2b_15r	15.0	2.0	bipolar		[8884.911448897059, 1344.0510389476128, 8213.772137775735]	[8891.797517784928, 1393.5446590791612, 8212.050620553768]
6162.560556360813	2.0	trials	1.0	2.0	75.0	biphasic	5.0	100.0	1.0	10.0	-100.0	2b_15r	15.0	2.0	bipolar		[8884.911448897059, 1344.0510389476128, 8213.772137775735]	[8891.797517784928, 1393.5446590791612, 8212.050620553768]
6164.560959119942	2.0	trials	1.0	2.0	75.0	biphasic	5.0	100.0	1.0	10.0	-100.0	2b_15r	15.0	2.0	bipolar		[8884.911448897059, 1344.0510389476128, 8213.772137775735]	[8891.797517784928, 1393.5446590791612, 8212.050620553768]
6166.560961071117	2.0	trials	1.0	2.0	75.0	biphasic	5.0	100.0	1.0	10.0	-100.0	2b_15r	15.0	2.0	bipolar		[8884.911448897059, 1344.0510389476128, 8213.772137775735]	[8891.797517784928, 1393.5446590791612, 8212.050620553768]
6168.560561824104	2.0	trials	1.0	2.0	75.0	biphasic	5.0	100.0	1.0	10.0	-100.0	2b_15r	15.0	2.0	bipolar		[8884.911448897059, 1344.0510389476128, 8213.772137775735]	[8891.797517784928, 1393.5446590791612, 8212.050620553768]
6170.560563645202	2.0	trials	1.0	2.0	75.0	biphasic	5.0	100.0	1.0	10.0	-100.0	2b_15r	15.0	2.0	bipolar		[8884.911448897059, 1344.0510389476128, 8213.772137775735]	[8891.797517784928, 1393.5446590791612, 8212.050620553768]
6172.5605654663	2.0	trials	1.0	2.0	75.0	biphasic	5.0	100.0	1.0	10.0	-100.0	2b_15r	15.0	2.0	bipolar		[8884.911448897059, 1344.0510389476128, 8213.772137775735]	[8891.797517784928, 1393.5446590791612, 8212.050620553768]
6174.56096887582	2.0	trials	1.0	2.0	75.0	biphasic	5.0	100.0	1.0	10.0	-100.0	2b_15r	15.0	2.0	bipolar		[8884.911448897059, 1344.0510389476128, 8213.772137775735]	[8891.797517784928, 1393.5446590791612, 8212.050620553768]
6176.560569108494	2.0	trials	1.0	2.0	75.0	biphasic	5.0	100.0	1.0	10.0	-100.0	2b_15r	15.0	2.0	bipolar		[8884.911448897059, 1344.0510389476128, 8213.772137775735]	[8891.797517784928, 1393.5446590791612, 8212.050620553768]
6178.560537629527	2.0	trials	1.0	2.0	75.0	biphasic	5.0	100.0	1.0	10.0	-100.0	2b_15r	15.0	2.0	bipolar		[8884.911448897059, 1344.0510389476128, 8213.772137775735]	[8891.797517784928, 1393.5446590791612, 8212.050620553768]
6180.560539450625	2.0	trials	1.0	2.0	75.0	biphasic	5.0	100.0	1.0	10.0	-100.0	2b_15r	15.0	2.0	bipolar		[8884.911448897059, 1344.0510389476128, 8213.772137775735]	[8891.797517784928, 1393.5446590791612, 8212.050620553768]
6182.5609433804575	2.0	trials	1.0	2.0	75.0	biphasic	5.0	100.0	1.0	10.0	-100.0	2b_15r	15.0	2.0	bipolar		[8884.911448897059, 1344.0510389476128, 8213.772137775735]	[8891.797517784928, 1393.5446590791612, 8212.050620553768]
6184.560543092819	2.0	trials	1.0	2.0	75.0	biphasic	5.0	100.0	1.0	10.0	-100.0	2b_15r	15.0	2.0	bipolar		[8884.911448897059, 1344.0510389476128, 8213.772137775735]	[8891.797517784928, 1393.5446590791612, 8212.050620553768]
6186.560544913916	2.0	trials	1.0	2.0	75.0	biphasic	5.0	100.0	1.0	10.0	-100.0	2b_15r	15.0	2.0	bipolar		[8884.911448897059, 1344.0510389476128, 8213.772137775735]	[8891.797517784928, 1393.5446590791612, 8212.050620553768]
6188.560546735013	2.0	trials	1.0	2.0	75.0	biphasic	5.0	100.0	1.0	10.0	-100.0	2b_15r	15.0	2.0	bipolar		[8884.911448897059, 1344.0510389476128, 8213.772137775735]	[8891.797517784928, 1393.5446590791612, 8212.050620553768]
6190.560951185161	2.0	trials	1.0	2.0	75.0	biphasic	5.0	100.0	1.0	10.0	-100.0	2b_15r	15.0	2.0	bipolar		[8884.911448897059, 1344.0510389476128, 8213.772137775735]	[8891.797517784928, 1393.5446590791612, 8212.050620553768]
6192.560550377208	2.0	trials	1.0	2.0	75.0	biphasic	5.0	100.0	1.0	10.0	-100.0	2b_15r	15.0	2.0	bipolar		[8884.911448897059, 1344.0510389476128, 8213.772137775735]	[8891.797517784928, 1393.5446590791612, 8212.050620553768]
6194.560552198305	2.0	trials	1.0	2.0	75.0	biphasic	5.0	100.0	1.0	10.0	-100.0	2b_15r	15.0	2.0	bipolar		[8884.911448897059, 1344.0510389476128, 8213.772137775735]	[8891.797517784928, 1393.5446590791612, 8212.050620553768]
6196.560554019402	2.0	trials	1.0	2.0	75.0	biphasic	5.0	100.0	1.0	10.0	-100.0	2b_15r	15.0	2.0	bipolar		[8884.911448897059, 1344.0510389476128, 8213.772137775735]	[8891.797517784928, 1393.5446590791612, 8212.050620553768]
6198.560152691188	2.0	trials	1.0	2.0	75.0	biphasic	5.0	100.0	1.0	10.0	-100.0	2b_15r	15.0	2.0	bipolar		[8884.911448897059, 1344.0510389476128, 8213.772137775735]	[8891.797517784928, 1393.5446590791612, 8212.050620553768]
6200.560557661596	2.0	trials	1.0	2.0	75.0	biphasic	5.0	100.0	1.0	10.0	-100.0	2b_15r	15.0	2.0	bipolar		[8884.911448897059, 1344.0510389476128, 8213.772137775735]	[8891.797517784928, 1393.5446590791612, 8212.050620553768]
6202.560559482694	2.0	trials	1.0	2.0	75.0	biphasic	5.0	100.0	1.0	10.0	-100.0	2b_15r	15.0	2.0	bipolar		[8884.911448897059, 1344.0510389476128, 8213.772137775735]	[8891.797517784928, 1393.5446590791612, 8212.050620553768]
6204.560561303792	2.0	trials	1.0	2.0	75.0	biphasic	5.0	100.0	1.0	10.0	-100.0	2b_15r	15.0	2.0	bipolar		[8884.911448897059, 1344.0510389476128, 8213.772137775735]	[8891.797517784928, 1393.5446590791612, 8212.050620553768]
6206.560159455263	2.0	trials	1.0	2.0	75.0	biphasic	5.0	100.0	1.0	10.0	-100.0	2b_15r	15.0	2.0	bipolar		[8884.911448897059, 1344.0510389476128, 8213.772137775735]	[8891.797517784928, 1393.5446590791612, 8212.050620553768]
6208.560531645922	2.0	trials	1.0	2.0	75.0	biphasic	5.0	100.0	1.0	10.0	-100.0	2b_15r	15.0	2.0	bipolar		[8884.911448897059, 1344.0510389476128, 8213.772137775735]	[8891.797517784928, 1393.5446590791612, 8212.050620553768]
6210.560533467019	2.0	trials	1.0	2.0	75.0	biphasic	5.0	100.0	1.0	10.0	-100.0	2b_15r	15.0	2.0	bipolar		[8884.911448897059, 1344.0510389476128, 8213.772137775735]	[8891.797517784928, 1393.5446590791612, 8212.050620553768]
6212.560535288117	2.0	trials	1.0	2.0	75.0	biphasic	5.0	100.0	1.0	10.0	-100.0	2b_15r	15.0	2.0	bipolar		[8884.911448897059, 1344.0510389476128, 8213.772137775735]	[8891.797517784928, 1393.5446590791612, 8212.050620553768]
6214.560132919277	2.0	trials	1.0	2.0	75.0	biphasic	5.0	100.0	1.0	10.0	-100.0	2b_15r	15.0	2.0	bipolar		[8884.911448897059, 1344.0510389476128, 8213.772137775735]	[8891.797517784928, 1393.5446590791612, 8212.050620553768]
6216.560538930311	2.0	trials	1.0	2.0	75.0	biphasic	5.0	100.0	1.0	10.0	-100.0	2b_15r	15.0	2.0	bipolar		[8884.911448897059, 1344.0510389476128, 8213.772137775735]	[8891.797517784928, 1393.5446590791612, 8212.050620553768]
6218.560540751409	2.0	trials	1.0	2.0	75.0	biphasic	5.0	100.0	1.0	10.0	-100.0	2b_15r	15.0	2.0	bipolar		[8884.911448897059, 1344.0510389476128, 8213.772137775735]	[8891.797517784928, 1393.5446590791612, 8212.050620553768]
6220.5609471527305	2.0	trials	1.0	2.0	75.0	biphasic	5.0	100.0	1.0	10.0	-100.0	2b_15r	15.0	2.0	bipolar		[8884.911448897059, 1344.0510389476128, 8213.772137775735]	[8891.797517784928, 1393.5446590791612, 8212.050620553768]
6222.560949103906	2.0	trials	1.0	2.0	75.0	biphasic	5.0	100.0	1.0	10.0	-100.0	2b_15r	15.0	2.0	bipolar		[8884.911448897059, 1344.0510389476128, 8213.772137775735]	[8891.797517784928, 1393.5446590791612, 8212.050620553768]
6224.5605462147	2.0	trials	1.0	2.0	75.0	biphasic	5.0	100.0	1.0	10.0	-100.0	2b_15r	15.0	2.0	bipolar		[8884.911448897059, 1344.0510389476128, 8213.772137775735]	[8891.797517784928, 1393.5446590791612, 8212.050620553768]
6226.5609530062575	2.0	trials	1.0	2.0	75.0	biphasic	5.0	100.0	1.0	10.0	-100.0	2b_15r	15.0	2.0	bipolar		[8884.911448897059, 1344.0510389476128, 8213.772137775735]	[8891.797517784928, 1393.5446590791612, 8212.050620553768]
6228.560954957434	2.0	trials	1.0	2.0	75.0	biphasic	5.0	100.0	1.0	10.0	-100.0	2b_15r	15.0	2.0	bipolar		[8884.911448897059, 1344.0510389476128, 8213.772137775735]	[8891.797517784928, 1393.5446590791612, 8212.050620553768]
6230.560956908609	2.0	trials	1.0	2.0	75.0	biphasic	5.0	100.0	1.0	10.0	-100.0	2b_15r	15.0	2.0	bipolar		[8884.911448897059, 1344.0510389476128, 8213.772137775735]	[8891.797517784928, 1393.5446590791612, 8212.050620553768]
6232.560958859785	2.0	trials	1.0	2.0	75.0	biphasic	5.0	100.0	1.0	10.0	-100.0	2b_15r	15.0	2.0	bipolar		[8884.911448897059, 1344.0510389476128, 8213.772137775735]	[8891.797517784928, 1393.5446590791612, 8212.050620553768]
6234.560960810961	2.0	trials	1.0	2.0	75.0	biphasic	5.0	100.0	1.0	10.0	-100.0	2b_15r	15.0	2.0	bipolar		[8884.911448897059, 1344.0510389476128, 8213.772137775735]	[8891.797517784928, 1393.5446590791612, 8212.050620553768]
6236.560962762136	2.0	trials	1.0	2.0	75.0	biphasic	5.0	100.0	1.0	10.0	-100.0	2b_15r	15.0	2.0	bipolar		[8884.911448897059, 1344.0510389476128, 8213.772137775735]	[8891.797517784928, 1393.5446590791612, 8212.050620553768]
6238.560964713312	2.0	trials	1.0	2.0	75.0	biphasic	5.0	100.0	1.0	10.0	-100.0	2b_15r	15.0	2.0	bipolar		[8884.911448897059, 1344.0510389476128, 8213.772137775735]	[8891.797517784928, 1393.5446590791612, 8212.050620553768]
6240.560527483414	2.0	trials	1.0	2.0	75.0	biphasic	5.0	100.0	1.0	10.0	-100.0	2b_15r	15.0	2.0	bipolar		[8884.911448897059, 1344.0510389476128, 8213.772137775735]	[8891.797517784928, 1393.5446590791612, 8212.050620553768]
6242.560529304511	2.0	trials	1.0	2.0	75.0	biphasic	5.0	100.0	1.0	10.0	-100.0	2b_15r	15.0	2.0	bipolar		[8884.911448897059, 1344.0510389476128, 8213.772137775735]	[8891.797517784928, 1393.5446590791612, 8212.050620553768]
6244.560937266773	2.0	trials	1.0	2.0	75.0	biphasic	5.0	100.0	1.0	10.0	-100.0	2b_15r	15.0	2.0	bipolar		[8884.911448897059, 1344.0510389476128, 8213.772137775735]	[8891.797517784928, 1393.5446590791612, 8212.050620553768]
6246.560939217949	2.0	trials	1.0	2.0	75.0	biphasic	5.0	100.0	1.0	10.0	-100.0	2b_15r	15.0	2.0	bipolar		[8884.911448897059, 1344.0510389476128, 8213.772137775735]	[8891.797517784928, 1393.5446590791612, 8212.050620553768]
6248.560941169125	2.0	trials	1.0	2.0	75.0	biphasic	5.0	100.0	1.0	10.0	-100.0	2b_15r	15.0	2.0	bipolar		[8884.911448897059, 1344.0510389476128, 8213.772137775735]	[8891.797517784928, 1393.5446590791612, 8212.050620553768]
6250.5605365889005	2.0	trials	1.0	2.0	75.0	biphasic	5.0	100.0	1.0	10.0	-100.0	2b_15r	15.0	2.0	bipolar		[8884.911448897059, 1344.0510389476128, 8213.772137775735]	[8891.797517784928, 1393.5446590791612, 8212.050620553768]
6252.560945071476	2.0	trials	1.0	2.0	75.0	biphasic	5.0	100.0	1.0	10.0	-100.0	2b_15r	15.0	2.0	bipolar		[8884.911448897059, 1344.0510389476128, 8213.772137775735]	[8891.797517784928, 1393.5446590791612, 8212.050620553768]
6254.560540231095	2.0	trials	1.0	2.0	75.0	biphasic	5.0	100.0	1.0	10.0	-100.0	2b_15r	15.0	2.0	bipolar		[8884.911448897059, 1344.0510389476128, 8213.772137775735]	[8891.797517784928, 1393.5446590791612, 8212.050620553768]
6256.560542052192	2.0	trials	1.0	2.0	75.0	biphasic	5.0	100.0	1.0	10.0	-100.0	2b_15r	15.0	2.0	bipolar		[8884.911448897059, 1344.0510389476128, 8213.772137775735]	[8891.797517784928, 1393.5446590791612, 8212.050620553768]
6258.560543873289	2.0	trials	1.0	2.0	75.0	biphasic	5.0	100.0	1.0	10.0	-100.0	2b_15r	15.0	2.0	bipolar		[8884.911448897059, 1344.0510389476128, 8213.772137775735]	[8891.797517784928, 1393.5446590791612, 8212.050620553768]
6260.560138512647	2.0	trials	1.0	2.0	75.0	biphasic	5.0	100.0	1.0	10.0	-100.0	2b_15r	15.0	2.0	bipolar		[8884.911448897059, 1344.0510389476128, 8213.772137775735]	[8891.797517784928, 1393.5446590791612, 8212.050620553768]
6262.560547515483	2.0	trials	1.0	2.0	75.0	biphasic	5.0	100.0	1.0	10.0	-100.0	2b_15r	15.0	2.0	bipolar		[8884.911448897059, 1344.0510389476128, 8213.772137775735]	[8891.797517784928, 1393.5446590791612, 8212.050620553768]
6264.560549336581	2.0	trials	1.0	2.0	75.0	biphasic	5.0	100.0	1.0	10.0	-100.0	2b_15r	15.0	2.0	bipolar		[8884.911448897059, 1344.0510389476128, 8213.772137775735]	[8891.797517784928, 1393.5446590791612, 8212.050620553768]
6266.560551157678	2.0	trials	1.0	2.0	75.0	biphasic	5.0	100.0	1.0	10.0	-100.0	2b_15r	15.0	2.0	bipolar		[8884.911448897059, 1344.0510389476128, 8213.772137775735]	[8891.797517784928, 1393.5446590791612, 8212.050620553768]
6268.560145276721	2.0	trials	1.0	2.0	75.0	biphasic	5.0	100.0	1.0	10.0	-100.0	2b_15r	15.0	2.0	bipolar		[8884.911448897059, 1344.0510389476128, 8213.772137775735]	[8891.797517784928, 1393.5446590791612, 8212.050620553768]
6270.560521499809	2.0	trials	1.0	2.0	75.0	biphasic	5.0	100.0	1.0	10.0	-100.0	2b_15r	15.0	2.0	bipolar		[8884.911448897059, 1344.0510389476128, 8213.772137775735]	[8891.797517784928, 1393.5446590791612, 8212.050620553768]
6272.560523320906	2.0	trials	1.0	2.0	75.0	biphasic	5.0	100.0	1.0	10.0	-100.0	2b_15r	15.0	2.0	bipolar		[8884.911448897059, 1344.0510389476128, 8213.772137775735]	[8891.797517784928, 1393.5446590791612, 8212.050620553768]
6274.560525142003	2.0	trials	1.0	2.0	75.0	biphasic	5.0	100.0	1.0	10.0	-100.0	2b_15r	15.0	2.0	bipolar		[8884.911448897059, 1344.0510389476128, 8213.772137775735]	[8891.797517784928, 1393.5446590791612, 8212.050620553768]
6276.560118740735	2.0	trials	1.0	2.0	75.0	biphasic	5.0	100.0	1.0	10.0	-100.0	2b_15r	15.0	2.0	bipolar		[8884.911448897059, 1344.0510389476128, 8213.772137775735]	[8891.797517784928, 1393.5446590791612, 8212.050620553768]
6278.560528784198	2.0	trials	1.0	2.0	75.0	biphasic	5.0	100.0	1.0	10.0	-100.0	2b_15r	15.0	2.0	bipolar		[8884.911448897059, 1344.0510389476128, 8213.772137775735]	[8891.797517784928, 1393.5446590791612, 8212.050620553768]
6280.560530605295	2.0	trials	1.0	2.0	75.0	biphasic	5.0	100.0	1.0	10.0	-100.0	2b_15r	15.0	2.0	bipolar		[8884.911448897059, 1344.0510389476128, 8213.772137775735]	[8891.797517784928, 1393.5446590791612, 8212.050620553768]
6282.5605324263925	2.0	trials	1.0	2.0	75.0	biphasic	5.0	100.0	1.0	10.0	-100.0	2b_15r	15.0	2.0	bipolar		[8884.911448897059, 1344.0510389476128, 8213.772137775735]	[8891.797517784928, 1393.5446590791612, 8212.050620553768]
6284.56012550481	2.0	trials	1.0	2.0	75.0	biphasic	5.0	100.0	1.0	10.0	-100.0	2b_15r	15.0	2.0	bipolar		[8884.911448897059, 1344.0510389476128, 8213.772137775735]	[8891.797517784928, 1393.5446590791612, 8212.050620553768]
6286.5601271958285	2.0	trials	1.0	2.0	75.0	biphasic	5.0	100.0	1.0	10.0	-100.0	2b_15r	15.0	2.0	bipolar		[8884.911448897059, 1344.0510389476128, 8213.772137775735]	[8891.797517784928, 1393.5446590791612, 8212.050620553768]
6310.316601655663	2.0	trials	1.0	2.0	75.0	biphasic	6.0	100.0	1.0	10.0	100.0	2b_15r	15.0	2.0	bipolar		[8884.911448897059, 1344.0510389476128, 8213.772137775735]	[8891.797517784928, 1393.5446590791612, 8212.050620553768]
6312.316603476761	2.0	trials	1.0	2.0	75.0	biphasic	6.0	100.0	1.0	10.0	100.0	2b_15r	15.0	2.0	bipolar		[8884.911448897059, 1344.0510389476128, 8213.772137775735]	[8891.797517784928, 1393.5446590791612, 8212.050620553768]
6314.317015975902	2.0	trials	1.0	2.0	75.0	biphasic	6.0	100.0	1.0	10.0	100.0	2b_15r	15.0	2.0	bipolar		[8884.911448897059, 1344.0510389476128, 8213.772137775735]	[8891.797517784928, 1393.5446590791612, 8212.050620553768]
6316.317017927077	2.0	trials	1.0	2.0	75.0	biphasic	6.0	100.0	1.0	10.0	100.0	2b_15r	15.0	2.0	bipolar		[8884.911448897059, 1344.0510389476128, 8213.772137775735]	[8891.797517784928, 1393.5446590791612, 8212.050620553768]
6318.3165756399885	2.0	trials	1.0	2.0	75.0	biphasic	6.0	100.0	1.0	10.0	100.0	2b_15r	15.0	2.0	bipolar		[8884.911448897059, 1344.0510389476128, 8213.772137775735]	[8891.797517784928, 1393.5446590791612, 8212.050620553768]
6320.316577461086	2.0	trials	1.0	2.0	75.0	biphasic	6.0	100.0	1.0	10.0	100.0	2b_15r	15.0	2.0	bipolar		[8884.911448897059, 1344.0510389476128, 8213.772137775735]	[8891.797517784928, 1393.5446590791612, 8212.050620553768]
6322.316990480539	2.0	trials	1.0	2.0	75.0	biphasic	6.0	100.0	1.0	10.0	100.0	2b_15r	15.0	2.0	bipolar		[8884.911448897059, 1344.0510389476128, 8213.772137775735]	[8891.797517784928, 1393.5446590791612, 8212.050620553768]
6324.316992431714	2.0	trials	1.0	2.0	75.0	biphasic	6.0	100.0	1.0	10.0	100.0	2b_15r	15.0	2.0	bipolar		[8884.911448897059, 1344.0510389476128, 8213.772137775735]	[8891.797517784928, 1393.5446590791612, 8212.050620553768]
6326.316582924378	2.0	trials	1.0	2.0	75.0	biphasic	6.0	100.0	1.0	10.0	100.0	2b_15r	15.0	2.0	bipolar		[8884.911448897059, 1344.0510389476128, 8213.772137775735]	[8891.797517784928, 1393.5446590791612, 8212.050620553768]
6328.316584745475	2.0	trials	1.0	2.0	75.0	biphasic	6.0	100.0	1.0	10.0	100.0	2b_15r	15.0	2.0	bipolar		[8884.911448897059, 1344.0510389476128, 8213.772137775735]	[8891.797517784928, 1393.5446590791612, 8212.050620553768]
6330.316586566572	2.0	trials	1.0	2.0	75.0	biphasic	6.0	100.0	1.0	10.0	100.0	2b_15r	15.0	2.0	bipolar		[8884.911448897059, 1344.0510389476128, 8213.772137775735]	[8891.797517784928, 1393.5446590791612, 8212.050620553768]
6332.317000236418	2.0	trials	1.0	2.0	75.0	biphasic	6.0	100.0	1.0	10.0	100.0	2b_15r	15.0	2.0	bipolar		[8884.911448897059, 1344.0510389476128, 8213.772137775735]	[8891.797517784928, 1393.5446590791612, 8212.050620553768]
6334.316590208767	2.0	trials	1.0	2.0	75.0	biphasic	6.0	100.0	1.0	10.0	100.0	2b_15r	15.0	2.0	bipolar		[8884.911448897059, 1344.0510389476128, 8213.772137775735]	[8891.797517784928, 1393.5446590791612, 8212.050620553768]
6336.316592029864	2.0	trials	1.0	2.0	75.0	biphasic	6.0	100.0	1.0	10.0	100.0	2b_15r	15.0	2.0	bipolar		[8884.911448897059, 1344.0510389476128, 8213.772137775735]	[8891.797517784928, 1393.5446590791612, 8212.050620553768]
6338.316593850961	2.0	trials	1.0	2.0	75.0	biphasic	6.0	100.0	1.0	10.0	100.0	2b_15r	15.0	2.0	bipolar		[8884.911448897059, 1344.0510389476128, 8213.772137775735]	[8891.797517784928, 1393.5446590791612, 8212.050620553768]
6340.31700804112	2.0	trials	1.0	2.0	75.0	biphasic	6.0	100.0	1.0	10.0	100.0	2b_15r	15.0	2.0	bipolar		[8884.911448897059, 1344.0510389476128, 8213.772137775735]	[8891.797517784928, 1393.5446590791612, 8212.050620553768]
6342.316597493155	2.0	trials	1.0	2.0	75.0	biphasic	6.0	100.0	1.0	10.0	100.0	2b_15r	15.0	2.0	bipolar		[8884.911448897059, 1344.0510389476128, 8213.772137775735]	[8891.797517784928, 1393.5446590791612, 8212.050620553768]
6344.316599314253	2.0	trials	1.0	2.0	75.0	biphasic	6.0	100.0	1.0	10.0	100.0	2b_15r	15.0	2.0	bipolar		[8884.911448897059, 1344.0510389476128, 8213.772137775735]	[8891.797517784928, 1393.5446590791612, 8212.050620553768]
6346.31660113535	2.0	trials	1.0	2.0	75.0	biphasic	6.0	100.0	1.0	10.0	100.0	2b_15r	15.0	2.0	bipolar		[8884.911448897059, 1344.0510389476128, 8213.772137775735]	[8891.797517784928, 1393.5446590791612, 8212.050620553768]
6348.316156767063	2.0	trials	1.0	2.0	75.0	biphasic	6.0	100.0	1.0	10.0	100.0	2b_15r	15.0	2.0	bipolar		[8884.911448897059, 1344.0510389476128, 8213.772137775735]	[8891.797517784928, 1393.5446590791612, 8212.050620553768]
6350.3165714774805	2.0	trials	1.0	2.0	75.0	biphasic	6.0	100.0	1.0	10.0	100.0	2b_15r	15.0	2.0	bipolar		[8884.911448897059, 1344.0510389476128, 8213.772137775735]	[8891.797517784928, 1393.5446590791612, 8212.050620553768]
6352.316573298578	2.0	trials	1.0	2.0	75.0	biphasic	6.0	100.0	1.0	10.0	100.0	2b_15r	15.0	2.0	bipolar		[8884.911448897059, 1344.0510389476128, 8213.772137775735]	[8891.797517784928, 1393.5446590791612, 8212.050620553768]
6354.316575119676	2.0	trials	1.0	2.0	75.0	biphasic	6.0	100.0	1.0	10.0	100.0	2b_15r	15.0	2.0	bipolar		[8884.911448897059, 1344.0510389476128, 8213.772137775735]	[8891.797517784928, 1393.5446590791612, 8212.050620553768]
6356.316163531139	2.0	trials	1.0	2.0	75.0	biphasic	6.0	100.0	1.0	10.0	100.0	2b_15r	15.0	2.0	bipolar		[8884.911448897059, 1344.0510389476128, 8213.772137775735]	[8891.797517784928, 1393.5446590791612, 8212.050620553768]
6358.31657876187	2.0	trials	1.0	2.0	75.0	biphasic	6.0	100.0	1.0	10.0	100.0	2b_15r	15.0	2.0	bipolar		[8884.911448897059, 1344.0510389476128, 8213.772137775735]	[8891.797517784928, 1393.5446590791612, 8212.050620553768]
6360.316580582967	2.0	trials	1.0	2.0	75.0	biphasic	6.0	100.0	1.0	10.0	100.0	2b_15r	15.0	2.0	bipolar		[8884.911448897059, 1344.0510389476128, 8213.772137775735]	[8891.797517784928, 1393.5446590791612, 8212.050620553768]
6362.316168604195	2.0	trials	1.0	2.0	75.0	biphasic	6.0	100.0	1.0	10.0	100.0	2b_15r	15.0	2.0	bipolar		[8884.911448897059, 1344.0510389476128, 8213.772137775735]	[8891.797517784928, 1393.5446590791612, 8212.050620553768]
6364.316170295214	2.0	trials	1.0	2.0	75.0	biphasic	6.0	100.0	1.0	10.0	100.0	2b_15r	15.0	2.0	bipolar		[8884.911448897059, 1344.0510389476128, 8213.772137775735]	[8891.797517784928, 1393.5446590791612, 8212.050620553768]
6366.316586046259	2.0	trials	1.0	2.0	75.0	biphasic	6.0	100.0	1.0	10.0	100.0	2b_15r	15.0	2.0	bipolar		[8884.911448897059, 1344.0510389476128, 8213.772137775735]	[8891.797517784928, 1393.5446590791612, 8212.050620553768]
6368.316587867356	2.0	trials	1.0	2.0	75.0	biphasic	6.0	100.0	1.0	10.0	100.0	2b_15r	15.0	2.0	bipolar		[8884.911448897059, 1344.0510389476128, 8213.772137775735]	[8891.797517784928, 1393.5446590791612, 8212.050620553768]
6370.317004008691	2.0	trials	1.0	2.0	75.0	biphasic	6.0	100.0	1.0	10.0	100.0	2b_15r	15.0	2.0	bipolar		[8884.911448897059, 1344.0510389476128, 8213.772137775735]	[8891.797517784928, 1393.5446590791612, 8212.050620553768]
6372.316591509551	2.0	trials	1.0	2.0	75.0	biphasic	6.0	100.0	1.0	10.0	100.0	2b_15r	15.0	2.0	bipolar		[8884.911448897059, 1344.0510389476128, 8213.772137775735]	[8891.797517784928, 1393.5446590791612, 8212.050620553768]
6374.316593330647	2.0	trials	1.0	2.0	75.0	biphasic	6.0	100.0	1.0	10.0	100.0	2b_15r	15.0	2.0	bipolar		[8884.911448897059, 1344.0510389476128, 8213.772137775735]	[8891.797517784928, 1393.5446590791612, 8212.050620553768]
6376.317009862218	2.0	trials	1.0	2.0	75.0	biphasic	6.0	100.0	1.0	10.0	100.0	2b_15r	15.0	2.0	bipolar		[8884.911448897059, 1344.0510389476128, 8213.772137775735]	[8891.797517784928, 1393.5446590791612, 8212.050620553768]
6378.317011813393	2.0	trials	1.0	2.0	75.0	biphasic	6.0	100.0	1.0	10.0	100.0	2b_15r	15.0	2.0	bipolar		[8884.911448897059, 1344.0510389476128, 8213.772137775735]	[8891.797517784928, 1393.5446590791612, 8212.050620553768]
6380.316565493876	2.0	trials	1.0	2.0	75.0	biphasic	6.0	100.0	1.0	10.0	100.0	2b_15r	15.0	2.0	bipolar		[8884.911448897059, 1344.0510389476128, 8213.772137775735]	[8891.797517784928, 1393.5446590791612, 8212.050620553768]
6382.316567314973	2.0	trials	1.0	2.0	75.0	biphasic	6.0	100.0	1.0	10.0	100.0	2b_15r	15.0	2.0	bipolar		[8884.911448897059, 1344.0510389476128, 8213.772137775735]	[8891.797517784928, 1393.5446590791612, 8212.050620553768]
6384.316984366855	2.0	trials	1.0	2.0	75.0	biphasic	6.0	100.0	1.0	10.0	100.0	2b_15r	15.0	2.0	bipolar		[8884.911448897059, 1344.0510389476128, 8213.772137775735]	[8891.797517784928, 1393.5446590791612, 8212.050620553768]
6386.316986318031	2.0	trials	1.0	2.0	75.0	biphasic	6.0	100.0	1.0	10.0	100.0	2b_15r	15.0	2.0	bipolar		[8884.911448897059, 1344.0510389476128, 8213.772137775735]	[8891.797517784928, 1393.5446590791612, 8212.050620553768]
6388.316572778264	2.0	trials	1.0	2.0	75.0	biphasic	6.0	100.0	1.0	10.0	100.0	2b_15r	15.0	2.0	bipolar		[8884.911448897059, 1344.0510389476128, 8213.772137775735]	[8891.797517784928, 1393.5446590791612, 8212.050620553768]
6390.316574599362	2.0	trials	1.0	2.0	75.0	biphasic	6.0	100.0	1.0	10.0	100.0	2b_15r	15.0	2.0	bipolar		[8884.911448897059, 1344.0510389476128, 8213.772137775735]	[8891.797517784928, 1393.5446590791612, 8212.050620553768]
6392.316992171558	2.0	trials	1.0	2.0	75.0	biphasic	6.0	100.0	1.0	10.0	100.0	2b_15r	15.0	2.0	bipolar		[8884.911448897059, 1344.0510389476128, 8213.772137775735]	[8891.797517784928, 1393.5446590791612, 8212.050620553768]
6394.316994122733	2.0	trials	1.0	2.0	75.0	biphasic	6.0	100.0	1.0	10.0	100.0	2b_15r	15.0	2.0	bipolar		[8884.911448897059, 1344.0510389476128, 8213.772137775735]	[8891.797517784928, 1393.5446590791612, 8212.050620553768]
6396.316580062654	2.0	trials	1.0	2.0	75.0	biphasic	6.0	100.0	1.0	10.0	100.0	2b_15r	15.0	2.0	bipolar		[8884.911448897059, 1344.0510389476128, 8213.772137775735]	[8891.797517784928, 1393.5446590791612, 8212.050620553768]
6398.316581883751	2.0	trials	1.0	2.0	75.0	biphasic	6.0	100.0	1.0	10.0	100.0	2b_15r	15.0	2.0	bipolar		[8884.911448897059, 1344.0510389476128, 8213.772137775735]	[8891.797517784928, 1393.5446590791612, 8212.050620553768]
6400.316583704848	2.0	trials	1.0	2.0	75.0	biphasic	6.0	100.0	1.0	10.0	100.0	2b_15r	15.0	2.0	bipolar		[8884.911448897059, 1344.0510389476128, 8213.772137775735]	[8891.797517784928, 1393.5446590791612, 8212.050620553768]
6402.317001927437	2.0	trials	1.0	2.0	75.0	biphasic	6.0	100.0	1.0	10.0	100.0	2b_15r	15.0	2.0	bipolar		[8884.911448897059, 1344.0510389476128, 8213.772137775735]	[8891.797517784928, 1393.5446590791612, 8212.050620553768]
6404.3165873470425	2.0	trials	1.0	2.0	75.0	biphasic	6.0	100.0	1.0	10.0	100.0	2b_15r	15.0	2.0	bipolar		[8884.911448897059, 1344.0510389476128, 8213.772137775735]	[8891.797517784928, 1393.5446590791612, 8212.050620553768]
6406.31658916814	2.0	trials	1.0	2.0	75.0	biphasic	6.0	100.0	1.0	10.0	100.0	2b_15r	15.0	2.0	bipolar		[8884.911448897059, 1344.0510389476128, 8213.772137775735]	[8891.797517784928, 1393.5446590791612, 8212.050620553768]
6408.316590989237	2.0	trials	1.0	2.0	75.0	biphasic	6.0	100.0	1.0	10.0	100.0	2b_15r	15.0	2.0	bipolar		[8884.911448897059, 1344.0510389476128, 8213.772137775735]	[8891.797517784928, 1393.5446590791612, 8212.050620553768]
6410.316976432074	2.0	trials	1.0	2.0	75.0	biphasic	6.0	100.0	1.0	10.0	100.0	2b_15r	15.0	2.0	bipolar		[8884.911448897059, 1344.0510389476128, 8213.772137775735]	[8891.797517784928, 1393.5446590791612, 8212.050620553768]
6412.316561331368	2.0	trials	1.0	2.0	75.0	biphasic	6.0	100.0	1.0	10.0	100.0	2b_15r	15.0	2.0	bipolar		[8884.911448897059, 1344.0510389476128, 8213.772137775735]	[8891.797517784928, 1393.5446590791612, 8212.050620553768]
6414.316563152465	2.0	trials	1.0	2.0	75.0	biphasic	6.0	100.0	1.0	10.0	100.0	2b_15r	15.0	2.0	bipolar		[8884.911448897059, 1344.0510389476128, 8213.772137775735]	[8891.797517784928, 1393.5446590791612, 8212.050620553768]
6416.316564973562	2.0	trials	1.0	2.0	75.0	biphasic	6.0	100.0	1.0	10.0	100.0	2b_15r	15.0	2.0	bipolar		[8884.911448897059, 1344.0510389476128, 8213.772137775735]	[8891.797517784928, 1393.5446590791612, 8212.050620553768]
6418.316149352597	2.0	trials	1.0	2.0	75.0	biphasic	6.0	100.0	1.0	10.0	100.0	2b_15r	15.0	2.0	bipolar		[8884.911448897059, 1344.0510389476128, 8213.772137775735]	[8891.797517784928, 1393.5446590791612, 8212.050620553768]
6420.316568615756	2.0	trials	1.0	2.0	75.0	biphasic	6.0	100.0	1.0	10.0	100.0	2b_15r	15.0	2.0	bipolar		[8884.911448897059, 1344.0510389476128, 8213.772137775735]	[8891.797517784928, 1393.5446590791612, 8212.050620553768]
6422.316570436854	2.0	trials	1.0	2.0	75.0	biphasic	6.0	100.0	1.0	10.0	100.0	2b_15r	15.0	2.0	bipolar		[8884.911448897059, 1344.0510389476128, 8213.772137775735]	[8891.797517784928, 1393.5446590791612, 8212.050620553768]
6424.316572257952	2.0	trials	1.0	2.0	75.0	biphasic	6.0	100.0	1.0	10.0	100.0	2b_15r	15.0	2.0	bipolar		[8884.911448897059, 1344.0510389476128, 8213.772137775735]	[8891.797517784928, 1393.5446590791612, 8212.050620553768]
6426.316156116672	2.0	trials	1.0	2.0	75.0	biphasic	6.0	100.0	1.0	10.0	100.0	2b_15r	15.0	2.0	bipolar		[8884.911448897059, 1344.0510389476128, 8213.772137775735]	[8891.797517784928, 1393.5446590791612, 8212.050620553768]
6428.316575900146	2.0	trials	1.0	2.0	75.0	biphasic	6.0	100.0	1.0	10.0	100.0	2b_15r	15.0	2.0	bipolar		[8884.911448897059, 1344.0510389476128, 8213.772137775735]	[8891.797517784928, 1393.5446590791612, 8212.050620553768]
6430.3165777212425	2.0	trials	1.0	2.0	75.0	biphasic	6.0	100.0	1.0	10.0	100.0	2b_15r	15.0	2.0	bipolar		[8884.911448897059, 1344.0510389476128, 8213.772137775735]	[8891.797517784928, 1393.5446590791612, 8212.050620553768]
6432.31657954234	2.0	trials	1.0	2.0	75.0	biphasic	6.0	100.0	1.0	10.0	100.0	2b_15r	15.0	2.0	bipolar		[8884.911448897059, 1344.0510389476128, 8213.772137775735]	[8891.797517784928, 1393.5446590791612, 8212.050620553768]
6434.316162880747	2.0	trials	1.0	2.0	75.0	biphasic	6.0	100.0	1.0	10.0	100.0	2b_15r	15.0	2.0	bipolar		[8884.911448897059, 1344.0510389476128, 8213.772137775735]	[8891.797517784928, 1393.5446590791612, 8212.050620553768]
6436.3161645717655	2.0	trials	1.0	2.0	75.0	biphasic	6.0	100.0	1.0	10.0	100.0	2b_15r	15.0	2.0	bipolar		[8884.911448897059, 1344.0510389476128, 8213.772137775735]	[8891.797517784928, 1393.5446590791612, 8212.050620553768]
6438.316585005632	2.0	trials	1.0	2.0	75.0	biphasic	6.0	100.0	1.0	10.0	100.0	2b_15r	15.0	2.0	bipolar		[8884.911448897059, 1344.0510389476128, 8213.772137775735]	[8891.797517784928, 1393.5446590791612, 8212.050620553768]
6440.316586826729	2.0	trials	1.0	2.0	75.0	biphasic	6.0	100.0	1.0	10.0	100.0	2b_15r	15.0	2.0	bipolar		[8884.911448897059, 1344.0510389476128, 8213.772137775735]	[8891.797517784928, 1393.5446590791612, 8212.050620553768]
6442.317393353931	2.0	trials	1.0	2.0	75.0	biphasic	6.0	100.0	1.0	10.0	100.0	2b_15r	15.0	2.0	bipolar		[8884.911448897059, 1344.0510389476128, 8213.772137775735]	[8891.797517784928, 1393.5446590791612, 8212.050620553768]
6444.316976301995	2.0	trials	1.0	2.0	75.0	biphasic	6.0	100.0	1.0	10.0	100.0	2b_15r	15.0	2.0	bipolar		[8884.911448897059, 1344.0510389476128, 8213.772137775735]	[8891.797517784928, 1393.5446590791612, 8212.050620553768]
6446.317397516439	2.0	trials	1.0	2.0	75.0	biphasic	6.0	100.0	1.0	10.0	100.0	2b_15r	15.0	2.0	bipolar		[8884.911448897059, 1344.0510389476128, 8213.772137775735]	[8891.797517784928, 1393.5446590791612, 8212.050620553768]
6448.317399597693	2.0	trials	1.0	2.0	75.0	biphasic	6.0	100.0	1.0	10.0	100.0	2b_15r	15.0	2.0	bipolar		[8884.911448897059, 1344.0510389476128, 8213.772137775735]	[8891.797517784928, 1393.5446590791612, 8212.050620553768]
6450.317401678948	2.0	trials	1.0	2.0	75.0	biphasic	6.0	100.0	1.0	10.0	100.0	2b_15r	15.0	2.0	bipolar		[8884.911448897059, 1344.0510389476128, 8213.772137775735]	[8891.797517784928, 1393.5446590791612, 8212.050620553768]
6452.316984106698	2.0	trials	1.0	2.0	75.0	biphasic	6.0	100.0	1.0	10.0	100.0	2b_15r	15.0	2.0	bipolar		[8884.911448897059, 1344.0510389476128, 8213.772137775735]	[8891.797517784928, 1393.5446590791612, 8212.050620553768]
6454.317405841456	2.0	trials	1.0	2.0	75.0	biphasic	6.0	100.0	1.0	10.0	100.0	2b_15r	15.0	2.0	bipolar		[8884.911448897059, 1344.0510389476128, 8213.772137775735]	[8891.797517784928, 1393.5446590791612, 8212.050620553768]
6456.31740792271	2.0	trials	1.0	2.0	75.0	biphasic	6.0	100.0	1.0	10.0	100.0	2b_15r	15.0	2.0	bipolar		[8884.911448897059, 1344.0510389476128, 8213.772137775735]	[8891.797517784928, 1393.5446590791612, 8212.050620553768]
6458.317410003965	2.0	trials	1.0	2.0	75.0	biphasic	6.0	100.0	1.0	10.0	100.0	2b_15r	15.0	2.0	bipolar		[8884.911448897059, 1344.0510389476128, 8213.772137775735]	[8891.797517784928, 1393.5446590791612, 8212.050620553768]
6572.537547612753	2.0	trials	1.0	2.0	75.0	biphasic	7.0	100.0	1.0	10.0	-5.0	15r	15.0	0.0	monopolar		[8884.911448897059, 1344.0510389476128, 8213.772137775735]	[0.0, 0.0, 0.0]
6574.537549563928	2.0	trials	1.0	2.0	75.0	biphasic	7.0	100.0	1.0	10.0	-5.0	15r	15.0	0.0	monopolar		[8884.911448897059, 1344.0510389476128, 8213.772137775735]	[0.0, 0.0, 0.0]
6576.53712378245	2.0	trials	1.0	2.0	75.0	biphasic	7.0	100.0	1.0	10.0	-5.0	15r	15.0	0.0	monopolar		[8884.911448897059, 1344.0510389476128, 8213.772137775735]	[0.0, 0.0, 0.0]
6578.53755346628	2.0	trials	1.0	2.0	75.0	biphasic	7.0	100.0	1.0	10.0	-5.0	15r	15.0	0.0	monopolar		[8884.911448897059, 1344.0510389476128, 8213.772137775735]	[0.0, 0.0, 0.0]
6580.537555417455	2.0	trials	1.0	2.0	75.0	biphasic	7.0	100.0	1.0	10.0	-5.0	15r	15.0	0.0	monopolar		[8884.911448897059, 1344.0510389476128, 8213.772137775735]	[0.0, 0.0, 0.0]
6582.537129245742	2.0	trials	1.0	2.0	75.0	biphasic	7.0	100.0	1.0	10.0	-5.0	15r	15.0	0.0	monopolar		[8884.911448897059, 1344.0510389476128, 8213.772137775735]	[0.0, 0.0, 0.0]
6584.537131066839	2.0	trials	1.0	2.0	75.0	biphasic	7.0	100.0	1.0	10.0	-5.0	15r	15.0	0.0	monopolar		[8884.911448897059, 1344.0510389476128, 8213.772137775735]	[0.0, 0.0, 0.0]
6586.537561270983	2.0	trials	1.0	2.0	75.0	biphasic	7.0	100.0	1.0	10.0	-5.0	15r	15.0	0.0	monopolar		[8884.911448897059, 1344.0510389476128, 8213.772137775735]	[0.0, 0.0, 0.0]
6588.537563222159	2.0	trials	1.0	2.0	75.0	biphasic	7.0	100.0	1.0	10.0	-5.0	15r	15.0	0.0	monopolar		[8884.911448897059, 1344.0510389476128, 8213.772137775735]	[0.0, 0.0, 0.0]
6590.537136530131	2.0	trials	1.0	2.0	75.0	biphasic	7.0	100.0	1.0	10.0	-5.0	15r	15.0	0.0	monopolar		[8884.911448897059, 1344.0510389476128, 8213.772137775735]	[0.0, 0.0, 0.0]
6592.537533824444	2.0	trials	1.0	2.0	75.0	biphasic	7.0	100.0	1.0	10.0	-5.0	15r	15.0	0.0	monopolar		[8884.911448897059, 1344.0510389476128, 8213.772137775735]	[0.0, 0.0, 0.0]
6594.53753577562	2.0	trials	1.0	2.0	75.0	biphasic	7.0	100.0	1.0	10.0	-5.0	15r	15.0	0.0	monopolar		[8884.911448897059, 1344.0510389476128, 8213.772137775735]	[0.0, 0.0, 0.0]
6596.537966760288	2.0	trials	1.0	2.0	75.0	biphasic	7.0	100.0	1.0	10.0	-5.0	15r	15.0	0.0	monopolar		[8884.911448897059, 1344.0510389476128, 8213.772137775735]	[0.0, 0.0, 0.0]
6598.537968841542	2.0	trials	1.0	2.0	75.0	biphasic	7.0	100.0	1.0	10.0	-5.0	15r	15.0	0.0	monopolar		[8884.911448897059, 1344.0510389476128, 8213.772137775735]	[0.0, 0.0, 0.0]
6600.537541629147	2.0	trials	1.0	2.0	75.0	biphasic	7.0	100.0	1.0	10.0	-5.0	15r	15.0	0.0	monopolar		[8884.911448897059, 1344.0510389476128, 8213.772137775735]	[0.0, 0.0, 0.0]
6602.537543580323	2.0	trials	1.0	2.0	75.0	biphasic	7.0	100.0	1.0	10.0	-5.0	15r	15.0	0.0	monopolar		[8884.911448897059, 1344.0510389476128, 8213.772137775735]	[0.0, 0.0, 0.0]
6604.537975085305	2.0	trials	1.0	2.0	75.0	biphasic	7.0	100.0	1.0	10.0	-5.0	15r	15.0	0.0	monopolar		[8884.911448897059, 1344.0510389476128, 8213.772137775735]	[0.0, 0.0, 0.0]
6606.537977166559	2.0	trials	1.0	2.0	75.0	biphasic	7.0	100.0	1.0	10.0	-5.0	15r	15.0	0.0	monopolar		[8884.911448897059, 1344.0510389476128, 8213.772137775735]	[0.0, 0.0, 0.0]
6608.5375494338505	2.0	trials	1.0	2.0	75.0	biphasic	7.0	100.0	1.0	10.0	-5.0	15r	15.0	0.0	monopolar		[8884.911448897059, 1344.0510389476128, 8213.772137775735]	[0.0, 0.0, 0.0]
6610.537551385026	2.0	trials	1.0	2.0	75.0	biphasic	7.0	100.0	1.0	10.0	-5.0	15r	15.0	0.0	monopolar		[8884.911448897059, 1344.0510389476128, 8213.772137775735]	[0.0, 0.0, 0.0]
6612.537553336201	2.0	trials	1.0	2.0	75.0	biphasic	7.0	100.0	1.0	10.0	-5.0	15r	15.0	0.0	monopolar		[8884.911448897059, 1344.0510389476128, 8213.772137775735]	[0.0, 0.0, 0.0]
6614.537985491576	2.0	trials	1.0	2.0	75.0	biphasic	7.0	100.0	1.0	10.0	-5.0	15r	15.0	0.0	monopolar		[8884.911448897059, 1344.0510389476128, 8213.772137775735]	[0.0, 0.0, 0.0]
6616.537557238553	2.0	trials	1.0	2.0	75.0	biphasic	7.0	100.0	1.0	10.0	-5.0	15r	15.0	0.0	monopolar		[8884.911448897059, 1344.0510389476128, 8213.772137775735]	[0.0, 0.0, 0.0]
6618.537559189729	2.0	trials	1.0	2.0	75.0	biphasic	7.0	100.0	1.0	10.0	-5.0	15r	15.0	0.0	monopolar		[8884.911448897059, 1344.0510389476128, 8213.772137775735]	[0.0, 0.0, 0.0]
6620.5375611409045	2.0	trials	1.0	2.0	75.0	biphasic	7.0	100.0	1.0	10.0	-5.0	15r	15.0	0.0	monopolar		[8884.911448897059, 1344.0510389476128, 8213.772137775735]	[0.0, 0.0, 0.0]
6622.537960516525	2.0	trials	1.0	2.0	75.0	biphasic	7.0	100.0	1.0	10.0	-5.0	15r	15.0	0.0	monopolar		[8884.911448897059, 1344.0510389476128, 8213.772137775735]	[0.0, 0.0, 0.0]
6624.53753174319	2.0	trials	1.0	2.0	75.0	biphasic	7.0	100.0	1.0	10.0	-5.0	15r	15.0	0.0	monopolar		[8884.911448897059, 1344.0510389476128, 8213.772137775735]	[0.0, 0.0, 0.0]
6626.537533694366	2.0	trials	1.0	2.0	75.0	biphasic	7.0	100.0	1.0	10.0	-5.0	15r	15.0	0.0	monopolar		[8884.911448897059, 1344.0510389476128, 8213.772137775735]	[0.0, 0.0, 0.0]
6628.5375356455415	2.0	trials	1.0	2.0	75.0	biphasic	7.0	100.0	1.0	10.0	-5.0	15r	15.0	0.0	monopolar		[8884.911448897059, 1344.0510389476128, 8213.772137775735]	[0.0, 0.0, 0.0]
6630.537968841542	2.0	trials	1.0	2.0	75.0	biphasic	7.0	100.0	1.0	10.0	-5.0	15r	15.0	0.0	monopolar		[8884.911448897059, 1344.0510389476128, 8213.772137775735]	[0.0, 0.0, 0.0]
6632.537539547893	2.0	trials	1.0	2.0	75.0	biphasic	7.0	100.0	1.0	10.0	-5.0	15r	15.0	0.0	monopolar		[8884.911448897059, 1344.0510389476128, 8213.772137775735]	[0.0, 0.0, 0.0]
6634.5375414990685	2.0	trials	1.0	2.0	75.0	biphasic	7.0	100.0	1.0	10.0	-5.0	15r	15.0	0.0	monopolar		[8884.911448897059, 1344.0510389476128, 8213.772137775735]	[0.0, 0.0, 0.0]
6636.537543450245	2.0	trials	1.0	2.0	75.0	biphasic	7.0	100.0	1.0	10.0	-5.0	15r	15.0	0.0	monopolar		[8884.911448897059, 1344.0510389476128, 8213.772137775735]	[0.0, 0.0, 0.0]
6638.537113636337	2.0	trials	1.0	2.0	75.0	biphasic	7.0	100.0	1.0	10.0	-5.0	15r	15.0	0.0	monopolar		[8884.911448897059, 1344.0510389476128, 8213.772137775735]	[0.0, 0.0, 0.0]
6640.537547352596	2.0	trials	1.0	2.0	75.0	biphasic	7.0	100.0	1.0	10.0	-5.0	15r	15.0	0.0	monopolar		[8884.911448897059, 1344.0510389476128, 8213.772137775735]	[0.0, 0.0, 0.0]
6642.537549303772	2.0	trials	1.0	2.0	75.0	biphasic	7.0	100.0	1.0	10.0	-5.0	15r	15.0	0.0	monopolar		[8884.911448897059, 1344.0510389476128, 8213.772137775735]	[0.0, 0.0, 0.0]
6644.537551254947	2.0	trials	1.0	2.0	75.0	biphasic	7.0	100.0	1.0	10.0	-5.0	15r	15.0	0.0	monopolar		[8884.911448897059, 1344.0510389476128, 8213.772137775735]	[0.0, 0.0, 0.0]
6646.537120920726	2.0	trials	1.0	2.0	75.0	biphasic	7.0	100.0	1.0	10.0	-5.0	15r	15.0	0.0	monopolar		[8884.911448897059, 1344.0510389476128, 8213.772137775735]	[0.0, 0.0, 0.0]
6648.537555157299	2.0	trials	1.0	2.0	75.0	biphasic	7.0	100.0	1.0	10.0	-5.0	15r	15.0	0.0	monopolar		[8884.911448897059, 1344.0510389476128, 8213.772137775735]	[0.0, 0.0, 0.0]
6650.537557108475	2.0	trials	1.0	2.0	75.0	biphasic	7.0	100.0	1.0	10.0	-5.0	15r	15.0	0.0	monopolar		[8884.911448897059, 1344.0510389476128, 8213.772137775735]	[0.0, 0.0, 0.0]
6652.53755905965	2.0	trials	1.0	2.0	75.0	biphasic	7.0	100.0	1.0	10.0	-5.0	15r	15.0	0.0	monopolar		[8884.911448897059, 1344.0510389476128, 8213.772137775735]	[0.0, 0.0, 0.0]
6654.537094905051	2.0	trials	1.0	2.0	75.0	biphasic	7.0	100.0	1.0	10.0	-5.0	15r	15.0	0.0	monopolar		[8884.911448897059, 1344.0510389476128, 8213.772137775735]	[0.0, 0.0, 0.0]
6656.537529661936	2.0	trials	1.0	2.0	75.0	biphasic	7.0	100.0	1.0	10.0	-5.0	15r	15.0	0.0	monopolar		[8884.911448897059, 1344.0510389476128, 8213.772137775735]	[0.0, 0.0, 0.0]
6658.537531613112	2.0	trials	1.0	2.0	75.0	biphasic	7.0	100.0	1.0	10.0	-5.0	15r	15.0	0.0	monopolar		[8884.911448897059, 1344.0510389476128, 8213.772137775735]	[0.0, 0.0, 0.0]
6660.537533564288	2.0	trials	1.0	2.0	75.0	biphasic	7.0	100.0	1.0	10.0	-5.0	15r	15.0	0.0	monopolar		[8884.911448897059, 1344.0510389476128, 8213.772137775735]	[0.0, 0.0, 0.0]
6662.53710218944	2.0	trials	1.0	2.0	75.0	biphasic	7.0	100.0	1.0	10.0	-5.0	15r	15.0	0.0	monopolar		[8884.911448897059, 1344.0510389476128, 8213.772137775735]	[0.0, 0.0, 0.0]
6664.537104010537	2.0	trials	1.0	2.0	75.0	biphasic	7.0	100.0	1.0	10.0	-5.0	15r	15.0	0.0	monopolar		[8884.911448897059, 1344.0510389476128, 8213.772137775735]	[0.0, 0.0, 0.0]
6666.537539417815	2.0	trials	1.0	2.0	75.0	biphasic	7.0	100.0	1.0	10.0	-5.0	15r	15.0	0.0	monopolar		[8884.911448897059, 1344.0510389476128, 8213.772137775735]	[0.0, 0.0, 0.0]
6668.537541368991	2.0	trials	1.0	2.0	75.0	biphasic	7.0	100.0	1.0	10.0	-5.0	15r	15.0	0.0	monopolar		[8884.911448897059, 1344.0510389476128, 8213.772137775735]	[0.0, 0.0, 0.0]
6670.537109473829	2.0	trials	1.0	2.0	75.0	biphasic	7.0	100.0	1.0	10.0	-5.0	15r	15.0	0.0	monopolar		[8884.911448897059, 1344.0510389476128, 8213.772137775735]	[0.0, 0.0, 0.0]
6672.5375452713415	2.0	trials	1.0	2.0	75.0	biphasic	7.0	100.0	1.0	10.0	-5.0	15r	15.0	0.0	monopolar		[8884.911448897059, 1344.0510389476128, 8213.772137775735]	[0.0, 0.0, 0.0]
6674.537981329068	2.0	trials	1.0	2.0	75.0	biphasic	7.0	100.0	1.0	10.0	-5.0	15r	15.0	0.0	monopolar		[8884.911448897059, 1344.0510389476128, 8213.772137775735]	[0.0, 0.0, 0.0]
6676.537983410322	2.0	trials	1.0	2.0	75.0	biphasic	7.0	100.0	1.0	10.0	-5.0	15r	15.0	0.0	monopolar		[8884.911448897059, 1344.0510389476128, 8213.772137775735]	[0.0, 0.0, 0.0]
6678.537551124869	2.0	trials	1.0	2.0	75.0	biphasic	7.0	100.0	1.0	10.0	-5.0	15r	15.0	0.0	monopolar		[8884.911448897059, 1344.0510389476128, 8213.772137775735]	[0.0, 0.0, 0.0]
6680.537553076045	2.0	trials	1.0	2.0	75.0	biphasic	7.0	100.0	1.0	10.0	-5.0	15r	15.0	0.0	monopolar		[8884.911448897059, 1344.0510389476128, 8213.772137775735]	[0.0, 0.0, 0.0]
6682.53755502722	2.0	trials	1.0	2.0	75.0	biphasic	7.0	100.0	1.0	10.0	-5.0	15r	15.0	0.0	monopolar		[8884.911448897059, 1344.0510389476128, 8213.772137775735]	[0.0, 0.0, 0.0]
6684.537958435271	2.0	trials	1.0	2.0	75.0	biphasic	7.0	100.0	1.0	10.0	-5.0	15r	15.0	0.0	monopolar		[8884.911448897059, 1344.0510389476128, 8213.772137775735]	[0.0, 0.0, 0.0]
6686.5375256295065	2.0	trials	1.0	2.0	75.0	biphasic	7.0	100.0	1.0	10.0	-5.0	15r	15.0	0.0	monopolar		[8884.911448897059, 1344.0510389476128, 8213.772137775735]	[0.0, 0.0, 0.0]
6688.537527580682	2.0	trials	1.0	2.0	75.0	biphasic	7.0	100.0	1.0	10.0	-5.0	15r	15.0	0.0	monopolar		[8884.911448897059, 1344.0510389476128, 8213.772137775735]	[0.0, 0.0, 0.0]
6690.537529531857	2.0	trials	1.0	2.0	75.0	biphasic	7.0	100.0	1.0	10.0	-5.0	15r	15.0	0.0	monopolar		[8884.911448897059, 1344.0510389476128, 8213.772137775735]	[0.0, 0.0, 0.0]
6692.537966760288	2.0	trials	1.0	2.0	75.0	biphasic	7.0	100.0	1.0	10.0	-5.0	15r	15.0	0.0	monopolar		[8884.911448897059, 1344.0510389476128, 8213.772137775735]	[0.0, 0.0, 0.0]
6694.537533434209	2.0	trials	1.0	2.0	75.0	biphasic	7.0	100.0	1.0	10.0	-5.0	15r	15.0	0.0	monopolar		[8884.911448897059, 1344.0510389476128, 8213.772137775735]	[0.0, 0.0, 0.0]
6696.537535385385	2.0	trials	1.0	2.0	75.0	biphasic	7.0	100.0	1.0	10.0	-5.0	15r	15.0	0.0	monopolar		[8884.911448897059, 1344.0510389476128, 8213.772137775735]	[0.0, 0.0, 0.0]
6698.5375373365605	2.0	trials	1.0	2.0	75.0	biphasic	7.0	100.0	1.0	10.0	-5.0	15r	15.0	0.0	monopolar		[8884.911448897059, 1344.0510389476128, 8213.772137775735]	[0.0, 0.0, 0.0]
6700.537103490224	2.0	trials	1.0	2.0	75.0	biphasic	7.0	100.0	1.0	10.0	-5.0	15r	15.0	0.0	monopolar		[8884.911448897059, 1344.0510389476128, 8213.772137775735]	[0.0, 0.0, 0.0]
6702.537541238912	2.0	trials	1.0	2.0	75.0	biphasic	7.0	100.0	1.0	10.0	-5.0	15r	15.0	0.0	monopolar		[8884.911448897059, 1344.0510389476128, 8213.772137775735]	[0.0, 0.0, 0.0]
6704.537543190088	2.0	trials	1.0	2.0	75.0	biphasic	7.0	100.0	1.0	10.0	-5.0	15r	15.0	0.0	monopolar		[8884.911448897059, 1344.0510389476128, 8213.772137775735]	[0.0, 0.0, 0.0]
6706.537545141264	2.0	trials	1.0	2.0	75.0	biphasic	7.0	100.0	1.0	10.0	-5.0	15r	15.0	0.0	monopolar		[8884.911448897059, 1344.0510389476128, 8213.772137775735]	[0.0, 0.0, 0.0]
6708.537110774613	2.0	trials	1.0	2.0	75.0	biphasic	7.0	100.0	1.0	10.0	-5.0	15r	15.0	0.0	monopolar		[8884.911448897059, 1344.0510389476128, 8213.772137775735]	[0.0, 0.0, 0.0]
6710.537549043615	2.0	trials	1.0	2.0	75.0	biphasic	7.0	100.0	1.0	10.0	-5.0	15r	15.0	0.0	monopolar		[8884.911448897059, 1344.0510389476128, 8213.772137775735]	[0.0, 0.0, 0.0]
6712.537550994791	2.0	trials	1.0	2.0	75.0	biphasic	7.0	100.0	1.0	10.0	-5.0	15r	15.0	0.0	monopolar		[8884.911448897059, 1344.0510389476128, 8213.772137775735]	[0.0, 0.0, 0.0]
6714.537552945966	2.0	trials	1.0	2.0	75.0	biphasic	7.0	100.0	1.0	10.0	-5.0	15r	15.0	0.0	monopolar		[8884.911448897059, 1344.0510389476128, 8213.772137775735]	[0.0, 0.0, 0.0]
6716.537084758938	2.0	trials	1.0	2.0	75.0	biphasic	7.0	100.0	1.0	10.0	-5.0	15r	15.0	0.0	monopolar		[8884.911448897059, 1344.0510389476128, 8213.772137775735]	[0.0, 0.0, 0.0]
6718.5375235482525	2.0	trials	1.0	2.0	75.0	biphasic	7.0	100.0	1.0	10.0	-5.0	15r	15.0	0.0	monopolar		[8884.911448897059, 1344.0510389476128, 8213.772137775735]	[0.0, 0.0, 0.0]
6720.537525499428	2.0	trials	1.0	2.0	75.0	biphasic	7.0	100.0	1.0	10.0	-5.0	15r	15.0	0.0	monopolar		[8884.911448897059, 1344.0510389476128, 8213.772137775735]	[0.0, 0.0, 0.0]
6783.454569897456	2.0	trials	1.0	2.0	75.0	biphasic	8.0	100.0	1.0	10.0	5.0	15r	15.0	0.0	monopolar		[8884.911448897059, 1344.0510389476128, 8213.772137775735]	[0.0, 0.0, 0.0]
6785.454571848632	2.0	trials	1.0	2.0	75.0	biphasic	8.0	100.0	1.0	10.0	5.0	15r	15.0	0.0	monopolar		[8884.911448897059, 1344.0510389476128, 8213.772137775735]	[0.0, 0.0, 0.0]
6787.454132349282	2.0	trials	1.0	2.0	75.0	biphasic	8.0	100.0	1.0	10.0	5.0	15r	15.0	0.0	monopolar		[8884.911448897059, 1344.0510389476128, 8213.772137775735]	[0.0, 0.0, 0.0]
6789.454575750983	2.0	trials	1.0	2.0	75.0	biphasic	8.0	100.0	1.0	10.0	5.0	15r	15.0	0.0	monopolar		[8884.911448897059, 1344.0510389476128, 8213.772137775735]	[0.0, 0.0, 0.0]
6791.454577702159	2.0	trials	1.0	2.0	75.0	biphasic	8.0	100.0	1.0	10.0	5.0	15r	15.0	0.0	monopolar		[8884.911448897059, 1344.0510389476128, 8213.772137775735]	[0.0, 0.0, 0.0]
6793.454137812573	2.0	trials	1.0	2.0	75.0	biphasic	8.0	100.0	1.0	10.0	5.0	15r	15.0	0.0	monopolar		[8884.911448897059, 1344.0510389476128, 8213.772137775735]	[0.0, 0.0, 0.0]
6795.454139633671	2.0	trials	1.0	2.0	75.0	biphasic	8.0	100.0	1.0	10.0	5.0	15r	15.0	0.0	monopolar		[8884.911448897059, 1344.0510389476128, 8213.772137775735]	[0.0, 0.0, 0.0]
6797.454141454768	2.0	trials	1.0	2.0	75.0	biphasic	8.0	100.0	1.0	10.0	5.0	15r	15.0	0.0	monopolar		[8884.911448897059, 1344.0510389476128, 8213.772137775735]	[0.0, 0.0, 0.0]
6799.454585506862	2.0	trials	1.0	2.0	75.0	biphasic	8.0	100.0	1.0	10.0	5.0	15r	15.0	0.0	monopolar		[8884.911448897059, 1344.0510389476128, 8213.772137775735]	[0.0, 0.0, 0.0]
6801.454145096963	2.0	trials	1.0	2.0	75.0	biphasic	8.0	100.0	1.0	10.0	5.0	15r	15.0	0.0	monopolar		[8884.911448897059, 1344.0510389476128, 8213.772137775735]	[0.0, 0.0, 0.0]
6803.454146918059	2.0	trials	1.0	2.0	75.0	biphasic	8.0	100.0	1.0	10.0	5.0	15r	15.0	0.0	monopolar		[8884.911448897059, 1344.0510389476128, 8213.772137775735]	[0.0, 0.0, 0.0]
6805.454148739157	2.0	trials	1.0	2.0	75.0	biphasic	8.0	100.0	1.0	10.0	5.0	15r	15.0	0.0	monopolar		[8884.911448897059, 1344.0510389476128, 8213.772137775735]	[0.0, 0.0, 0.0]
6807.454593311565	2.0	trials	1.0	2.0	75.0	biphasic	8.0	100.0	1.0	10.0	5.0	15r	15.0	0.0	monopolar		[8884.911448897059, 1344.0510389476128, 8213.772137775735]	[0.0, 0.0, 0.0]
6809.454152381351	2.0	trials	1.0	2.0	75.0	biphasic	8.0	100.0	1.0	10.0	5.0	15r	15.0	0.0	monopolar		[8884.911448897059, 1344.0510389476128, 8213.772137775735]	[0.0, 0.0, 0.0]
6811.454154202448	2.0	trials	1.0	2.0	75.0	biphasic	8.0	100.0	1.0	10.0	5.0	15r	15.0	0.0	monopolar		[8884.911448897059, 1344.0510389476128, 8213.772137775735]	[0.0, 0.0, 0.0]
6813.454122723482	2.0	trials	1.0	2.0	75.0	biphasic	8.0	100.0	1.0	10.0	5.0	15r	15.0	0.0	monopolar		[8884.911448897059, 1344.0510389476128, 8213.772137775735]	[0.0, 0.0, 0.0]
6815.454567816202	2.0	trials	1.0	2.0	75.0	biphasic	8.0	100.0	1.0	10.0	5.0	15r	15.0	0.0	monopolar		[8884.911448897059, 1344.0510389476128, 8213.772137775735]	[0.0, 0.0, 0.0]
6817.455013169137	2.0	trials	1.0	2.0	75.0	biphasic	8.0	100.0	1.0	10.0	5.0	15r	15.0	0.0	monopolar		[8884.911448897059, 1344.0510389476128, 8213.772137775735]	[0.0, 0.0, 0.0]
6819.454571718553	2.0	trials	1.0	2.0	75.0	biphasic	8.0	100.0	1.0	10.0	5.0	15r	15.0	0.0	monopolar		[8884.911448897059, 1344.0510389476128, 8213.772137775735]	[0.0, 0.0, 0.0]
6821.454573669729	2.0	trials	1.0	2.0	75.0	biphasic	8.0	100.0	1.0	10.0	5.0	15r	15.0	0.0	monopolar		[8884.911448897059, 1344.0510389476128, 8213.772137775735]	[0.0, 0.0, 0.0]
6823.4545756209045	2.0	trials	1.0	2.0	75.0	biphasic	8.0	100.0	1.0	10.0	5.0	15r	15.0	0.0	monopolar		[8884.911448897059, 1344.0510389476128, 8213.772137775735]	[0.0, 0.0, 0.0]
6825.455021494153	2.0	trials	1.0	2.0	75.0	biphasic	8.0	100.0	1.0	10.0	5.0	15r	15.0	0.0	monopolar		[8884.911448897059, 1344.0510389476128, 8213.772137775735]	[0.0, 0.0, 0.0]
6827.454579523256	2.0	trials	1.0	2.0	75.0	biphasic	8.0	100.0	1.0	10.0	5.0	15r	15.0	0.0	monopolar		[8884.911448897059, 1344.0510389476128, 8213.772137775735]	[0.0, 0.0, 0.0]
6829.454581474432	2.0	trials	1.0	2.0	75.0	biphasic	8.0	100.0	1.0	10.0	5.0	15r	15.0	0.0	monopolar		[8884.911448897059, 1344.0510389476128, 8213.772137775735]	[0.0, 0.0, 0.0]
6831.454583425608	2.0	trials	1.0	2.0	75.0	biphasic	8.0	100.0	1.0	10.0	5.0	15r	15.0	0.0	monopolar		[8884.911448897059, 1344.0510389476128, 8213.772137775735]	[0.0, 0.0, 0.0]
6833.45502981917	2.0	trials	1.0	2.0	75.0	biphasic	8.0	100.0	1.0	10.0	5.0	15r	15.0	0.0	monopolar		[8884.911448897059, 1344.0510389476128, 8213.772137775735]	[0.0, 0.0, 0.0]
6835.454587327959	2.0	trials	1.0	2.0	75.0	biphasic	8.0	100.0	1.0	10.0	5.0	15r	15.0	0.0	monopolar		[8884.911448897059, 1344.0510389476128, 8213.772137775735]	[0.0, 0.0, 0.0]
6837.454589279135	2.0	trials	1.0	2.0	75.0	biphasic	8.0	100.0	1.0	10.0	5.0	15r	15.0	0.0	monopolar		[8884.911448897059, 1344.0510389476128, 8213.772137775735]	[0.0, 0.0, 0.0]
6839.454591230311	2.0	trials	1.0	2.0	75.0	biphasic	8.0	100.0	1.0	10.0	5.0	15r	15.0	0.0	monopolar		[8884.911448897059, 1344.0510389476128, 8213.772137775735]	[0.0, 0.0, 0.0]
6841.454593181486	2.0	trials	1.0	2.0	75.0	biphasic	8.0	100.0	1.0	10.0	5.0	15r	15.0	0.0	monopolar		[8884.911448897059, 1344.0510389476128, 8213.772137775735]	[0.0, 0.0, 0.0]
6843.4545618325965	2.0	trials	1.0	2.0	75.0	biphasic	8.0	100.0	1.0	10.0	5.0	15r	15.0	0.0	monopolar		[8884.911448897059, 1344.0510389476128, 8213.772137775735]	[0.0, 0.0, 0.0]
6845.454563783772	2.0	trials	1.0	2.0	75.0	biphasic	8.0	100.0	1.0	10.0	5.0	15r	15.0	0.0	monopolar		[8884.911448897059, 1344.0510389476128, 8213.772137775735]	[0.0, 0.0, 0.0]
6847.454565734948	2.0	trials	1.0	2.0	75.0	biphasic	8.0	100.0	1.0	10.0	5.0	15r	15.0	0.0	monopolar		[8884.911448897059, 1344.0510389476128, 8213.772137775735]	[0.0, 0.0, 0.0]
6849.4541222031685	2.0	trials	1.0	2.0	75.0	biphasic	8.0	100.0	1.0	10.0	5.0	15r	15.0	0.0	monopolar		[8884.911448897059, 1344.0510389476128, 8213.772137775735]	[0.0, 0.0, 0.0]
6851.454569637299	2.0	trials	1.0	2.0	75.0	biphasic	8.0	100.0	1.0	10.0	5.0	15r	15.0	0.0	monopolar		[8884.911448897059, 1344.0510389476128, 8213.772137775735]	[0.0, 0.0, 0.0]
6853.454571588475	2.0	trials	1.0	2.0	75.0	biphasic	8.0	100.0	1.0	10.0	5.0	15r	15.0	0.0	monopolar		[8884.911448897059, 1344.0510389476128, 8213.772137775735]	[0.0, 0.0, 0.0]
6855.4545735396505	2.0	trials	1.0	2.0	75.0	biphasic	8.0	100.0	1.0	10.0	5.0	15r	15.0	0.0	monopolar		[8884.911448897059, 1344.0510389476128, 8213.772137775735]	[0.0, 0.0, 0.0]
6857.454129487557	2.0	trials	1.0	2.0	75.0	biphasic	8.0	100.0	1.0	10.0	5.0	15r	15.0	0.0	monopolar		[8884.911448897059, 1344.0510389476128, 8213.772137775735]	[0.0, 0.0, 0.0]
6859.454577442002	2.0	trials	1.0	2.0	75.0	biphasic	8.0	100.0	1.0	10.0	5.0	15r	15.0	0.0	monopolar		[8884.911448897059, 1344.0510389476128, 8213.772137775735]	[0.0, 0.0, 0.0]
6861.4545793931775	2.0	trials	1.0	2.0	75.0	biphasic	8.0	100.0	1.0	10.0	5.0	15r	15.0	0.0	monopolar		[8884.911448897059, 1344.0510389476128, 8213.772137775735]	[0.0, 0.0, 0.0]
6863.454581344354	2.0	trials	1.0	2.0	75.0	biphasic	8.0	100.0	1.0	10.0	5.0	15r	15.0	0.0	monopolar		[8884.911448897059, 1344.0510389476128, 8213.772137775735]	[0.0, 0.0, 0.0]
6865.454136771947	2.0	trials	1.0	2.0	75.0	biphasic	8.0	100.0	1.0	10.0	5.0	15r	15.0	0.0	monopolar		[8884.911448897059, 1344.0510389476128, 8213.772137775735]	[0.0, 0.0, 0.0]
6867.454138593043	2.0	trials	1.0	2.0	75.0	biphasic	8.0	100.0	1.0	10.0	5.0	15r	15.0	0.0	monopolar		[8884.911448897059, 1344.0510389476128, 8213.772137775735]	[0.0, 0.0, 0.0]
6869.454587197881	2.0	trials	1.0	2.0	75.0	biphasic	8.0	100.0	1.0	10.0	5.0	15r	15.0	0.0	monopolar		[8884.911448897059, 1344.0510389476128, 8213.772137775735]	[0.0, 0.0, 0.0]
6871.454589149056	2.0	trials	1.0	2.0	75.0	biphasic	8.0	100.0	1.0	10.0	5.0	15r	15.0	0.0	monopolar		[8884.911448897059, 1344.0510389476128, 8213.772137775735]	[0.0, 0.0, 0.0]
6873.454144056335	2.0	trials	1.0	2.0	75.0	biphasic	8.0	100.0	1.0	10.0	5.0	15r	15.0	0.0	monopolar		[8884.911448897059, 1344.0510389476128, 8213.772137775735]	[0.0, 0.0, 0.0]
6875.454112577369	2.0	trials	1.0	2.0	75.0	biphasic	8.0	100.0	1.0	10.0	5.0	15r	15.0	0.0	monopolar		[8884.911448897059, 1344.0510389476128, 8213.772137775735]	[0.0, 0.0, 0.0]
6877.454561702518	2.0	trials	1.0	2.0	75.0	biphasic	8.0	100.0	1.0	10.0	5.0	15r	15.0	0.0	monopolar		[8884.911448897059, 1344.0510389476128, 8213.772137775735]	[0.0, 0.0, 0.0]
6879.454563653693	2.0	trials	1.0	2.0	75.0	biphasic	8.0	100.0	1.0	10.0	5.0	15r	15.0	0.0	monopolar		[8884.911448897059, 1344.0510389476128, 8213.772137775735]	[0.0, 0.0, 0.0]
6881.45411804066	2.0	trials	1.0	2.0	75.0	biphasic	8.0	100.0	1.0	10.0	5.0	15r	15.0	0.0	monopolar		[8884.911448897059, 1344.0510389476128, 8213.772137775735]	[0.0, 0.0, 0.0]
6883.454119861758	2.0	trials	1.0	2.0	75.0	biphasic	8.0	100.0	1.0	10.0	5.0	15r	15.0	0.0	monopolar		[8884.911448897059, 1344.0510389476128, 8213.772137775735]	[0.0, 0.0, 0.0]
6885.454121682855	2.0	trials	1.0	2.0	75.0	biphasic	8.0	100.0	1.0	10.0	5.0	15r	15.0	0.0	monopolar		[8884.911448897059, 1344.0510389476128, 8213.772137775735]	[0.0, 0.0, 0.0]
6887.454123503952	2.0	trials	1.0	2.0	75.0	biphasic	8.0	100.0	1.0	10.0	5.0	15r	15.0	0.0	monopolar		[8884.911448897059, 1344.0510389476128, 8213.772137775735]	[0.0, 0.0, 0.0]
6889.45412532505	2.0	trials	1.0	2.0	75.0	biphasic	8.0	100.0	1.0	10.0	5.0	15r	15.0	0.0	monopolar		[8884.911448897059, 1344.0510389476128, 8213.772137775735]	[0.0, 0.0, 0.0]
6891.454127146147	2.0	trials	1.0	2.0	75.0	biphasic	8.0	100.0	1.0	10.0	5.0	15r	15.0	0.0	monopolar		[8884.911448897059, 1344.0510389476128, 8213.772137775735]	[0.0, 0.0, 0.0]
6893.454128967244	2.0	trials	1.0	2.0	75.0	biphasic	8.0	100.0	1.0	10.0	5.0	15r	15.0	0.0	monopolar		[8884.911448897059, 1344.0510389476128, 8213.772137775735]	[0.0, 0.0, 0.0]
6895.454130788341	2.0	trials	1.0	2.0	75.0	biphasic	8.0	100.0	1.0	10.0	5.0	15r	15.0	0.0	monopolar		[8884.911448897059, 1344.0510389476128, 8213.772137775735]	[0.0, 0.0, 0.0]
6897.454581214275	2.0	trials	1.0	2.0	75.0	biphasic	8.0	100.0	1.0	10.0	5.0	15r	15.0	0.0	monopolar		[8884.911448897059, 1344.0510389476128, 8213.772137775735]	[0.0, 0.0, 0.0]
6899.454583165451	2.0	trials	1.0	2.0	75.0	biphasic	8.0	100.0	1.0	10.0	5.0	15r	15.0	0.0	monopolar		[8884.911448897059, 1344.0510389476128, 8213.772137775735]	[0.0, 0.0, 0.0]
6901.454585116627	2.0	trials	1.0	2.0	75.0	biphasic	8.0	100.0	1.0	10.0	5.0	15r	15.0	0.0	monopolar		[8884.911448897059, 1344.0510389476128, 8213.772137775735]	[0.0, 0.0, 0.0]
6903.4541380727305	2.0	trials	1.0	2.0	75.0	biphasic	8.0	100.0	1.0	10.0	5.0	15r	15.0	0.0	monopolar		[8884.911448897059, 1344.0510389476128, 8213.772137775735]	[0.0, 0.0, 0.0]
6905.454555718912	2.0	trials	1.0	2.0	75.0	biphasic	8.0	100.0	1.0	10.0	5.0	15r	15.0	0.0	monopolar		[8884.911448897059, 1344.0510389476128, 8213.772137775735]	[0.0, 0.0, 0.0]
6907.454557670088	2.0	trials	1.0	2.0	75.0	biphasic	8.0	100.0	1.0	10.0	5.0	15r	15.0	0.0	monopolar		[8884.911448897059, 1344.0510389476128, 8213.772137775735]	[0.0, 0.0, 0.0]
6909.454559621264	2.0	trials	1.0	2.0	75.0	biphasic	8.0	100.0	1.0	10.0	5.0	15r	15.0	0.0	monopolar		[8884.911448897059, 1344.0510389476128, 8213.772137775735]	[0.0, 0.0, 0.0]
6911.454112057056	2.0	trials	1.0	2.0	75.0	biphasic	8.0	100.0	1.0	10.0	5.0	15r	15.0	0.0	monopolar		[8884.911448897059, 1344.0510389476128, 8213.772137775735]	[0.0, 0.0, 0.0]
6913.454563523615	2.0	trials	1.0	2.0	75.0	biphasic	8.0	100.0	1.0	10.0	5.0	15r	15.0	0.0	monopolar		[8884.911448897059, 1344.0510389476128, 8213.772137775735]	[0.0, 0.0, 0.0]
6915.454565474791	2.0	trials	1.0	2.0	75.0	biphasic	8.0	100.0	1.0	10.0	5.0	15r	15.0	0.0	monopolar		[8884.911448897059, 1344.0510389476128, 8213.772137775735]	[0.0, 0.0, 0.0]
6917.454567425967	2.0	trials	1.0	2.0	75.0	biphasic	8.0	100.0	1.0	10.0	5.0	15r	15.0	0.0	monopolar		[8884.911448897059, 1344.0510389476128, 8213.772137775735]	[0.0, 0.0, 0.0]
6919.454119341444	2.0	trials	1.0	2.0	75.0	biphasic	8.0	100.0	1.0	10.0	5.0	15r	15.0	0.0	monopolar		[8884.911448897059, 1344.0510389476128, 8213.772137775735]	[0.0, 0.0, 0.0]
6921.454571328318	2.0	trials	1.0	2.0	75.0	biphasic	8.0	100.0	1.0	10.0	5.0	15r	15.0	0.0	monopolar		[8884.911448897059, 1344.0510389476128, 8213.772137775735]	[0.0, 0.0, 0.0]
6923.454573279494	2.0	trials	1.0	2.0	75.0	biphasic	8.0	100.0	1.0	10.0	5.0	15r	15.0	0.0	monopolar		[8884.911448897059, 1344.0510389476128, 8213.772137775735]	[0.0, 0.0, 0.0]
6925.454575230669	2.0	trials	1.0	2.0	75.0	biphasic	8.0	100.0	1.0	10.0	5.0	15r	15.0	0.0	monopolar		[8884.911448897059, 1344.0510389476128, 8213.772137775735]	[0.0, 0.0, 0.0]
6927.454126625833	2.0	trials	1.0	2.0	75.0	biphasic	8.0	100.0	1.0	10.0	5.0	15r	15.0	0.0	monopolar		[8884.911448897059, 1344.0510389476128, 8213.772137775735]	[0.0, 0.0, 0.0]
6929.454579133021	2.0	trials	1.0	2.0	75.0	biphasic	8.0	100.0	1.0	10.0	5.0	15r	15.0	0.0	monopolar		[8884.911448897059, 1344.0510389476128, 8213.772137775735]	[0.0, 0.0, 0.0]
6931.454581084196	2.0	trials	1.0	2.0	75.0	biphasic	8.0	100.0	1.0	10.0	5.0	15r	15.0	0.0	monopolar		[8884.911448897059, 1344.0510389476128, 8213.772137775735]	[0.0, 0.0, 0.0]
7046.449864767262	2.0	trials	1.0	2.0	75.0	biphasic	9.0	100.0	1.0	10.0	-25.0	15r	15.0	0.0	monopolar		[8884.911448897059, 1344.0510389476128, 8213.772137775735]	[0.0, 0.0, 0.0]
7048.449866718438	2.0	trials	1.0	2.0	75.0	biphasic	9.0	100.0	1.0	10.0	-25.0	15r	15.0	0.0	monopolar		[8884.911448897059, 1344.0510389476128, 8213.772137775735]	[0.0, 0.0, 0.0]
7050.449868669613	2.0	trials	1.0	2.0	75.0	biphasic	9.0	100.0	1.0	10.0	-25.0	15r	15.0	0.0	monopolar		[8884.911448897059, 1344.0510389476128, 8213.772137775735]	[0.0, 0.0, 0.0]
7052.449411935185	2.0	trials	1.0	2.0	75.0	biphasic	9.0	100.0	1.0	10.0	-25.0	15r	15.0	0.0	monopolar		[8884.911448897059, 1344.0510389476128, 8213.772137775735]	[0.0, 0.0, 0.0]
7054.449872571965	2.0	trials	1.0	2.0	75.0	biphasic	9.0	100.0	1.0	10.0	-25.0	15r	15.0	0.0	monopolar		[8884.911448897059, 1344.0510389476128, 8213.772137775735]	[0.0, 0.0, 0.0]
7056.44987452314	2.0	trials	1.0	2.0	75.0	biphasic	9.0	100.0	1.0	10.0	-25.0	15r	15.0	0.0	monopolar		[8884.911448897059, 1344.0510389476128, 8213.772137775735]	[0.0, 0.0, 0.0]
7058.449876474317	2.0	trials	1.0	2.0	75.0	biphasic	9.0	100.0	1.0	10.0	-25.0	15r	15.0	0.0	monopolar		[8884.911448897059, 1344.0510389476128, 8213.772137775735]	[0.0, 0.0, 0.0]
7060.449419219574	2.0	trials	1.0	2.0	75.0	biphasic	9.0	100.0	1.0	10.0	-25.0	15r	15.0	0.0	monopolar		[8884.911448897059, 1344.0510389476128, 8213.772137775735]	[0.0, 0.0, 0.0]
7062.449880376668	2.0	trials	1.0	2.0	75.0	biphasic	9.0	100.0	1.0	10.0	-25.0	15r	15.0	0.0	monopolar		[8884.911448897059, 1344.0510389476128, 8213.772137775735]	[0.0, 0.0, 0.0]
7064.449882327844	2.0	trials	1.0	2.0	75.0	biphasic	9.0	100.0	1.0	10.0	-25.0	15r	15.0	0.0	monopolar		[8884.911448897059, 1344.0510389476128, 8213.772137775735]	[0.0, 0.0, 0.0]
7066.449884279019	2.0	trials	1.0	2.0	75.0	biphasic	9.0	100.0	1.0	10.0	-25.0	15r	15.0	0.0	monopolar		[8884.911448897059, 1344.0510389476128, 8213.772137775735]	[0.0, 0.0, 0.0]
7068.4493932039	2.0	trials	1.0	2.0	75.0	biphasic	9.0	100.0	1.0	10.0	-25.0	15r	15.0	0.0	monopolar		[8884.911448897059, 1344.0510389476128, 8213.772137775735]	[0.0, 0.0, 0.0]
7070.449395024996	2.0	trials	1.0	2.0	75.0	biphasic	9.0	100.0	1.0	10.0	-25.0	15r	15.0	0.0	monopolar		[8884.911448897059, 1344.0510389476128, 8213.772137775735]	[0.0, 0.0, 0.0]
7072.449856832481	2.0	trials	1.0	2.0	75.0	biphasic	9.0	100.0	1.0	10.0	-25.0	15r	15.0	0.0	monopolar		[8884.911448897059, 1344.0510389476128, 8213.772137775735]	[0.0, 0.0, 0.0]
7074.449858783657	2.0	trials	1.0	2.0	75.0	biphasic	9.0	100.0	1.0	10.0	-25.0	15r	15.0	0.0	monopolar		[8884.911448897059, 1344.0510389476128, 8213.772137775735]	[0.0, 0.0, 0.0]
7076.449400488288	2.0	trials	1.0	2.0	75.0	biphasic	9.0	100.0	1.0	10.0	-25.0	15r	15.0	0.0	monopolar		[8884.911448897059, 1344.0510389476128, 8213.772137775735]	[0.0, 0.0, 0.0]
7078.449402309386	2.0	trials	1.0	2.0	75.0	biphasic	9.0	100.0	1.0	10.0	-25.0	15r	15.0	0.0	monopolar		[8884.911448897059, 1344.0510389476128, 8213.772137775735]	[0.0, 0.0, 0.0]
7080.449864637184	2.0	trials	1.0	2.0	75.0	biphasic	9.0	100.0	1.0	10.0	-25.0	15r	15.0	0.0	monopolar		[8884.911448897059, 1344.0510389476128, 8213.772137775735]	[0.0, 0.0, 0.0]
7082.449866588359	2.0	trials	1.0	2.0	75.0	biphasic	9.0	100.0	1.0	10.0	-25.0	15r	15.0	0.0	monopolar		[8884.911448897059, 1344.0510389476128, 8213.772137775735]	[0.0, 0.0, 0.0]
7084.449407772677	2.0	trials	1.0	2.0	75.0	biphasic	9.0	100.0	1.0	10.0	-25.0	15r	15.0	0.0	monopolar		[8884.911448897059, 1344.0510389476128, 8213.772137775735]	[0.0, 0.0, 0.0]
7086.449409593774	2.0	trials	1.0	2.0	75.0	biphasic	9.0	100.0	1.0	10.0	-25.0	15r	15.0	0.0	monopolar		[8884.911448897059, 1344.0510389476128, 8213.772137775735]	[0.0, 0.0, 0.0]
7088.449411414872	2.0	trials	1.0	2.0	75.0	biphasic	9.0	100.0	1.0	10.0	-25.0	15r	15.0	0.0	monopolar		[8884.911448897059, 1344.0510389476128, 8213.772137775735]	[0.0, 0.0, 0.0]
7090.449874393063	2.0	trials	1.0	2.0	75.0	biphasic	9.0	100.0	1.0	10.0	-25.0	15r	15.0	0.0	monopolar		[8884.911448897059, 1344.0510389476128, 8213.772137775735]	[0.0, 0.0, 0.0]
7092.449415057066	2.0	trials	1.0	2.0	75.0	biphasic	9.0	100.0	1.0	10.0	-25.0	15r	15.0	0.0	monopolar		[8884.911448897059, 1344.0510389476128, 8213.772137775735]	[0.0, 0.0, 0.0]
7094.449416878163	2.0	trials	1.0	2.0	75.0	biphasic	9.0	100.0	1.0	10.0	-25.0	15r	15.0	0.0	monopolar		[8884.911448897059, 1344.0510389476128, 8213.772137775735]	[0.0, 0.0, 0.0]
7096.449418699261	2.0	trials	1.0	2.0	75.0	biphasic	9.0	100.0	1.0	10.0	-25.0	15r	15.0	0.0	monopolar		[8884.911448897059, 1344.0510389476128, 8213.772137775735]	[0.0, 0.0, 0.0]
7098.449420520357	2.0	trials	1.0	2.0	75.0	biphasic	9.0	100.0	1.0	10.0	-25.0	15r	15.0	0.0	monopolar		[8884.911448897059, 1344.0510389476128, 8213.772137775735]	[0.0, 0.0, 0.0]
7100.449389041391	2.0	trials	1.0	2.0	75.0	biphasic	9.0	100.0	1.0	10.0	-25.0	15r	15.0	0.0	monopolar		[8884.911448897059, 1344.0510389476128, 8213.772137775735]	[0.0, 0.0, 0.0]
7102.449390862488	2.0	trials	1.0	2.0	75.0	biphasic	9.0	100.0	1.0	10.0	-25.0	15r	15.0	0.0	monopolar		[8884.911448897059, 1344.0510389476128, 8213.772137775735]	[0.0, 0.0, 0.0]
7104.449392683586	2.0	trials	1.0	2.0	75.0	biphasic	9.0	100.0	1.0	10.0	-25.0	15r	15.0	0.0	monopolar		[8884.911448897059, 1344.0510389476128, 8213.772137775735]	[0.0, 0.0, 0.0]
7106.449394504683	2.0	trials	1.0	2.0	75.0	biphasic	9.0	100.0	1.0	10.0	-25.0	15r	15.0	0.0	monopolar		[8884.911448897059, 1344.0510389476128, 8213.772137775735]	[0.0, 0.0, 0.0]
7108.44939632578	2.0	trials	1.0	2.0	75.0	biphasic	9.0	100.0	1.0	10.0	-25.0	15r	15.0	0.0	monopolar		[8884.911448897059, 1344.0510389476128, 8213.772137775735]	[0.0, 0.0, 0.0]
7110.449398146878	2.0	trials	1.0	2.0	75.0	biphasic	9.0	100.0	1.0	10.0	-25.0	15r	15.0	0.0	monopolar		[8884.911448897059, 1344.0510389476128, 8213.772137775735]	[0.0, 0.0, 0.0]
7112.449399967974	2.0	trials	1.0	2.0	75.0	biphasic	9.0	100.0	1.0	10.0	-25.0	15r	15.0	0.0	monopolar		[8884.911448897059, 1344.0510389476128, 8213.772137775735]	[0.0, 0.0, 0.0]
7114.449401789072	2.0	trials	1.0	2.0	75.0	biphasic	9.0	100.0	1.0	10.0	-25.0	15r	15.0	0.0	monopolar		[8884.911448897059, 1344.0510389476128, 8213.772137775735]	[0.0, 0.0, 0.0]
7116.44940361017	2.0	trials	1.0	2.0	75.0	biphasic	9.0	100.0	1.0	10.0	-25.0	15r	15.0	0.0	monopolar		[8884.911448897059, 1344.0510389476128, 8213.772137775735]	[0.0, 0.0, 0.0]
7118.449405431266	2.0	trials	1.0	2.0	75.0	biphasic	9.0	100.0	1.0	10.0	-25.0	15r	15.0	0.0	monopolar		[8884.911448897059, 1344.0510389476128, 8213.772137775735]	[0.0, 0.0, 0.0]
7120.449407252364	2.0	trials	1.0	2.0	75.0	biphasic	9.0	100.0	1.0	10.0	-25.0	15r	15.0	0.0	monopolar		[8884.911448897059, 1344.0510389476128, 8213.772137775735]	[0.0, 0.0, 0.0]
7122.449409073461	2.0	trials	1.0	2.0	75.0	biphasic	9.0	100.0	1.0	10.0	-25.0	15r	15.0	0.0	monopolar		[8884.911448897059, 1344.0510389476128, 8213.772137775735]	[0.0, 0.0, 0.0]
7124.449874262984	2.0	trials	1.0	2.0	75.0	biphasic	9.0	100.0	1.0	10.0	-25.0	15r	15.0	0.0	monopolar		[8884.911448897059, 1344.0510389476128, 8213.772137775735]	[0.0, 0.0, 0.0]
7126.449876214159	2.0	trials	1.0	2.0	75.0	biphasic	9.0	100.0	1.0	10.0	-25.0	15r	15.0	0.0	monopolar		[8884.911448897059, 1344.0510389476128, 8213.772137775735]	[0.0, 0.0, 0.0]
7128.449878165336	2.0	trials	1.0	2.0	75.0	biphasic	9.0	100.0	1.0	10.0	-25.0	15r	15.0	0.0	monopolar		[8884.911448897059, 1344.0510389476128, 8213.772137775735]	[0.0, 0.0, 0.0]
7130.449383057786	2.0	trials	1.0	2.0	75.0	biphasic	9.0	100.0	1.0	10.0	-25.0	15r	15.0	0.0	monopolar		[8884.911448897059, 1344.0510389476128, 8213.772137775735]	[0.0, 0.0, 0.0]
7132.449848767621	2.0	trials	1.0	2.0	75.0	biphasic	9.0	100.0	1.0	10.0	-25.0	15r	15.0	0.0	monopolar		[8884.911448897059, 1344.0510389476128, 8213.772137775735]	[0.0, 0.0, 0.0]
7134.449850718797	2.0	trials	1.0	2.0	75.0	biphasic	9.0	100.0	1.0	10.0	-25.0	15r	15.0	0.0	monopolar		[8884.911448897059, 1344.0510389476128, 8213.772137775735]	[0.0, 0.0, 0.0]
7136.449852669973	2.0	trials	1.0	2.0	75.0	biphasic	9.0	100.0	1.0	10.0	-25.0	15r	15.0	0.0	monopolar		[8884.911448897059, 1344.0510389476128, 8213.772137775735]	[0.0, 0.0, 0.0]
7138.449390342175	2.0	trials	1.0	2.0	75.0	biphasic	9.0	100.0	1.0	10.0	-25.0	15r	15.0	0.0	monopolar		[8884.911448897059, 1344.0510389476128, 8213.772137775735]	[0.0, 0.0, 0.0]
7140.449392163272	2.0	trials	1.0	2.0	75.0	biphasic	9.0	100.0	1.0	10.0	-25.0	15r	15.0	0.0	monopolar		[8884.911448897059, 1344.0510389476128, 8213.772137775735]	[0.0, 0.0, 0.0]
7142.4498585235	2.0	trials	1.0	2.0	75.0	biphasic	9.0	100.0	1.0	10.0	-25.0	15r	15.0	0.0	monopolar		[8884.911448897059, 1344.0510389476128, 8213.772137775735]	[0.0, 0.0, 0.0]
7144.449860474676	2.0	trials	1.0	2.0	75.0	biphasic	9.0	100.0	1.0	10.0	-25.0	15r	15.0	0.0	monopolar		[8884.911448897059, 1344.0510389476128, 8213.772137775735]	[0.0, 0.0, 0.0]
7146.449397626564	2.0	trials	1.0	2.0	75.0	biphasic	9.0	100.0	1.0	10.0	-25.0	15r	15.0	0.0	monopolar		[8884.911448897059, 1344.0510389476128, 8213.772137775735]	[0.0, 0.0, 0.0]
7148.449399447662	2.0	trials	1.0	2.0	75.0	biphasic	9.0	100.0	1.0	10.0	-25.0	15r	15.0	0.0	monopolar		[8884.911448897059, 1344.0510389476128, 8213.772137775735]	[0.0, 0.0, 0.0]
7150.449866328203	2.0	trials	1.0	2.0	75.0	biphasic	9.0	100.0	1.0	10.0	-25.0	15r	15.0	0.0	monopolar		[8884.911448897059, 1344.0510389476128, 8213.772137775735]	[0.0, 0.0, 0.0]
7152.449868279378	2.0	trials	1.0	2.0	75.0	biphasic	9.0	100.0	1.0	10.0	-25.0	15r	15.0	0.0	monopolar		[8884.911448897059, 1344.0510389476128, 8213.772137775735]	[0.0, 0.0, 0.0]
7154.449404910953	2.0	trials	1.0	2.0	75.0	biphasic	9.0	100.0	1.0	10.0	-25.0	15r	15.0	0.0	monopolar		[8884.911448897059, 1344.0510389476128, 8213.772137775735]	[0.0, 0.0, 0.0]
7156.44940673205	2.0	trials	1.0	2.0	75.0	biphasic	9.0	100.0	1.0	10.0	-25.0	15r	15.0	0.0	monopolar		[8884.911448897059, 1344.0510389476128, 8213.772137775735]	[0.0, 0.0, 0.0]
7158.449408553148	2.0	trials	1.0	2.0	75.0	biphasic	9.0	100.0	1.0	10.0	-25.0	15r	15.0	0.0	monopolar		[8884.911448897059, 1344.0510389476128, 8213.772137775735]	[0.0, 0.0, 0.0]
7160.449842784015	2.0	trials	1.0	2.0	75.0	biphasic	9.0	100.0	1.0	10.0	-25.0	15r	15.0	0.0	monopolar		[8884.911448897059, 1344.0510389476128, 8213.772137775735]	[0.0, 0.0, 0.0]
7162.449378895279	2.0	trials	1.0	2.0	75.0	biphasic	9.0	100.0	1.0	10.0	-25.0	15r	15.0	0.0	monopolar		[8884.911448897059, 1344.0510389476128, 8213.772137775735]	[0.0, 0.0, 0.0]
7164.449380716375	2.0	trials	1.0	2.0	75.0	biphasic	9.0	100.0	1.0	10.0	-25.0	15r	15.0	0.0	monopolar		[8884.911448897059, 1344.0510389476128, 8213.772137775735]	[0.0, 0.0, 0.0]
7166.449382537473	2.0	trials	1.0	2.0	75.0	biphasic	9.0	100.0	1.0	10.0	-25.0	15r	15.0	0.0	monopolar		[8884.911448897059, 1344.0510389476128, 8213.772137775735]	[0.0, 0.0, 0.0]
7168.449850588719	2.0	trials	1.0	2.0	75.0	biphasic	9.0	100.0	1.0	10.0	-25.0	15r	15.0	0.0	monopolar		[8884.911448897059, 1344.0510389476128, 8213.772137775735]	[0.0, 0.0, 0.0]
7170.449386179667	2.0	trials	1.0	2.0	75.0	biphasic	9.0	100.0	1.0	10.0	-25.0	15r	15.0	0.0	monopolar		[8884.911448897059, 1344.0510389476128, 8213.772137775735]	[0.0, 0.0, 0.0]
7172.449388000764	2.0	trials	1.0	2.0	75.0	biphasic	9.0	100.0	1.0	10.0	-25.0	15r	15.0	0.0	monopolar		[8884.911448897059, 1344.0510389476128, 8213.772137775735]	[0.0, 0.0, 0.0]
7174.449389821862	2.0	trials	1.0	2.0	75.0	biphasic	9.0	100.0	1.0	10.0	-25.0	15r	15.0	0.0	monopolar		[8884.911448897059, 1344.0510389476128, 8213.772137775735]	[0.0, 0.0, 0.0]
7176.4489248925565	2.0	trials	1.0	2.0	75.0	biphasic	9.0	100.0	1.0	10.0	-25.0	15r	15.0	0.0	monopolar		[8884.911448897059, 1344.0510389476128, 8213.772137775735]	[0.0, 0.0, 0.0]
7178.449393464056	2.0	trials	1.0	2.0	75.0	biphasic	9.0	100.0	1.0	10.0	-25.0	15r	15.0	0.0	monopolar		[8884.911448897059, 1344.0510389476128, 8213.772137775735]	[0.0, 0.0, 0.0]
7180.4493952851535	2.0	trials	1.0	2.0	75.0	biphasic	9.0	100.0	1.0	10.0	-25.0	15r	15.0	0.0	monopolar		[8884.911448897059, 1344.0510389476128, 8213.772137775735]	[0.0, 0.0, 0.0]
7182.44939710625	2.0	trials	1.0	2.0	75.0	biphasic	9.0	100.0	1.0	10.0	-25.0	15r	15.0	0.0	monopolar		[8884.911448897059, 1344.0510389476128, 8213.772137775735]	[0.0, 0.0, 0.0]
7184.448931656631	2.0	trials	1.0	2.0	75.0	biphasic	9.0	100.0	1.0	10.0	-25.0	15r	15.0	0.0	monopolar		[8884.911448897059, 1344.0510389476128, 8213.772137775735]	[0.0, 0.0, 0.0]
7186.4494007484445	2.0	trials	1.0	2.0	75.0	biphasic	9.0	100.0	1.0	10.0	-25.0	15r	15.0	0.0	monopolar		[8884.911448897059, 1344.0510389476128, 8213.772137775735]	[0.0, 0.0, 0.0]
7188.449402569542	2.0	trials	1.0	2.0	75.0	biphasic	9.0	100.0	1.0	10.0	-25.0	15r	15.0	0.0	monopolar		[8884.911448897059, 1344.0510389476128, 8213.772137775735]	[0.0, 0.0, 0.0]
7190.44940439064	2.0	trials	1.0	2.0	75.0	biphasic	9.0	100.0	1.0	10.0	-25.0	15r	15.0	0.0	monopolar		[8884.911448897059, 1344.0510389476128, 8213.772137775735]	[0.0, 0.0, 0.0]
7192.449372911673	2.0	trials	1.0	2.0	75.0	biphasic	9.0	100.0	1.0	10.0	-25.0	15r	15.0	0.0	monopolar		[8884.911448897059, 1344.0510389476128, 8213.772137775735]	[0.0, 0.0, 0.0]
7194.449842653938	2.0	trials	1.0	2.0	75.0	biphasic	9.0	100.0	1.0	10.0	-25.0	15r	15.0	0.0	monopolar		[8884.911448897059, 1344.0510389476128, 8213.772137775735]	[0.0, 0.0, 0.0]
7302.1076566412	2.0	trials	1.0	2.0	75.0	biphasic	10.0	100.0	1.0	10.0	25.0	15r	15.0	0.0	monopolar		[8884.911448897059, 1344.0510389476128, 8213.772137775735]	[0.0, 0.0, 0.0]
7304.107658592376	2.0	trials	1.0	2.0	75.0	biphasic	10.0	100.0	1.0	10.0	25.0	15r	15.0	0.0	monopolar		[8884.911448897059, 1344.0510389476128, 8213.772137775735]	[0.0, 0.0, 0.0]
7306.107660543552	2.0	trials	1.0	2.0	75.0	biphasic	10.0	100.0	1.0	10.0	25.0	15r	15.0	0.0	monopolar		[8884.911448897059, 1344.0510389476128, 8213.772137775735]	[0.0, 0.0, 0.0]
7308.108137808169	2.0	trials	1.0	2.0	75.0	biphasic	10.0	100.0	1.0	10.0	25.0	15r	15.0	0.0	monopolar		[8884.911448897059, 1344.0510389476128, 8213.772137775735]	[0.0, 0.0, 0.0]
7310.107664445903	2.0	trials	1.0	2.0	75.0	biphasic	10.0	100.0	1.0	10.0	25.0	15r	15.0	0.0	monopolar		[8884.911448897059, 1344.0510389476128, 8213.772137775735]	[0.0, 0.0, 0.0]
7312.107666397079	2.0	trials	1.0	2.0	75.0	biphasic	10.0	100.0	1.0	10.0	25.0	15r	15.0	0.0	monopolar		[8884.911448897059, 1344.0510389476128, 8213.772137775735]	[0.0, 0.0, 0.0]
7314.107668348255	2.0	trials	1.0	2.0	75.0	biphasic	10.0	100.0	1.0	10.0	25.0	15r	15.0	0.0	monopolar		[8884.911448897059, 1344.0510389476128, 8213.772137775735]	[0.0, 0.0, 0.0]
7316.1076702994305	2.0	trials	1.0	2.0	75.0	biphasic	10.0	100.0	1.0	10.0	25.0	15r	15.0	0.0	monopolar		[8884.911448897059, 1344.0510389476128, 8213.772137775735]	[0.0, 0.0, 0.0]
7318.107672250607	2.0	trials	1.0	2.0	75.0	biphasic	10.0	100.0	1.0	10.0	25.0	15r	15.0	0.0	monopolar		[8884.911448897059, 1344.0510389476128, 8213.772137775735]	[0.0, 0.0, 0.0]
7320.107674201782	2.0	trials	1.0	2.0	75.0	biphasic	10.0	100.0	1.0	10.0	25.0	15r	15.0	0.0	monopolar		[8884.911448897059, 1344.0510389476128, 8213.772137775735]	[0.0, 0.0, 0.0]
7322.107642852892	2.0	trials	1.0	2.0	75.0	biphasic	10.0	100.0	1.0	10.0	25.0	15r	15.0	0.0	monopolar		[8884.911448897059, 1344.0510389476128, 8213.772137775735]	[0.0, 0.0, 0.0]
7324.107644804068	2.0	trials	1.0	2.0	75.0	biphasic	10.0	100.0	1.0	10.0	25.0	15r	15.0	0.0	monopolar		[8884.911448897059, 1344.0510389476128, 8213.772137775735]	[0.0, 0.0, 0.0]
7326.107646755244	2.0	trials	1.0	2.0	75.0	biphasic	10.0	100.0	1.0	10.0	25.0	15r	15.0	0.0	monopolar		[8884.911448897059, 1344.0510389476128, 8213.772137775735]	[0.0, 0.0, 0.0]
7328.107648706419	2.0	trials	1.0	2.0	75.0	biphasic	10.0	100.0	1.0	10.0	25.0	15r	15.0	0.0	monopolar		[8884.911448897059, 1344.0510389476128, 8213.772137775735]	[0.0, 0.0, 0.0]
7330.107650657595	2.0	trials	1.0	2.0	75.0	biphasic	10.0	100.0	1.0	10.0	25.0	15r	15.0	0.0	monopolar		[8884.911448897059, 1344.0510389476128, 8213.772137775735]	[0.0, 0.0, 0.0]
7332.107652608771	2.0	trials	1.0	2.0	75.0	biphasic	10.0	100.0	1.0	10.0	25.0	15r	15.0	0.0	monopolar		[8884.911448897059, 1344.0510389476128, 8213.772137775735]	[0.0, 0.0, 0.0]
7334.107654559946	2.0	trials	1.0	2.0	75.0	biphasic	10.0	100.0	1.0	10.0	25.0	15r	15.0	0.0	monopolar		[8884.911448897059, 1344.0510389476128, 8213.772137775735]	[0.0, 0.0, 0.0]
7336.107656511122	2.0	trials	1.0	2.0	75.0	biphasic	10.0	100.0	1.0	10.0	25.0	15r	15.0	0.0	monopolar		[8884.911448897059, 1344.0510389476128, 8213.772137775735]	[0.0, 0.0, 0.0]
7338.107658462298	2.0	trials	1.0	2.0	75.0	biphasic	10.0	100.0	1.0	10.0	25.0	15r	15.0	0.0	monopolar		[8884.911448897059, 1344.0510389476128, 8213.772137775735]	[0.0, 0.0, 0.0]
7340.10718301884	2.0	trials	1.0	2.0	75.0	biphasic	10.0	100.0	1.0	10.0	25.0	15r	15.0	0.0	monopolar		[8884.911448897059, 1344.0510389476128, 8213.772137775735]	[0.0, 0.0, 0.0]
7342.1076623646495	2.0	trials	1.0	2.0	75.0	biphasic	10.0	100.0	1.0	10.0	25.0	15r	15.0	0.0	monopolar		[8884.911448897059, 1344.0510389476128, 8213.772137775735]	[0.0, 0.0, 0.0]
7344.107664315825	2.0	trials	1.0	2.0	75.0	biphasic	10.0	100.0	1.0	10.0	25.0	15r	15.0	0.0	monopolar		[8884.911448897059, 1344.0510389476128, 8213.772137775735]	[0.0, 0.0, 0.0]
7346.107188482132	2.0	trials	1.0	2.0	75.0	biphasic	10.0	100.0	1.0	10.0	25.0	15r	15.0	0.0	monopolar		[8884.911448897059, 1344.0510389476128, 8213.772137775735]	[0.0, 0.0, 0.0]
7348.107668218176	2.0	trials	1.0	2.0	75.0	biphasic	10.0	100.0	1.0	10.0	25.0	15r	15.0	0.0	monopolar		[8884.911448897059, 1344.0510389476128, 8213.772137775735]	[0.0, 0.0, 0.0]
7350.107670169352	2.0	trials	1.0	2.0	75.0	biphasic	10.0	100.0	1.0	10.0	25.0	15r	15.0	0.0	monopolar		[8884.911448897059, 1344.0510389476128, 8213.772137775735]	[0.0, 0.0, 0.0]
7352.107638820462	2.0	trials	1.0	2.0	75.0	biphasic	10.0	100.0	1.0	10.0	25.0	15r	15.0	0.0	monopolar		[8884.911448897059, 1344.0510389476128, 8213.772137775735]	[0.0, 0.0, 0.0]
7354.107162466457	2.0	trials	1.0	2.0	75.0	biphasic	10.0	100.0	1.0	10.0	25.0	15r	15.0	0.0	monopolar		[8884.911448897059, 1344.0510389476128, 8213.772137775735]	[0.0, 0.0, 0.0]
7356.107642722814	2.0	trials	1.0	2.0	75.0	biphasic	10.0	100.0	1.0	10.0	25.0	15r	15.0	0.0	monopolar		[8884.911448897059, 1344.0510389476128, 8213.772137775735]	[0.0, 0.0, 0.0]
7358.10764467399	2.0	trials	1.0	2.0	75.0	biphasic	10.0	100.0	1.0	10.0	25.0	15r	15.0	0.0	monopolar		[8884.911448897059, 1344.0510389476128, 8213.772137775735]	[0.0, 0.0, 0.0]
7360.107646625165	2.0	trials	1.0	2.0	75.0	biphasic	10.0	100.0	1.0	10.0	25.0	15r	15.0	0.0	monopolar		[8884.911448897059, 1344.0510389476128, 8213.772137775735]	[0.0, 0.0, 0.0]
7362.107169750847	2.0	trials	1.0	2.0	75.0	biphasic	10.0	100.0	1.0	10.0	25.0	15r	15.0	0.0	monopolar		[8884.911448897059, 1344.0510389476128, 8213.772137775735]	[0.0, 0.0, 0.0]
7364.107171571944	2.0	trials	1.0	2.0	75.0	biphasic	10.0	100.0	1.0	10.0	25.0	15r	15.0	0.0	monopolar		[8884.911448897059, 1344.0510389476128, 8213.772137775735]	[0.0, 0.0, 0.0]
7366.107173393041	2.0	trials	1.0	2.0	75.0	biphasic	10.0	100.0	1.0	10.0	25.0	15r	15.0	0.0	monopolar		[8884.911448897059, 1344.0510389476128, 8213.772137775735]	[0.0, 0.0, 0.0]
7368.1076544298685	2.0	trials	1.0	2.0	75.0	biphasic	10.0	100.0	1.0	10.0	25.0	15r	15.0	0.0	monopolar		[8884.911448897059, 1344.0510389476128, 8213.772137775735]	[0.0, 0.0, 0.0]
7370.107656381044	2.0	trials	1.0	2.0	75.0	biphasic	10.0	100.0	1.0	10.0	25.0	15r	15.0	0.0	monopolar		[8884.911448897059, 1344.0510389476128, 8213.772137775735]	[0.0, 0.0, 0.0]
7372.107658332219	2.0	trials	1.0	2.0	75.0	biphasic	10.0	100.0	1.0	10.0	25.0	15r	15.0	0.0	monopolar		[8884.911448897059, 1344.0510389476128, 8213.772137775735]	[0.0, 0.0, 0.0]
7374.1076602833955	2.0	trials	1.0	2.0	75.0	biphasic	10.0	100.0	1.0	10.0	25.0	15r	15.0	0.0	monopolar		[8884.911448897059, 1344.0510389476128, 8213.772137775735]	[0.0, 0.0, 0.0]
7376.107662234571	2.0	trials	1.0	2.0	75.0	biphasic	10.0	100.0	1.0	10.0	25.0	15r	15.0	0.0	monopolar		[8884.911448897059, 1344.0510389476128, 8213.772137775735]	[0.0, 0.0, 0.0]
7378.107664185747	2.0	trials	1.0	2.0	75.0	biphasic	10.0	100.0	1.0	10.0	25.0	15r	15.0	0.0	monopolar		[8884.911448897059, 1344.0510389476128, 8213.772137775735]	[0.0, 0.0, 0.0]
7380.107666136922	2.0	trials	1.0	2.0	75.0	biphasic	10.0	100.0	1.0	10.0	25.0	15r	15.0	0.0	monopolar		[8884.911448897059, 1344.0510389476128, 8213.772137775735]	[0.0, 0.0, 0.0]
7382.107668088098	2.0	trials	1.0	2.0	75.0	biphasic	10.0	100.0	1.0	10.0	25.0	15r	15.0	0.0	monopolar		[8884.911448897059, 1344.0510389476128, 8213.772137775735]	[0.0, 0.0, 0.0]
7384.107636739208	2.0	trials	1.0	2.0	75.0	biphasic	10.0	100.0	1.0	10.0	25.0	15r	15.0	0.0	monopolar		[8884.911448897059, 1344.0510389476128, 8213.772137775735]	[0.0, 0.0, 0.0]
7386.107638690384	2.0	trials	1.0	2.0	75.0	biphasic	10.0	100.0	1.0	10.0	25.0	15r	15.0	0.0	monopolar		[8884.911448897059, 1344.0510389476128, 8213.772137775735]	[0.0, 0.0, 0.0]
7388.10764064156	2.0	trials	1.0	2.0	75.0	biphasic	10.0	100.0	1.0	10.0	25.0	15r	15.0	0.0	monopolar		[8884.911448897059, 1344.0510389476128, 8213.772137775735]	[0.0, 0.0, 0.0]
7390.107642592735	2.0	trials	1.0	2.0	75.0	biphasic	10.0	100.0	1.0	10.0	25.0	15r	15.0	0.0	monopolar		[8884.911448897059, 1344.0510389476128, 8213.772137775735]	[0.0, 0.0, 0.0]
7392.107644543911	2.0	trials	1.0	2.0	75.0	biphasic	10.0	100.0	1.0	10.0	25.0	15r	15.0	0.0	monopolar		[8884.911448897059, 1344.0510389476128, 8213.772137775735]	[0.0, 0.0, 0.0]
7394.107646495087	2.0	trials	1.0	2.0	75.0	biphasic	10.0	100.0	1.0	10.0	25.0	15r	15.0	0.0	monopolar		[8884.911448897059, 1344.0510389476128, 8213.772137775735]	[0.0, 0.0, 0.0]
7396.107648446263	2.0	trials	1.0	2.0	75.0	biphasic	10.0	100.0	1.0	10.0	25.0	15r	15.0	0.0	monopolar		[8884.911448897059, 1344.0510389476128, 8213.772137775735]	[0.0, 0.0, 0.0]
7398.107650397438	2.0	trials	1.0	2.0	75.0	biphasic	10.0	100.0	1.0	10.0	25.0	15r	15.0	0.0	monopolar		[8884.911448897059, 1344.0510389476128, 8213.772137775735]	[0.0, 0.0, 0.0]
7400.107171051631	2.0	trials	1.0	2.0	75.0	biphasic	10.0	100.0	1.0	10.0	25.0	15r	15.0	0.0	monopolar		[8884.911448897059, 1344.0510389476128, 8213.772137775735]	[0.0, 0.0, 0.0]
7402.10765429979	2.0	trials	1.0	2.0	75.0	biphasic	10.0	100.0	1.0	10.0	25.0	15r	15.0	0.0	monopolar		[8884.911448897059, 1344.0510389476128, 8213.772137775735]	[0.0, 0.0, 0.0]
7404.107174693825	2.0	trials	1.0	2.0	75.0	biphasic	10.0	100.0	1.0	10.0	25.0	15r	15.0	0.0	monopolar		[8884.911448897059, 1344.0510389476128, 8213.772137775735]	[0.0, 0.0, 0.0]
7406.107658202141	2.0	trials	1.0	2.0	75.0	biphasic	10.0	100.0	1.0	10.0	25.0	15r	15.0	0.0	monopolar		[8884.911448897059, 1344.0510389476128, 8213.772137775735]	[0.0, 0.0, 0.0]
7408.107660153317	2.0	trials	1.0	2.0	75.0	biphasic	10.0	100.0	1.0	10.0	25.0	15r	15.0	0.0	monopolar		[8884.911448897059, 1344.0510389476128, 8213.772137775735]	[0.0, 0.0, 0.0]
7410.107662104492	2.0	trials	1.0	2.0	75.0	biphasic	10.0	100.0	1.0	10.0	25.0	15r	15.0	0.0	monopolar		[8884.911448897059, 1344.0510389476128, 8213.772137775735]	[0.0, 0.0, 0.0]
7412.107181978214	2.0	trials	1.0	2.0	75.0	biphasic	10.0	100.0	1.0	10.0	25.0	15r	15.0	0.0	monopolar		[8884.911448897059, 1344.0510389476128, 8213.772137775735]	[0.0, 0.0, 0.0]
7414.107632706778	2.0	trials	1.0	2.0	75.0	biphasic	10.0	100.0	1.0	10.0	25.0	15r	15.0	0.0	monopolar		[8884.911448897059, 1344.0510389476128, 8213.772137775735]	[0.0, 0.0, 0.0]
7416.107634657954	2.0	trials	1.0	2.0	75.0	biphasic	10.0	100.0	1.0	10.0	25.0	15r	15.0	0.0	monopolar		[8884.911448897059, 1344.0510389476128, 8213.772137775735]	[0.0, 0.0, 0.0]
7418.10763660913	2.0	trials	1.0	2.0	75.0	biphasic	10.0	100.0	1.0	10.0	25.0	15r	15.0	0.0	monopolar		[8884.911448897059, 1344.0510389476128, 8213.772137775735]	[0.0, 0.0, 0.0]
7420.1076385603055	2.0	trials	1.0	2.0	75.0	biphasic	10.0	100.0	1.0	10.0	25.0	15r	15.0	0.0	monopolar		[8884.911448897059, 1344.0510389476128, 8213.772137775735]	[0.0, 0.0, 0.0]
7422.107640511481	2.0	trials	1.0	2.0	75.0	biphasic	10.0	100.0	1.0	10.0	25.0	15r	15.0	0.0	monopolar		[8884.911448897059, 1344.0510389476128, 8213.772137775735]	[0.0, 0.0, 0.0]
7424.108125320643	2.0	trials	1.0	2.0	75.0	biphasic	10.0	100.0	1.0	10.0	25.0	15r	15.0	0.0	monopolar		[8884.911448897059, 1344.0510389476128, 8213.772137775735]	[0.0, 0.0, 0.0]
7426.108127401897	2.0	trials	1.0	2.0	75.0	biphasic	10.0	100.0	1.0	10.0	25.0	15r	15.0	0.0	monopolar		[8884.911448897059, 1344.0510389476128, 8213.772137775735]	[0.0, 0.0, 0.0]
7428.107646365009	2.0	trials	1.0	2.0	75.0	biphasic	10.0	100.0	1.0	10.0	25.0	15r	15.0	0.0	monopolar		[8884.911448897059, 1344.0510389476128, 8213.772137775735]	[0.0, 0.0, 0.0]
7430.107648316184	2.0	trials	1.0	2.0	75.0	biphasic	10.0	100.0	1.0	10.0	25.0	15r	15.0	0.0	monopolar		[8884.911448897059, 1344.0510389476128, 8213.772137775735]	[0.0, 0.0, 0.0]
7432.10813364566	2.0	trials	1.0	2.0	75.0	biphasic	10.0	100.0	1.0	10.0	25.0	15r	15.0	0.0	monopolar		[8884.911448897059, 1344.0510389476128, 8213.772137775735]	[0.0, 0.0, 0.0]
7434.107652218536	2.0	trials	1.0	2.0	75.0	biphasic	10.0	100.0	1.0	10.0	25.0	15r	15.0	0.0	monopolar		[8884.911448897059, 1344.0510389476128, 8213.772137775735]	[0.0, 0.0, 0.0]
7436.107170531317	2.0	trials	1.0	2.0	75.0	biphasic	10.0	100.0	1.0	10.0	25.0	15r	15.0	0.0	monopolar		[8884.911448897059, 1344.0510389476128, 8213.772137775735]	[0.0, 0.0, 0.0]
7438.107656120887	2.0	trials	1.0	2.0	75.0	biphasic	10.0	100.0	1.0	10.0	25.0	15r	15.0	0.0	monopolar		[8884.911448897059, 1344.0510389476128, 8213.772137775735]	[0.0, 0.0, 0.0]
7440.107658072063	2.0	trials	1.0	2.0	75.0	biphasic	10.0	100.0	1.0	10.0	25.0	15r	15.0	0.0	monopolar		[8884.911448897059, 1344.0510389476128, 8213.772137775735]	[0.0, 0.0, 0.0]
7442.107660023238	2.0	trials	1.0	2.0	75.0	biphasic	10.0	100.0	1.0	10.0	25.0	15r	15.0	0.0	monopolar		[8884.911448897059, 1344.0510389476128, 8213.772137775735]	[0.0, 0.0, 0.0]
7444.107628674348	2.0	trials	1.0	2.0	75.0	biphasic	10.0	100.0	1.0	10.0	25.0	15r	15.0	0.0	monopolar		[8884.911448897059, 1344.0510389476128, 8213.772137775735]	[0.0, 0.0, 0.0]
7446.107630625524	2.0	trials	1.0	2.0	75.0	biphasic	10.0	100.0	1.0	10.0	25.0	15r	15.0	0.0	monopolar		[8884.911448897059, 1344.0510389476128, 8213.772137775735]	[0.0, 0.0, 0.0]
7448.1071481578365	2.0	trials	1.0	2.0	75.0	biphasic	10.0	100.0	1.0	10.0	25.0	15r	15.0	0.0	monopolar		[8884.911448897059, 1344.0510389476128, 8213.772137775735]	[0.0, 0.0, 0.0]
7450.107634527875	2.0	trials	1.0	2.0	75.0	biphasic	10.0	100.0	1.0	10.0	25.0	15r	15.0	0.0	monopolar		[8884.911448897059, 1344.0510389476128, 8213.772137775735]	[0.0, 0.0, 0.0]
7491.573121801616	2.0	trials	1.0	2.0	75.0	biphasic	11.0	100.0	1.0	10.0	-50.0	15r	15.0	0.0	monopolar		[8884.911448897059, 1344.0510389476128, 8213.772137775735]	[0.0, 0.0, 0.0]
7493.573610998647	2.0	trials	1.0	2.0	75.0	biphasic	11.0	100.0	1.0	10.0	-50.0	15r	15.0	0.0	monopolar		[8884.911448897059, 1344.0510389476128, 8213.772137775735]	[0.0, 0.0, 0.0]
7495.574100455899	2.0	trials	1.0	2.0	75.0	biphasic	11.0	100.0	1.0	10.0	-50.0	15r	15.0	0.0	monopolar		[8884.911448897059, 1344.0510389476128, 8213.772137775735]	[0.0, 0.0, 0.0]
7497.573614900999	2.0	trials	1.0	2.0	75.0	biphasic	11.0	100.0	1.0	10.0	-50.0	15r	15.0	0.0	monopolar		[8884.911448897059, 1344.0510389476128, 8213.772137775735]	[0.0, 0.0, 0.0]
7499.573616852174	2.0	trials	1.0	2.0	75.0	biphasic	11.0	100.0	1.0	10.0	-50.0	15r	15.0	0.0	monopolar		[8884.911448897059, 1344.0510389476128, 8213.772137775735]	[0.0, 0.0, 0.0]
7501.573618803351	2.0	trials	1.0	2.0	75.0	biphasic	11.0	100.0	1.0	10.0	-50.0	15r	15.0	0.0	monopolar		[8884.911448897059, 1344.0510389476128, 8213.772137775735]	[0.0, 0.0, 0.0]
7503.574108780916	2.0	trials	1.0	2.0	75.0	biphasic	11.0	100.0	1.0	10.0	-50.0	15r	15.0	0.0	monopolar		[8884.911448897059, 1344.0510389476128, 8213.772137775735]	[0.0, 0.0, 0.0]
7505.573134549298	2.0	trials	1.0	2.0	75.0	biphasic	11.0	100.0	1.0	10.0	-50.0	15r	15.0	0.0	monopolar		[8884.911448897059, 1344.0510389476128, 8213.772137775735]	[0.0, 0.0, 0.0]
7507.573624656878	2.0	trials	1.0	2.0	75.0	biphasic	11.0	100.0	1.0	10.0	-50.0	15r	15.0	0.0	monopolar		[8884.911448897059, 1344.0510389476128, 8213.772137775735]	[0.0, 0.0, 0.0]
7509.573626608053	2.0	trials	1.0	2.0	75.0	biphasic	11.0	100.0	1.0	10.0	-50.0	15r	15.0	0.0	monopolar		[8884.911448897059, 1344.0510389476128, 8213.772137775735]	[0.0, 0.0, 0.0]
7511.574117105933	2.0	trials	1.0	2.0	75.0	biphasic	11.0	100.0	1.0	10.0	-50.0	15r	15.0	0.0	monopolar		[8884.911448897059, 1344.0510389476128, 8213.772137775735]	[0.0, 0.0, 0.0]
7513.573630510405	2.0	trials	1.0	2.0	75.0	biphasic	11.0	100.0	1.0	10.0	-50.0	15r	15.0	0.0	monopolar		[8884.911448897059, 1344.0510389476128, 8213.772137775735]	[0.0, 0.0, 0.0]
7515.573599161515	2.0	trials	1.0	2.0	75.0	biphasic	11.0	100.0	1.0	10.0	-50.0	15r	15.0	0.0	monopolar		[8884.911448897059, 1344.0510389476128, 8213.772137775735]	[0.0, 0.0, 0.0]
7517.57360111269	2.0	trials	1.0	2.0	75.0	biphasic	11.0	100.0	1.0	10.0	-50.0	15r	15.0	0.0	monopolar		[8884.911448897059, 1344.0510389476128, 8213.772137775735]	[0.0, 0.0, 0.0]
7519.573603063866	2.0	trials	1.0	2.0	75.0	biphasic	11.0	100.0	1.0	10.0	-50.0	15r	15.0	0.0	monopolar		[8884.911448897059, 1344.0510389476128, 8213.772137775735]	[0.0, 0.0, 0.0]
7521.573605015042	2.0	trials	1.0	2.0	75.0	biphasic	11.0	100.0	1.0	10.0	-50.0	15r	15.0	0.0	monopolar		[8884.911448897059, 1344.0510389476128, 8213.772137775735]	[0.0, 0.0, 0.0]
7523.573606966218	2.0	trials	1.0	2.0	75.0	biphasic	11.0	100.0	1.0	10.0	-50.0	15r	15.0	0.0	monopolar		[8884.911448897059, 1344.0510389476128, 8213.772137775735]	[0.0, 0.0, 0.0]
7525.573608917393	2.0	trials	1.0	2.0	75.0	biphasic	11.0	100.0	1.0	10.0	-50.0	15r	15.0	0.0	monopolar		[8884.911448897059, 1344.0510389476128, 8213.772137775735]	[0.0, 0.0, 0.0]
7527.573610868569	2.0	trials	1.0	2.0	75.0	biphasic	11.0	100.0	1.0	10.0	-50.0	15r	15.0	0.0	monopolar		[8884.911448897059, 1344.0510389476128, 8213.772137775735]	[0.0, 0.0, 0.0]
7529.573612819745	2.0	trials	1.0	2.0	75.0	biphasic	11.0	100.0	1.0	10.0	-50.0	15r	15.0	0.0	monopolar		[8884.911448897059, 1344.0510389476128, 8213.772137775735]	[0.0, 0.0, 0.0]
7531.57361477092	2.0	trials	1.0	2.0	75.0	biphasic	11.0	100.0	1.0	10.0	-50.0	15r	15.0	0.0	monopolar		[8884.911448897059, 1344.0510389476128, 8213.772137775735]	[0.0, 0.0, 0.0]
7533.573616722097	2.0	trials	1.0	2.0	75.0	biphasic	11.0	100.0	1.0	10.0	-50.0	15r	15.0	0.0	monopolar		[8884.911448897059, 1344.0510389476128, 8213.772137775735]	[0.0, 0.0, 0.0]
7535.573618673272	2.0	trials	1.0	2.0	75.0	biphasic	11.0	100.0	1.0	10.0	-50.0	15r	15.0	0.0	monopolar		[8884.911448897059, 1344.0510389476128, 8213.772137775735]	[0.0, 0.0, 0.0]
7537.57313038679	2.0	trials	1.0	2.0	75.0	biphasic	11.0	100.0	1.0	10.0	-50.0	15r	15.0	0.0	monopolar		[8884.911448897059, 1344.0510389476128, 8213.772137775735]	[0.0, 0.0, 0.0]
7539.573622575624	2.0	trials	1.0	2.0	75.0	biphasic	11.0	100.0	1.0	10.0	-50.0	15r	15.0	0.0	monopolar		[8884.911448897059, 1344.0510389476128, 8213.772137775735]	[0.0, 0.0, 0.0]
7541.573624526799	2.0	trials	1.0	2.0	75.0	biphasic	11.0	100.0	1.0	10.0	-50.0	15r	15.0	0.0	monopolar		[8884.911448897059, 1344.0510389476128, 8213.772137775735]	[0.0, 0.0, 0.0]
7543.573626477975	2.0	trials	1.0	2.0	75.0	biphasic	11.0	100.0	1.0	10.0	-50.0	15r	15.0	0.0	monopolar		[8884.911448897059, 1344.0510389476128, 8213.772137775735]	[0.0, 0.0, 0.0]
7545.573104371115	2.0	trials	1.0	2.0	75.0	biphasic	11.0	100.0	1.0	10.0	-50.0	15r	15.0	0.0	monopolar		[8884.911448897059, 1344.0510389476128, 8213.772137775735]	[0.0, 0.0, 0.0]
7547.573597080261	2.0	trials	1.0	2.0	75.0	biphasic	11.0	100.0	1.0	10.0	-50.0	15r	15.0	0.0	monopolar		[8884.911448897059, 1344.0510389476128, 8213.772137775735]	[0.0, 0.0, 0.0]
7549.573599031436	2.0	trials	1.0	2.0	75.0	biphasic	11.0	100.0	1.0	10.0	-50.0	15r	15.0	0.0	monopolar		[8884.911448897059, 1344.0510389476128, 8213.772137775735]	[0.0, 0.0, 0.0]
7551.573109834407	2.0	trials	1.0	2.0	75.0	biphasic	11.0	100.0	1.0	10.0	-50.0	15r	15.0	0.0	monopolar		[8884.911448897059, 1344.0510389476128, 8213.772137775735]	[0.0, 0.0, 0.0]
7553.573111655503	2.0	trials	1.0	2.0	75.0	biphasic	11.0	100.0	1.0	10.0	-50.0	15r	15.0	0.0	monopolar		[8884.911448897059, 1344.0510389476128, 8213.772137775735]	[0.0, 0.0, 0.0]
7555.573113476601	2.0	trials	1.0	2.0	75.0	biphasic	11.0	100.0	1.0	10.0	-50.0	15r	15.0	0.0	monopolar		[8884.911448897059, 1344.0510389476128, 8213.772137775735]	[0.0, 0.0, 0.0]
7557.573606836139	2.0	trials	1.0	2.0	75.0	biphasic	11.0	100.0	1.0	10.0	-50.0	15r	15.0	0.0	monopolar		[8884.911448897059, 1344.0510389476128, 8213.772137775735]	[0.0, 0.0, 0.0]
7559.573117118795	2.0	trials	1.0	2.0	75.0	biphasic	11.0	100.0	1.0	10.0	-50.0	15r	15.0	0.0	monopolar		[8884.911448897059, 1344.0510389476128, 8213.772137775735]	[0.0, 0.0, 0.0]
7561.573118939892	2.0	trials	1.0	2.0	75.0	biphasic	11.0	100.0	1.0	10.0	-50.0	15r	15.0	0.0	monopolar		[8884.911448897059, 1344.0510389476128, 8213.772137775735]	[0.0, 0.0, 0.0]
7563.57312076099	2.0	trials	1.0	2.0	75.0	biphasic	11.0	100.0	1.0	10.0	-50.0	15r	15.0	0.0	monopolar		[8884.911448897059, 1344.0510389476128, 8213.772137775735]	[0.0, 0.0, 0.0]
7565.573614640843	2.0	trials	1.0	2.0	75.0	biphasic	11.0	100.0	1.0	10.0	-50.0	15r	15.0	0.0	monopolar		[8884.911448897059, 1344.0510389476128, 8213.772137775735]	[0.0, 0.0, 0.0]
7567.573616592018	2.0	trials	1.0	2.0	75.0	biphasic	11.0	100.0	1.0	10.0	-50.0	15r	15.0	0.0	monopolar		[8884.911448897059, 1344.0510389476128, 8213.772137775735]	[0.0, 0.0, 0.0]
7569.573618543193	2.0	trials	1.0	2.0	75.0	biphasic	11.0	100.0	1.0	10.0	-50.0	15r	15.0	0.0	monopolar		[8884.911448897059, 1344.0510389476128, 8213.772137775735]	[0.0, 0.0, 0.0]
7571.57362049437	2.0	trials	1.0	2.0	75.0	biphasic	11.0	100.0	1.0	10.0	-50.0	15r	15.0	0.0	monopolar		[8884.911448897059, 1344.0510389476128, 8213.772137775735]	[0.0, 0.0, 0.0]
7573.574115024679	2.0	trials	1.0	2.0	75.0	biphasic	11.0	100.0	1.0	10.0	-50.0	15r	15.0	0.0	monopolar		[8884.911448897059, 1344.0510389476128, 8213.772137775735]	[0.0, 0.0, 0.0]
7575.573591096655	2.0	trials	1.0	2.0	75.0	biphasic	11.0	100.0	1.0	10.0	-50.0	15r	15.0	0.0	monopolar		[8884.911448897059, 1344.0510389476128, 8213.772137775735]	[0.0, 0.0, 0.0]
7577.57359304783	2.0	trials	1.0	2.0	75.0	biphasic	11.0	100.0	1.0	10.0	-50.0	15r	15.0	0.0	monopolar		[8884.911448897059, 1344.0510389476128, 8213.772137775735]	[0.0, 0.0, 0.0]
7579.573594999007	2.0	trials	1.0	2.0	75.0	biphasic	11.0	100.0	1.0	10.0	-50.0	15r	15.0	0.0	monopolar		[8884.911448897059, 1344.0510389476128, 8213.772137775735]	[0.0, 0.0, 0.0]
7581.573596950182	2.0	trials	1.0	2.0	75.0	biphasic	11.0	100.0	1.0	10.0	-50.0	15r	15.0	0.0	monopolar		[8884.911448897059, 1344.0510389476128, 8213.772137775735]	[0.0, 0.0, 0.0]
7583.573598901358	2.0	trials	1.0	2.0	75.0	biphasic	11.0	100.0	1.0	10.0	-50.0	15r	15.0	0.0	monopolar		[8884.911448897059, 1344.0510389476128, 8213.772137775735]	[0.0, 0.0, 0.0]
7585.573600852534	2.0	trials	1.0	2.0	75.0	biphasic	11.0	100.0	1.0	10.0	-50.0	15r	15.0	0.0	monopolar		[8884.911448897059, 1344.0510389476128, 8213.772137775735]	[0.0, 0.0, 0.0]
7587.573602803709	2.0	trials	1.0	2.0	75.0	biphasic	11.0	100.0	1.0	10.0	-50.0	15r	15.0	0.0	monopolar		[8884.911448897059, 1344.0510389476128, 8213.772137775735]	[0.0, 0.0, 0.0]
7589.573604754885	2.0	trials	1.0	2.0	75.0	biphasic	11.0	100.0	1.0	10.0	-50.0	15r	15.0	0.0	monopolar		[8884.911448897059, 1344.0510389476128, 8213.772137775735]	[0.0, 0.0, 0.0]
7591.573606706061	2.0	trials	1.0	2.0	75.0	biphasic	11.0	100.0	1.0	10.0	-50.0	15r	15.0	0.0	monopolar		[8884.911448897059, 1344.0510389476128, 8213.772137775735]	[0.0, 0.0, 0.0]
7593.573608657237	2.0	trials	1.0	2.0	75.0	biphasic	11.0	100.0	1.0	10.0	-50.0	15r	15.0	0.0	monopolar		[8884.911448897059, 1344.0510389476128, 8213.772137775735]	[0.0, 0.0, 0.0]
7595.573610608412	2.0	trials	1.0	2.0	75.0	biphasic	11.0	100.0	1.0	10.0	-50.0	15r	15.0	0.0	monopolar		[8884.911448897059, 1344.0510389476128, 8213.772137775735]	[0.0, 0.0, 0.0]
7597.573612559588	2.0	trials	1.0	2.0	75.0	biphasic	11.0	100.0	1.0	10.0	-50.0	15r	15.0	0.0	monopolar		[8884.911448897059, 1344.0510389476128, 8213.772137775735]	[0.0, 0.0, 0.0]
7599.573614510764	2.0	trials	1.0	2.0	75.0	biphasic	11.0	100.0	1.0	10.0	-50.0	15r	15.0	0.0	monopolar		[8884.911448897059, 1344.0510389476128, 8213.772137775735]	[0.0, 0.0, 0.0]
7601.573616461939	2.0	trials	1.0	2.0	75.0	biphasic	11.0	100.0	1.0	10.0	-50.0	15r	15.0	0.0	monopolar		[8884.911448897059, 1344.0510389476128, 8213.772137775735]	[0.0, 0.0, 0.0]
7603.573618413116	2.0	trials	1.0	2.0	75.0	biphasic	11.0	100.0	1.0	10.0	-50.0	15r	15.0	0.0	monopolar		[8884.911448897059, 1344.0510389476128, 8213.772137775735]	[0.0, 0.0, 0.0]
7605.573587064226	2.0	trials	1.0	2.0	75.0	biphasic	11.0	100.0	1.0	10.0	-50.0	15r	15.0	0.0	monopolar		[8884.911448897059, 1344.0510389476128, 8213.772137775735]	[0.0, 0.0, 0.0]
7607.573094225001	2.0	trials	1.0	2.0	75.0	biphasic	11.0	100.0	1.0	10.0	-50.0	15r	15.0	0.0	monopolar		[8884.911448897059, 1344.0510389476128, 8213.772137775735]	[0.0, 0.0, 0.0]
7609.573590966576	2.0	trials	1.0	2.0	75.0	biphasic	11.0	100.0	1.0	10.0	-50.0	15r	15.0	0.0	monopolar		[8884.911448897059, 1344.0510389476128, 8213.772137775735]	[0.0, 0.0, 0.0]
7611.573592917753	2.0	trials	1.0	2.0	75.0	biphasic	11.0	100.0	1.0	10.0	-50.0	15r	15.0	0.0	monopolar		[8884.911448897059, 1344.0510389476128, 8213.772137775735]	[0.0, 0.0, 0.0]
7613.573594868928	2.0	trials	1.0	2.0	75.0	biphasic	11.0	100.0	1.0	10.0	-50.0	15r	15.0	0.0	monopolar		[8884.911448897059, 1344.0510389476128, 8213.772137775735]	[0.0, 0.0, 0.0]
7615.573101509391	2.0	trials	1.0	2.0	75.0	biphasic	11.0	100.0	1.0	10.0	-50.0	15r	15.0	0.0	monopolar		[8884.911448897059, 1344.0510389476128, 8213.772137775735]	[0.0, 0.0, 0.0]
7617.57359877128	2.0	trials	1.0	2.0	75.0	biphasic	11.0	100.0	1.0	10.0	-50.0	15r	15.0	0.0	monopolar		[8884.911448897059, 1344.0510389476128, 8213.772137775735]	[0.0, 0.0, 0.0]
7619.573600722455	2.0	trials	1.0	2.0	75.0	biphasic	11.0	100.0	1.0	10.0	-50.0	15r	15.0	0.0	monopolar		[8884.911448897059, 1344.0510389476128, 8213.772137775735]	[0.0, 0.0, 0.0]
7621.573602673631	2.0	trials	1.0	2.0	75.0	biphasic	11.0	100.0	1.0	10.0	-50.0	15r	15.0	0.0	monopolar		[8884.911448897059, 1344.0510389476128, 8213.772137775735]	[0.0, 0.0, 0.0]
7623.573108793779	2.0	trials	1.0	2.0	75.0	biphasic	11.0	100.0	1.0	10.0	-50.0	15r	15.0	0.0	monopolar		[8884.911448897059, 1344.0510389476128, 8213.772137775735]	[0.0, 0.0, 0.0]
7625.573110614877	2.0	trials	1.0	2.0	75.0	biphasic	11.0	100.0	1.0	10.0	-50.0	15r	15.0	0.0	monopolar		[8884.911448897059, 1344.0510389476128, 8213.772137775735]	[0.0, 0.0, 0.0]
7627.573608527158	2.0	trials	1.0	2.0	75.0	biphasic	11.0	100.0	1.0	10.0	-50.0	15r	15.0	0.0	monopolar		[8884.911448897059, 1344.0510389476128, 8213.772137775735]	[0.0, 0.0, 0.0]
7629.573610478334	2.0	trials	1.0	2.0	75.0	biphasic	11.0	100.0	1.0	10.0	-50.0	15r	15.0	0.0	monopolar		[8884.911448897059, 1344.0510389476128, 8213.772137775735]	[0.0, 0.0, 0.0]
7631.573116078168	2.0	trials	1.0	2.0	75.0	biphasic	11.0	100.0	1.0	10.0	-50.0	15r	15.0	0.0	monopolar		[8884.911448897059, 1344.0510389476128, 8213.772137775735]	[0.0, 0.0, 0.0]
7633.5731178992655	2.0	trials	1.0	2.0	75.0	biphasic	11.0	100.0	1.0	10.0	-50.0	15r	15.0	0.0	monopolar		[8884.911448897059, 1344.0510389476128, 8213.772137775735]	[0.0, 0.0, 0.0]
7635.573616331862	2.0	trials	1.0	2.0	75.0	biphasic	11.0	100.0	1.0	10.0	-50.0	15r	15.0	0.0	monopolar		[8884.911448897059, 1344.0510389476128, 8213.772137775735]	[0.0, 0.0, 0.0]
7637.573584982971	2.0	trials	1.0	2.0	75.0	biphasic	11.0	100.0	1.0	10.0	-50.0	15r	15.0	0.0	monopolar		[8884.911448897059, 1344.0510389476128, 8213.772137775735]	[0.0, 0.0, 0.0]
7639.573090062494	2.0	trials	1.0	2.0	75.0	biphasic	11.0	100.0	1.0	10.0	-50.0	15r	15.0	0.0	monopolar		[8884.911448897059, 1344.0510389476128, 8213.772137775735]	[0.0, 0.0, 0.0]
7663.545105491942	2.0	trials	1.0	2.0	75.0	biphasic	12.0	100.0	1.0	10.0	50.0	15r	15.0	0.0	monopolar		[8884.911448897059, 1344.0510389476128, 8213.772137775735]	[0.0, 0.0, 0.0]
7665.545107443118	2.0	trials	1.0	2.0	75.0	biphasic	12.0	100.0	1.0	10.0	50.0	15r	15.0	0.0	monopolar		[8884.911448897059, 1344.0510389476128, 8213.772137775735]	[0.0, 0.0, 0.0]
7667.545109394293	2.0	trials	1.0	2.0	75.0	biphasic	12.0	100.0	1.0	10.0	50.0	15r	15.0	0.0	monopolar		[8884.911448897059, 1344.0510389476128, 8213.772137775735]	[0.0, 0.0, 0.0]
7669.544612524493	2.0	trials	1.0	2.0	75.0	biphasic	12.0	100.0	1.0	10.0	50.0	15r	15.0	0.0	monopolar		[8884.911448897059, 1344.0510389476128, 8213.772137775735]	[0.0, 0.0, 0.0]
7671.545113296645	2.0	trials	1.0	2.0	75.0	biphasic	12.0	100.0	1.0	10.0	50.0	15r	15.0	0.0	monopolar		[8884.911448897059, 1344.0510389476128, 8213.772137775735]	[0.0, 0.0, 0.0]
7673.545115247821	2.0	trials	1.0	2.0	75.0	biphasic	12.0	100.0	1.0	10.0	50.0	15r	15.0	0.0	monopolar		[8884.911448897059, 1344.0510389476128, 8213.772137775735]	[0.0, 0.0, 0.0]
7675.545117198996	2.0	trials	1.0	2.0	75.0	biphasic	12.0	100.0	1.0	10.0	50.0	15r	15.0	0.0	monopolar		[8884.911448897059, 1344.0510389476128, 8213.772137775735]	[0.0, 0.0, 0.0]
7677.544619808881	2.0	trials	1.0	2.0	75.0	biphasic	12.0	100.0	1.0	10.0	50.0	15r	15.0	0.0	monopolar		[8884.911448897059, 1344.0510389476128, 8213.772137775735]	[0.0, 0.0, 0.0]
7679.545121101348	2.0	trials	1.0	2.0	75.0	biphasic	12.0	100.0	1.0	10.0	50.0	15r	15.0	0.0	monopolar		[8884.911448897059, 1344.0510389476128, 8213.772137775735]	[0.0, 0.0, 0.0]
7681.545123052523	2.0	trials	1.0	2.0	75.0	biphasic	12.0	100.0	1.0	10.0	50.0	15r	15.0	0.0	monopolar		[8884.911448897059, 1344.0510389476128, 8213.772137775735]	[0.0, 0.0, 0.0]
7683.5451250036995	2.0	trials	1.0	2.0	75.0	biphasic	12.0	100.0	1.0	10.0	50.0	15r	15.0	0.0	monopolar		[8884.911448897059, 1344.0510389476128, 8213.772137775735]	[0.0, 0.0, 0.0]
7685.54462709327	2.0	trials	1.0	2.0	75.0	biphasic	12.0	100.0	1.0	10.0	50.0	15r	15.0	0.0	monopolar		[8884.911448897059, 1344.0510389476128, 8213.772137775735]	[0.0, 0.0, 0.0]
7687.54512890605	2.0	trials	1.0	2.0	75.0	biphasic	12.0	100.0	1.0	10.0	50.0	15r	15.0	0.0	monopolar		[8884.911448897059, 1344.0510389476128, 8213.772137775735]	[0.0, 0.0, 0.0]
7689.545130857226	2.0	trials	1.0	2.0	75.0	biphasic	12.0	100.0	1.0	10.0	50.0	15r	15.0	0.0	monopolar		[8884.911448897059, 1344.0510389476128, 8213.772137775735]	[0.0, 0.0, 0.0]
7691.545099508336	2.0	trials	1.0	2.0	75.0	biphasic	12.0	100.0	1.0	10.0	50.0	15r	15.0	0.0	monopolar		[8884.911448897059, 1344.0510389476128, 8213.772137775735]	[0.0, 0.0, 0.0]
7693.544601077595	2.0	trials	1.0	2.0	75.0	biphasic	12.0	100.0	1.0	10.0	50.0	15r	15.0	0.0	monopolar		[8884.911448897059, 1344.0510389476128, 8213.772137775735]	[0.0, 0.0, 0.0]
7695.544602898693	2.0	trials	1.0	2.0	75.0	biphasic	12.0	100.0	1.0	10.0	50.0	15r	15.0	0.0	monopolar		[8884.911448897059, 1344.0510389476128, 8213.772137775735]	[0.0, 0.0, 0.0]
7697.545105361863	2.0	trials	1.0	2.0	75.0	biphasic	12.0	100.0	1.0	10.0	50.0	15r	15.0	0.0	monopolar		[8884.911448897059, 1344.0510389476128, 8213.772137775735]	[0.0, 0.0, 0.0]
7699.545107313039	2.0	trials	1.0	2.0	75.0	biphasic	12.0	100.0	1.0	10.0	50.0	15r	15.0	0.0	monopolar		[8884.911448897059, 1344.0510389476128, 8213.772137775735]	[0.0, 0.0, 0.0]
7701.544608361984	2.0	trials	1.0	2.0	75.0	biphasic	12.0	100.0	1.0	10.0	50.0	15r	15.0	0.0	monopolar		[8884.911448897059, 1344.0510389476128, 8213.772137775735]	[0.0, 0.0, 0.0]
7703.544610183081	2.0	trials	1.0	2.0	75.0	biphasic	12.0	100.0	1.0	10.0	50.0	15r	15.0	0.0	monopolar		[8884.911448897059, 1344.0510389476128, 8213.772137775735]	[0.0, 0.0, 0.0]
7705.545113166566	2.0	trials	1.0	2.0	75.0	biphasic	12.0	100.0	1.0	10.0	50.0	15r	15.0	0.0	monopolar		[8884.911448897059, 1344.0510389476128, 8213.772137775735]	[0.0, 0.0, 0.0]
7707.545115117742	2.0	trials	1.0	2.0	75.0	biphasic	12.0	100.0	1.0	10.0	50.0	15r	15.0	0.0	monopolar		[8884.911448897059, 1344.0510389476128, 8213.772137775735]	[0.0, 0.0, 0.0]
7709.544615646373	2.0	trials	1.0	2.0	75.0	biphasic	12.0	100.0	1.0	10.0	50.0	15r	15.0	0.0	monopolar		[8884.911448897059, 1344.0510389476128, 8213.772137775735]	[0.0, 0.0, 0.0]
7711.544617467471	2.0	trials	1.0	2.0	75.0	biphasic	12.0	100.0	1.0	10.0	50.0	15r	15.0	0.0	monopolar		[8884.911448897059, 1344.0510389476128, 8213.772137775735]	[0.0, 0.0, 0.0]
7713.544619288567	2.0	trials	1.0	2.0	75.0	biphasic	12.0	100.0	1.0	10.0	50.0	15r	15.0	0.0	monopolar		[8884.911448897059, 1344.0510389476128, 8213.772137775735]	[0.0, 0.0, 0.0]
7715.545122922445	2.0	trials	1.0	2.0	75.0	biphasic	12.0	100.0	1.0	10.0	50.0	15r	15.0	0.0	monopolar		[8884.911448897059, 1344.0510389476128, 8213.772137775735]	[0.0, 0.0, 0.0]
7717.545124873621	2.0	trials	1.0	2.0	75.0	biphasic	12.0	100.0	1.0	10.0	50.0	15r	15.0	0.0	monopolar		[8884.911448897059, 1344.0510389476128, 8213.772137775735]	[0.0, 0.0, 0.0]
7719.545126824796	2.0	trials	1.0	2.0	75.0	biphasic	12.0	100.0	1.0	10.0	50.0	15r	15.0	0.0	monopolar		[8884.911448897059, 1344.0510389476128, 8213.772137775735]	[0.0, 0.0, 0.0]
7721.545128775972	2.0	trials	1.0	2.0	75.0	biphasic	12.0	100.0	1.0	10.0	50.0	15r	15.0	0.0	monopolar		[8884.911448897059, 1344.0510389476128, 8213.772137775735]	[0.0, 0.0, 0.0]
7723.545097427082	2.0	trials	1.0	2.0	75.0	biphasic	12.0	100.0	1.0	10.0	50.0	15r	15.0	0.0	monopolar		[8884.911448897059, 1344.0510389476128, 8213.772137775735]	[0.0, 0.0, 0.0]
7725.545099378258	2.0	trials	1.0	2.0	75.0	biphasic	12.0	100.0	1.0	10.0	50.0	15r	15.0	0.0	monopolar		[8884.911448897059, 1344.0510389476128, 8213.772137775735]	[0.0, 0.0, 0.0]
7727.545101329433	2.0	trials	1.0	2.0	75.0	biphasic	12.0	100.0	1.0	10.0	50.0	15r	15.0	0.0	monopolar		[8884.911448897059, 1344.0510389476128, 8213.772137775735]	[0.0, 0.0, 0.0]
7729.5451032806095	2.0	trials	1.0	2.0	75.0	biphasic	12.0	100.0	1.0	10.0	50.0	15r	15.0	0.0	monopolar		[8884.911448897059, 1344.0510389476128, 8213.772137775735]	[0.0, 0.0, 0.0]
7731.544602378379	2.0	trials	1.0	2.0	75.0	biphasic	12.0	100.0	1.0	10.0	50.0	15r	15.0	0.0	monopolar		[8884.911448897059, 1344.0510389476128, 8213.772137775735]	[0.0, 0.0, 0.0]
7733.545107182961	2.0	trials	1.0	2.0	75.0	biphasic	12.0	100.0	1.0	10.0	50.0	15r	15.0	0.0	monopolar		[8884.911448897059, 1344.0510389476128, 8213.772137775735]	[0.0, 0.0, 0.0]
7735.545109134136	2.0	trials	1.0	2.0	75.0	biphasic	12.0	100.0	1.0	10.0	50.0	15r	15.0	0.0	monopolar		[8884.911448897059, 1344.0510389476128, 8213.772137775735]	[0.0, 0.0, 0.0]
7737.545111085312	2.0	trials	1.0	2.0	75.0	biphasic	12.0	100.0	1.0	10.0	50.0	15r	15.0	0.0	monopolar		[8884.911448897059, 1344.0510389476128, 8213.772137775735]	[0.0, 0.0, 0.0]
7739.544609662767	2.0	trials	1.0	2.0	75.0	biphasic	12.0	100.0	1.0	10.0	50.0	15r	15.0	0.0	monopolar		[8884.911448897059, 1344.0510389476128, 8213.772137775735]	[0.0, 0.0, 0.0]
7741.545114987663	2.0	trials	1.0	2.0	75.0	biphasic	12.0	100.0	1.0	10.0	50.0	15r	15.0	0.0	monopolar		[8884.911448897059, 1344.0510389476128, 8213.772137775735]	[0.0, 0.0, 0.0]
7743.54511693884	2.0	trials	1.0	2.0	75.0	biphasic	12.0	100.0	1.0	10.0	50.0	15r	15.0	0.0	monopolar		[8884.911448897059, 1344.0510389476128, 8213.772137775735]	[0.0, 0.0, 0.0]
7745.545118890015	2.0	trials	1.0	2.0	75.0	biphasic	12.0	100.0	1.0	10.0	50.0	15r	15.0	0.0	monopolar		[8884.911448897059, 1344.0510389476128, 8213.772137775735]	[0.0, 0.0, 0.0]
7747.544616947157	2.0	trials	1.0	2.0	75.0	biphasic	12.0	100.0	1.0	10.0	50.0	15r	15.0	0.0	monopolar		[8884.911448897059, 1344.0510389476128, 8213.772137775735]	[0.0, 0.0, 0.0]
7749.544618768254	2.0	trials	1.0	2.0	75.0	biphasic	12.0	100.0	1.0	10.0	50.0	15r	15.0	0.0	monopolar		[8884.911448897059, 1344.0510389476128, 8213.772137775735]	[0.0, 0.0, 0.0]
7751.545124743542	2.0	trials	1.0	2.0	75.0	biphasic	12.0	100.0	1.0	10.0	50.0	15r	15.0	0.0	monopolar		[8884.911448897059, 1344.0510389476128, 8213.772137775735]	[0.0, 0.0, 0.0]
7753.545093394652	2.0	trials	1.0	2.0	75.0	biphasic	12.0	100.0	1.0	10.0	50.0	15r	15.0	0.0	monopolar		[8884.911448897059, 1344.0510389476128, 8213.772137775735]	[0.0, 0.0, 0.0]
7755.544590931482	2.0	trials	1.0	2.0	75.0	biphasic	12.0	100.0	1.0	10.0	50.0	15r	15.0	0.0	monopolar		[8884.911448897059, 1344.0510389476128, 8213.772137775735]	[0.0, 0.0, 0.0]
7757.54459275258	2.0	trials	1.0	2.0	75.0	biphasic	12.0	100.0	1.0	10.0	50.0	15r	15.0	0.0	monopolar		[8884.911448897059, 1344.0510389476128, 8213.772137775735]	[0.0, 0.0, 0.0]
7759.545099248179	2.0	trials	1.0	2.0	75.0	biphasic	12.0	100.0	1.0	10.0	50.0	15r	15.0	0.0	monopolar		[8884.911448897059, 1344.0510389476128, 8213.772137775735]	[0.0, 0.0, 0.0]
7761.5451011993555	2.0	trials	1.0	2.0	75.0	biphasic	12.0	100.0	1.0	10.0	50.0	15r	15.0	0.0	monopolar		[8884.911448897059, 1344.0510389476128, 8213.772137775735]	[0.0, 0.0, 0.0]
7763.544598215871	2.0	trials	1.0	2.0	75.0	biphasic	12.0	100.0	1.0	10.0	50.0	15r	15.0	0.0	monopolar		[8884.911448897059, 1344.0510389476128, 8213.772137775735]	[0.0, 0.0, 0.0]
7765.544600036968	2.0	trials	1.0	2.0	75.0	biphasic	12.0	100.0	1.0	10.0	50.0	15r	15.0	0.0	monopolar		[8884.911448897059, 1344.0510389476128, 8213.772137775735]	[0.0, 0.0, 0.0]
7767.545107052882	2.0	trials	1.0	2.0	75.0	biphasic	12.0	100.0	1.0	10.0	50.0	15r	15.0	0.0	monopolar		[8884.911448897059, 1344.0510389476128, 8213.772137775735]	[0.0, 0.0, 0.0]
7769.545109004058	2.0	trials	1.0	2.0	75.0	biphasic	12.0	100.0	1.0	10.0	50.0	15r	15.0	0.0	monopolar		[8884.911448897059, 1344.0510389476128, 8213.772137775735]	[0.0, 0.0, 0.0]
7771.54460550026	2.0	trials	1.0	2.0	75.0	biphasic	12.0	100.0	1.0	10.0	50.0	15r	15.0	0.0	monopolar		[8884.911448897059, 1344.0510389476128, 8213.772137775735]	[0.0, 0.0, 0.0]
7773.544607321357	2.0	trials	1.0	2.0	75.0	biphasic	12.0	100.0	1.0	10.0	50.0	15r	15.0	0.0	monopolar		[8884.911448897059, 1344.0510389476128, 8213.772137775735]	[0.0, 0.0, 0.0]
7775.545114857586	2.0	trials	1.0	2.0	75.0	biphasic	12.0	100.0	1.0	10.0	50.0	15r	15.0	0.0	monopolar		[8884.911448897059, 1344.0510389476128, 8213.772137775735]	[0.0, 0.0, 0.0]
7777.545116808761	2.0	trials	1.0	2.0	75.0	biphasic	12.0	100.0	1.0	10.0	50.0	15r	15.0	0.0	monopolar		[8884.911448897059, 1344.0510389476128, 8213.772137775735]	[0.0, 0.0, 0.0]
7779.544612784649	2.0	trials	1.0	2.0	75.0	biphasic	12.0	100.0	1.0	10.0	50.0	15r	15.0	0.0	monopolar		[8884.911448897059, 1344.0510389476128, 8213.772137775735]	[0.0, 0.0, 0.0]
7781.544614605746	2.0	trials	1.0	2.0	75.0	biphasic	12.0	100.0	1.0	10.0	50.0	15r	15.0	0.0	monopolar		[8884.911448897059, 1344.0510389476128, 8213.772137775735]	[0.0, 0.0, 0.0]
7783.54458312678	2.0	trials	1.0	2.0	75.0	biphasic	12.0	100.0	1.0	10.0	50.0	15r	15.0	0.0	monopolar		[8884.911448897059, 1344.0510389476128, 8213.772137775735]	[0.0, 0.0, 0.0]
7785.545091313398	2.0	trials	1.0	2.0	75.0	biphasic	12.0	100.0	1.0	10.0	50.0	15r	15.0	0.0	monopolar		[8884.911448897059, 1344.0510389476128, 8213.772137775735]	[0.0, 0.0, 0.0]
7787.544586768974	2.0	trials	1.0	2.0	75.0	biphasic	12.0	100.0	1.0	10.0	50.0	15r	15.0	0.0	monopolar		[8884.911448897059, 1344.0510389476128, 8213.772137775735]	[0.0, 0.0, 0.0]
7789.544588590072	2.0	trials	1.0	2.0	75.0	biphasic	12.0	100.0	1.0	10.0	50.0	15r	15.0	0.0	monopolar		[8884.911448897059, 1344.0510389476128, 8213.772137775735]	[0.0, 0.0, 0.0]
7791.544590411168	2.0	trials	1.0	2.0	75.0	biphasic	12.0	100.0	1.0	10.0	50.0	15r	15.0	0.0	monopolar		[8884.911448897059, 1344.0510389476128, 8213.772137775735]	[0.0, 0.0, 0.0]
7793.545099118101	2.0	trials	1.0	2.0	75.0	biphasic	12.0	100.0	1.0	10.0	50.0	15r	15.0	0.0	monopolar		[8884.911448897059, 1344.0510389476128, 8213.772137775735]	[0.0, 0.0, 0.0]
7795.545101069277	2.0	trials	1.0	2.0	75.0	biphasic	12.0	100.0	1.0	10.0	50.0	15r	15.0	0.0	monopolar		[8884.911448897059, 1344.0510389476128, 8213.772137775735]	[0.0, 0.0, 0.0]
7797.545103020452	2.0	trials	1.0	2.0	75.0	biphasic	12.0	100.0	1.0	10.0	50.0	15r	15.0	0.0	monopolar		[8884.911448897059, 1344.0510389476128, 8213.772137775735]	[0.0, 0.0, 0.0]
7799.5451049716285	2.0	trials	1.0	2.0	75.0	biphasic	12.0	100.0	1.0	10.0	50.0	15r	15.0	0.0	monopolar		[8884.911448897059, 1344.0510389476128, 8213.772137775735]	[0.0, 0.0, 0.0]
7801.544599516655	2.0	trials	1.0	2.0	75.0	biphasic	12.0	100.0	1.0	10.0	50.0	15r	15.0	0.0	monopolar		[8884.911448897059, 1344.0510389476128, 8213.772137775735]	[0.0, 0.0, 0.0]
7803.54510887398	2.0	trials	1.0	2.0	75.0	biphasic	12.0	100.0	1.0	10.0	50.0	15r	15.0	0.0	monopolar		[8884.911448897059, 1344.0510389476128, 8213.772137775735]	[0.0, 0.0, 0.0]
7805.5451108251555	2.0	trials	1.0	2.0	75.0	biphasic	12.0	100.0	1.0	10.0	50.0	15r	15.0	0.0	monopolar		[8884.911448897059, 1344.0510389476128, 8213.772137775735]	[0.0, 0.0, 0.0]
7807.545112776331	2.0	trials	1.0	2.0	75.0	biphasic	12.0	100.0	1.0	10.0	50.0	15r	15.0	0.0	monopolar		[8884.911448897059, 1344.0510389476128, 8213.772137775735]	[0.0, 0.0, 0.0]
7809.544606801043	2.0	trials	1.0	2.0	75.0	biphasic	12.0	100.0	1.0	10.0	50.0	15r	15.0	0.0	monopolar		[8884.911448897059, 1344.0510389476128, 8213.772137775735]	[0.0, 0.0, 0.0]
7811.545116678682	2.0	trials	1.0	2.0	75.0	biphasic	12.0	100.0	1.0	10.0	50.0	15r	15.0	0.0	monopolar		[8884.911448897059, 1344.0510389476128, 8213.772137775735]	[0.0, 0.0, 0.0]
7826.552547695512	2.0	trials	1.0	2.0	75.0	biphasic	13.0	100.0	1.0	10.0	-100.0	15r	15.0	0.0	monopolar		[8884.911448897059, 1344.0510389476128, 8213.772137775735]	[0.0, 0.0, 0.0]
7828.552549516609	2.0	trials	1.0	2.0	75.0	biphasic	13.0	100.0	1.0	10.0	-100.0	15r	15.0	0.0	monopolar		[8884.911448897059, 1344.0510389476128, 8213.772137775735]	[0.0, 0.0, 0.0]
7830.553060630509	2.0	trials	1.0	2.0	75.0	biphasic	13.0	100.0	1.0	10.0	-100.0	15r	15.0	0.0	monopolar		[8884.911448897059, 1344.0510389476128, 8213.772137775735]	[0.0, 0.0, 0.0]
7832.553062581685	2.0	trials	1.0	2.0	75.0	biphasic	13.0	100.0	1.0	10.0	-100.0	15r	15.0	0.0	monopolar		[8884.911448897059, 1344.0510389476128, 8213.772137775735]	[0.0, 0.0, 0.0]
7834.552554979901	2.0	trials	1.0	2.0	75.0	biphasic	13.0	100.0	1.0	10.0	-100.0	15r	15.0	0.0	monopolar		[8884.911448897059, 1344.0510389476128, 8213.772137775735]	[0.0, 0.0, 0.0]
7836.552556800998	2.0	trials	1.0	2.0	75.0	biphasic	13.0	100.0	1.0	10.0	-100.0	15r	15.0	0.0	monopolar		[8884.911448897059, 1344.0510389476128, 8213.772137775735]	[0.0, 0.0, 0.0]
7838.5530684352125	2.0	trials	1.0	2.0	75.0	biphasic	13.0	100.0	1.0	10.0	-100.0	15r	15.0	0.0	monopolar		[8884.911448897059, 1344.0510389476128, 8213.772137775735]	[0.0, 0.0, 0.0]
7840.553037086323	2.0	trials	1.0	2.0	75.0	biphasic	13.0	100.0	1.0	10.0	-100.0	15r	15.0	0.0	monopolar		[8884.911448897059, 1344.0510389476128, 8213.772137775735]	[0.0, 0.0, 0.0]
7842.552528964226	2.0	trials	1.0	2.0	75.0	biphasic	13.0	100.0	1.0	10.0	-100.0	15r	15.0	0.0	monopolar		[8884.911448897059, 1344.0510389476128, 8213.772137775735]	[0.0, 0.0, 0.0]
7844.552530785323	2.0	trials	1.0	2.0	75.0	biphasic	13.0	100.0	1.0	10.0	-100.0	15r	15.0	0.0	monopolar		[8884.911448897059, 1344.0510389476128, 8213.772137775735]	[0.0, 0.0, 0.0]
7846.55304293985	2.0	trials	1.0	2.0	75.0	biphasic	13.0	100.0	1.0	10.0	-100.0	15r	15.0	0.0	monopolar		[8884.911448897059, 1344.0510389476128, 8213.772137775735]	[0.0, 0.0, 0.0]
7848.553044891025	2.0	trials	1.0	2.0	75.0	biphasic	13.0	100.0	1.0	10.0	-100.0	15r	15.0	0.0	monopolar		[8884.911448897059, 1344.0510389476128, 8213.772137775735]	[0.0, 0.0, 0.0]
7850.552536248615	2.0	trials	1.0	2.0	75.0	biphasic	13.0	100.0	1.0	10.0	-100.0	15r	15.0	0.0	monopolar		[8884.911448897059, 1344.0510389476128, 8213.772137775735]	[0.0, 0.0, 0.0]
7852.552538069713	2.0	trials	1.0	2.0	75.0	biphasic	13.0	100.0	1.0	10.0	-100.0	15r	15.0	0.0	monopolar		[8884.911448897059, 1344.0510389476128, 8213.772137775735]	[0.0, 0.0, 0.0]
7854.552539890809	2.0	trials	1.0	2.0	75.0	biphasic	13.0	100.0	1.0	10.0	-100.0	15r	15.0	0.0	monopolar		[8884.911448897059, 1344.0510389476128, 8213.772137775735]	[0.0, 0.0, 0.0]
7856.552541711907	2.0	trials	1.0	2.0	75.0	biphasic	13.0	100.0	1.0	10.0	-100.0	15r	15.0	0.0	monopolar		[8884.911448897059, 1344.0510389476128, 8213.772137775735]	[0.0, 0.0, 0.0]
7858.552543533004	2.0	trials	1.0	2.0	75.0	biphasic	13.0	100.0	1.0	10.0	-100.0	15r	15.0	0.0	monopolar		[8884.911448897059, 1344.0510389476128, 8213.772137775735]	[0.0, 0.0, 0.0]
7860.552545354101	2.0	trials	1.0	2.0	75.0	biphasic	13.0	100.0	1.0	10.0	-100.0	15r	15.0	0.0	monopolar		[8884.911448897059, 1344.0510389476128, 8213.772137775735]	[0.0, 0.0, 0.0]
7862.552547175199	2.0	trials	1.0	2.0	75.0	biphasic	13.0	100.0	1.0	10.0	-100.0	15r	15.0	0.0	monopolar		[8884.911448897059, 1344.0510389476128, 8213.772137775735]	[0.0, 0.0, 0.0]
7864.552548996296	2.0	trials	1.0	2.0	75.0	biphasic	13.0	100.0	1.0	10.0	-100.0	15r	15.0	0.0	monopolar		[8884.911448897059, 1344.0510389476128, 8213.772137775735]	[0.0, 0.0, 0.0]
7866.552550817393	2.0	trials	1.0	2.0	75.0	biphasic	13.0	100.0	1.0	10.0	-100.0	15r	15.0	0.0	monopolar		[8884.911448897059, 1344.0510389476128, 8213.772137775735]	[0.0, 0.0, 0.0]
7868.55255263849	2.0	trials	1.0	2.0	75.0	biphasic	13.0	100.0	1.0	10.0	-100.0	15r	15.0	0.0	monopolar		[8884.911448897059, 1344.0510389476128, 8213.772137775735]	[0.0, 0.0, 0.0]
7870.5530663539585	2.0	trials	1.0	2.0	75.0	biphasic	13.0	100.0	1.0	10.0	-100.0	15r	15.0	0.0	monopolar		[8884.911448897059, 1344.0510389476128, 8213.772137775735]	[0.0, 0.0, 0.0]
7872.5530350050685	2.0	trials	1.0	2.0	75.0	biphasic	13.0	100.0	1.0	10.0	-100.0	15r	15.0	0.0	monopolar		[8884.911448897059, 1344.0510389476128, 8213.772137775735]	[0.0, 0.0, 0.0]
7874.553036956244	2.0	trials	1.0	2.0	75.0	biphasic	13.0	100.0	1.0	10.0	-100.0	15r	15.0	0.0	monopolar		[8884.911448897059, 1344.0510389476128, 8213.772137775735]	[0.0, 0.0, 0.0]
7876.553038907419	2.0	trials	1.0	2.0	75.0	biphasic	13.0	100.0	1.0	10.0	-100.0	15r	15.0	0.0	monopolar		[8884.911448897059, 1344.0510389476128, 8213.772137775735]	[0.0, 0.0, 0.0]
7878.5530408585955	2.0	trials	1.0	2.0	75.0	biphasic	13.0	100.0	1.0	10.0	-100.0	15r	15.0	0.0	monopolar		[8884.911448897059, 1344.0510389476128, 8213.772137775735]	[0.0, 0.0, 0.0]
7880.55253026501	2.0	trials	1.0	2.0	75.0	biphasic	13.0	100.0	1.0	10.0	-100.0	15r	15.0	0.0	monopolar		[8884.911448897059, 1344.0510389476128, 8213.772137775735]	[0.0, 0.0, 0.0]
7882.553044760947	2.0	trials	1.0	2.0	75.0	biphasic	13.0	100.0	1.0	10.0	-100.0	15r	15.0	0.0	monopolar		[8884.911448897059, 1344.0510389476128, 8213.772137775735]	[0.0, 0.0, 0.0]
7884.553046712122	2.0	trials	1.0	2.0	75.0	biphasic	13.0	100.0	1.0	10.0	-100.0	15r	15.0	0.0	monopolar		[8884.911448897059, 1344.0510389476128, 8213.772137775735]	[0.0, 0.0, 0.0]
7886.553048663298	2.0	trials	1.0	2.0	75.0	biphasic	13.0	100.0	1.0	10.0	-100.0	15r	15.0	0.0	monopolar		[8884.911448897059, 1344.0510389476128, 8213.772137775735]	[0.0, 0.0, 0.0]
7888.552537549399	2.0	trials	1.0	2.0	75.0	biphasic	13.0	100.0	1.0	10.0	-100.0	15r	15.0	0.0	monopolar		[8884.911448897059, 1344.0510389476128, 8213.772137775735]	[0.0, 0.0, 0.0]
7890.5530525656495	2.0	trials	1.0	2.0	75.0	biphasic	13.0	100.0	1.0	10.0	-100.0	15r	15.0	0.0	monopolar		[8884.911448897059, 1344.0510389476128, 8213.772137775735]	[0.0, 0.0, 0.0]
7892.553054516826	2.0	trials	1.0	2.0	75.0	biphasic	13.0	100.0	1.0	10.0	-100.0	15r	15.0	0.0	monopolar		[8884.911448897059, 1344.0510389476128, 8213.772137775735]	[0.0, 0.0, 0.0]
7894.553056468001	2.0	trials	1.0	2.0	75.0	biphasic	13.0	100.0	1.0	10.0	-100.0	15r	15.0	0.0	monopolar		[8884.911448897059, 1344.0510389476128, 8213.772137775735]	[0.0, 0.0, 0.0]
7896.552544833788	2.0	trials	1.0	2.0	75.0	biphasic	13.0	100.0	1.0	10.0	-100.0	15r	15.0	0.0	monopolar		[8884.911448897059, 1344.0510389476128, 8213.772137775735]	[0.0, 0.0, 0.0]
7898.552546654885	2.0	trials	1.0	2.0	75.0	biphasic	13.0	100.0	1.0	10.0	-100.0	15r	15.0	0.0	monopolar		[8884.911448897059, 1344.0510389476128, 8213.772137775735]	[0.0, 0.0, 0.0]
7900.553062321528	2.0	trials	1.0	2.0	75.0	biphasic	13.0	100.0	1.0	10.0	-100.0	15r	15.0	0.0	monopolar		[8884.911448897059, 1344.0510389476128, 8213.772137775735]	[0.0, 0.0, 0.0]
7902.553030972638	2.0	trials	1.0	2.0	75.0	biphasic	13.0	100.0	1.0	10.0	-100.0	15r	15.0	0.0	monopolar		[8884.911448897059, 1344.0510389476128, 8213.772137775735]	[0.0, 0.0, 0.0]
7904.552518818113	2.0	trials	1.0	2.0	75.0	biphasic	13.0	100.0	1.0	10.0	-100.0	15r	15.0	0.0	monopolar		[8884.911448897059, 1344.0510389476128, 8213.772137775735]	[0.0, 0.0, 0.0]
7906.55252063921	2.0	trials	1.0	2.0	75.0	biphasic	13.0	100.0	1.0	10.0	-100.0	15r	15.0	0.0	monopolar		[8884.911448897059, 1344.0510389476128, 8213.772137775735]	[0.0, 0.0, 0.0]
7908.553036826165	2.0	trials	1.0	2.0	75.0	biphasic	13.0	100.0	1.0	10.0	-100.0	15r	15.0	0.0	monopolar		[8884.911448897059, 1344.0510389476128, 8213.772137775735]	[0.0, 0.0, 0.0]
7910.553038777341	2.0	trials	1.0	2.0	75.0	biphasic	13.0	100.0	1.0	10.0	-100.0	15r	15.0	0.0	monopolar		[8884.911448897059, 1344.0510389476128, 8213.772137775735]	[0.0, 0.0, 0.0]
7912.552526102502	2.0	trials	1.0	2.0	75.0	biphasic	13.0	100.0	1.0	10.0	-100.0	15r	15.0	0.0	monopolar		[8884.911448897059, 1344.0510389476128, 8213.772137775735]	[0.0, 0.0, 0.0]
7914.552527923599	2.0	trials	1.0	2.0	75.0	biphasic	13.0	100.0	1.0	10.0	-100.0	15r	15.0	0.0	monopolar		[8884.911448897059, 1344.0510389476128, 8213.772137775735]	[0.0, 0.0, 0.0]
7916.552529744697	2.0	trials	1.0	2.0	75.0	biphasic	13.0	100.0	1.0	10.0	-100.0	15r	15.0	0.0	monopolar		[8884.911448897059, 1344.0510389476128, 8213.772137775735]	[0.0, 0.0, 0.0]
7918.553046582044	2.0	trials	1.0	2.0	75.0	biphasic	13.0	100.0	1.0	10.0	-100.0	15r	15.0	0.0	monopolar		[8884.911448897059, 1344.0510389476128, 8213.772137775735]	[0.0, 0.0, 0.0]
7920.552533386891	2.0	trials	1.0	2.0	75.0	biphasic	13.0	100.0	1.0	10.0	-100.0	15r	15.0	0.0	monopolar		[8884.911448897059, 1344.0510389476128, 8213.772137775735]	[0.0, 0.0, 0.0]
7922.552535207988	2.0	trials	1.0	2.0	75.0	biphasic	13.0	100.0	1.0	10.0	-100.0	15r	15.0	0.0	monopolar		[8884.911448897059, 1344.0510389476128, 8213.772137775735]	[0.0, 0.0, 0.0]
7924.552537029085	2.0	trials	1.0	2.0	75.0	biphasic	13.0	100.0	1.0	10.0	-100.0	15r	15.0	0.0	monopolar		[8884.911448897059, 1344.0510389476128, 8213.772137775735]	[0.0, 0.0, 0.0]
7926.553054386747	2.0	trials	1.0	2.0	75.0	biphasic	13.0	100.0	1.0	10.0	-100.0	15r	15.0	0.0	monopolar		[8884.911448897059, 1344.0510389476128, 8213.772137775735]	[0.0, 0.0, 0.0]
7928.552540671279	2.0	trials	1.0	2.0	75.0	biphasic	13.0	100.0	1.0	10.0	-100.0	15r	15.0	0.0	monopolar		[8884.911448897059, 1344.0510389476128, 8213.772137775735]	[0.0, 0.0, 0.0]
7930.552542492377	2.0	trials	1.0	2.0	75.0	biphasic	13.0	100.0	1.0	10.0	-100.0	15r	15.0	0.0	monopolar		[8884.911448897059, 1344.0510389476128, 8213.772137775735]	[0.0, 0.0, 0.0]
7932.55251101341	2.0	trials	1.0	2.0	75.0	biphasic	13.0	100.0	1.0	10.0	-100.0	15r	15.0	0.0	monopolar		[8884.911448897059, 1344.0510389476128, 8213.772137775735]	[0.0, 0.0, 0.0]
7934.551996777699	2.0	trials	1.0	2.0	75.0	biphasic	13.0	100.0	1.0	10.0	-100.0	15r	15.0	0.0	monopolar		[8884.911448897059, 1344.0510389476128, 8213.772137775735]	[0.0, 0.0, 0.0]
7936.552514655606	2.0	trials	1.0	2.0	75.0	biphasic	13.0	100.0	1.0	10.0	-100.0	15r	15.0	0.0	monopolar		[8884.911448897059, 1344.0510389476128, 8213.772137775735]	[0.0, 0.0, 0.0]
7938.552516476702	2.0	trials	1.0	2.0	75.0	biphasic	13.0	100.0	1.0	10.0	-100.0	15r	15.0	0.0	monopolar		[8884.911448897059, 1344.0510389476128, 8213.772137775735]	[0.0, 0.0, 0.0]
7940.553034744911	2.0	trials	1.0	2.0	75.0	biphasic	13.0	100.0	1.0	10.0	-100.0	15r	15.0	0.0	monopolar		[8884.911448897059, 1344.0510389476128, 8213.772137775735]	[0.0, 0.0, 0.0]
7942.552520118897	2.0	trials	1.0	2.0	75.0	biphasic	13.0	100.0	1.0	10.0	-100.0	15r	15.0	0.0	monopolar		[8884.911448897059, 1344.0510389476128, 8213.772137775735]	[0.0, 0.0, 0.0]
7944.553038647263	2.0	trials	1.0	2.0	75.0	biphasic	13.0	100.0	1.0	10.0	-100.0	15r	15.0	0.0	monopolar		[8884.911448897059, 1344.0510389476128, 8213.772137775735]	[0.0, 0.0, 0.0]
7946.553040598438	2.0	trials	1.0	2.0	75.0	biphasic	13.0	100.0	1.0	10.0	-100.0	15r	15.0	0.0	monopolar		[8884.911448897059, 1344.0510389476128, 8213.772137775735]	[0.0, 0.0, 0.0]
7948.5530425496145	2.0	trials	1.0	2.0	75.0	biphasic	13.0	100.0	1.0	10.0	-100.0	15r	15.0	0.0	monopolar		[8884.911448897059, 1344.0510389476128, 8213.772137775735]	[0.0, 0.0, 0.0]
7950.552527403286	2.0	trials	1.0	2.0	75.0	biphasic	13.0	100.0	1.0	10.0	-100.0	15r	15.0	0.0	monopolar		[8884.911448897059, 1344.0510389476128, 8213.772137775735]	[0.0, 0.0, 0.0]
7952.553046451966	2.0	trials	1.0	2.0	75.0	biphasic	13.0	100.0	1.0	10.0	-100.0	15r	15.0	0.0	monopolar		[8884.911448897059, 1344.0510389476128, 8213.772137775735]	[0.0, 0.0, 0.0]
7954.553048403141	2.0	trials	1.0	2.0	75.0	biphasic	13.0	100.0	1.0	10.0	-100.0	15r	15.0	0.0	monopolar		[8884.911448897059, 1344.0510389476128, 8213.772137775735]	[0.0, 0.0, 0.0]
7956.553050354317	2.0	trials	1.0	2.0	75.0	biphasic	13.0	100.0	1.0	10.0	-100.0	15r	15.0	0.0	monopolar		[8884.911448897059, 1344.0510389476128, 8213.772137775735]	[0.0, 0.0, 0.0]
7958.552534687675	2.0	trials	1.0	2.0	75.0	biphasic	13.0	100.0	1.0	10.0	-100.0	15r	15.0	0.0	monopolar		[8884.911448897059, 1344.0510389476128, 8213.772137775735]	[0.0, 0.0, 0.0]
7960.5525365087715	2.0	trials	1.0	2.0	75.0	biphasic	13.0	100.0	1.0	10.0	-100.0	15r	15.0	0.0	monopolar		[8884.911448897059, 1344.0510389476128, 8213.772137775735]	[0.0, 0.0, 0.0]
7962.553056207845	2.0	trials	1.0	2.0	75.0	biphasic	13.0	100.0	1.0	10.0	-100.0	15r	15.0	0.0	monopolar		[8884.911448897059, 1344.0510389476128, 8213.772137775735]	[0.0, 0.0, 0.0]
7964.553024858955	2.0	trials	1.0	2.0	75.0	biphasic	13.0	100.0	1.0	10.0	-100.0	15r	15.0	0.0	monopolar		[8884.911448897059, 1344.0510389476128, 8213.772137775735]	[0.0, 0.0, 0.0]
7966.552508672	2.0	trials	1.0	2.0	75.0	biphasic	13.0	100.0	1.0	10.0	-100.0	15r	15.0	0.0	monopolar		[8884.911448897059, 1344.0510389476128, 8213.772137775735]	[0.0, 0.0, 0.0]
7968.5525104930975	2.0	trials	1.0	2.0	75.0	biphasic	13.0	100.0	1.0	10.0	-100.0	15r	15.0	0.0	monopolar		[8884.911448897059, 1344.0510389476128, 8213.772137775735]	[0.0, 0.0, 0.0]
7970.553030712482	2.0	trials	1.0	2.0	75.0	biphasic	13.0	100.0	1.0	10.0	-100.0	15r	15.0	0.0	monopolar		[8884.911448897059, 1344.0510389476128, 8213.772137775735]	[0.0, 0.0, 0.0]
7972.553032663657	2.0	trials	1.0	2.0	75.0	biphasic	13.0	100.0	1.0	10.0	-100.0	15r	15.0	0.0	monopolar		[8884.911448897059, 1344.0510389476128, 8213.772137775735]	[0.0, 0.0, 0.0]
7974.552515956389	2.0	trials	1.0	2.0	75.0	biphasic	13.0	100.0	1.0	10.0	-100.0	15r	15.0	0.0	monopolar		[8884.911448897059, 1344.0510389476128, 8213.772137775735]	[0.0, 0.0, 0.0]
8044.171550752195	2.0	trials	1.0	2.0	75.0	biphasic	14.0	100.0	1.0	10.0	100.0	15r	15.0	0.0	monopolar		[8884.911448897059, 1344.0510389476128, 8213.772137775735]	[0.0, 0.0, 0.0]
8046.17155270337	2.0	trials	1.0	2.0	75.0	biphasic	14.0	100.0	1.0	10.0	100.0	15r	15.0	0.0	monopolar		[8884.911448897059, 1344.0510389476128, 8213.772137775735]	[0.0, 0.0, 0.0]
8048.171554654546	2.0	trials	1.0	2.0	75.0	biphasic	14.0	100.0	1.0	10.0	100.0	15r	15.0	0.0	monopolar		[8884.911448897059, 1344.0510389476128, 8213.772137775735]	[0.0, 0.0, 0.0]
8050.172080182401	2.0	trials	1.0	2.0	75.0	biphasic	14.0	100.0	1.0	10.0	100.0	15r	15.0	0.0	monopolar		[8884.911448897059, 1344.0510389476128, 8213.772137775735]	[0.0, 0.0, 0.0]
8052.171558556897	2.0	trials	1.0	2.0	75.0	biphasic	14.0	100.0	1.0	10.0	100.0	15r	15.0	0.0	monopolar		[8884.911448897059, 1344.0510389476128, 8213.772137775735]	[0.0, 0.0, 0.0]
8054.1715605080735	2.0	trials	1.0	2.0	75.0	biphasic	14.0	100.0	1.0	10.0	100.0	15r	15.0	0.0	monopolar		[8884.911448897059, 1344.0510389476128, 8213.772137775735]	[0.0, 0.0, 0.0]
8056.171562459249	2.0	trials	1.0	2.0	75.0	biphasic	14.0	100.0	1.0	10.0	100.0	15r	15.0	0.0	monopolar		[8884.911448897059, 1344.0510389476128, 8213.772137775735]	[0.0, 0.0, 0.0]
8058.172088507418	2.0	trials	1.0	2.0	75.0	biphasic	14.0	100.0	1.0	10.0	100.0	15r	15.0	0.0	monopolar		[8884.911448897059, 1344.0510389476128, 8213.772137775735]	[0.0, 0.0, 0.0]
8060.1715663616	2.0	trials	1.0	2.0	75.0	biphasic	14.0	100.0	1.0	10.0	100.0	15r	15.0	0.0	monopolar		[8884.911448897059, 1344.0510389476128, 8213.772137775735]	[0.0, 0.0, 0.0]
8062.171568312776	2.0	trials	1.0	2.0	75.0	biphasic	14.0	100.0	1.0	10.0	100.0	15r	15.0	0.0	monopolar		[8884.911448897059, 1344.0510389476128, 8213.772137775735]	[0.0, 0.0, 0.0]
8064.171570263952	2.0	trials	1.0	2.0	75.0	biphasic	14.0	100.0	1.0	10.0	100.0	15r	15.0	0.0	monopolar		[8884.911448897059, 1344.0510389476128, 8213.772137775735]	[0.0, 0.0, 0.0]
8066.172096832435	2.0	trials	1.0	2.0	75.0	biphasic	14.0	100.0	1.0	10.0	100.0	15r	15.0	0.0	monopolar		[8884.911448897059, 1344.0510389476128, 8213.772137775735]	[0.0, 0.0, 0.0]
8068.171540866238	2.0	trials	1.0	2.0	75.0	biphasic	14.0	100.0	1.0	10.0	100.0	15r	15.0	0.0	monopolar		[8884.911448897059, 1344.0510389476128, 8213.772137775735]	[0.0, 0.0, 0.0]
8070.171542817413	2.0	trials	1.0	2.0	75.0	biphasic	14.0	100.0	1.0	10.0	100.0	15r	15.0	0.0	monopolar		[8884.911448897059, 1344.0510389476128, 8213.772137775735]	[0.0, 0.0, 0.0]
8072.171544768589	2.0	trials	1.0	2.0	75.0	biphasic	14.0	100.0	1.0	10.0	100.0	15r	15.0	0.0	monopolar		[8884.911448897059, 1344.0510389476128, 8213.772137775735]	[0.0, 0.0, 0.0]
8074.171546719765	2.0	trials	1.0	2.0	75.0	biphasic	14.0	100.0	1.0	10.0	100.0	15r	15.0	0.0	monopolar		[8884.911448897059, 1344.0510389476128, 8213.772137775735]	[0.0, 0.0, 0.0]
8076.17154867094	2.0	trials	1.0	2.0	75.0	biphasic	14.0	100.0	1.0	10.0	100.0	15r	15.0	0.0	monopolar		[8884.911448897059, 1344.0510389476128, 8213.772137775735]	[0.0, 0.0, 0.0]
8078.171550622116	2.0	trials	1.0	2.0	75.0	biphasic	14.0	100.0	1.0	10.0	100.0	15r	15.0	0.0	monopolar		[8884.911448897059, 1344.0510389476128, 8213.772137775735]	[0.0, 0.0, 0.0]
8080.171552573292	2.0	trials	1.0	2.0	75.0	biphasic	14.0	100.0	1.0	10.0	100.0	15r	15.0	0.0	monopolar		[8884.911448897059, 1344.0510389476128, 8213.772137775735]	[0.0, 0.0, 0.0]
8082.171554524468	2.0	trials	1.0	2.0	75.0	biphasic	14.0	100.0	1.0	10.0	100.0	15r	15.0	0.0	monopolar		[8884.911448897059, 1344.0510389476128, 8213.772137775735]	[0.0, 0.0, 0.0]
8084.171556475643	2.0	trials	1.0	2.0	75.0	biphasic	14.0	100.0	1.0	10.0	100.0	15r	15.0	0.0	monopolar		[8884.911448897059, 1344.0510389476128, 8213.772137775735]	[0.0, 0.0, 0.0]
8086.171558426819	2.0	trials	1.0	2.0	75.0	biphasic	14.0	100.0	1.0	10.0	100.0	15r	15.0	0.0	monopolar		[8884.911448897059, 1344.0510389476128, 8213.772137775735]	[0.0, 0.0, 0.0]
8088.172086426164	2.0	trials	1.0	2.0	75.0	biphasic	14.0	100.0	1.0	10.0	100.0	15r	15.0	0.0	monopolar		[8884.911448897059, 1344.0510389476128, 8213.772137775735]	[0.0, 0.0, 0.0]
8090.17156232917	2.0	trials	1.0	2.0	75.0	biphasic	14.0	100.0	1.0	10.0	100.0	15r	15.0	0.0	monopolar		[8884.911448897059, 1344.0510389476128, 8213.772137775735]	[0.0, 0.0, 0.0]
8092.171564280346	2.0	trials	1.0	2.0	75.0	biphasic	14.0	100.0	1.0	10.0	100.0	15r	15.0	0.0	monopolar		[8884.911448897059, 1344.0510389476128, 8213.772137775735]	[0.0, 0.0, 0.0]
8094.172092669926	2.0	trials	1.0	2.0	75.0	biphasic	14.0	100.0	1.0	10.0	100.0	15r	15.0	0.0	monopolar		[8884.911448897059, 1344.0510389476128, 8213.772137775735]	[0.0, 0.0, 0.0]
8096.172094751181	2.0	trials	1.0	2.0	75.0	biphasic	14.0	100.0	1.0	10.0	100.0	15r	15.0	0.0	monopolar		[8884.911448897059, 1344.0510389476128, 8213.772137775735]	[0.0, 0.0, 0.0]
8098.171536833807	2.0	trials	1.0	2.0	75.0	biphasic	14.0	100.0	1.0	10.0	100.0	15r	15.0	0.0	monopolar		[8884.911448897059, 1344.0510389476128, 8213.772137775735]	[0.0, 0.0, 0.0]
8100.171538784984	2.0	trials	1.0	2.0	75.0	biphasic	14.0	100.0	1.0	10.0	100.0	15r	15.0	0.0	monopolar		[8884.911448897059, 1344.0510389476128, 8213.772137775735]	[0.0, 0.0, 0.0]
8102.172067694875	2.0	trials	1.0	2.0	75.0	biphasic	14.0	100.0	1.0	10.0	100.0	15r	15.0	0.0	monopolar		[8884.911448897059, 1344.0510389476128, 8213.772137775735]	[0.0, 0.0, 0.0]
8104.17206977613	2.0	trials	1.0	2.0	75.0	biphasic	14.0	100.0	1.0	10.0	100.0	15r	15.0	0.0	monopolar		[8884.911448897059, 1344.0510389476128, 8213.772137775735]	[0.0, 0.0, 0.0]
8106.171544638511	2.0	trials	1.0	2.0	75.0	biphasic	14.0	100.0	1.0	10.0	100.0	15r	15.0	0.0	monopolar		[8884.911448897059, 1344.0510389476128, 8213.772137775735]	[0.0, 0.0, 0.0]
8108.171546589686	2.0	trials	1.0	2.0	75.0	biphasic	14.0	100.0	1.0	10.0	100.0	15r	15.0	0.0	monopolar		[8884.911448897059, 1344.0510389476128, 8213.772137775735]	[0.0, 0.0, 0.0]
8110.171548540862	2.0	trials	1.0	2.0	75.0	biphasic	14.0	100.0	1.0	10.0	100.0	15r	15.0	0.0	monopolar		[8884.911448897059, 1344.0510389476128, 8213.772137775735]	[0.0, 0.0, 0.0]
8112.172078101147	2.0	trials	1.0	2.0	75.0	biphasic	14.0	100.0	1.0	10.0	100.0	15r	15.0	0.0	monopolar		[8884.911448897059, 1344.0510389476128, 8213.772137775735]	[0.0, 0.0, 0.0]
8114.171552443214	2.0	trials	1.0	2.0	75.0	biphasic	14.0	100.0	1.0	10.0	100.0	15r	15.0	0.0	monopolar		[8884.911448897059, 1344.0510389476128, 8213.772137775735]	[0.0, 0.0, 0.0]
8116.171554394389	2.0	trials	1.0	2.0	75.0	biphasic	14.0	100.0	1.0	10.0	100.0	15r	15.0	0.0	monopolar		[8884.911448897059, 1344.0510389476128, 8213.772137775735]	[0.0, 0.0, 0.0]
8118.171556345565	2.0	trials	1.0	2.0	75.0	biphasic	14.0	100.0	1.0	10.0	100.0	15r	15.0	0.0	monopolar		[8884.911448897059, 1344.0510389476128, 8213.772137775735]	[0.0, 0.0, 0.0]
8120.172086426164	2.0	trials	1.0	2.0	75.0	biphasic	14.0	100.0	1.0	10.0	100.0	15r	15.0	0.0	monopolar		[8884.911448897059, 1344.0510389476128, 8213.772137775735]	[0.0, 0.0, 0.0]
8122.171560247916	2.0	trials	1.0	2.0	75.0	biphasic	14.0	100.0	1.0	10.0	100.0	15r	15.0	0.0	monopolar		[8884.911448897059, 1344.0510389476128, 8213.772137775735]	[0.0, 0.0, 0.0]
8124.171562199092	2.0	trials	1.0	2.0	75.0	biphasic	14.0	100.0	1.0	10.0	100.0	15r	15.0	0.0	monopolar		[8884.911448897059, 1344.0510389476128, 8213.772137775735]	[0.0, 0.0, 0.0]
8126.171564150268	2.0	trials	1.0	2.0	75.0	biphasic	14.0	100.0	1.0	10.0	100.0	15r	15.0	0.0	monopolar		[8884.911448897059, 1344.0510389476128, 8213.772137775735]	[0.0, 0.0, 0.0]
8128.171532801378	2.0	trials	1.0	2.0	75.0	biphasic	14.0	100.0	1.0	10.0	100.0	15r	15.0	0.0	monopolar		[8884.911448897059, 1344.0510389476128, 8213.772137775735]	[0.0, 0.0, 0.0]
8130.171534752553	2.0	trials	1.0	2.0	75.0	biphasic	14.0	100.0	1.0	10.0	100.0	15r	15.0	0.0	monopolar		[8884.911448897059, 1344.0510389476128, 8213.772137775735]	[0.0, 0.0, 0.0]
8132.1715367037295	2.0	trials	1.0	2.0	75.0	biphasic	14.0	100.0	1.0	10.0	100.0	15r	15.0	0.0	monopolar		[8884.911448897059, 1344.0510389476128, 8213.772137775735]	[0.0, 0.0, 0.0]
8134.171538654905	2.0	trials	1.0	2.0	75.0	biphasic	14.0	100.0	1.0	10.0	100.0	15r	15.0	0.0	monopolar		[8884.911448897059, 1344.0510389476128, 8213.772137775735]	[0.0, 0.0, 0.0]
8136.17154060608	2.0	trials	1.0	2.0	75.0	biphasic	14.0	100.0	1.0	10.0	100.0	15r	15.0	0.0	monopolar		[8884.911448897059, 1344.0510389476128, 8213.772137775735]	[0.0, 0.0, 0.0]
8138.171542557256	2.0	trials	1.0	2.0	75.0	biphasic	14.0	100.0	1.0	10.0	100.0	15r	15.0	0.0	monopolar		[8884.911448897059, 1344.0510389476128, 8213.772137775735]	[0.0, 0.0, 0.0]
8140.171544508432	2.0	trials	1.0	2.0	75.0	biphasic	14.0	100.0	1.0	10.0	100.0	15r	15.0	0.0	monopolar		[8884.911448897059, 1344.0510389476128, 8213.772137775735]	[0.0, 0.0, 0.0]
8142.171546459608	2.0	trials	1.0	2.0	75.0	biphasic	14.0	100.0	1.0	10.0	100.0	15r	15.0	0.0	monopolar		[8884.911448897059, 1344.0510389476128, 8213.772137775735]	[0.0, 0.0, 0.0]
8144.171548410783	2.0	trials	1.0	2.0	75.0	biphasic	14.0	100.0	1.0	10.0	100.0	15r	15.0	0.0	monopolar		[8884.911448897059, 1344.0510389476128, 8213.772137775735]	[0.0, 0.0, 0.0]
8146.171550361959	2.0	trials	1.0	2.0	75.0	biphasic	14.0	100.0	1.0	10.0	100.0	15r	15.0	0.0	monopolar		[8884.911448897059, 1344.0510389476128, 8213.772137775735]	[0.0, 0.0, 0.0]
8148.171552313135	2.0	trials	1.0	2.0	75.0	biphasic	14.0	100.0	1.0	10.0	100.0	15r	15.0	0.0	monopolar		[8884.911448897059, 1344.0510389476128, 8213.772137775735]	[0.0, 0.0, 0.0]
8150.1715542643105	2.0	trials	1.0	2.0	75.0	biphasic	14.0	100.0	1.0	10.0	100.0	15r	15.0	0.0	monopolar		[8884.911448897059, 1344.0510389476128, 8213.772137775735]	[0.0, 0.0, 0.0]
8152.171556215487	2.0	trials	1.0	2.0	75.0	biphasic	14.0	100.0	1.0	10.0	100.0	15r	15.0	0.0	monopolar		[8884.911448897059, 1344.0510389476128, 8213.772137775735]	[0.0, 0.0, 0.0]
8154.171027825975	2.0	trials	1.0	2.0	75.0	biphasic	14.0	100.0	1.0	10.0	100.0	15r	15.0	0.0	monopolar		[8884.911448897059, 1344.0510389476128, 8213.772137775735]	[0.0, 0.0, 0.0]
8156.171560117838	2.0	trials	1.0	2.0	75.0	biphasic	14.0	100.0	1.0	10.0	100.0	15r	15.0	0.0	monopolar		[8884.911448897059, 1344.0510389476128, 8213.772137775735]	[0.0, 0.0, 0.0]
8158.171562069014	2.0	trials	1.0	2.0	75.0	biphasic	14.0	100.0	1.0	10.0	100.0	15r	15.0	0.0	monopolar		[8884.911448897059, 1344.0510389476128, 8213.772137775735]	[0.0, 0.0, 0.0]
8160.171530720124	2.0	trials	1.0	2.0	75.0	biphasic	14.0	100.0	1.0	10.0	100.0	15r	15.0	0.0	monopolar		[8884.911448897059, 1344.0510389476128, 8213.772137775735]	[0.0, 0.0, 0.0]
8162.1710018103	2.0	trials	1.0	2.0	75.0	biphasic	14.0	100.0	1.0	10.0	100.0	15r	15.0	0.0	monopolar		[8884.911448897059, 1344.0510389476128, 8213.772137775735]	[0.0, 0.0, 0.0]
8164.1715346224755	2.0	trials	1.0	2.0	75.0	biphasic	14.0	100.0	1.0	10.0	100.0	15r	15.0	0.0	monopolar		[8884.911448897059, 1344.0510389476128, 8213.772137775735]	[0.0, 0.0, 0.0]
8166.172067694875	2.0	trials	1.0	2.0	75.0	biphasic	14.0	100.0	1.0	10.0	100.0	15r	15.0	0.0	monopolar		[8884.911448897059, 1344.0510389476128, 8213.772137775735]	[0.0, 0.0, 0.0]
8168.171538524826	2.0	trials	1.0	2.0	75.0	biphasic	14.0	100.0	1.0	10.0	100.0	15r	15.0	0.0	monopolar		[8884.911448897059, 1344.0510389476128, 8213.772137775735]	[0.0, 0.0, 0.0]
8170.171540476002	2.0	trials	1.0	2.0	75.0	biphasic	14.0	100.0	1.0	10.0	100.0	15r	15.0	0.0	monopolar		[8884.911448897059, 1344.0510389476128, 8213.772137775735]	[0.0, 0.0, 0.0]
8172.172073938638	2.0	trials	1.0	2.0	75.0	biphasic	14.0	100.0	1.0	10.0	100.0	15r	15.0	0.0	monopolar		[8884.911448897059, 1344.0510389476128, 8213.772137775735]	[0.0, 0.0, 0.0]
8174.172076019892	2.0	trials	1.0	2.0	75.0	biphasic	14.0	100.0	1.0	10.0	100.0	15r	15.0	0.0	monopolar		[8884.911448897059, 1344.0510389476128, 8213.772137775735]	[0.0, 0.0, 0.0]
8176.1715463295295	2.0	trials	1.0	2.0	75.0	biphasic	14.0	100.0	1.0	10.0	100.0	15r	15.0	0.0	monopolar		[8884.911448897059, 1344.0510389476128, 8213.772137775735]	[0.0, 0.0, 0.0]
8178.171548280705	2.0	trials	1.0	2.0	75.0	biphasic	14.0	100.0	1.0	10.0	100.0	15r	15.0	0.0	monopolar		[8884.911448897059, 1344.0510389476128, 8213.772137775735]	[0.0, 0.0, 0.0]
8180.171550231881	2.0	trials	1.0	2.0	75.0	biphasic	14.0	100.0	1.0	10.0	100.0	15r	15.0	0.0	monopolar		[8884.911448897059, 1344.0510389476128, 8213.772137775735]	[0.0, 0.0, 0.0]
8182.172084344909	2.0	trials	1.0	2.0	75.0	biphasic	14.0	100.0	1.0	10.0	100.0	15r	15.0	0.0	monopolar		[8884.911448897059, 1344.0510389476128, 8213.772137775735]	[0.0, 0.0, 0.0]
8184.171554134233	2.0	trials	1.0	2.0	75.0	biphasic	14.0	100.0	1.0	10.0	100.0	15r	15.0	0.0	monopolar		[8884.911448897059, 1344.0510389476128, 8213.772137775735]	[0.0, 0.0, 0.0]
8186.171556085408	2.0	trials	1.0	2.0	75.0	biphasic	14.0	100.0	1.0	10.0	100.0	15r	15.0	0.0	monopolar		[8884.911448897059, 1344.0510389476128, 8213.772137775735]	[0.0, 0.0, 0.0]
8188.171558036583	2.0	trials	1.0	2.0	75.0	biphasic	14.0	100.0	1.0	10.0	100.0	15r	15.0	0.0	monopolar		[8884.911448897059, 1344.0510389476128, 8213.772137775735]	[0.0, 0.0, 0.0]
8190.172059369858	2.0000000000009095	trials	1.0	2.0	75.0	biphasic	14.0	100.0	1.0	10.0	100.0	15r	15.0	0.0	monopolar		[8884.911448897059, 1344.0510389476128, 8213.772137775735]	[0.0, 0.0, 0.0]
8192.170995826695	2.0	trials	1.0	2.0	75.0	biphasic	14.0	100.0	1.0	10.0	100.0	15r	15.0	0.0	monopolar		[8884.911448897059, 1344.0510389476128, 8213.772137775735]	[0.0, 0.0, 0.0]
8353.149663883987	2.0	trials	1.0	2.0	75.0	biphasic	15.0	100.0	1.0	10.0	-5.0	15r	15.0	0.0	monopolar		[8884.911448897059, 1344.0510389476128, 8213.772137775735]	[0.0, 0.0, 0.0]
8355.149665705085	2.0	trials	1.0	2.0	75.0	biphasic	15.0	100.0	1.0	10.0	-5.0	15r	15.0	0.0	monopolar		[8884.911448897059, 1344.0510389476128, 8213.772137775735]	[0.0, 0.0, 0.0]
8357.149123983998	2.0	trials	1.0	2.0	75.0	biphasic	15.0	100.0	1.0	10.0	-5.0	15r	15.0	0.0	monopolar		[8884.911448897059, 1344.0510389476128, 8213.772137775735]	[0.0, 0.0, 0.0]
8359.149669347278	2.0	trials	1.0	2.0	75.0	biphasic	15.0	100.0	1.0	10.0	-5.0	15r	15.0	0.0	monopolar		[8884.911448897059, 1344.0510389476128, 8213.772137775735]	[0.0, 0.0, 0.0]
8361.149671168376	2.0	trials	1.0	2.0	75.0	biphasic	15.0	100.0	1.0	10.0	-5.0	15r	15.0	0.0	monopolar		[8884.911448897059, 1344.0510389476128, 8213.772137775735]	[0.0, 0.0, 0.0]
8363.149672989473	2.0	trials	1.0	2.0	75.0	biphasic	15.0	100.0	1.0	10.0	-5.0	15r	15.0	0.0	monopolar		[8884.911448897059, 1344.0510389476128, 8213.772137775735]	[0.0, 0.0, 0.0]
8365.149130748074	2.0	trials	1.0	2.0	75.0	biphasic	15.0	100.0	1.0	10.0	-5.0	15r	15.0	0.0	monopolar		[8884.911448897059, 1344.0510389476128, 8213.772137775735]	[0.0, 0.0, 0.0]
8367.149676631667	2.0	trials	1.0	2.0	75.0	biphasic	15.0	100.0	1.0	10.0	-5.0	15r	15.0	0.0	monopolar		[8884.911448897059, 1344.0510389476128, 8213.772137775735]	[0.0, 0.0, 0.0]
8369.149678452764	2.0	trials	1.0	2.0	75.0	biphasic	15.0	100.0	1.0	10.0	-5.0	15r	15.0	0.0	monopolar		[8884.911448897059, 1344.0510389476128, 8213.772137775735]	[0.0, 0.0, 0.0]
8371.149680273862	2.0	trials	1.0	2.0	75.0	biphasic	15.0	100.0	1.0	10.0	-5.0	15r	15.0	0.0	monopolar		[8884.911448897059, 1344.0510389476128, 8213.772137775735]	[0.0, 0.0, 0.0]
8373.149137512148	2.0	trials	1.0	2.0	75.0	biphasic	15.0	100.0	1.0	10.0	-5.0	15r	15.0	0.0	monopolar		[8884.911448897059, 1344.0510389476128, 8213.772137775735]	[0.0, 0.0, 0.0]
8375.149683916055	2.0	trials	1.0	2.0	75.0	biphasic	15.0	100.0	1.0	10.0	-5.0	15r	15.0	0.0	monopolar		[8884.911448897059, 1344.0510389476128, 8213.772137775735]	[0.0, 0.0, 0.0]
8377.149685737153	2.0	trials	1.0	2.0	75.0	biphasic	15.0	100.0	1.0	10.0	-5.0	15r	15.0	0.0	monopolar		[8884.911448897059, 1344.0510389476128, 8213.772137775735]	[0.0, 0.0, 0.0]
8379.14968755825	2.0	trials	1.0	2.0	75.0	biphasic	15.0	100.0	1.0	10.0	-5.0	15r	15.0	0.0	monopolar		[8884.911448897059, 1344.0510389476128, 8213.772137775735]	[0.0, 0.0, 0.0]
8381.149144276224	2.0	trials	1.0	2.0	75.0	biphasic	15.0	100.0	1.0	10.0	-5.0	15r	15.0	0.0	monopolar		[8884.911448897059, 1344.0510389476128, 8213.772137775735]	[0.0, 0.0, 0.0]
8383.14911266718	2.0	trials	1.0	2.0	75.0	biphasic	15.0	100.0	1.0	10.0	-5.0	15r	15.0	0.0	monopolar		[8884.911448897059, 1344.0510389476128, 8213.772137775735]	[0.0, 0.0, 0.0]
8385.14965972148	2.0	trials	1.0	2.0	75.0	biphasic	15.0	100.0	1.0	10.0	-5.0	15r	15.0	0.0	monopolar		[8884.911448897059, 1344.0510389476128, 8213.772137775735]	[0.0, 0.0, 0.0]
8387.149661542577	2.0	trials	1.0	2.0	75.0	biphasic	15.0	100.0	1.0	10.0	-5.0	15r	15.0	0.0	monopolar		[8884.911448897059, 1344.0510389476128, 8213.772137775735]	[0.0, 0.0, 0.0]
8389.150208987181	2.0	trials	1.0	2.0	75.0	biphasic	15.0	100.0	1.0	10.0	-5.0	15r	15.0	0.0	monopolar		[8884.911448897059, 1344.0510389476128, 8213.772137775735]	[0.0, 0.0, 0.0]
8391.150210938356	2.0	trials	1.0	2.0	75.0	biphasic	15.0	100.0	1.0	10.0	-5.0	15r	15.0	0.0	monopolar		[8884.911448897059, 1344.0510389476128, 8213.772137775735]	[0.0, 0.0, 0.0]
8393.150758773267	2.0	trials	1.0	2.0	75.0	biphasic	15.0	100.0	1.0	10.0	-5.0	15r	15.0	0.0	monopolar		[8884.911448897059, 1344.0510389476128, 8213.772137775735]	[0.0, 0.0, 0.0]
8395.150214840707	2.0	trials	1.0	2.0	75.0	biphasic	15.0	100.0	1.0	10.0	-5.0	15r	15.0	0.0	monopolar		[8884.911448897059, 1344.0510389476128, 8213.772137775735]	[0.0, 0.0, 0.0]
8397.150216791882	2.0	trials	1.0	2.0	75.0	biphasic	15.0	100.0	1.0	10.0	-5.0	15r	15.0	0.0	monopolar		[8884.911448897059, 1344.0510389476128, 8213.772137775735]	[0.0, 0.0, 0.0]
8399.15021874306	2.0	trials	1.0	2.0	75.0	biphasic	15.0	100.0	1.0	10.0	-5.0	15r	15.0	0.0	monopolar		[8884.911448897059, 1344.0510389476128, 8213.772137775735]	[0.0, 0.0, 0.0]
8401.150220694235	2.0	trials	1.0	2.0	75.0	biphasic	15.0	100.0	1.0	10.0	-5.0	15r	15.0	0.0	monopolar		[8884.911448897059, 1344.0510389476128, 8213.772137775735]	[0.0, 0.0, 0.0]
8403.15022264541	2.0	trials	1.0	2.0	75.0	biphasic	15.0	100.0	1.0	10.0	-5.0	15r	15.0	0.0	monopolar		[8884.911448897059, 1344.0510389476128, 8213.772137775735]	[0.0, 0.0, 0.0]
8405.150224596586	2.0	trials	1.0	2.0	75.0	biphasic	15.0	100.0	1.0	10.0	-5.0	15r	15.0	0.0	monopolar		[8884.911448897059, 1344.0510389476128, 8213.772137775735]	[0.0, 0.0, 0.0]
8407.150226547761	2.0	trials	1.0	2.0	75.0	biphasic	15.0	100.0	1.0	10.0	-5.0	15r	15.0	0.0	monopolar		[8884.911448897059, 1344.0510389476128, 8213.772137775735]	[0.0, 0.0, 0.0]
8409.150228498938	2.0	trials	1.0	2.0	75.0	biphasic	15.0	100.0	1.0	10.0	-5.0	15r	15.0	0.0	monopolar		[8884.911448897059, 1344.0510389476128, 8213.772137775735]	[0.0, 0.0, 0.0]
8411.150230450114	2.0	trials	1.0	2.0	75.0	biphasic	15.0	100.0	1.0	10.0	-5.0	15r	15.0	0.0	monopolar		[8884.911448897059, 1344.0510389476128, 8213.772137775735]	[0.0, 0.0, 0.0]
8413.150199101223	2.0	trials	1.0	2.0	75.0	biphasic	15.0	100.0	1.0	10.0	-5.0	15r	15.0	0.0	monopolar		[8884.911448897059, 1344.0510389476128, 8213.772137775735]	[0.0, 0.0, 0.0]
8415.1502010524	2.0	trials	1.0	2.0	75.0	biphasic	15.0	100.0	1.0	10.0	-5.0	15r	15.0	0.0	monopolar		[8884.911448897059, 1344.0510389476128, 8213.772137775735]	[0.0, 0.0, 0.0]
8417.150203003575	2.0	trials	1.0	2.0	75.0	biphasic	15.0	100.0	1.0	10.0	-5.0	15r	15.0	0.0	monopolar		[8884.911448897059, 1344.0510389476128, 8213.772137775735]	[0.0, 0.0, 0.0]
8419.149657380069	2.0	trials	1.0	2.0	75.0	biphasic	15.0	100.0	1.0	10.0	-5.0	15r	15.0	0.0	monopolar		[8884.911448897059, 1344.0510389476128, 8213.772137775735]	[0.0, 0.0, 0.0]
8421.150206905926	2.0	trials	1.0	2.0	75.0	biphasic	15.0	100.0	1.0	10.0	-5.0	15r	15.0	0.0	monopolar		[8884.911448897059, 1344.0510389476128, 8213.772137775735]	[0.0, 0.0, 0.0]
8423.150208857101	2.0	trials	1.0	2.0	75.0	biphasic	15.0	100.0	1.0	10.0	-5.0	15r	15.0	0.0	monopolar		[8884.911448897059, 1344.0510389476128, 8213.772137775735]	[0.0, 0.0, 0.0]
8425.150210808279	2.0	trials	1.0	2.0	75.0	biphasic	15.0	100.0	1.0	10.0	-5.0	15r	15.0	0.0	monopolar		[8884.911448897059, 1344.0510389476128, 8213.772137775735]	[0.0, 0.0, 0.0]
8427.149664664457	2.0	trials	1.0	2.0	75.0	biphasic	15.0	100.0	1.0	10.0	-5.0	15r	15.0	0.0	monopolar		[8884.911448897059, 1344.0510389476128, 8213.772137775735]	[0.0, 0.0, 0.0]
8429.15021471063	2.0	trials	1.0	2.0	75.0	biphasic	15.0	100.0	1.0	10.0	-5.0	15r	15.0	0.0	monopolar		[8884.911448897059, 1344.0510389476128, 8213.772137775735]	[0.0, 0.0, 0.0]
8431.150216661805	2.0	trials	1.0	2.0	75.0	biphasic	15.0	100.0	1.0	10.0	-5.0	15r	15.0	0.0	monopolar		[8884.911448897059, 1344.0510389476128, 8213.772137775735]	[0.0, 0.0, 0.0]
8433.15021861298	2.0	trials	1.0	2.0	75.0	biphasic	15.0	100.0	1.0	10.0	-5.0	15r	15.0	0.0	monopolar		[8884.911448897059, 1344.0510389476128, 8213.772137775735]	[0.0, 0.0, 0.0]
8435.149671948846	2.0	trials	1.0	2.0	75.0	biphasic	15.0	100.0	1.0	10.0	-5.0	15r	15.0	0.0	monopolar		[8884.911448897059, 1344.0510389476128, 8213.772137775735]	[0.0, 0.0, 0.0]
8437.149673769944	2.0	trials	1.0	2.0	75.0	biphasic	15.0	100.0	1.0	10.0	-5.0	15r	15.0	0.0	monopolar		[8884.911448897059, 1344.0510389476128, 8213.772137775735]	[0.0, 0.0, 0.0]
8439.150224466508	2.0	trials	1.0	2.0	75.0	biphasic	15.0	100.0	1.0	10.0	-5.0	15r	15.0	0.0	monopolar		[8884.911448897059, 1344.0510389476128, 8213.772137775735]	[0.0, 0.0, 0.0]
8441.150226417683	2.0	trials	1.0	2.0	75.0	biphasic	15.0	100.0	1.0	10.0	-5.0	15r	15.0	0.0	monopolar		[8884.911448897059, 1344.0510389476128, 8213.772137775735]	[0.0, 0.0, 0.0]
8443.149679233235	2.0	trials	1.0	2.0	75.0	biphasic	15.0	100.0	1.0	10.0	-5.0	15r	15.0	0.0	monopolar		[8884.911448897059, 1344.0510389476128, 8213.772137775735]	[0.0, 0.0, 0.0]
8445.149647754268	2.0	trials	1.0	2.0	75.0	biphasic	15.0	100.0	1.0	10.0	-5.0	15r	15.0	0.0	monopolar		[8884.911448897059, 1344.0510389476128, 8213.772137775735]	[0.0, 0.0, 0.0]
8447.150198971145	2.0	trials	1.0	2.0	75.0	biphasic	15.0	100.0	1.0	10.0	-5.0	15r	15.0	0.0	monopolar		[8884.911448897059, 1344.0510389476128, 8213.772137775735]	[0.0, 0.0, 0.0]
8449.15020092232	2.0	trials	1.0	2.0	75.0	biphasic	15.0	100.0	1.0	10.0	-5.0	15r	15.0	0.0	monopolar		[8884.911448897059, 1344.0510389476128, 8213.772137775735]	[0.0, 0.0, 0.0]
8451.14965321756	2.0	trials	1.0	2.0	75.0	biphasic	15.0	100.0	1.0	10.0	-5.0	15r	15.0	0.0	monopolar		[8884.911448897059, 1344.0510389476128, 8213.772137775735]	[0.0, 0.0, 0.0]
8453.149655038658	2.0	trials	1.0	2.0	75.0	biphasic	15.0	100.0	1.0	10.0	-5.0	15r	15.0	0.0	monopolar		[8884.911448897059, 1344.0510389476128, 8213.772137775735]	[0.0, 0.0, 0.0]
8455.150206775848	2.0	trials	1.0	2.0	75.0	biphasic	15.0	100.0	1.0	10.0	-5.0	15r	15.0	0.0	monopolar		[8884.911448897059, 1344.0510389476128, 8213.772137775735]	[0.0, 0.0, 0.0]
8457.150208727024	2.0	trials	1.0	2.0	75.0	biphasic	15.0	100.0	1.0	10.0	-5.0	15r	15.0	0.0	monopolar		[8884.911448897059, 1344.0510389476128, 8213.772137775735]	[0.0, 0.0, 0.0]
8459.150760854522	2.0	trials	1.0	2.0	75.0	biphasic	15.0	100.0	1.0	10.0	-5.0	15r	15.0	0.0	monopolar		[8884.911448897059, 1344.0510389476128, 8213.772137775735]	[0.0, 0.0, 0.0]
8461.150762935775	2.0	trials	1.0	2.0	75.0	biphasic	15.0	100.0	1.0	10.0	-5.0	15r	15.0	0.0	monopolar		[8884.911448897059, 1344.0510389476128, 8213.772137775735]	[0.0, 0.0, 0.0]
8463.15131545358	2.0	trials	1.0	2.0	75.0	biphasic	15.0	100.0	1.0	10.0	-5.0	15r	15.0	0.0	monopolar		[8884.911448897059, 1344.0510389476128, 8213.772137775735]	[0.0, 0.0, 0.0]
8465.150767098285	2.0	trials	1.0	2.0	75.0	biphasic	15.0	100.0	1.0	10.0	-5.0	15r	15.0	0.0	monopolar		[8884.911448897059, 1344.0510389476128, 8213.772137775735]	[0.0, 0.0, 0.0]
8467.150769179538	2.0	trials	1.0	2.0	75.0	biphasic	15.0	100.0	1.0	10.0	-5.0	15r	15.0	0.0	monopolar		[8884.911448897059, 1344.0510389476128, 8213.772137775735]	[0.0, 0.0, 0.0]
8469.150771260793	2.0	trials	1.0	2.0	75.0	biphasic	15.0	100.0	1.0	10.0	-5.0	15r	15.0	0.0	monopolar		[8884.911448897059, 1344.0510389476128, 8213.772137775735]	[0.0, 0.0, 0.0]
8471.150773342048	2.0	trials	1.0	2.0	75.0	biphasic	15.0	100.0	1.0	10.0	-5.0	15r	15.0	0.0	monopolar		[8884.911448897059, 1344.0510389476128, 8213.772137775735]	[0.0, 0.0, 0.0]
8473.1507754233	2.0	trials	1.0	2.0	75.0	biphasic	15.0	100.0	1.0	10.0	-5.0	15r	15.0	0.0	monopolar		[8884.911448897059, 1344.0510389476128, 8213.772137775735]	[0.0, 0.0, 0.0]
8475.150744204488	2.0	trials	1.0	2.0	75.0	biphasic	15.0	100.0	1.0	10.0	-5.0	15r	15.0	0.0	monopolar		[8884.911448897059, 1344.0510389476128, 8213.772137775735]	[0.0, 0.0, 0.0]
8477.15074628574	2.0	trials	1.0	2.0	75.0	biphasic	15.0	100.0	1.0	10.0	-5.0	15r	15.0	0.0	monopolar		[8884.911448897059, 1344.0510389476128, 8213.772137775735]	[0.0, 0.0, 0.0]
8479.150748366996	2.0	trials	1.0	2.0	75.0	biphasic	15.0	100.0	1.0	10.0	-5.0	15r	15.0	0.0	monopolar		[8884.911448897059, 1344.0510389476128, 8213.772137775735]	[0.0, 0.0, 0.0]
8481.15075044825	2.0	trials	1.0	2.0	75.0	biphasic	15.0	100.0	1.0	10.0	-5.0	15r	15.0	0.0	monopolar		[8884.911448897059, 1344.0510389476128, 8213.772137775735]	[0.0, 0.0, 0.0]
8483.150752529504	2.0	trials	1.0	2.0	75.0	biphasic	15.0	100.0	1.0	10.0	-5.0	15r	15.0	0.0	monopolar		[8884.911448897059, 1344.0510389476128, 8213.772137775735]	[0.0, 0.0, 0.0]
8485.150754610759	2.0	trials	1.0	2.0	75.0	biphasic	15.0	100.0	1.0	10.0	-5.0	15r	15.0	0.0	monopolar		[8884.911448897059, 1344.0510389476128, 8213.772137775735]	[0.0, 0.0, 0.0]
8487.150756692014	2.0	trials	1.0	2.0	75.0	biphasic	15.0	100.0	1.0	10.0	-5.0	15r	15.0	0.0	monopolar		[8884.911448897059, 1344.0510389476128, 8213.772137775735]	[0.0, 0.0, 0.0]
8489.150206645769	2.0	trials	1.0	2.0	75.0	biphasic	15.0	100.0	1.0	10.0	-5.0	15r	15.0	0.0	monopolar		[8884.911448897059, 1344.0510389476128, 8213.772137775735]	[0.0, 0.0, 0.0]
8491.150760854522	2.0	trials	1.0	2.0	75.0	biphasic	15.0	100.0	1.0	10.0	-5.0	15r	15.0	0.0	monopolar		[8884.911448897059, 1344.0510389476128, 8213.772137775735]	[0.0, 0.0, 0.0]
8493.150762935775	2.0	trials	1.0	2.0	75.0	biphasic	15.0	100.0	1.0	10.0	-5.0	15r	15.0	0.0	monopolar		[8884.911448897059, 1344.0510389476128, 8213.772137775735]	[0.0, 0.0, 0.0]
8495.15076501703	2.0	trials	1.0	2.0	75.0	biphasic	15.0	100.0	1.0	10.0	-5.0	15r	15.0	0.0	monopolar		[8884.911448897059, 1344.0510389476128, 8213.772137775735]	[0.0, 0.0, 0.0]
8497.150214450472	2.0	trials	1.0	2.0	75.0	biphasic	15.0	100.0	1.0	10.0	-5.0	15r	15.0	0.0	monopolar		[8884.911448897059, 1344.0510389476128, 8213.772137775735]	[0.0, 0.0, 0.0]
8499.150769179538	2.0	trials	1.0	2.0	75.0	biphasic	15.0	100.0	1.0	10.0	-5.0	15r	15.0	0.0	monopolar		[8884.911448897059, 1344.0510389476128, 8213.772137775735]	[0.0, 0.0, 0.0]
8501.150771260793	2.0	trials	1.0	2.0	75.0	biphasic	15.0	100.0	1.0	10.0	-5.0	15r	15.0	0.0	monopolar		[8884.911448897059, 1344.0510389476128, 8213.772137775735]	[0.0, 0.0, 0.0]
8563.587875003781	2.0	trials	1.0	2.0	75.0	biphasic	16.0	100.0	1.0	10.0	-25.0	15r	15.0	0.0	monopolar		[8884.911448897059, 1344.0510389476128, 8213.772137775735]	[0.0, 0.0, 0.0]
8565.587876954956	2.0	trials	1.0	2.0	75.0	biphasic	16.0	100.0	1.0	10.0	-25.0	15r	15.0	0.0	monopolar		[8884.911448897059, 1344.0510389476128, 8213.772137775735]	[0.0, 0.0, 0.0]
8567.587321677183	2.0	trials	1.0	2.0	75.0	biphasic	16.0	100.0	1.0	10.0	-25.0	15r	15.0	0.0	monopolar		[8884.911448897059, 1344.0510389476128, 8213.772137775735]	[0.0, 0.0, 0.0]
8569.587880857307	2.0	trials	1.0	2.0	75.0	biphasic	16.0	100.0	1.0	10.0	-25.0	15r	15.0	0.0	monopolar		[8884.911448897059, 1344.0510389476128, 8213.772137775735]	[0.0, 0.0, 0.0]
8571.587882808484	2.0	trials	1.0	2.0	75.0	biphasic	16.0	100.0	1.0	10.0	-25.0	15r	15.0	0.0	monopolar		[8884.911448897059, 1344.0510389476128, 8213.772137775735]	[0.0, 0.0, 0.0]
8573.58788475966	2.0	trials	1.0	2.0	75.0	biphasic	16.0	100.0	1.0	10.0	-25.0	15r	15.0	0.0	monopolar		[8884.911448897059, 1344.0510389476128, 8213.772137775735]	[0.0, 0.0, 0.0]
8575.587328961572	2.0	trials	1.0	2.0	75.0	biphasic	16.0	100.0	1.0	10.0	-25.0	15r	15.0	0.0	monopolar		[8884.911448897059, 1344.0510389476128, 8213.772137775735]	[0.0, 0.0, 0.0]
8577.58733078267	2.0	trials	1.0	2.0	75.0	biphasic	16.0	100.0	1.0	10.0	-25.0	15r	15.0	0.0	monopolar		[8884.911448897059, 1344.0510389476128, 8213.772137775735]	[0.0, 0.0, 0.0]
8579.587890613186	2.0	trials	1.0	2.0	75.0	biphasic	16.0	100.0	1.0	10.0	-25.0	15r	15.0	0.0	monopolar		[8884.911448897059, 1344.0510389476128, 8213.772137775735]	[0.0, 0.0, 0.0]
8581.587892564363	2.0	trials	1.0	2.0	75.0	biphasic	16.0	100.0	1.0	10.0	-25.0	15r	15.0	0.0	monopolar		[8884.911448897059, 1344.0510389476128, 8213.772137775735]	[0.0, 0.0, 0.0]
8583.587336245962	2.0	trials	1.0	2.0	75.0	biphasic	16.0	100.0	1.0	10.0	-25.0	15r	15.0	0.0	monopolar		[8884.911448897059, 1344.0510389476128, 8213.772137775735]	[0.0, 0.0, 0.0]
8585.587338067058	2.0	trials	1.0	2.0	75.0	biphasic	16.0	100.0	1.0	10.0	-25.0	15r	15.0	0.0	monopolar		[8884.911448897059, 1344.0510389476128, 8213.772137775735]	[0.0, 0.0, 0.0]
8587.587898417889	2.0	trials	1.0	2.0	75.0	biphasic	16.0	100.0	1.0	10.0	-25.0	15r	15.0	0.0	monopolar		[8884.911448897059, 1344.0510389476128, 8213.772137775735]	[0.0, 0.0, 0.0]
8589.587900369064	2.0	trials	1.0	2.0	75.0	biphasic	16.0	100.0	1.0	10.0	-25.0	15r	15.0	0.0	monopolar		[8884.911448897059, 1344.0510389476128, 8213.772137775735]	[0.0, 0.0, 0.0]
8591.587343530351	2.0	trials	1.0	2.0	75.0	biphasic	16.0	100.0	1.0	10.0	-25.0	15r	15.0	0.0	monopolar		[8884.911448897059, 1344.0510389476128, 8213.772137775735]	[0.0, 0.0, 0.0]
8593.587312051384	2.0	trials	1.0	2.0	75.0	biphasic	16.0	100.0	1.0	10.0	-25.0	15r	15.0	0.0	monopolar		[8884.911448897059, 1344.0510389476128, 8213.772137775735]	[0.0, 0.0, 0.0]
8595.587313872482	2.0	trials	1.0	2.0	75.0	biphasic	16.0	100.0	1.0	10.0	-25.0	15r	15.0	0.0	monopolar		[8884.911448897059, 1344.0510389476128, 8213.772137775735]	[0.0, 0.0, 0.0]
8597.587874873701	2.0	trials	1.0	2.0	75.0	biphasic	16.0	100.0	1.0	10.0	-25.0	15r	15.0	0.0	monopolar		[8884.911448897059, 1344.0510389476128, 8213.772137775735]	[0.0, 0.0, 0.0]
8599.587317514675	2.0	trials	1.0	2.0	75.0	biphasic	16.0	100.0	1.0	10.0	-25.0	15r	15.0	0.0	monopolar		[8884.911448897059, 1344.0510389476128, 8213.772137775735]	[0.0, 0.0, 0.0]
8601.587319335773	2.0	trials	1.0	2.0	75.0	biphasic	16.0	100.0	1.0	10.0	-25.0	15r	15.0	0.0	monopolar		[8884.911448897059, 1344.0510389476128, 8213.772137775735]	[0.0, 0.0, 0.0]
8603.58732115687	2.0	trials	1.0	2.0	75.0	biphasic	16.0	100.0	1.0	10.0	-25.0	15r	15.0	0.0	monopolar		[8884.911448897059, 1344.0510389476128, 8213.772137775735]	[0.0, 0.0, 0.0]
8605.587882678405	2.0	trials	1.0	2.0	75.0	biphasic	16.0	100.0	1.0	10.0	-25.0	15r	15.0	0.0	monopolar		[8884.911448897059, 1344.0510389476128, 8213.772137775735]	[0.0, 0.0, 0.0]
8607.588444460169	2.0	trials	1.0	2.0	75.0	biphasic	16.0	100.0	1.0	10.0	-25.0	15r	15.0	0.0	monopolar		[8884.911448897059, 1344.0510389476128, 8213.772137775735]	[0.0, 0.0, 0.0]
8609.588446541424	2.0	trials	1.0	2.0	75.0	biphasic	16.0	100.0	1.0	10.0	-25.0	15r	15.0	0.0	monopolar		[8884.911448897059, 1344.0510389476128, 8213.772137775735]	[0.0, 0.0, 0.0]
8611.588448622679	2.0	trials	1.0	2.0	75.0	biphasic	16.0	100.0	1.0	10.0	-25.0	15r	15.0	0.0	monopolar		[8884.911448897059, 1344.0510389476128, 8213.772137775735]	[0.0, 0.0, 0.0]
8613.587890483108	2.0	trials	1.0	2.0	75.0	biphasic	16.0	100.0	1.0	10.0	-25.0	15r	15.0	0.0	monopolar		[8884.911448897059, 1344.0510389476128, 8213.772137775735]	[0.0, 0.0, 0.0]
8615.588452785187	2.0	trials	1.0	2.0	75.0	biphasic	16.0	100.0	1.0	10.0	-25.0	15r	15.0	0.0	monopolar		[8884.911448897059, 1344.0510389476128, 8213.772137775735]	[0.0, 0.0, 0.0]
8617.58845486644	2.0	trials	1.0	2.0	75.0	biphasic	16.0	100.0	1.0	10.0	-25.0	15r	15.0	0.0	monopolar		[8884.911448897059, 1344.0510389476128, 8213.772137775735]	[0.0, 0.0, 0.0]
8619.588456947695	2.0	trials	1.0	2.0	75.0	biphasic	16.0	100.0	1.0	10.0	-25.0	15r	15.0	0.0	monopolar		[8884.911448897059, 1344.0510389476128, 8213.772137775735]	[0.0, 0.0, 0.0]
8621.587898287811	2.0	trials	1.0	2.0	75.0	biphasic	16.0	100.0	1.0	10.0	-25.0	15r	15.0	0.0	monopolar		[8884.911448897059, 1344.0510389476128, 8213.772137775735]	[0.0, 0.0, 0.0]
8623.588427810135	2.0	trials	1.0	2.0	75.0	biphasic	16.0	100.0	1.0	10.0	-25.0	15r	15.0	0.0	monopolar		[8884.911448897059, 1344.0510389476128, 8213.772137775735]	[0.0, 0.0, 0.0]
8625.58842989139	2.0	trials	1.0	2.0	75.0	biphasic	16.0	100.0	1.0	10.0	-25.0	15r	15.0	0.0	monopolar		[8884.911448897059, 1344.0510389476128, 8213.772137775735]	[0.0, 0.0, 0.0]
8627.588431972645	2.0	trials	1.0	2.0	75.0	biphasic	16.0	100.0	1.0	10.0	-25.0	15r	15.0	0.0	monopolar		[8884.911448897059, 1344.0510389476128, 8213.772137775735]	[0.0, 0.0, 0.0]
8629.587872792448	2.0	trials	1.0	2.0	75.0	biphasic	16.0	100.0	1.0	10.0	-25.0	15r	15.0	0.0	monopolar		[8884.911448897059, 1344.0510389476128, 8213.772137775735]	[0.0, 0.0, 0.0]
8631.587874743624	2.0	trials	1.0	2.0	75.0	biphasic	16.0	100.0	1.0	10.0	-25.0	15r	15.0	0.0	monopolar		[8884.911448897059, 1344.0510389476128, 8213.772137775735]	[0.0, 0.0, 0.0]
8633.588438216406	2.0	trials	1.0	2.0	75.0	biphasic	16.0	100.0	1.0	10.0	-25.0	15r	15.0	0.0	monopolar		[8884.911448897059, 1344.0510389476128, 8213.772137775735]	[0.0, 0.0, 0.0]
8635.58844029766	2.0	trials	1.0	2.0	75.0	biphasic	16.0	100.0	1.0	10.0	-25.0	15r	15.0	0.0	monopolar		[8884.911448897059, 1344.0510389476128, 8213.772137775735]	[0.0, 0.0, 0.0]
8637.587880597152	2.0	trials	1.0	2.0	75.0	biphasic	16.0	100.0	1.0	10.0	-25.0	15r	15.0	0.0	monopolar		[8884.911448897059, 1344.0510389476128, 8213.772137775735]	[0.0, 0.0, 0.0]
8639.587882548327	2.0	trials	1.0	2.0	75.0	biphasic	16.0	100.0	1.0	10.0	-25.0	15r	15.0	0.0	monopolar		[8884.911448897059, 1344.0510389476128, 8213.772137775735]	[0.0, 0.0, 0.0]
8641.588446541424	2.0	trials	1.0	2.0	75.0	biphasic	16.0	100.0	1.0	10.0	-25.0	15r	15.0	0.0	monopolar		[8884.911448897059, 1344.0510389476128, 8213.772137775735]	[0.0, 0.0, 0.0]
8643.588448622679	2.0	trials	1.0	2.0	75.0	biphasic	16.0	100.0	1.0	10.0	-25.0	15r	15.0	0.0	monopolar		[8884.911448897059, 1344.0510389476128, 8213.772137775735]	[0.0, 0.0, 0.0]
8645.587888401853	2.0	trials	1.0	2.0	75.0	biphasic	16.0	100.0	1.0	10.0	-25.0	15r	15.0	0.0	monopolar		[8884.911448897059, 1344.0510389476128, 8213.772137775735]	[0.0, 0.0, 0.0]
8647.58789035303	2.0	trials	1.0	2.0	75.0	biphasic	16.0	100.0	1.0	10.0	-25.0	15r	15.0	0.0	monopolar		[8884.911448897059, 1344.0510389476128, 8213.772137775735]	[0.0, 0.0, 0.0]
8649.58845486644	2.0	trials	1.0	2.0	75.0	biphasic	16.0	100.0	1.0	10.0	-25.0	15r	15.0	0.0	monopolar		[8884.911448897059, 1344.0510389476128, 8213.772137775735]	[0.0, 0.0, 0.0]
8651.58789425538	2.0	trials	1.0	2.0	75.0	biphasic	16.0	100.0	1.0	10.0	-25.0	15r	15.0	0.0	monopolar		[8884.911448897059, 1344.0510389476128, 8213.772137775735]	[0.0, 0.0, 0.0]
8653.587896206556	2.0	trials	1.0	2.0	75.0	biphasic	16.0	100.0	1.0	10.0	-25.0	15r	15.0	0.0	monopolar		[8884.911448897059, 1344.0510389476128, 8213.772137775735]	[0.0, 0.0, 0.0]
8655.587864857667	2.0	trials	1.0	2.0	75.0	biphasic	16.0	100.0	1.0	10.0	-25.0	15r	15.0	0.0	monopolar		[8884.911448897059, 1344.0510389476128, 8213.772137775735]	[0.0, 0.0, 0.0]
8657.587866808843	2.0	trials	1.0	2.0	75.0	biphasic	16.0	100.0	1.0	10.0	-25.0	15r	15.0	0.0	monopolar		[8884.911448897059, 1344.0510389476128, 8213.772137775735]	[0.0, 0.0, 0.0]
8659.588431972645	2.0	trials	1.0	2.0	75.0	biphasic	16.0	100.0	1.0	10.0	-25.0	15r	15.0	0.0	monopolar		[8884.911448897059, 1344.0510389476128, 8213.772137775735]	[0.0, 0.0, 0.0]
8661.587870711193	2.0	trials	1.0	2.0	75.0	biphasic	16.0	100.0	1.0	10.0	-25.0	15r	15.0	0.0	monopolar		[8884.911448897059, 1344.0510389476128, 8213.772137775735]	[0.0, 0.0, 0.0]
8663.587872662369	2.0	trials	1.0	2.0	75.0	biphasic	16.0	100.0	1.0	10.0	-25.0	15r	15.0	0.0	monopolar		[8884.911448897059, 1344.0510389476128, 8213.772137775735]	[0.0, 0.0, 0.0]
8665.587874613546	2.0	trials	1.0	2.0	75.0	biphasic	16.0	100.0	1.0	10.0	-25.0	15r	15.0	0.0	monopolar		[8884.911448897059, 1344.0510389476128, 8213.772137775735]	[0.0, 0.0, 0.0]
8667.58844029766	2.0	trials	1.0	2.0	75.0	biphasic	16.0	100.0	1.0	10.0	-25.0	15r	15.0	0.0	monopolar		[8884.911448897059, 1344.0510389476128, 8213.772137775735]	[0.0, 0.0, 0.0]
8669.587878515897	2.0	trials	1.0	2.0	75.0	biphasic	16.0	100.0	1.0	10.0	-25.0	15r	15.0	0.0	monopolar		[8884.911448897059, 1344.0510389476128, 8213.772137775735]	[0.0, 0.0, 0.0]
8671.587880467072	2.0	trials	1.0	2.0	75.0	biphasic	16.0	100.0	1.0	10.0	-25.0	15r	15.0	0.0	monopolar		[8884.911448897059, 1344.0510389476128, 8213.772137775735]	[0.0, 0.0, 0.0]
8673.587882418247	2.0	trials	1.0	2.0	75.0	biphasic	16.0	100.0	1.0	10.0	-25.0	15r	15.0	0.0	monopolar		[8884.911448897059, 1344.0510389476128, 8213.772137775735]	[0.0, 0.0, 0.0]
8675.588448622679	2.0	trials	1.0	2.0	75.0	biphasic	16.0	100.0	1.0	10.0	-25.0	15r	15.0	0.0	monopolar		[8884.911448897059, 1344.0510389476128, 8213.772137775735]	[0.0, 0.0, 0.0]
8677.5878863206	2.0	trials	1.0	2.0	75.0	biphasic	16.0	100.0	1.0	10.0	-25.0	15r	15.0	0.0	monopolar		[8884.911448897059, 1344.0510389476128, 8213.772137775735]	[0.0, 0.0, 0.0]
8679.587888271775	2.0	trials	1.0	2.0	75.0	biphasic	16.0	100.0	1.0	10.0	-25.0	15r	15.0	0.0	monopolar		[8884.911448897059, 1344.0510389476128, 8213.772137775735]	[0.0, 0.0, 0.0]
8681.58789022295	2.0	trials	1.0	2.0	75.0	biphasic	16.0	100.0	1.0	10.0	-25.0	15r	15.0	0.0	monopolar		[8884.911448897059, 1344.0510389476128, 8213.772137775735]	[0.0, 0.0, 0.0]
8683.587892174126	2.0	trials	1.0	2.0	75.0	biphasic	16.0	100.0	1.0	10.0	-25.0	15r	15.0	0.0	monopolar		[8884.911448897059, 1344.0510389476128, 8213.772137775735]	[0.0, 0.0, 0.0]
8685.587860825237	2.0	trials	1.0	2.0	75.0	biphasic	16.0	100.0	1.0	10.0	-25.0	15r	15.0	0.0	monopolar		[8884.911448897059, 1344.0510389476128, 8213.772137775735]	[0.0, 0.0, 0.0]
8687.587862776412	2.0	trials	1.0	2.0	75.0	biphasic	16.0	100.0	1.0	10.0	-25.0	15r	15.0	0.0	monopolar		[8884.911448897059, 1344.0510389476128, 8213.772137775735]	[0.0, 0.0, 0.0]
8689.587864727588	2.0	trials	1.0	2.0	75.0	biphasic	16.0	100.0	1.0	10.0	-25.0	15r	15.0	0.0	monopolar		[8884.911448897059, 1344.0510389476128, 8213.772137775735]	[0.0, 0.0, 0.0]
8691.587866678765	2.0	trials	1.0	2.0	75.0	biphasic	16.0	100.0	1.0	10.0	-25.0	15r	15.0	0.0	monopolar		[8884.911448897059, 1344.0510389476128, 8213.772137775735]	[0.0, 0.0, 0.0]
8693.58786862994	2.0	trials	1.0	2.0	75.0	biphasic	16.0	100.0	1.0	10.0	-25.0	15r	15.0	0.0	monopolar		[8884.911448897059, 1344.0510389476128, 8213.772137775735]	[0.0, 0.0, 0.0]
8695.587870581116	2.0	trials	1.0	2.0	75.0	biphasic	16.0	100.0	1.0	10.0	-25.0	15r	15.0	0.0	monopolar		[8884.911448897059, 1344.0510389476128, 8213.772137775735]	[0.0, 0.0, 0.0]
8697.587872532291	2.0	trials	1.0	2.0	75.0	biphasic	16.0	100.0	1.0	10.0	-25.0	15r	15.0	0.0	monopolar		[8884.911448897059, 1344.0510389476128, 8213.772137775735]	[0.0, 0.0, 0.0]
8699.587874483466	2.0	trials	1.0	2.0	75.0	biphasic	16.0	100.0	1.0	10.0	-25.0	15r	15.0	0.0	monopolar		[8884.911448897059, 1344.0510389476128, 8213.772137775735]	[0.0, 0.0, 0.0]
8701.587310490444	2.0	trials	1.0	2.0	75.0	biphasic	16.0	100.0	1.0	10.0	-25.0	15r	15.0	0.0	monopolar		[8884.911448897059, 1344.0510389476128, 8213.772137775735]	[0.0, 0.0, 0.0]
8703.587878385819	2.0	trials	1.0	2.0	75.0	biphasic	16.0	100.0	1.0	10.0	-25.0	15r	15.0	0.0	monopolar		[8884.911448897059, 1344.0510389476128, 8213.772137775735]	[0.0, 0.0, 0.0]
8705.587880336994	2.0	trials	1.0	2.0	75.0	biphasic	16.0	100.0	1.0	10.0	-25.0	15r	15.0	0.0	monopolar		[8884.911448897059, 1344.0510389476128, 8213.772137775735]	[0.0, 0.0, 0.0]
8707.58788228817	2.0	trials	1.0	2.0	75.0	biphasic	16.0	100.0	1.0	10.0	-25.0	15r	15.0	0.0	monopolar		[8884.911448897059, 1344.0510389476128, 8213.772137775735]	[0.0, 0.0, 0.0]
8709.587317774833	2.0	trials	1.0	2.0	75.0	biphasic	16.0	100.0	1.0	10.0	-25.0	15r	15.0	0.0	monopolar		[8884.911448897059, 1344.0510389476128, 8213.772137775735]	[0.0, 0.0, 0.0]
8711.587886190522	2.0	trials	1.0	2.0	75.0	biphasic	16.0	100.0	1.0	10.0	-25.0	15r	15.0	0.0	monopolar		[8884.911448897059, 1344.0510389476128, 8213.772137775735]	[0.0, 0.0, 0.0]
8806.60812541117	2.0	trials	1.0	2.0	75.0	biphasic	17.0	100.0	1.0	10.0	25.0	15r	15.0	0.0	monopolar		[8884.911448897059, 1344.0510389476128, 8213.772137775735]	[0.0, 0.0, 0.0]
8808.608127362346	2.0	trials	1.0	2.0	75.0	biphasic	17.0	100.0	1.0	10.0	25.0	15r	15.0	0.0	monopolar		[8884.911448897059, 1344.0510389476128, 8213.772137775735]	[0.0, 0.0, 0.0]
8810.608129313521	2.0	trials	1.0	2.0	75.0	biphasic	17.0	100.0	1.0	10.0	25.0	15r	15.0	0.0	monopolar		[8884.911448897059, 1344.0510389476128, 8213.772137775735]	[0.0, 0.0, 0.0]
8812.608131264697	2.0	trials	1.0	2.0	75.0	biphasic	17.0	100.0	1.0	10.0	25.0	15r	15.0	0.0	monopolar		[8884.911448897059, 1344.0510389476128, 8213.772137775735]	[0.0, 0.0, 0.0]
8814.608133215872	2.0	trials	1.0	2.0	75.0	biphasic	17.0	100.0	1.0	10.0	25.0	15r	15.0	0.0	monopolar		[8884.911448897059, 1344.0510389476128, 8213.772137775735]	[0.0, 0.0, 0.0]
8816.60813516705	2.0	trials	1.0	2.0	75.0	biphasic	17.0	100.0	1.0	10.0	25.0	15r	15.0	0.0	monopolar		[8884.911448897059, 1344.0510389476128, 8213.772137775735]	[0.0, 0.0, 0.0]
8818.608137118224	2.0	trials	1.0	2.0	75.0	biphasic	17.0	100.0	1.0	10.0	25.0	15r	15.0	0.0	monopolar		[8884.911448897059, 1344.0510389476128, 8213.772137775735]	[0.0, 0.0, 0.0]
8820.6081390694	2.0	trials	1.0	2.0	75.0	biphasic	17.0	100.0	1.0	10.0	25.0	15r	15.0	0.0	monopolar		[8884.911448897059, 1344.0510389476128, 8213.772137775735]	[0.0, 0.0, 0.0]
8822.608141020575	2.0	trials	1.0	2.0	75.0	biphasic	17.0	100.0	1.0	10.0	25.0	15r	15.0	0.0	monopolar		[8884.911448897059, 1344.0510389476128, 8213.772137775735]	[0.0, 0.0, 0.0]
8824.60814297175	2.0	trials	1.0	2.0	75.0	biphasic	17.0	100.0	1.0	10.0	25.0	15r	15.0	0.0	monopolar		[8884.911448897059, 1344.0510389476128, 8213.772137775735]	[0.0, 0.0, 0.0]
8826.608144922928	2.0	trials	1.0	2.0	75.0	biphasic	17.0	100.0	1.0	10.0	25.0	15r	15.0	0.0	monopolar		[8884.911448897059, 1344.0510389476128, 8213.772137775735]	[0.0, 0.0, 0.0]
8828.607572668609	2.0	trials	1.0	2.0	75.0	biphasic	17.0	100.0	1.0	10.0	25.0	15r	15.0	0.0	monopolar		[8884.911448897059, 1344.0510389476128, 8213.772137775735]	[0.0, 0.0, 0.0]
8830.608148825278	2.0	trials	1.0	2.0	75.0	biphasic	17.0	100.0	1.0	10.0	25.0	15r	15.0	0.0	monopolar		[8884.911448897059, 1344.0510389476128, 8213.772137775735]	[0.0, 0.0, 0.0]
8832.608150776454	2.0	trials	1.0	2.0	75.0	biphasic	17.0	100.0	1.0	10.0	25.0	15r	15.0	0.0	monopolar		[8884.911448897059, 1344.0510389476128, 8213.772137775735]	[0.0, 0.0, 0.0]
8834.607544831837	2.0	trials	1.0	2.0	75.0	biphasic	17.0	100.0	1.0	10.0	25.0	15r	15.0	0.0	monopolar		[8884.911448897059, 1344.0510389476128, 8213.772137775735]	[0.0, 0.0, 0.0]
8836.60812137874	2.0	trials	1.0	2.0	75.0	biphasic	17.0	100.0	1.0	10.0	25.0	15r	15.0	0.0	monopolar		[8884.911448897059, 1344.0510389476128, 8213.772137775735]	[0.0, 0.0, 0.0]
8838.60754847403	2.0	trials	1.0	2.0	75.0	biphasic	17.0	100.0	1.0	10.0	25.0	15r	15.0	0.0	monopolar		[8884.911448897059, 1344.0510389476128, 8213.772137775735]	[0.0, 0.0, 0.0]
8840.60812528109	2.0	trials	1.0	2.0	75.0	biphasic	17.0	100.0	1.0	10.0	25.0	15r	15.0	0.0	monopolar		[8884.911448897059, 1344.0510389476128, 8213.772137775735]	[0.0, 0.0, 0.0]
8842.608127232266	2.0	trials	1.0	2.0	75.0	biphasic	17.0	100.0	1.0	10.0	25.0	15r	15.0	0.0	monopolar		[8884.911448897059, 1344.0510389476128, 8213.772137775735]	[0.0, 0.0, 0.0]
8844.608129183443	2.0	trials	1.0	2.0	75.0	biphasic	17.0	100.0	1.0	10.0	25.0	15r	15.0	0.0	monopolar		[8884.911448897059, 1344.0510389476128, 8213.772137775735]	[0.0, 0.0, 0.0]
8846.608131134619	2.0	trials	1.0	2.0	75.0	biphasic	17.0	100.0	1.0	10.0	25.0	15r	15.0	0.0	monopolar		[8884.911448897059, 1344.0510389476128, 8213.772137775735]	[0.0, 0.0, 0.0]
8848.607557579517	2.0	trials	1.0	2.0	75.0	biphasic	17.0	100.0	1.0	10.0	25.0	15r	15.0	0.0	monopolar		[8884.911448897059, 1344.0510389476128, 8213.772137775735]	[0.0, 0.0, 0.0]
8850.60813503697	2.0	trials	1.0	2.0	75.0	biphasic	17.0	100.0	1.0	10.0	25.0	15r	15.0	0.0	monopolar		[8884.911448897059, 1344.0510389476128, 8213.772137775735]	[0.0, 0.0, 0.0]
8852.608136988145	2.0	trials	1.0	2.0	75.0	biphasic	17.0	100.0	1.0	10.0	25.0	15r	15.0	0.0	monopolar		[8884.911448897059, 1344.0510389476128, 8213.772137775735]	[0.0, 0.0, 0.0]
8854.608138939322	2.0	trials	1.0	2.0	75.0	biphasic	17.0	100.0	1.0	10.0	25.0	15r	15.0	0.0	monopolar		[8884.911448897059, 1344.0510389476128, 8213.772137775735]	[0.0, 0.0, 0.0]
8856.608140890497	2.0	trials	1.0	2.0	75.0	biphasic	17.0	100.0	1.0	10.0	25.0	15r	15.0	0.0	monopolar		[8884.911448897059, 1344.0510389476128, 8213.772137775735]	[0.0, 0.0, 0.0]
8858.607566685003	2.0	trials	1.0	2.0	75.0	biphasic	17.0	100.0	1.0	10.0	25.0	15r	15.0	0.0	monopolar		[8884.911448897059, 1344.0510389476128, 8213.772137775735]	[0.0, 0.0, 0.0]
8860.6075685061	2.0	trials	1.0	2.0	75.0	biphasic	17.0	100.0	1.0	10.0	25.0	15r	15.0	0.0	monopolar		[8884.911448897059, 1344.0510389476128, 8213.772137775735]	[0.0, 0.0, 0.0]
8862.608723160925	2.0	trials	1.0	2.0	75.0	biphasic	17.0	100.0	1.0	10.0	25.0	15r	15.0	0.0	monopolar		[8884.911448897059, 1344.0510389476128, 8213.772137775735]	[0.0, 0.0, 0.0]
8864.607538848231	2.0	trials	1.0	2.0	75.0	biphasic	17.0	100.0	1.0	10.0	25.0	15r	15.0	0.0	monopolar		[8884.911448897059, 1344.0510389476128, 8213.772137775735]	[0.0, 0.0, 0.0]
8866.607540669329	2.0	trials	1.0	2.0	75.0	biphasic	17.0	100.0	1.0	10.0	25.0	15r	15.0	0.0	monopolar		[8884.911448897059, 1344.0510389476128, 8213.772137775735]	[0.0, 0.0, 0.0]
8868.607542490427	2.0	trials	1.0	2.0	75.0	biphasic	17.0	100.0	1.0	10.0	25.0	15r	15.0	0.0	monopolar		[8884.911448897059, 1344.0510389476128, 8213.772137775735]	[0.0, 0.0, 0.0]
8870.608698185875	2.0	trials	1.0	2.0	75.0	biphasic	17.0	100.0	1.0	10.0	25.0	15r	15.0	0.0	monopolar		[8884.911448897059, 1344.0510389476128, 8213.772137775735]	[0.0, 0.0, 0.0]
8872.608700267128	2.0	trials	1.0	2.0	75.0	biphasic	17.0	100.0	1.0	10.0	25.0	15r	15.0	0.0	monopolar		[8884.911448897059, 1344.0510389476128, 8213.772137775735]	[0.0, 0.0, 0.0]
8874.607547953718	2.0	trials	1.0	2.0	75.0	biphasic	17.0	100.0	1.0	10.0	25.0	15r	15.0	0.0	monopolar		[8884.911448897059, 1344.0510389476128, 8213.772137775735]	[0.0, 0.0, 0.0]
8876.608704429638	2.0	trials	1.0	2.0	75.0	biphasic	17.0	100.0	1.0	10.0	25.0	15r	15.0	0.0	monopolar		[8884.911448897059, 1344.0510389476128, 8213.772137775735]	[0.0, 0.0, 0.0]
8878.608706510891	2.0	trials	1.0	2.0	75.0	biphasic	17.0	100.0	1.0	10.0	25.0	15r	15.0	0.0	monopolar		[8884.911448897059, 1344.0510389476128, 8213.772137775735]	[0.0, 0.0, 0.0]
8880.607553417009	2.0	trials	1.0	2.0	75.0	biphasic	17.0	100.0	1.0	10.0	25.0	15r	15.0	0.0	monopolar		[8884.911448897059, 1344.0510389476128, 8213.772137775735]	[0.0, 0.0, 0.0]
8882.607555238106	2.0	trials	1.0	2.0	75.0	biphasic	17.0	100.0	1.0	10.0	25.0	15r	15.0	0.0	monopolar		[8884.911448897059, 1344.0510389476128, 8213.772137775735]	[0.0, 0.0, 0.0]
8884.607557059204	2.0	trials	1.0	2.0	75.0	biphasic	17.0	100.0	1.0	10.0	25.0	15r	15.0	0.0	monopolar		[8884.911448897059, 1344.0510389476128, 8213.772137775735]	[0.0, 0.0, 0.0]
8886.607558880301	2.0	trials	1.0	2.0	75.0	biphasic	17.0	100.0	1.0	10.0	25.0	15r	15.0	0.0	monopolar		[8884.911448897059, 1344.0510389476128, 8213.772137775735]	[0.0, 0.0, 0.0]
8888.608716917162	2.0	trials	1.0	2.0	75.0	biphasic	17.0	100.0	1.0	10.0	25.0	15r	15.0	0.0	monopolar		[8884.911448897059, 1344.0510389476128, 8213.772137775735]	[0.0, 0.0, 0.0]
8890.607562522495	2.0	trials	1.0	2.0	75.0	biphasic	17.0	100.0	1.0	10.0	25.0	15r	15.0	0.0	monopolar		[8884.911448897059, 1344.0510389476128, 8213.772137775735]	[0.0, 0.0, 0.0]
8892.607564343592	2.0	trials	1.0	2.0	75.0	biphasic	17.0	100.0	1.0	10.0	25.0	15r	15.0	0.0	monopolar		[8884.911448897059, 1344.0510389476128, 8213.772137775735]	[0.0, 0.0, 0.0]
8894.608689860857	2.0	trials	1.0	2.0	75.0	biphasic	17.0	100.0	1.0	10.0	25.0	15r	15.0	0.0	monopolar		[8884.911448897059, 1344.0510389476128, 8213.772137775735]	[0.0, 0.0, 0.0]
8896.607534685723	2.0	trials	1.0	2.0	75.0	biphasic	17.0	100.0	1.0	10.0	25.0	15r	15.0	0.0	monopolar		[8884.911448897059, 1344.0510389476128, 8213.772137775735]	[0.0, 0.0, 0.0]
8898.60753650682	2.0	trials	1.0	2.0	75.0	biphasic	17.0	100.0	1.0	10.0	25.0	15r	15.0	0.0	monopolar		[8884.911448897059, 1344.0510389476128, 8213.772137775735]	[0.0, 0.0, 0.0]
8900.607538327919	2.0	trials	1.0	2.0	75.0	biphasic	17.0	100.0	1.0	10.0	25.0	15r	15.0	0.0	monopolar		[8884.911448897059, 1344.0510389476128, 8213.772137775735]	[0.0, 0.0, 0.0]
8902.607540149014	2.0	trials	1.0	2.0	75.0	biphasic	17.0	100.0	1.0	10.0	25.0	15r	15.0	0.0	monopolar		[8884.911448897059, 1344.0510389476128, 8213.772137775735]	[0.0, 0.0, 0.0]
8904.608700267128	2.0	trials	1.0	2.0	75.0	biphasic	17.0	100.0	1.0	10.0	25.0	15r	15.0	0.0	monopolar		[8884.911448897059, 1344.0510389476128, 8213.772137775735]	[0.0, 0.0, 0.0]
8906.608123069758	2.0	trials	1.0	2.0	75.0	biphasic	17.0	100.0	1.0	10.0	25.0	15r	15.0	0.0	monopolar		[8884.911448897059, 1344.0510389476128, 8213.772137775735]	[0.0, 0.0, 0.0]
8908.608125020934	2.0	trials	1.0	2.0	75.0	biphasic	17.0	100.0	1.0	10.0	25.0	15r	15.0	0.0	monopolar		[8884.911448897059, 1344.0510389476128, 8213.772137775735]	[0.0, 0.0, 0.0]
8910.60812697211	2.0	trials	1.0	2.0	75.0	biphasic	17.0	100.0	1.0	10.0	25.0	15r	15.0	0.0	monopolar		[8884.911448897059, 1344.0510389476128, 8213.772137775735]	[0.0, 0.0, 0.0]
8912.608708592146	2.0	trials	1.0	2.0	75.0	biphasic	17.0	100.0	1.0	10.0	25.0	15r	15.0	0.0	monopolar		[8884.911448897059, 1344.0510389476128, 8213.772137775735]	[0.0, 0.0, 0.0]
8914.6087106734	2.0	trials	1.0	2.0	75.0	biphasic	17.0	100.0	1.0	10.0	25.0	15r	15.0	0.0	monopolar		[8884.911448897059, 1344.0510389476128, 8213.772137775735]	[0.0, 0.0, 0.0]
8916.608132825637	2.0	trials	1.0	2.0	75.0	biphasic	17.0	100.0	1.0	10.0	25.0	15r	15.0	0.0	monopolar		[8884.911448897059, 1344.0510389476128, 8213.772137775735]	[0.0, 0.0, 0.0]
8918.608134776814	2.0	trials	1.0	2.0	75.0	biphasic	17.0	100.0	1.0	10.0	25.0	15r	15.0	0.0	monopolar		[8884.911448897059, 1344.0510389476128, 8213.772137775735]	[0.0, 0.0, 0.0]
8920.608716917162	2.0	trials	1.0	2.0	75.0	biphasic	17.0	100.0	1.0	10.0	25.0	15r	15.0	0.0	monopolar		[8884.911448897059, 1344.0510389476128, 8213.772137775735]	[0.0, 0.0, 0.0]
8922.608138679165	2.0	trials	1.0	2.0	75.0	biphasic	17.0	100.0	1.0	10.0	25.0	15r	15.0	0.0	monopolar		[8884.911448897059, 1344.0510389476128, 8213.772137775735]	[0.0, 0.0, 0.0]
8924.60814063034	2.0	trials	1.0	2.0	75.0	biphasic	17.0	100.0	1.0	10.0	25.0	15r	15.0	0.0	monopolar		[8884.911448897059, 1344.0510389476128, 8213.772137775735]	[0.0, 0.0, 0.0]
8926.608109281451	2.0	trials	1.0	2.0	75.0	biphasic	17.0	100.0	1.0	10.0	25.0	15r	15.0	0.0	monopolar		[8884.911448897059, 1344.0510389476128, 8213.772137775735]	[0.0, 0.0, 0.0]
8928.608111232626	2.0	trials	1.0	2.0	75.0	biphasic	17.0	100.0	1.0	10.0	25.0	15r	15.0	0.0	monopolar		[8884.911448897059, 1344.0510389476128, 8213.772137775735]	[0.0, 0.0, 0.0]
8930.608113183802	2.0	trials	1.0	2.0	75.0	biphasic	17.0	100.0	1.0	10.0	25.0	15r	15.0	0.0	monopolar		[8884.911448897059, 1344.0510389476128, 8213.772137775735]	[0.0, 0.0, 0.0]
8932.60869610462	2.0	trials	1.0	2.0	75.0	biphasic	17.0	100.0	1.0	10.0	25.0	15r	15.0	0.0	monopolar		[8884.911448897059, 1344.0510389476128, 8213.772137775735]	[0.0, 0.0, 0.0]
8934.608117086153	2.0	trials	1.0	2.0	75.0	biphasic	17.0	100.0	1.0	10.0	25.0	15r	15.0	0.0	monopolar		[8884.911448897059, 1344.0510389476128, 8213.772137775735]	[0.0, 0.0, 0.0]
8936.60811903733	2.0	trials	1.0	2.0	75.0	biphasic	17.0	100.0	1.0	10.0	25.0	15r	15.0	0.0	monopolar		[8884.911448897059, 1344.0510389476128, 8213.772137775735]	[0.0, 0.0, 0.0]
8938.608120988505	2.0	trials	1.0	2.0	75.0	biphasic	17.0	100.0	1.0	10.0	25.0	15r	15.0	0.0	monopolar		[8884.911448897059, 1344.0510389476128, 8213.772137775735]	[0.0, 0.0, 0.0]
8940.60812293968	2.0	trials	1.0	2.0	75.0	biphasic	17.0	100.0	1.0	10.0	25.0	15r	15.0	0.0	monopolar		[8884.911448897059, 1344.0510389476128, 8213.772137775735]	[0.0, 0.0, 0.0]
8942.607543270897	2.0	trials	1.0	2.0	75.0	biphasic	17.0	100.0	1.0	10.0	25.0	15r	15.0	0.0	monopolar		[8884.911448897059, 1344.0510389476128, 8213.772137775735]	[0.0, 0.0, 0.0]
8944.608126842031	2.0	trials	1.0	2.0	75.0	biphasic	17.0	100.0	1.0	10.0	25.0	15r	15.0	0.0	monopolar		[8884.911448897059, 1344.0510389476128, 8213.772137775735]	[0.0, 0.0, 0.0]
8946.60754691309	2.0	trials	1.0	2.0	75.0	biphasic	17.0	100.0	1.0	10.0	25.0	15r	15.0	0.0	monopolar		[8884.911448897059, 1344.0510389476128, 8213.772137775735]	[0.0, 0.0, 0.0]
8948.608712754654	2.0	trials	1.0	2.0	75.0	biphasic	17.0	100.0	1.0	10.0	25.0	15r	15.0	0.0	monopolar		[8884.911448897059, 1344.0510389476128, 8213.772137775735]	[0.0, 0.0, 0.0]
8950.60813269556	2.0	trials	1.0	2.0	75.0	biphasic	17.0	100.0	1.0	10.0	25.0	15r	15.0	0.0	monopolar		[8884.911448897059, 1344.0510389476128, 8213.772137775735]	[0.0, 0.0, 0.0]
8952.608134646734	2.0	trials	1.0	2.0	75.0	biphasic	17.0	100.0	1.0	10.0	25.0	15r	15.0	0.0	monopolar		[8884.911448897059, 1344.0510389476128, 8213.772137775735]	[0.0, 0.0, 0.0]
8954.60813659791	2.0	trials	1.0	2.0	75.0	biphasic	17.0	100.0	1.0	10.0	25.0	15r	15.0	0.0	monopolar		[8884.911448897059, 1344.0510389476128, 8213.772137775735]	[0.0, 0.0, 0.0]
8995.740078157596	2.0	trials	1.0	2.0	75.0	biphasic	18.0	100.0	1.0	10.0	-100.0	15r	15.0	0.0	monopolar		[8884.911448897059, 1344.0510389476128, 8213.772137775735]	[0.0, 0.0, 0.0]
8997.740080108772	2.0	trials	1.0	2.0	75.0	biphasic	18.0	100.0	1.0	10.0	-100.0	15r	15.0	0.0	monopolar		[8884.911448897059, 1344.0510389476128, 8213.772137775735]	[0.0, 0.0, 0.0]
8999.740082059947	2.0	trials	1.0	2.0	75.0	biphasic	18.0	100.0	1.0	10.0	-100.0	15r	15.0	0.0	monopolar		[8884.911448897059, 1344.0510389476128, 8213.772137775735]	[0.0, 0.0, 0.0]
9001.739498545268	2.0	trials	1.0	2.0	75.0	biphasic	18.0	100.0	1.0	10.0	-100.0	15r	15.0	0.0	monopolar		[8884.911448897059, 1344.0510389476128, 8213.772137775735]	[0.0, 0.0, 0.0]
9003.739500366366	2.0	trials	1.0	2.0	75.0	biphasic	18.0	100.0	1.0	10.0	-100.0	15r	15.0	0.0	monopolar		[8884.911448897059, 1344.0510389476128, 8213.772137775735]	[0.0, 0.0, 0.0]
9005.739502187464	2.0	trials	1.0	2.0	75.0	biphasic	18.0	100.0	1.0	10.0	-100.0	15r	15.0	0.0	monopolar		[8884.911448897059, 1344.0510389476128, 8213.772137775735]	[0.0, 0.0, 0.0]
9007.73950400856	2.0	trials	1.0	2.0	75.0	biphasic	18.0	100.0	1.0	10.0	-100.0	15r	15.0	0.0	monopolar		[8884.911448897059, 1344.0510389476128, 8213.772137775735]	[0.0, 0.0, 0.0]
9009.738919843565	2.0	trials	1.0	2.0	75.0	biphasic	18.0	100.0	1.0	10.0	-100.0	15r	15.0	0.0	monopolar		[8884.911448897059, 1344.0510389476128, 8213.772137775735]	[0.0, 0.0, 0.0]
9011.740093767	2.0	trials	1.0	2.0	75.0	biphasic	18.0	100.0	1.0	10.0	-100.0	15r	15.0	0.0	monopolar		[8884.911448897059, 1344.0510389476128, 8213.772137775735]	[0.0, 0.0, 0.0]
9013.740095718178	2.0	trials	1.0	2.0	75.0	biphasic	18.0	100.0	1.0	10.0	-100.0	15r	15.0	0.0	monopolar		[8884.911448897059, 1344.0510389476128, 8213.772137775735]	[0.0, 0.0, 0.0]
9015.740097669352	2.0	trials	1.0	2.0	75.0	biphasic	18.0	100.0	1.0	10.0	-100.0	15r	15.0	0.0	monopolar		[8884.911448897059, 1344.0510389476128, 8213.772137775735]	[0.0, 0.0, 0.0]
9017.739513114046	2.0	trials	1.0	2.0	75.0	biphasic	18.0	100.0	1.0	10.0	-100.0	15r	15.0	0.0	monopolar		[8884.911448897059, 1344.0510389476128, 8213.772137775735]	[0.0, 0.0, 0.0]
9019.739514935143	2.0	trials	1.0	2.0	75.0	biphasic	18.0	100.0	1.0	10.0	-100.0	15r	15.0	0.0	monopolar		[8884.911448897059, 1344.0510389476128, 8213.772137775735]	[0.0, 0.0, 0.0]
9021.73951675624	2.0	trials	1.0	2.0	75.0	biphasic	18.0	100.0	1.0	10.0	-100.0	15r	15.0	0.0	monopolar		[8884.911448897059, 1344.0510389476128, 8213.772137775735]	[0.0, 0.0, 0.0]
9023.739485277274	2.0	trials	1.0	2.0	75.0	biphasic	18.0	100.0	1.0	10.0	-100.0	15r	15.0	0.0	monopolar		[8884.911448897059, 1344.0510389476128, 8213.772137775735]	[0.0, 0.0, 0.0]
9025.738900071654	2.0	trials	1.0	2.0	75.0	biphasic	18.0	100.0	1.0	10.0	-100.0	15r	15.0	0.0	monopolar		[8884.911448897059, 1344.0510389476128, 8213.772137775735]	[0.0, 0.0, 0.0]
9027.738901762672	2.0	trials	1.0	2.0	75.0	biphasic	18.0	100.0	1.0	10.0	-100.0	15r	15.0	0.0	monopolar		[8884.911448897059, 1344.0510389476128, 8213.772137775735]	[0.0, 0.0, 0.0]
9029.740078027517	2.0	trials	1.0	2.0	75.0	biphasic	18.0	100.0	1.0	10.0	-100.0	15r	15.0	0.0	monopolar		[8884.911448897059, 1344.0510389476128, 8213.772137775735]	[0.0, 0.0, 0.0]
9031.740079978694	2.0	trials	1.0	2.0	75.0	biphasic	18.0	100.0	1.0	10.0	-100.0	15r	15.0	0.0	monopolar		[8884.911448897059, 1344.0510389476128, 8213.772137775735]	[0.0, 0.0, 0.0]
9033.73949438276	2.0	trials	1.0	2.0	75.0	biphasic	18.0	100.0	1.0	10.0	-100.0	15r	15.0	0.0	monopolar		[8884.911448897059, 1344.0510389476128, 8213.772137775735]	[0.0, 0.0, 0.0]
9035.739496203858	2.0	trials	1.0	2.0	75.0	biphasic	18.0	100.0	1.0	10.0	-100.0	15r	15.0	0.0	monopolar		[8884.911448897059, 1344.0510389476128, 8213.772137775735]	[0.0, 0.0, 0.0]
9037.739498024956	2.0	trials	1.0	2.0	75.0	biphasic	18.0	100.0	1.0	10.0	-100.0	15r	15.0	0.0	monopolar		[8884.911448897059, 1344.0510389476128, 8213.772137775735]	[0.0, 0.0, 0.0]
9039.740087783395	2.0	trials	1.0	2.0	75.0	biphasic	18.0	100.0	1.0	10.0	-100.0	15r	15.0	0.0	monopolar		[8884.911448897059, 1344.0510389476128, 8213.772137775735]	[0.0, 0.0, 0.0]
9041.738913599804	2.0	trials	1.0	2.0	75.0	biphasic	18.0	100.0	1.0	10.0	-100.0	15r	15.0	0.0	monopolar		[8884.911448897059, 1344.0510389476128, 8213.772137775735]	[0.0, 0.0, 0.0]
9043.740091685748	2.0	trials	1.0	2.0	75.0	biphasic	18.0	100.0	1.0	10.0	-100.0	15r	15.0	0.0	monopolar		[8884.911448897059, 1344.0510389476128, 8213.772137775735]	[0.0, 0.0, 0.0]
9045.740093636923	2.0	trials	1.0	2.0	75.0	biphasic	18.0	100.0	1.0	10.0	-100.0	15r	15.0	0.0	monopolar		[8884.911448897059, 1344.0510389476128, 8213.772137775735]	[0.0, 0.0, 0.0]
9047.740684045832	2.0	trials	1.0	2.0	75.0	biphasic	18.0	100.0	1.0	10.0	-100.0	15r	15.0	0.0	monopolar		[8884.911448897059, 1344.0510389476128, 8213.772137775735]	[0.0, 0.0, 0.0]
9049.740686127088	2.0	trials	1.0	2.0	75.0	biphasic	18.0	100.0	1.0	10.0	-100.0	15r	15.0	0.0	monopolar		[8884.911448897059, 1344.0510389476128, 8213.772137775735]	[0.0, 0.0, 0.0]
9051.74068820834	2.0	trials	1.0	2.0	75.0	biphasic	18.0	100.0	1.0	10.0	-100.0	15r	15.0	0.0	monopolar		[8884.911448897059, 1344.0510389476128, 8213.772137775735]	[0.0, 0.0, 0.0]
9053.74006814156	2.0	trials	1.0	2.0	75.0	biphasic	18.0	100.0	1.0	10.0	-100.0	15r	15.0	0.0	monopolar		[8884.911448897059, 1344.0510389476128, 8213.772137775735]	[0.0, 0.0, 0.0]
9055.740070092736	2.0	trials	1.0	2.0	75.0	biphasic	18.0	100.0	1.0	10.0	-100.0	15r	15.0	0.0	monopolar		[8884.911448897059, 1344.0510389476128, 8213.772137775735]	[0.0, 0.0, 0.0]
9057.740072043913	2.0	trials	1.0	2.0	75.0	biphasic	18.0	100.0	1.0	10.0	-100.0	15r	15.0	0.0	monopolar		[8884.911448897059, 1344.0510389476128, 8213.772137775735]	[0.0, 0.0, 0.0]
9059.740073995088	2.0	trials	1.0	2.0	75.0	biphasic	18.0	100.0	1.0	10.0	-100.0	15r	15.0	0.0	monopolar		[8884.911448897059, 1344.0510389476128, 8213.772137775735]	[0.0, 0.0, 0.0]
9061.740075946263	2.0	trials	1.0	2.0	75.0	biphasic	18.0	100.0	1.0	10.0	-100.0	15r	15.0	0.0	monopolar		[8884.911448897059, 1344.0510389476128, 8213.772137775735]	[0.0, 0.0, 0.0]
9063.7406673958	2.0	trials	1.0	2.0	75.0	biphasic	18.0	100.0	1.0	10.0	-100.0	15r	15.0	0.0	monopolar		[8884.911448897059, 1344.0510389476128, 8213.772137775735]	[0.0, 0.0, 0.0]
9065.740669477054	2.0	trials	1.0	2.0	75.0	biphasic	18.0	100.0	1.0	10.0	-100.0	15r	15.0	0.0	monopolar		[8884.911448897059, 1344.0510389476128, 8213.772137775735]	[0.0, 0.0, 0.0]
9067.740671558307	2.0	trials	1.0	2.0	75.0	biphasic	18.0	100.0	1.0	10.0	-100.0	15r	15.0	0.0	monopolar		[8884.911448897059, 1344.0510389476128, 8213.772137775735]	[0.0, 0.0, 0.0]
9069.740083750969	2.0	trials	1.0	2.0	75.0	biphasic	18.0	100.0	1.0	10.0	-100.0	15r	15.0	0.0	monopolar		[8884.911448897059, 1344.0510389476128, 8213.772137775735]	[0.0, 0.0, 0.0]
9071.740085702142	2.0	trials	1.0	2.0	75.0	biphasic	18.0	100.0	1.0	10.0	-100.0	15r	15.0	0.0	monopolar		[8884.911448897059, 1344.0510389476128, 8213.772137775735]	[0.0, 0.0, 0.0]
9073.740087653316	2.0	trials	1.0	2.0	75.0	biphasic	18.0	100.0	1.0	10.0	-100.0	15r	15.0	0.0	monopolar		[8884.911448897059, 1344.0510389476128, 8213.772137775735]	[0.0, 0.0, 0.0]
9075.740089604493	2.0	trials	1.0	2.0	75.0	biphasic	18.0	100.0	1.0	10.0	-100.0	15r	15.0	0.0	monopolar		[8884.911448897059, 1344.0510389476128, 8213.772137775735]	[0.0, 0.0, 0.0]
9077.74009155567	2.0	trials	1.0	2.0	75.0	biphasic	18.0	100.0	1.0	10.0	-100.0	15r	15.0	0.0	monopolar		[8884.911448897059, 1344.0510389476128, 8213.772137775735]	[0.0, 0.0, 0.0]
9079.739502967934	2.0	trials	1.0	2.0	75.0	biphasic	18.0	100.0	1.0	10.0	-100.0	15r	15.0	0.0	monopolar		[8884.911448897059, 1344.0510389476128, 8213.772137775735]	[0.0, 0.0, 0.0]
9081.740686127088	2.0	trials	1.0	2.0	75.0	biphasic	18.0	100.0	1.0	10.0	-100.0	15r	15.0	0.0	monopolar		[8884.911448897059, 1344.0510389476128, 8213.772137775735]	[0.0, 0.0, 0.0]
9083.740654908272	2.0	trials	1.0	2.0	75.0	biphasic	18.0	100.0	1.0	10.0	-100.0	15r	15.0	0.0	monopolar		[8884.911448897059, 1344.0510389476128, 8213.772137775735]	[0.0, 0.0, 0.0]
9085.740066060309	2.0	trials	1.0	2.0	75.0	biphasic	18.0	100.0	1.0	10.0	-100.0	15r	15.0	0.0	monopolar		[8884.911448897059, 1344.0510389476128, 8213.772137775735]	[0.0, 0.0, 0.0]
9087.740068011482	2.0	trials	1.0	2.0	75.0	biphasic	18.0	100.0	1.0	10.0	-100.0	15r	15.0	0.0	monopolar		[8884.911448897059, 1344.0510389476128, 8213.772137775735]	[0.0, 0.0, 0.0]
9089.740069962658	2.0	trials	1.0	2.0	75.0	biphasic	18.0	100.0	1.0	10.0	-100.0	15r	15.0	0.0	monopolar		[8884.911448897059, 1344.0510389476128, 8213.772137775735]	[0.0, 0.0, 0.0]
9091.740071913831	2.0	trials	1.0	2.0	75.0	biphasic	18.0	100.0	1.0	10.0	-100.0	15r	15.0	0.0	monopolar		[8884.911448897059, 1344.0510389476128, 8213.772137775735]	[0.0, 0.0, 0.0]
9093.740073865009	2.0	trials	1.0	2.0	75.0	biphasic	18.0	100.0	1.0	10.0	-100.0	15r	15.0	0.0	monopolar		[8884.911448897059, 1344.0510389476128, 8213.772137775735]	[0.0, 0.0, 0.0]
9095.739484236648	2.0	trials	1.0	2.0	75.0	biphasic	18.0	100.0	1.0	10.0	-100.0	15r	15.0	0.0	monopolar		[8884.911448897059, 1344.0510389476128, 8213.772137775735]	[0.0, 0.0, 0.0]
9097.739486057744	2.0	trials	1.0	2.0	75.0	biphasic	18.0	100.0	1.0	10.0	-100.0	15r	15.0	0.0	monopolar		[8884.911448897059, 1344.0510389476128, 8213.772137775735]	[0.0, 0.0, 0.0]
9099.740671558307	2.0	trials	1.0	2.0	75.0	biphasic	18.0	100.0	1.0	10.0	-100.0	15r	15.0	0.0	monopolar		[8884.911448897059, 1344.0510389476128, 8213.772137775735]	[0.0, 0.0, 0.0]
9101.740081669712	2.0	trials	1.0	2.0	75.0	biphasic	18.0	100.0	1.0	10.0	-100.0	15r	15.0	0.0	monopolar		[8884.911448897059, 1344.0510389476128, 8213.772137775735]	[0.0, 0.0, 0.0]
9103.740083620887	2.0	trials	1.0	2.0	75.0	biphasic	18.0	100.0	1.0	10.0	-100.0	15r	15.0	0.0	monopolar		[8884.911448897059, 1344.0510389476128, 8213.772137775735]	[0.0, 0.0, 0.0]
9105.740085572064	2.0	trials	1.0	2.0	75.0	biphasic	18.0	100.0	1.0	10.0	-100.0	15r	15.0	0.0	monopolar		[8884.911448897059, 1344.0510389476128, 8213.772137775735]	[0.0, 0.0, 0.0]
9107.74008752324	2.0	trials	1.0	2.0	75.0	biphasic	18.0	100.0	1.0	10.0	-100.0	15r	15.0	0.0	monopolar		[8884.911448897059, 1344.0510389476128, 8213.772137775735]	[0.0, 0.0, 0.0]
9109.739496984328	2.0	trials	1.0	2.0	75.0	biphasic	18.0	100.0	1.0	10.0	-100.0	15r	15.0	0.0	monopolar		[8884.911448897059, 1344.0510389476128, 8213.772137775735]	[0.0, 0.0, 0.0]
9111.739498805426	2.0	trials	1.0	2.0	75.0	biphasic	18.0	100.0	1.0	10.0	-100.0	15r	15.0	0.0	monopolar		[8884.911448897059, 1344.0510389476128, 8213.772137775735]	[0.0, 0.0, 0.0]
9113.73946732646	2.0	trials	1.0	2.0	75.0	biphasic	18.0	100.0	1.0	10.0	-100.0	15r	15.0	0.0	monopolar		[8884.911448897059, 1344.0510389476128, 8213.772137775735]	[0.0, 0.0, 0.0]
9115.739469147557	2.0	trials	1.0	2.0	75.0	biphasic	18.0	100.0	1.0	10.0	-100.0	15r	15.0	0.0	monopolar		[8884.911448897059, 1344.0510389476128, 8213.772137775735]	[0.0, 0.0, 0.0]
9117.740063979052	2.0	trials	1.0	2.0	75.0	biphasic	18.0	100.0	1.0	10.0	-100.0	15r	15.0	0.0	monopolar		[8884.911448897059, 1344.0510389476128, 8213.772137775735]	[0.0, 0.0, 0.0]
9119.740065930228	2.0	trials	1.0	2.0	75.0	biphasic	18.0	100.0	1.0	10.0	-100.0	15r	15.0	0.0	monopolar		[8884.911448897059, 1344.0510389476128, 8213.772137775735]	[0.0, 0.0, 0.0]
9121.740067881405	2.0	trials	1.0	2.0	75.0	biphasic	18.0	100.0	1.0	10.0	-100.0	15r	15.0	0.0	monopolar		[8884.911448897059, 1344.0510389476128, 8213.772137775735]	[0.0, 0.0, 0.0]
9123.74006983258	2.0	trials	1.0	2.0	75.0	biphasic	18.0	100.0	1.0	10.0	-100.0	15r	15.0	0.0	monopolar		[8884.911448897059, 1344.0510389476128, 8213.772137775735]	[0.0, 0.0, 0.0]
9125.739478253045	2.0	trials	1.0	2.0	75.0	biphasic	18.0	100.0	1.0	10.0	-100.0	15r	15.0	0.0	monopolar		[8884.911448897059, 1344.0510389476128, 8213.772137775735]	[0.0, 0.0, 0.0]
9127.73948007414	2.0	trials	1.0	2.0	75.0	biphasic	18.0	100.0	1.0	10.0	-100.0	15r	15.0	0.0	monopolar		[8884.911448897059, 1344.0510389476128, 8213.772137775735]	[0.0, 0.0, 0.0]
9129.739481895236	2.0	trials	1.0	2.0	75.0	biphasic	18.0	100.0	1.0	10.0	-100.0	15r	15.0	0.0	monopolar		[8884.911448897059, 1344.0510389476128, 8213.772137775735]	[0.0, 0.0, 0.0]
9131.739483716334	2.0	trials	1.0	2.0	75.0	biphasic	18.0	100.0	1.0	10.0	-100.0	15r	15.0	0.0	monopolar		[8884.911448897059, 1344.0510389476128, 8213.772137775735]	[0.0, 0.0, 0.0]
9133.739485537431	2.0	trials	1.0	2.0	75.0	biphasic	18.0	100.0	1.0	10.0	-100.0	15r	15.0	0.0	monopolar		[8884.911448897059, 1344.0510389476128, 8213.772137775735]	[0.0, 0.0, 0.0]
9135.740081539634	2.0	trials	1.0	2.0	75.0	biphasic	18.0	100.0	1.0	10.0	-100.0	15r	15.0	0.0	monopolar		[8884.911448897059, 1344.0510389476128, 8213.772137775735]	[0.0, 0.0, 0.0]
9137.74008349081	2.0	trials	1.0	2.0	75.0	biphasic	18.0	100.0	1.0	10.0	-100.0	15r	15.0	0.0	monopolar		[8884.911448897059, 1344.0510389476128, 8213.772137775735]	[0.0, 0.0, 0.0]
9139.740085441985	2.0	trials	1.0	2.0	75.0	biphasic	18.0	100.0	1.0	10.0	-100.0	15r	15.0	0.0	monopolar		[8884.911448897059, 1344.0510389476128, 8213.772137775735]	[0.0, 0.0, 0.0]
9141.73949282182	2.0	trials	1.0	2.0	75.0	biphasic	18.0	100.0	1.0	10.0	-100.0	15r	15.0	0.0	monopolar		[8884.911448897059, 1344.0510389476128, 8213.772137775735]	[0.0, 0.0, 0.0]
9143.739494642918	2.0	trials	1.0	2.0	75.0	biphasic	18.0	100.0	1.0	10.0	-100.0	15r	15.0	0.0	monopolar		[8884.911448897059, 1344.0510389476128, 8213.772137775735]	[0.0, 0.0, 0.0]
9181.142456835929	2.0	trials	1.0	2.0	75.0	biphasic	19.0	100.0	1.0	10.0	-50.0	15r	15.0	0.0	monopolar		[8884.911448897059, 1344.0510389476128, 8213.772137775735]	[0.0, 0.0, 0.0]
9183.143056051298	2.0	trials	1.0	2.0	75.0	biphasic	19.0	100.0	1.0	10.0	-50.0	15r	15.0	0.0	monopolar		[8884.911448897059, 1344.0510389476128, 8213.772137775735]	[0.0, 0.0, 0.0]
9185.143058132551	2.0	trials	1.0	2.0	75.0	biphasic	19.0	100.0	1.0	10.0	-50.0	15r	15.0	0.0	monopolar		[8884.911448897059, 1344.0510389476128, 8213.772137775735]	[0.0, 0.0, 0.0]
9187.143060213808	2.0	trials	1.0	2.0	75.0	biphasic	19.0	100.0	1.0	10.0	-50.0	15r	15.0	0.0	monopolar		[8884.911448897059, 1344.0510389476128, 8213.772137775735]	[0.0, 0.0, 0.0]
9189.14306229506	2.0	trials	1.0	2.0	75.0	biphasic	19.0	100.0	1.0	10.0	-50.0	15r	15.0	0.0	monopolar		[8884.911448897059, 1344.0510389476128, 8213.772137775735]	[0.0, 0.0, 0.0]
9191.142466591806	2.0	trials	1.0	2.0	75.0	biphasic	19.0	100.0	1.0	10.0	-50.0	15r	15.0	0.0	monopolar		[8884.911448897059, 1344.0510389476128, 8213.772137775735]	[0.0, 0.0, 0.0]
9193.142468542985	2.0	trials	1.0	2.0	75.0	biphasic	19.0	100.0	1.0	10.0	-50.0	15r	15.0	0.0	monopolar		[8884.911448897059, 1344.0510389476128, 8213.772137775735]	[0.0, 0.0, 0.0]
9195.142470494158	2.0	trials	1.0	2.0	75.0	biphasic	19.0	100.0	1.0	10.0	-50.0	15r	15.0	0.0	monopolar		[8884.911448897059, 1344.0510389476128, 8213.772137775735]	[0.0, 0.0, 0.0]
9197.142472445334	2.0	trials	1.0	2.0	75.0	biphasic	19.0	100.0	1.0	10.0	-50.0	15r	15.0	0.0	monopolar		[8884.911448897059, 1344.0510389476128, 8213.772137775735]	[0.0, 0.0, 0.0]
9199.141876091764	2.0	trials	1.0	2.0	75.0	biphasic	19.0	100.0	1.0	10.0	-50.0	15r	15.0	0.0	monopolar		[8884.911448897059, 1344.0510389476128, 8213.772137775735]	[0.0, 0.0, 0.0]
9201.143074782589	2.0	trials	1.0	2.0	75.0	biphasic	19.0	100.0	1.0	10.0	-50.0	15r	15.0	0.0	monopolar		[8884.911448897059, 1344.0510389476128, 8213.772137775735]	[0.0, 0.0, 0.0]
9203.143043563774	2.0	trials	1.0	2.0	75.0	biphasic	19.0	100.0	1.0	10.0	-50.0	15r	15.0	0.0	monopolar		[8884.911448897059, 1344.0510389476128, 8213.772137775735]	[0.0, 0.0, 0.0]
9205.143045645029	2.0	trials	1.0	2.0	75.0	biphasic	19.0	100.0	1.0	10.0	-50.0	15r	15.0	0.0	monopolar		[8884.911448897059, 1344.0510389476128, 8213.772137775735]	[0.0, 0.0, 0.0]
9207.142448901146	2.0	trials	1.0	2.0	75.0	biphasic	19.0	100.0	1.0	10.0	-50.0	15r	15.0	0.0	monopolar		[8884.911448897059, 1344.0510389476128, 8213.772137775735]	[0.0, 0.0, 0.0]
9209.142450852323	2.0	trials	1.0	2.0	75.0	biphasic	19.0	100.0	1.0	10.0	-50.0	15r	15.0	0.0	monopolar		[8884.911448897059, 1344.0510389476128, 8213.772137775735]	[0.0, 0.0, 0.0]
9211.1424528035	2.0	trials	1.0	2.0	75.0	biphasic	19.0	100.0	1.0	10.0	-50.0	15r	15.0	0.0	monopolar		[8884.911448897059, 1344.0510389476128, 8213.772137775735]	[0.0, 0.0, 0.0]
9213.142454754674	2.0	trials	1.0	2.0	75.0	biphasic	19.0	100.0	1.0	10.0	-50.0	15r	15.0	0.0	monopolar		[8884.911448897059, 1344.0510389476128, 8213.772137775735]	[0.0, 0.0, 0.0]
9215.14185736048	2.0	trials	1.0	2.0	75.0	biphasic	19.0	100.0	1.0	10.0	-50.0	15r	15.0	0.0	monopolar		[8884.911448897059, 1344.0510389476128, 8213.772137775735]	[0.0, 0.0, 0.0]
9217.141859181576	2.0	trials	1.0	2.0	75.0	biphasic	19.0	100.0	1.0	10.0	-50.0	15r	15.0	0.0	monopolar		[8884.911448897059, 1344.0510389476128, 8213.772137775735]	[0.0, 0.0, 0.0]
9219.143060213808	2.0	trials	1.0	2.0	75.0	biphasic	19.0	100.0	1.0	10.0	-50.0	15r	15.0	0.0	monopolar		[8884.911448897059, 1344.0510389476128, 8213.772137775735]	[0.0, 0.0, 0.0]
9221.14306229506	2.0	trials	1.0	2.0	75.0	biphasic	19.0	100.0	1.0	10.0	-50.0	15r	15.0	0.0	monopolar		[8884.911448897059, 1344.0510389476128, 8213.772137775735]	[0.0, 0.0, 0.0]
9223.142464510553	2.0	trials	1.0	2.0	75.0	biphasic	19.0	100.0	1.0	10.0	-50.0	15r	15.0	0.0	monopolar		[8884.911448897059, 1344.0510389476128, 8213.772137775735]	[0.0, 0.0, 0.0]
9225.142466461728	2.0	trials	1.0	2.0	75.0	biphasic	19.0	100.0	1.0	10.0	-50.0	15r	15.0	0.0	monopolar		[8884.911448897059, 1344.0510389476128, 8213.772137775735]	[0.0, 0.0, 0.0]
9227.142468412903	2.0	trials	1.0	2.0	75.0	biphasic	19.0	100.0	1.0	10.0	-50.0	15r	15.0	0.0	monopolar		[8884.911448897059, 1344.0510389476128, 8213.772137775735]	[0.0, 0.0, 0.0]
9229.14247036408	2.0	trials	1.0	2.0	75.0	biphasic	19.0	100.0	1.0	10.0	-50.0	15r	15.0	0.0	monopolar		[8884.911448897059, 1344.0510389476128, 8213.772137775735]	[0.0, 0.0, 0.0]
9231.141871929256	2.0	trials	1.0	2.0	75.0	biphasic	19.0	100.0	1.0	10.0	-50.0	15r	15.0	0.0	monopolar		[8884.911448897059, 1344.0510389476128, 8213.772137775735]	[0.0, 0.0, 0.0]
9233.14184045029	2.0	trials	1.0	2.0	75.0	biphasic	19.0	100.0	1.0	10.0	-50.0	15r	15.0	0.0	monopolar		[8884.911448897059, 1344.0510389476128, 8213.772137775735]	[0.0, 0.0, 0.0]
9235.141842271389	2.0	trials	1.0	2.0	75.0	biphasic	19.0	100.0	1.0	10.0	-50.0	15r	15.0	0.0	monopolar		[8884.911448897059, 1344.0510389476128, 8213.772137775735]	[0.0, 0.0, 0.0]
9237.143045645029	2.0	trials	1.0	2.0	75.0	biphasic	19.0	100.0	1.0	10.0	-50.0	15r	15.0	0.0	monopolar		[8884.911448897059, 1344.0510389476128, 8213.772137775735]	[0.0, 0.0, 0.0]
9239.142446819891	2.0	trials	1.0	2.0	75.0	biphasic	19.0	100.0	1.0	10.0	-50.0	15r	15.0	0.0	monopolar		[8884.911448897059, 1344.0510389476128, 8213.772137775735]	[0.0, 0.0, 0.0]
9241.142448771068	2.0	trials	1.0	2.0	75.0	biphasic	19.0	100.0	1.0	10.0	-50.0	15r	15.0	0.0	monopolar		[8884.911448897059, 1344.0510389476128, 8213.772137775735]	[0.0, 0.0, 0.0]
9243.142450722244	2.0	trials	1.0	2.0	75.0	biphasic	19.0	100.0	1.0	10.0	-50.0	15r	15.0	0.0	monopolar		[8884.911448897059, 1344.0510389476128, 8213.772137775735]	[0.0, 0.0, 0.0]
9245.14245267342	2.0	trials	1.0	2.0	75.0	biphasic	19.0	100.0	1.0	10.0	-50.0	15r	15.0	0.0	monopolar		[8884.911448897059, 1344.0510389476128, 8213.772137775735]	[0.0, 0.0, 0.0]
9247.14185319797	2.0	trials	1.0	2.0	75.0	biphasic	19.0	100.0	1.0	10.0	-50.0	15r	15.0	0.0	monopolar		[8884.911448897059, 1344.0510389476128, 8213.772137775735]	[0.0, 0.0, 0.0]
9249.141855019068	2.0	trials	1.0	2.0	75.0	biphasic	19.0	100.0	1.0	10.0	-50.0	15r	15.0	0.0	monopolar		[8884.911448897059, 1344.0510389476128, 8213.772137775735]	[0.0, 0.0, 0.0]
9251.141856840164	2.0	trials	1.0	2.0	75.0	biphasic	19.0	100.0	1.0	10.0	-50.0	15r	15.0	0.0	monopolar		[8884.911448897059, 1344.0510389476128, 8213.772137775735]	[0.0, 0.0, 0.0]
9253.141858661262	2.0	trials	1.0	2.0	75.0	biphasic	19.0	100.0	1.0	10.0	-50.0	15r	15.0	0.0	monopolar		[8884.911448897059, 1344.0510389476128, 8213.772137775735]	[0.0, 0.0, 0.0]
9255.142462429298	2.0	trials	1.0	2.0	75.0	biphasic	19.0	100.0	1.0	10.0	-50.0	15r	15.0	0.0	monopolar		[8884.911448897059, 1344.0510389476128, 8213.772137775735]	[0.0, 0.0, 0.0]
9257.142464380477	2.0	trials	1.0	2.0	75.0	biphasic	19.0	100.0	1.0	10.0	-50.0	15r	15.0	0.0	monopolar		[8884.911448897059, 1344.0510389476128, 8213.772137775735]	[0.0, 0.0, 0.0]
9259.14246633165	2.0	trials	1.0	2.0	75.0	biphasic	19.0	100.0	1.0	10.0	-50.0	15r	15.0	0.0	monopolar		[8884.911448897059, 1344.0510389476128, 8213.772137775735]	[0.0, 0.0, 0.0]
9261.142468282826	2.0	trials	1.0	2.0	75.0	biphasic	19.0	100.0	1.0	10.0	-50.0	15r	15.0	0.0	monopolar		[8884.911448897059, 1344.0510389476128, 8213.772137775735]	[0.0, 0.0, 0.0]
9263.141834466684	2.0	trials	1.0	2.0	75.0	biphasic	19.0	100.0	1.0	10.0	-50.0	15r	15.0	0.0	monopolar		[8884.911448897059, 1344.0510389476128, 8213.772137775735]	[0.0, 0.0, 0.0]
9265.14183628778	2.0	trials	1.0	2.0	75.0	biphasic	19.0	100.0	1.0	10.0	-50.0	15r	15.0	0.0	monopolar		[8884.911448897059, 1344.0510389476128, 8213.772137775735]	[0.0, 0.0, 0.0]
9267.14183810888	2.0	trials	1.0	2.0	75.0	biphasic	19.0	100.0	1.0	10.0	-50.0	15r	15.0	0.0	monopolar		[8884.911448897059, 1344.0510389476128, 8213.772137775735]	[0.0, 0.0, 0.0]
9269.141839929976	2.0	trials	1.0	2.0	75.0	biphasic	19.0	100.0	1.0	10.0	-50.0	15r	15.0	0.0	monopolar		[8884.911448897059, 1344.0510389476128, 8213.772137775735]	[0.0, 0.0, 0.0]
9271.141238763586	2.0	trials	1.0	2.0	75.0	biphasic	19.0	100.0	1.0	10.0	-50.0	15r	15.0	0.0	monopolar		[8884.911448897059, 1344.0510389476128, 8213.772137775735]	[0.0, 0.0, 0.0]
9273.142446689812	2.0	trials	1.0	2.0	75.0	biphasic	19.0	100.0	1.0	10.0	-50.0	15r	15.0	0.0	monopolar		[8884.911448897059, 1344.0510389476128, 8213.772137775735]	[0.0, 0.0, 0.0]
9275.14244864099	2.0	trials	1.0	2.0	75.0	biphasic	19.0	100.0	1.0	10.0	-50.0	15r	15.0	0.0	monopolar		[8884.911448897059, 1344.0510389476128, 8213.772137775735]	[0.0, 0.0, 0.0]
9277.142450592166	2.0	trials	1.0	2.0	75.0	biphasic	19.0	100.0	1.0	10.0	-50.0	15r	15.0	0.0	monopolar		[8884.911448897059, 1344.0510389476128, 8213.772137775735]	[0.0, 0.0, 0.0]
9279.141849035464	2.0	trials	1.0	2.0	75.0	biphasic	19.0	100.0	1.0	10.0	-50.0	15r	15.0	0.0	monopolar		[8884.911448897059, 1344.0510389476128, 8213.772137775735]	[0.0, 0.0, 0.0]
9281.14185085656	2.0	trials	1.0	2.0	75.0	biphasic	19.0	100.0	1.0	10.0	-50.0	15r	15.0	0.0	monopolar		[8884.911448897059, 1344.0510389476128, 8213.772137775735]	[0.0, 0.0, 0.0]
9283.141852677656	2.0	trials	1.0	2.0	75.0	biphasic	19.0	100.0	1.0	10.0	-50.0	15r	15.0	0.0	monopolar		[8884.911448897059, 1344.0510389476128, 8213.772137775735]	[0.0, 0.0, 0.0]
9285.141854498754	2.0	trials	1.0	2.0	75.0	biphasic	19.0	100.0	1.0	10.0	-50.0	15r	15.0	0.0	monopolar		[8884.911448897059, 1344.0510389476128, 8213.772137775735]	[0.0, 0.0, 0.0]
9287.141252291736	2.0	trials	1.0	2.0	75.0	biphasic	19.0	100.0	1.0	10.0	-50.0	15r	15.0	0.0	monopolar		[8884.911448897059, 1344.0510389476128, 8213.772137775735]	[0.0, 0.0, 0.0]
9289.14246229922	2.0	trials	1.0	2.0	75.0	biphasic	19.0	100.0	1.0	10.0	-50.0	15r	15.0	0.0	monopolar		[8884.911448897059, 1344.0510389476128, 8213.772137775735]	[0.0, 0.0, 0.0]
9291.142464250395	2.0	trials	1.0	2.0	75.0	biphasic	19.0	100.0	1.0	10.0	-50.0	15r	15.0	0.0	monopolar		[8884.911448897059, 1344.0510389476128, 8213.772137775735]	[0.0, 0.0, 0.0]
9293.14246620157	2.0	trials	1.0	2.0	75.0	biphasic	19.0	100.0	1.0	10.0	-50.0	15r	15.0	0.0	monopolar		[8884.911448897059, 1344.0510389476128, 8213.772137775735]	[0.0, 0.0, 0.0]
9295.141830304176	2.0	trials	1.0	2.0	75.0	biphasic	19.0	100.0	1.0	10.0	-50.0	15r	15.0	0.0	monopolar		[8884.911448897059, 1344.0510389476128, 8213.772137775735]	[0.0, 0.0, 0.0]
9297.141832125271	2.0	trials	1.0	2.0	75.0	biphasic	19.0	100.0	1.0	10.0	-50.0	15r	15.0	0.0	monopolar		[8884.911448897059, 1344.0510389476128, 8213.772137775735]	[0.0, 0.0, 0.0]
9299.14183394637	2.0	trials	1.0	2.0	75.0	biphasic	19.0	100.0	1.0	10.0	-50.0	15r	15.0	0.0	monopolar		[8884.911448897059, 1344.0510389476128, 8213.772137775735]	[0.0, 0.0, 0.0]
9301.142440706208	2.0	trials	1.0	2.0	75.0	biphasic	19.0	100.0	1.0	10.0	-50.0	15r	15.0	0.0	monopolar		[8884.911448897059, 1344.0510389476128, 8213.772137775735]	[0.0, 0.0, 0.0]
9303.141232519823	2.0	trials	1.0	2.0	75.0	biphasic	19.0	100.0	1.0	10.0	-50.0	15r	15.0	0.0	monopolar		[8884.911448897059, 1344.0510389476128, 8213.772137775735]	[0.0, 0.0, 0.0]
9305.14244460856	2.0	trials	1.0	2.0	75.0	biphasic	19.0	100.0	1.0	10.0	-50.0	15r	15.0	0.0	monopolar		[8884.911448897059, 1344.0510389476128, 8213.772137775735]	[0.0, 0.0, 0.0]
9307.14305188879	2.0	trials	1.0	2.0	75.0	biphasic	19.0	100.0	1.0	10.0	-50.0	15r	15.0	0.0	monopolar		[8884.911448897059, 1344.0510389476128, 8213.772137775735]	[0.0, 0.0, 0.0]
9309.143053970043	2.0	trials	1.0	2.0	75.0	biphasic	19.0	100.0	1.0	10.0	-50.0	15r	15.0	0.0	monopolar		[8884.911448897059, 1344.0510389476128, 8213.772137775735]	[0.0, 0.0, 0.0]
9311.143056051298	2.0	trials	1.0	2.0	75.0	biphasic	19.0	100.0	1.0	10.0	-50.0	15r	15.0	0.0	monopolar		[8884.911448897059, 1344.0510389476128, 8213.772137775735]	[0.0, 0.0, 0.0]
9313.143058132551	2.0	trials	1.0	2.0	75.0	biphasic	19.0	100.0	1.0	10.0	-50.0	15r	15.0	0.0	monopolar		[8884.911448897059, 1344.0510389476128, 8213.772137775735]	[0.0, 0.0, 0.0]
9315.14245436444	2.0	trials	1.0	2.0	75.0	biphasic	19.0	100.0	1.0	10.0	-50.0	15r	15.0	0.0	monopolar		[8884.911448897059, 1344.0510389476128, 8213.772137775735]	[0.0, 0.0, 0.0]
9317.142456315614	2.0	trials	1.0	2.0	75.0	biphasic	19.0	100.0	1.0	10.0	-50.0	15r	15.0	0.0	monopolar		[8884.911448897059, 1344.0510389476128, 8213.772137775735]	[0.0, 0.0, 0.0]
9319.14245826679	2.0	trials	1.0	2.0	75.0	biphasic	19.0	100.0	1.0	10.0	-50.0	15r	15.0	0.0	monopolar		[8884.911448897059, 1344.0510389476128, 8213.772137775735]	[0.0, 0.0, 0.0]
9321.142460217963	2.0	trials	1.0	2.0	75.0	biphasic	19.0	100.0	1.0	10.0	-50.0	15r	15.0	0.0	monopolar		[8884.911448897059, 1344.0510389476128, 8213.772137775735]	[0.0, 0.0, 0.0]
9323.142462169142	2.0	trials	1.0	2.0	75.0	biphasic	19.0	100.0	1.0	10.0	-50.0	15r	15.0	0.0	monopolar		[8884.911448897059, 1344.0510389476128, 8213.772137775735]	[0.0, 0.0, 0.0]
9325.143037320013	2.0	trials	1.0	2.0	75.0	biphasic	19.0	100.0	1.0	10.0	-50.0	15r	15.0	0.0	monopolar		[8884.911448897059, 1344.0510389476128, 8213.772137775735]	[0.0, 0.0, 0.0]
9327.143039401264	2.0	trials	1.0	2.0	75.0	biphasic	19.0	100.0	1.0	10.0	-50.0	15r	15.0	0.0	monopolar		[8884.911448897059, 1344.0510389476128, 8213.772137775735]	[0.0, 0.0, 0.0]
9329.14304148252	2.0	trials	1.0	2.0	75.0	biphasic	19.0	100.0	1.0	10.0	-50.0	15r	15.0	0.0	monopolar		[8884.911448897059, 1344.0510389476128, 8213.772137775735]	[0.0, 0.0, 0.0]
9341.15013060519	2.0	trials	1.0	2.0	75.0	biphasic	20.0	100.0	1.0	10.0	50.0	15r	15.0	0.0	monopolar		[8884.911448897059, 1344.0510389476128, 8213.772137775735]	[0.0, 0.0, 0.0]
9343.151347768218	2.0	trials	1.0	2.0	75.0	biphasic	20.0	100.0	1.0	10.0	50.0	15r	15.0	0.0	monopolar		[8884.911448897059, 1344.0510389476128, 8213.772137775735]	[0.0, 0.0, 0.0]
9345.151349849471	2.0	trials	1.0	2.0	75.0	biphasic	20.0	100.0	1.0	10.0	50.0	15r	15.0	0.0	monopolar		[8884.911448897059, 1344.0510389476128, 8213.772137775735]	[0.0, 0.0, 0.0]
9347.1507106995	2.0	trials	1.0	2.0	75.0	biphasic	20.0	100.0	1.0	10.0	50.0	15r	15.0	0.0	monopolar		[8884.911448897059, 1344.0510389476128, 8213.772137775735]	[0.0, 0.0, 0.0]
9349.150712650677	2.0	trials	1.0	2.0	75.0	biphasic	20.0	100.0	1.0	10.0	50.0	15r	15.0	0.0	monopolar		[8884.911448897059, 1344.0510389476128, 8213.772137775735]	[0.0, 0.0, 0.0]
9351.150714601852	2.0	trials	1.0	2.0	75.0	biphasic	20.0	100.0	1.0	10.0	50.0	15r	15.0	0.0	monopolar		[8884.911448897059, 1344.0510389476128, 8213.772137775735]	[0.0, 0.0, 0.0]
9353.150716553027	2.0	trials	1.0	2.0	75.0	biphasic	20.0	100.0	1.0	10.0	50.0	15r	15.0	0.0	monopolar		[8884.911448897059, 1344.0510389476128, 8213.772137775735]	[0.0, 0.0, 0.0]
9355.150718504205	2.0	trials	1.0	2.0	75.0	biphasic	20.0	100.0	1.0	10.0	50.0	15r	15.0	0.0	monopolar		[8884.911448897059, 1344.0510389476128, 8213.772137775735]	[0.0, 0.0, 0.0]
9357.150111873903	2.0	trials	1.0	2.0	75.0	biphasic	20.0	100.0	1.0	10.0	50.0	15r	15.0	0.0	monopolar		[8884.911448897059, 1344.0510389476128, 8213.772137775735]	[0.0, 0.0, 0.0]
9359.150113695005	2.0	trials	1.0	2.0	75.0	biphasic	20.0	100.0	1.0	10.0	50.0	15r	15.0	0.0	monopolar		[8884.911448897059, 1344.0510389476128, 8213.772137775735]	[0.0, 0.0, 0.0]
9361.15133319944	2.0	trials	1.0	2.0	75.0	biphasic	20.0	100.0	1.0	10.0	50.0	15r	15.0	0.0	monopolar		[8884.911448897059, 1344.0510389476128, 8213.772137775735]	[0.0, 0.0, 0.0]
9363.150726308906	2.0	trials	1.0	2.0	75.0	biphasic	20.0	100.0	1.0	10.0	50.0	15r	15.0	0.0	monopolar		[8884.911448897059, 1344.0510389476128, 8213.772137775735]	[0.0, 0.0, 0.0]
9365.15072826008	2.0	trials	1.0	2.0	75.0	biphasic	20.0	100.0	1.0	10.0	50.0	15r	15.0	0.0	monopolar		[8884.911448897059, 1344.0510389476128, 8213.772137775735]	[0.0, 0.0, 0.0]
9367.150730211257	2.0	trials	1.0	2.0	75.0	biphasic	20.0	100.0	1.0	10.0	50.0	15r	15.0	0.0	monopolar		[8884.911448897059, 1344.0510389476128, 8213.772137775735]	[0.0, 0.0, 0.0]
9369.150732162432	2.0	trials	1.0	2.0	75.0	biphasic	20.0	100.0	1.0	10.0	50.0	15r	15.0	0.0	monopolar		[8884.911448897059, 1344.0510389476128, 8213.772137775735]	[0.0, 0.0, 0.0]
9371.15073411361	2.0	trials	1.0	2.0	75.0	biphasic	20.0	100.0	1.0	10.0	50.0	15r	15.0	0.0	monopolar		[8884.911448897059, 1344.0510389476128, 8213.772137775735]	[0.0, 0.0, 0.0]
9373.150126442682	2.0	trials	1.0	2.0	75.0	biphasic	20.0	100.0	1.0	10.0	50.0	15r	15.0	0.0	monopolar		[8884.911448897059, 1344.0510389476128, 8213.772137775735]	[0.0, 0.0, 0.0]
9375.15012826378	2.0	trials	1.0	2.0	75.0	biphasic	20.0	100.0	1.0	10.0	50.0	15r	15.0	0.0	monopolar		[8884.911448897059, 1344.0510389476128, 8213.772137775735]	[0.0, 0.0, 0.0]
9377.151316549403	2.0	trials	1.0	2.0	75.0	biphasic	20.0	100.0	1.0	10.0	50.0	15r	15.0	0.0	monopolar		[8884.911448897059, 1344.0510389476128, 8213.772137775735]	[0.0, 0.0, 0.0]
9379.150708618246	2.0	trials	1.0	2.0	75.0	biphasic	20.0	100.0	1.0	10.0	50.0	15r	15.0	0.0	monopolar		[8884.911448897059, 1344.0510389476128, 8213.772137775735]	[0.0, 0.0, 0.0]
9381.150710569422	2.0	trials	1.0	2.0	75.0	biphasic	20.0	100.0	1.0	10.0	50.0	15r	15.0	0.0	monopolar		[8884.911448897059, 1344.0510389476128, 8213.772137775735]	[0.0, 0.0, 0.0]
9383.150712520595	2.0	trials	1.0	2.0	75.0	biphasic	20.0	100.0	1.0	10.0	50.0	15r	15.0	0.0	monopolar		[8884.911448897059, 1344.0510389476128, 8213.772137775735]	[0.0, 0.0, 0.0]
9385.150714471773	2.0	trials	1.0	2.0	75.0	biphasic	20.0	100.0	1.0	10.0	50.0	15r	15.0	0.0	monopolar		[8884.911448897059, 1344.0510389476128, 8213.772137775735]	[0.0, 0.0, 0.0]
9387.1501058903	2.0	trials	1.0	2.0	75.0	biphasic	20.0	100.0	1.0	10.0	50.0	15r	15.0	0.0	monopolar		[8884.911448897059, 1344.0510389476128, 8213.772137775735]	[0.0, 0.0, 0.0]
9389.150107711395	2.0	trials	1.0	2.0	75.0	biphasic	20.0	100.0	1.0	10.0	50.0	15r	15.0	0.0	monopolar		[8884.911448897059, 1344.0510389476128, 8213.772137775735]	[0.0, 0.0, 0.0]
9391.150109532497	2.0	trials	1.0	2.0	75.0	biphasic	20.0	100.0	1.0	10.0	50.0	15r	15.0	0.0	monopolar		[8884.911448897059, 1344.0510389476128, 8213.772137775735]	[0.0, 0.0, 0.0]
9393.150111353592	2.0	trials	1.0	2.0	75.0	biphasic	20.0	100.0	1.0	10.0	50.0	15r	15.0	0.0	monopolar		[8884.911448897059, 1344.0510389476128, 8213.772137775735]	[0.0, 0.0, 0.0]
9395.150724227651	2.0	trials	1.0	2.0	75.0	biphasic	20.0	100.0	1.0	10.0	50.0	15r	15.0	0.0	monopolar		[8884.911448897059, 1344.0510389476128, 8213.772137775735]	[0.0, 0.0, 0.0]
9397.150726178828	2.0	trials	1.0	2.0	75.0	biphasic	20.0	100.0	1.0	10.0	50.0	15r	15.0	0.0	monopolar		[8884.911448897059, 1344.0510389476128, 8213.772137775735]	[0.0, 0.0, 0.0]
9399.150728130004	2.0	trials	1.0	2.0	75.0	biphasic	20.0	100.0	1.0	10.0	50.0	15r	15.0	0.0	monopolar		[8884.911448897059, 1344.0510389476128, 8213.772137775735]	[0.0, 0.0, 0.0]
9401.15073008118	2.0	trials	1.0	2.0	75.0	biphasic	20.0	100.0	1.0	10.0	50.0	15r	15.0	0.0	monopolar		[8884.911448897059, 1344.0510389476128, 8213.772137775735]	[0.0, 0.0, 0.0]
9403.15012045908	2.0	trials	1.0	2.0	75.0	biphasic	20.0	100.0	1.0	10.0	50.0	15r	15.0	0.0	monopolar		[8884.911448897059, 1344.0510389476128, 8213.772137775735]	[0.0, 0.0, 0.0]
9405.150122280174	2.0	trials	1.0	2.0	75.0	biphasic	20.0	100.0	1.0	10.0	50.0	15r	15.0	0.0	monopolar		[8884.911448897059, 1344.0510389476128, 8213.772137775735]	[0.0, 0.0, 0.0]
9407.15009080121	2.0	trials	1.0	2.0	75.0	biphasic	20.0	100.0	1.0	10.0	50.0	15r	15.0	0.0	monopolar		[8884.911448897059, 1344.0510389476128, 8213.772137775735]	[0.0, 0.0, 0.0]
9409.150092622303	2.0	trials	1.0	2.0	75.0	biphasic	20.0	100.0	1.0	10.0	50.0	15r	15.0	0.0	monopolar		[8884.911448897059, 1344.0510389476128, 8213.772137775735]	[0.0, 0.0, 0.0]
9411.150094443405	2.0	trials	1.0	2.0	75.0	biphasic	20.0	100.0	1.0	10.0	50.0	15r	15.0	0.0	monopolar		[8884.911448897059, 1344.0510389476128, 8213.772137775735]	[0.0, 0.0, 0.0]
9413.150708488169	2.0	trials	1.0	2.0	75.0	biphasic	20.0	100.0	1.0	10.0	50.0	15r	15.0	0.0	monopolar		[8884.911448897059, 1344.0510389476128, 8213.772137775735]	[0.0, 0.0, 0.0]
9415.150710439342	2.0	trials	1.0	2.0	75.0	biphasic	20.0	100.0	1.0	10.0	50.0	15r	15.0	0.0	monopolar		[8884.911448897059, 1344.0510389476128, 8213.772137775735]	[0.0, 0.0, 0.0]
9417.15071239052	2.0	trials	1.0	2.0	75.0	biphasic	20.0	100.0	1.0	10.0	50.0	15r	15.0	0.0	monopolar		[8884.911448897059, 1344.0510389476128, 8213.772137775735]	[0.0, 0.0, 0.0]
9419.150101727791	2.0	trials	1.0	2.0	75.0	biphasic	20.0	100.0	1.0	10.0	50.0	15r	15.0	0.0	monopolar		[8884.911448897059, 1344.0510389476128, 8213.772137775735]	[0.0, 0.0, 0.0]
9421.15010354889	2.0	trials	1.0	2.0	75.0	biphasic	20.0	100.0	1.0	10.0	50.0	15r	15.0	0.0	monopolar		[8884.911448897059, 1344.0510389476128, 8213.772137775735]	[0.0, 0.0, 0.0]
9423.150105369989	2.0	trials	1.0	2.0	75.0	biphasic	20.0	100.0	1.0	10.0	50.0	15r	15.0	0.0	monopolar		[8884.911448897059, 1344.0510389476128, 8213.772137775735]	[0.0, 0.0, 0.0]
9425.150107191084	2.0	trials	1.0	2.0	75.0	biphasic	20.0	100.0	1.0	10.0	50.0	15r	15.0	0.0	monopolar		[8884.911448897059, 1344.0510389476128, 8213.772137775735]	[0.0, 0.0, 0.0]
9427.15010901218	2.0	trials	1.0	2.0	75.0	biphasic	20.0	100.0	1.0	10.0	50.0	15r	15.0	0.0	monopolar		[8884.911448897059, 1344.0510389476128, 8213.772137775735]	[0.0, 0.0, 0.0]
9429.149497569064	2.0	trials	1.0	2.0	75.0	biphasic	20.0	100.0	1.0	10.0	50.0	15r	15.0	0.0	monopolar		[8884.911448897059, 1344.0510389476128, 8213.772137775735]	[0.0, 0.0, 0.0]
9431.150726048749	2.0	trials	1.0	2.0	75.0	biphasic	20.0	100.0	1.0	10.0	50.0	15r	15.0	0.0	monopolar		[8884.911448897059, 1344.0510389476128, 8213.772137775735]	[0.0, 0.0, 0.0]
9433.150727999924	2.0	trials	1.0	2.0	75.0	biphasic	20.0	100.0	1.0	10.0	50.0	15r	15.0	0.0	monopolar		[8884.911448897059, 1344.0510389476128, 8213.772137775735]	[0.0, 0.0, 0.0]
9435.15011629657	2.0	trials	1.0	2.0	75.0	biphasic	20.0	100.0	1.0	10.0	50.0	15r	15.0	0.0	monopolar		[8884.911448897059, 1344.0510389476128, 8213.772137775735]	[0.0, 0.0, 0.0]
9437.150084817604	2.0	trials	1.0	2.0	75.0	biphasic	20.0	100.0	1.0	10.0	50.0	15r	15.0	0.0	monopolar		[8884.911448897059, 1344.0510389476128, 8213.772137775735]	[0.0, 0.0, 0.0]
9439.1500866387	2.0	trials	1.0	2.0	75.0	biphasic	20.0	100.0	1.0	10.0	50.0	15r	15.0	0.0	monopolar		[8884.911448897059, 1344.0510389476128, 8213.772137775735]	[0.0, 0.0, 0.0]
9441.150088459795	2.0	trials	1.0	2.0	75.0	biphasic	20.0	100.0	1.0	10.0	50.0	15r	15.0	0.0	monopolar		[8884.911448897059, 1344.0510389476128, 8213.772137775735]	[0.0, 0.0, 0.0]
9443.150090280897	2.0	trials	1.0	2.0	75.0	biphasic	20.0	100.0	1.0	10.0	50.0	15r	15.0	0.0	monopolar		[8884.911448897059, 1344.0510389476128, 8213.772137775735]	[0.0, 0.0, 0.0]
9445.149477797151	2.0	trials	1.0	2.0	75.0	biphasic	20.0	100.0	1.0	10.0	50.0	15r	15.0	0.0	monopolar		[8884.911448897059, 1344.0510389476128, 8213.772137775735]	[0.0, 0.0, 0.0]
9447.15070835809	2.0	trials	1.0	2.0	75.0	biphasic	20.0	100.0	1.0	10.0	50.0	15r	15.0	0.0	monopolar		[8884.911448897059, 1344.0510389476128, 8213.772137775735]	[0.0, 0.0, 0.0]
9449.150710309264	2.0	trials	1.0	2.0	75.0	biphasic	20.0	100.0	1.0	10.0	50.0	15r	15.0	0.0	monopolar		[8884.911448897059, 1344.0510389476128, 8213.772137775735]	[0.0, 0.0, 0.0]
9451.151326955676	2.0	trials	1.0	2.0	75.0	biphasic	20.0	100.0	1.0	10.0	50.0	15r	15.0	0.0	monopolar		[8884.911448897059, 1344.0510389476128, 8213.772137775735]	[0.0, 0.0, 0.0]
9453.151329036931	2.0	trials	1.0	2.0	75.0	biphasic	20.0	100.0	1.0	10.0	50.0	15r	15.0	0.0	monopolar		[8884.911448897059, 1344.0510389476128, 8213.772137775735]	[0.0, 0.0, 0.0]
9455.151331118184	2.0	trials	1.0	2.0	75.0	biphasic	20.0	100.0	1.0	10.0	50.0	15r	15.0	0.0	monopolar		[8884.911448897059, 1344.0510389476128, 8213.772137775735]	[0.0, 0.0, 0.0]
9457.150718113968	2.0	trials	1.0	2.0	75.0	biphasic	20.0	100.0	1.0	10.0	50.0	15r	15.0	0.0	monopolar		[8884.911448897059, 1344.0510389476128, 8213.772137775735]	[0.0, 0.0, 0.0]
9459.150720065143	2.0	trials	1.0	2.0	75.0	biphasic	20.0	100.0	1.0	10.0	50.0	15r	15.0	0.0	monopolar		[8884.911448897059, 1344.0510389476128, 8213.772137775735]	[0.0, 0.0, 0.0]
9461.150722016318	2.0	trials	1.0	2.0	75.0	biphasic	20.0	100.0	1.0	10.0	50.0	15r	15.0	0.0	monopolar		[8884.911448897059, 1344.0510389476128, 8213.772137775735]	[0.0, 0.0, 0.0]
9463.150723967494	2.0	trials	1.0	2.0	75.0	biphasic	20.0	100.0	1.0	10.0	50.0	15r	15.0	0.0	monopolar		[8884.911448897059, 1344.0510389476128, 8213.772137775735]	[0.0, 0.0, 0.0]
9465.150110312965	2.0	trials	1.0	2.0	75.0	biphasic	20.0	100.0	1.0	10.0	50.0	15r	15.0	0.0	monopolar		[8884.911448897059, 1344.0510389476128, 8213.772137775735]	[0.0, 0.0, 0.0]
9467.15134360571	2.0	trials	1.0	2.0	75.0	biphasic	20.0	100.0	1.0	10.0	50.0	15r	15.0	0.0	monopolar		[8884.911448897059, 1344.0510389476128, 8213.772137775735]	[0.0, 0.0, 0.0]
9469.151312386895	2.0	trials	1.0	2.0	75.0	biphasic	20.0	100.0	1.0	10.0	50.0	15r	15.0	0.0	monopolar		[8884.911448897059, 1344.0510389476128, 8213.772137775735]	[0.0, 0.0, 0.0]
9471.15131446815	2.0	trials	1.0	2.0	75.0	biphasic	20.0	100.0	1.0	10.0	50.0	15r	15.0	0.0	monopolar		[8884.911448897059, 1344.0510389476128, 8213.772137775735]	[0.0, 0.0, 0.0]
9473.150700423308	2.0	trials	1.0	2.0	75.0	biphasic	20.0	100.0	1.0	10.0	50.0	15r	15.0	0.0	monopolar		[8884.911448897059, 1344.0510389476128, 8213.772137775735]	[0.0, 0.0, 0.0]
9475.150702374483	2.0	trials	1.0	2.0	75.0	biphasic	20.0	100.0	1.0	10.0	50.0	15r	15.0	0.0	monopolar		[8884.911448897059, 1344.0510389476128, 8213.772137775735]	[0.0, 0.0, 0.0]
9477.15070432566	2.0	trials	1.0	2.0	75.0	biphasic	20.0	100.0	1.0	10.0	50.0	15r	15.0	0.0	monopolar		[8884.911448897059, 1344.0510389476128, 8213.772137775735]	[0.0, 0.0, 0.0]
9479.150706276834	2.0	trials	1.0	2.0	75.0	biphasic	20.0	100.0	1.0	10.0	50.0	15r	15.0	0.0	monopolar		[8884.911448897059, 1344.0510389476128, 8213.772137775735]	[0.0, 0.0, 0.0]
9481.15009158168	2.0	trials	1.0	2.0	75.0	biphasic	20.0	100.0	1.0	10.0	50.0	15r	15.0	0.0	monopolar		[8884.911448897059, 1344.0510389476128, 8213.772137775735]	[0.0, 0.0, 0.0]
9483.150093402775	2.0	trials	1.0	2.0	75.0	biphasic	20.0	100.0	1.0	10.0	50.0	15r	15.0	0.0	monopolar		[8884.911448897059, 1344.0510389476128, 8213.772137775735]	[0.0, 0.0, 0.0]
9485.151329036931	2.0	trials	1.0	2.0	75.0	biphasic	20.0	100.0	1.0	10.0	50.0	15r	15.0	0.0	monopolar		[8884.911448897059, 1344.0510389476128, 8213.772137775735]	[0.0, 0.0, 0.0]
9487.150714081536	2.0	trials	1.0	2.0	75.0	biphasic	20.0	100.0	1.0	10.0	50.0	15r	15.0	0.0	monopolar		[8884.911448897059, 1344.0510389476128, 8213.772137775735]	[0.0, 0.0, 0.0]
9489.150716032713	2.0	trials	1.0	2.0	75.0	biphasic	20.0	100.0	1.0	10.0	50.0	15r	15.0	0.0	monopolar		[8884.911448897059, 1344.0510389476128, 8213.772137775735]	[0.0, 0.0, 0.0]
9581.102420791209	2.0	trials	1.0	2.0	75.0	biphasic	21.0	100.0	1.0	10.0	-5.0	11r_3b	11.0	3.0	bipolar		[8926.227862224265, 1641.0127597369033, 8203.443034443933]	[8919.341793336398, 1591.5191396053547, 8205.164551665901]
9583.102422742384	2.0	trials	1.0	2.0	75.0	biphasic	21.0	100.0	1.0	10.0	-5.0	11r_3b	11.0	3.0	bipolar		[8926.227862224265, 1641.0127597369033, 8203.443034443933]	[8919.341793336398, 1591.5191396053547, 8205.164551665901]
9585.10242469356	2.0	trials	1.0	2.0	75.0	biphasic	21.0	100.0	1.0	10.0	-5.0	11r_3b	11.0	3.0	bipolar		[8926.227862224265, 1641.0127597369033, 8203.443034443933]	[8919.341793336398, 1591.5191396053547, 8205.164551665901]
9587.103050182162	2.0	trials	1.0	2.0	75.0	biphasic	21.0	100.0	1.0	10.0	-5.0	11r_3b	11.0	3.0	bipolar		[8926.227862224265, 1641.0127597369033, 8203.443034443933]	[8919.341793336398, 1591.5191396053547, 8205.164551665901]
9589.103018963347	2.0	trials	1.0	2.0	75.0	biphasic	21.0	100.0	1.0	10.0	-5.0	11r_3b	11.0	3.0	bipolar		[8926.227862224265, 1641.0127597369033, 8203.443034443933]	[8919.341793336398, 1591.5191396053547, 8205.164551665901]
9591.103021044602	2.0	trials	1.0	2.0	75.0	biphasic	21.0	100.0	1.0	10.0	-5.0	11r_3b	11.0	3.0	bipolar		[8926.227862224265, 1641.0127597369033, 8203.443034443933]	[8919.341793336398, 1591.5191396053547, 8205.164551665901]
9593.102399198197	2.0	trials	1.0	2.0	75.0	biphasic	21.0	100.0	1.0	10.0	-5.0	11r_3b	11.0	3.0	bipolar		[8926.227862224265, 1641.0127597369033, 8203.443034443933]	[8919.341793336398, 1591.5191396053547, 8205.164551665901]
9595.101777091715	2.0	trials	1.0	2.0	75.0	biphasic	21.0	100.0	1.0	10.0	-5.0	11r_3b	11.0	3.0	bipolar		[8926.227862224265, 1641.0127597369033, 8203.443034443933]	[8919.341793336398, 1591.5191396053547, 8205.164551665901]
9597.102403100547	2.0	trials	1.0	2.0	75.0	biphasic	21.0	100.0	1.0	10.0	-5.0	11r_3b	11.0	3.0	bipolar		[8926.227862224265, 1641.0127597369033, 8203.443034443933]	[8919.341793336398, 1591.5191396053547, 8205.164551665901]
9599.102405051724	2.0	trials	1.0	2.0	75.0	biphasic	21.0	100.0	1.0	10.0	-5.0	11r_3b	11.0	3.0	bipolar		[8926.227862224265, 1641.0127597369033, 8203.443034443933]	[8919.341793336398, 1591.5191396053547, 8205.164551665901]
9601.1024070029	2.0	trials	1.0	2.0	75.0	biphasic	21.0	100.0	1.0	10.0	-5.0	11r_3b	11.0	3.0	bipolar		[8926.227862224265, 1641.0127597369033, 8203.443034443933]	[8919.341793336398, 1591.5191396053547, 8205.164551665901]
9603.103033532128	2.0	trials	1.0	2.0	75.0	biphasic	21.0	100.0	1.0	10.0	-5.0	11r_3b	11.0	3.0	bipolar		[8926.227862224265, 1641.0127597369033, 8203.443034443933]	[8919.341793336398, 1591.5191396053547, 8205.164551665901]
9605.103035613382	2.0	trials	1.0	2.0	75.0	biphasic	21.0	100.0	1.0	10.0	-5.0	11r_3b	11.0	3.0	bipolar		[8926.227862224265, 1641.0127597369033, 8203.443034443933]	[8919.341793336398, 1591.5191396053547, 8205.164551665901]
9607.103037694636	2.0	trials	1.0	2.0	75.0	biphasic	21.0	100.0	1.0	10.0	-5.0	11r_3b	11.0	3.0	bipolar		[8926.227862224265, 1641.0127597369033, 8203.443034443933]	[8919.341793336398, 1591.5191396053547, 8205.164551665901]
9609.102414807605	2.0	trials	1.0	2.0	75.0	biphasic	21.0	100.0	1.0	10.0	-5.0	11r_3b	11.0	3.0	bipolar		[8926.227862224265, 1641.0127597369033, 8203.443034443933]	[8919.341793336398, 1591.5191396053547, 8205.164551665901]
9611.103041857144	2.0	trials	1.0	2.0	75.0	biphasic	21.0	100.0	1.0	10.0	-5.0	11r_3b	11.0	3.0	bipolar		[8926.227862224265, 1641.0127597369033, 8203.443034443933]	[8919.341793336398, 1591.5191396053547, 8205.164551665901]
9613.102418709954	2.0	trials	1.0	2.0	75.0	biphasic	21.0	100.0	1.0	10.0	-5.0	11r_3b	11.0	3.0	bipolar		[8926.227862224265, 1641.0127597369033, 8203.443034443933]	[8919.341793336398, 1591.5191396053547, 8205.164551665901]
9615.10242066113	2.0	trials	1.0	2.0	75.0	biphasic	21.0	100.0	1.0	10.0	-5.0	11r_3b	11.0	3.0	bipolar		[8926.227862224265, 1641.0127597369033, 8203.443034443933]	[8919.341793336398, 1591.5191396053547, 8205.164551665901]
9617.102422612306	2.0	trials	1.0	2.0	75.0	biphasic	21.0	100.0	1.0	10.0	-5.0	11r_3b	11.0	3.0	bipolar		[8926.227862224265, 1641.0127597369033, 8203.443034443933]	[8919.341793336398, 1591.5191396053547, 8205.164551665901]
9619.101765644818	2.0	trials	1.0	2.0	75.0	biphasic	21.0	100.0	1.0	10.0	-5.0	11r_3b	11.0	3.0	bipolar		[8926.227862224265, 1641.0127597369033, 8203.443034443933]	[8919.341793336398, 1591.5191396053547, 8205.164551665901]
9621.103018963347	2.0	trials	1.0	2.0	75.0	biphasic	21.0	100.0	1.0	10.0	-5.0	11r_3b	11.0	3.0	bipolar		[8926.227862224265, 1641.0127597369033, 8203.443034443933]	[8919.341793336398, 1591.5191396053547, 8205.164551665901]
9623.103021044602	2.0	trials	1.0	2.0	75.0	biphasic	21.0	100.0	1.0	10.0	-5.0	11r_3b	11.0	3.0	bipolar		[8926.227862224265, 1641.0127597369033, 8203.443034443933]	[8919.341793336398, 1591.5191396053547, 8205.164551665901]
9625.102397116943	2.0	trials	1.0	2.0	75.0	biphasic	21.0	100.0	1.0	10.0	-5.0	11r_3b	11.0	3.0	bipolar		[8926.227862224265, 1641.0127597369033, 8203.443034443933]	[8919.341793336398, 1591.5191396053547, 8205.164551665901]
9627.10239906812	2.0	trials	1.0	2.0	75.0	biphasic	21.0	100.0	1.0	10.0	-5.0	11r_3b	11.0	3.0	bipolar		[8926.227862224265, 1641.0127597369033, 8203.443034443933]	[8919.341793336398, 1591.5191396053547, 8205.164551665901]
9629.102401019294	2.0	trials	1.0	2.0	75.0	biphasic	21.0	100.0	1.0	10.0	-5.0	11r_3b	11.0	3.0	bipolar		[8926.227862224265, 1641.0127597369033, 8203.443034443933]	[8919.341793336398, 1591.5191396053547, 8205.164551665901]
9631.10240297047	2.0	trials	1.0	2.0	75.0	biphasic	21.0	100.0	1.0	10.0	-5.0	11r_3b	11.0	3.0	bipolar		[8926.227862224265, 1641.0127597369033, 8203.443034443933]	[8919.341793336398, 1591.5191396053547, 8205.164551665901]
9633.102404921645	2.0	trials	1.0	2.0	75.0	biphasic	21.0	100.0	1.0	10.0	-5.0	11r_3b	11.0	3.0	bipolar		[8926.227862224265, 1641.0127597369033, 8203.443034443933]	[8919.341793336398, 1591.5191396053547, 8205.164551665901]
9635.101780213596	2.0	trials	1.0	2.0	75.0	biphasic	21.0	100.0	1.0	10.0	-5.0	11r_3b	11.0	3.0	bipolar		[8926.227862224265, 1641.0127597369033, 8203.443034443933]	[8919.341793336398, 1591.5191396053547, 8205.164551665901]
9637.101782034691	2.0	trials	1.0	2.0	75.0	biphasic	21.0	100.0	1.0	10.0	-5.0	11r_3b	11.0	3.0	bipolar		[8926.227862224265, 1641.0127597369033, 8203.443034443933]	[8919.341793336398, 1591.5191396053547, 8205.164551665901]
9639.103037694636	2.0	trials	1.0	2.0	75.0	biphasic	21.0	100.0	1.0	10.0	-5.0	11r_3b	11.0	3.0	bipolar		[8926.227862224265, 1641.0127597369033, 8203.443034443933]	[8919.341793336398, 1591.5191396053547, 8205.164551665901]
9641.102412726348	2.0	trials	1.0	2.0	75.0	biphasic	21.0	100.0	1.0	10.0	-5.0	11r_3b	11.0	3.0	bipolar		[8926.227862224265, 1641.0127597369033, 8203.443034443933]	[8919.341793336398, 1591.5191396053547, 8205.164551665901]
9643.102414677523	2.0	trials	1.0	2.0	75.0	biphasic	21.0	100.0	1.0	10.0	-5.0	11r_3b	11.0	3.0	bipolar		[8926.227862224265, 1641.0127597369033, 8203.443034443933]	[8919.341793336398, 1591.5191396053547, 8205.164551665901]
9645.1024166287	2.0	trials	1.0	2.0	75.0	biphasic	21.0	100.0	1.0	10.0	-5.0	11r_3b	11.0	3.0	bipolar		[8926.227862224265, 1641.0127597369033, 8203.443034443933]	[8919.341793336398, 1591.5191396053547, 8205.164551665901]
9647.102418579876	2.0	trials	1.0	2.0	75.0	biphasic	21.0	100.0	1.0	10.0	-5.0	11r_3b	11.0	3.0	bipolar		[8926.227862224265, 1641.0127597369033, 8203.443034443933]	[8919.341793336398, 1591.5191396053547, 8205.164551665901]
9649.101759661213	2.0	trials	1.0	2.0	75.0	biphasic	21.0	100.0	1.0	10.0	-5.0	11r_3b	11.0	3.0	bipolar		[8926.227862224265, 1641.0127597369033, 8203.443034443933]	[8919.341793336398, 1591.5191396053547, 8205.164551665901]
9651.10176148231	2.0	trials	1.0	2.0	75.0	biphasic	21.0	100.0	1.0	10.0	-5.0	11r_3b	11.0	3.0	bipolar		[8926.227862224265, 1641.0127597369033, 8203.443034443933]	[8919.341793336398, 1591.5191396053547, 8205.164551665901]
9653.101763303408	2.0	trials	1.0	2.0	75.0	biphasic	21.0	100.0	1.0	10.0	-5.0	11r_3b	11.0	3.0	bipolar		[8926.227862224265, 1641.0127597369033, 8203.443034443933]	[8919.341793336398, 1591.5191396053547, 8205.164551665901]
9655.101765124506	2.0	trials	1.0	2.0	75.0	biphasic	21.0	100.0	1.0	10.0	-5.0	11r_3b	11.0	3.0	bipolar		[8926.227862224265, 1641.0127597369033, 8203.443034443933]	[8919.341793336398, 1591.5191396053547, 8205.164551665901]
9657.102395035688	2.0	trials	1.0	2.0	75.0	biphasic	21.0	100.0	1.0	10.0	-5.0	11r_3b	11.0	3.0	bipolar		[8926.227862224265, 1641.0127597369033, 8203.443034443933]	[8919.341793336398, 1591.5191396053547, 8205.164551665901]
9659.102396986864	2.0	trials	1.0	2.0	75.0	biphasic	21.0	100.0	1.0	10.0	-5.0	11r_3b	11.0	3.0	bipolar		[8926.227862224265, 1641.0127597369033, 8203.443034443933]	[8919.341793336398, 1591.5191396053547, 8205.164551665901]
9661.10239893804	2.0	trials	1.0	2.0	75.0	biphasic	21.0	100.0	1.0	10.0	-5.0	11r_3b	11.0	3.0	bipolar		[8926.227862224265, 1641.0127597369033, 8203.443034443933]	[8919.341793336398, 1591.5191396053547, 8205.164551665901]
9663.102400889216	2.0	trials	1.0	2.0	75.0	biphasic	21.0	100.0	1.0	10.0	-5.0	11r_3b	11.0	3.0	bipolar		[8926.227862224265, 1641.0127597369033, 8203.443034443933]	[8919.341793336398, 1591.5191396053547, 8205.164551665901]
9665.101774229992	2.0	trials	1.0	2.0	75.0	biphasic	21.0	100.0	1.0	10.0	-5.0	11r_3b	11.0	3.0	bipolar		[8926.227862224265, 1641.0127597369033, 8203.443034443933]	[8919.341793336398, 1591.5191396053547, 8205.164551665901]
9667.101776051088	2.0	trials	1.0	2.0	75.0	biphasic	21.0	100.0	1.0	10.0	-5.0	11r_3b	11.0	3.0	bipolar		[8926.227862224265, 1641.0127597369033, 8203.443034443933]	[8919.341793336398, 1591.5191396053547, 8205.164551665901]
9669.101777872183	2.0	trials	1.0	2.0	75.0	biphasic	21.0	100.0	1.0	10.0	-5.0	11r_3b	11.0	3.0	bipolar		[8926.227862224265, 1641.0127597369033, 8203.443034443933]	[8919.341793336398, 1591.5191396053547, 8205.164551665901]
9671.101779693285	2.0	trials	1.0	2.0	75.0	biphasic	21.0	100.0	1.0	10.0	-5.0	11r_3b	11.0	3.0	bipolar		[8926.227862224265, 1641.0127597369033, 8203.443034443933]	[8919.341793336398, 1591.5191396053547, 8205.164551665901]
9673.102410645097	2.0	trials	1.0	2.0	75.0	biphasic	21.0	100.0	1.0	10.0	-5.0	11r_3b	11.0	3.0	bipolar		[8926.227862224265, 1641.0127597369033, 8203.443034443933]	[8919.341793336398, 1591.5191396053547, 8205.164551665901]
9675.10241259627	2.0	trials	1.0	2.0	75.0	biphasic	21.0	100.0	1.0	10.0	-5.0	11r_3b	11.0	3.0	bipolar		[8926.227862224265, 1641.0127597369033, 8203.443034443933]	[8919.341793336398, 1591.5191396053547, 8205.164551665901]
9677.101785156574	2.0	trials	1.0	2.0	75.0	biphasic	21.0	100.0	1.0	10.0	-5.0	11r_3b	11.0	3.0	bipolar		[8926.227862224265, 1641.0127597369033, 8203.443034443933]	[8919.341793336398, 1591.5191396053547, 8205.164551665901]
9679.102383198557	2.0	trials	1.0	2.0	75.0	biphasic	21.0	100.0	1.0	10.0	-5.0	11r_3b	11.0	3.0	bipolar		[8926.227862224265, 1641.0127597369033, 8203.443034443933]	[8919.341793336398, 1591.5191396053547, 8205.164551665901]
9681.101755498705	2.0	trials	1.0	2.0	75.0	biphasic	21.0	100.0	1.0	10.0	-5.0	11r_3b	11.0	3.0	bipolar		[8926.227862224265, 1641.0127597369033, 8203.443034443933]	[8919.341793336398, 1591.5191396053547, 8205.164551665901]
9683.101757319802	2.0	trials	1.0	2.0	75.0	biphasic	21.0	100.0	1.0	10.0	-5.0	11r_3b	11.0	3.0	bipolar		[8926.227862224265, 1641.0127597369033, 8203.443034443933]	[8919.341793336398, 1591.5191396053547, 8205.164551665901]
9685.1017591409	2.0	trials	1.0	2.0	75.0	biphasic	21.0	100.0	1.0	10.0	-5.0	11r_3b	11.0	3.0	bipolar		[8926.227862224265, 1641.0127597369033, 8203.443034443933]	[8919.341793336398, 1591.5191396053547, 8205.164551665901]
9687.101760961998	2.0	trials	1.0	2.0	75.0	biphasic	21.0	100.0	1.0	10.0	-5.0	11r_3b	11.0	3.0	bipolar		[8926.227862224265, 1641.0127597369033, 8203.443034443933]	[8919.341793336398, 1591.5191396053547, 8205.164551665901]
9689.101762783095	2.0	trials	1.0	2.0	75.0	biphasic	21.0	100.0	1.0	10.0	-5.0	11r_3b	11.0	3.0	bipolar		[8926.227862224265, 1641.0127597369033, 8203.443034443933]	[8919.341793336398, 1591.5191396053547, 8205.164551665901]
9691.10239490561	2.0	trials	1.0	2.0	75.0	biphasic	21.0	100.0	1.0	10.0	-5.0	11r_3b	11.0	3.0	bipolar		[8926.227862224265, 1641.0127597369033, 8203.443034443933]	[8919.341793336398, 1591.5191396053547, 8205.164551665901]
9693.102396856786	2.0	trials	1.0	2.0	75.0	biphasic	21.0	100.0	1.0	10.0	-5.0	11r_3b	11.0	3.0	bipolar		[8926.227862224265, 1641.0127597369033, 8203.443034443933]	[8919.341793336398, 1591.5191396053547, 8205.164551665901]
9695.101137684893	2.0	trials	1.0	2.0	75.0	biphasic	21.0	100.0	1.0	10.0	-5.0	11r_3b	11.0	3.0	bipolar		[8926.227862224265, 1641.0127597369033, 8203.443034443933]	[8919.341793336398, 1591.5191396053547, 8205.164551665901]
9697.101770067484	2.0	trials	1.0	2.0	75.0	biphasic	21.0	100.0	1.0	10.0	-5.0	11r_3b	11.0	3.0	bipolar		[8926.227862224265, 1641.0127597369033, 8203.443034443933]	[8919.341793336398, 1591.5191396053547, 8205.164551665901]
9699.10177188858	2.0	trials	1.0	2.0	75.0	biphasic	21.0	100.0	1.0	10.0	-5.0	11r_3b	11.0	3.0	bipolar		[8926.227862224265, 1641.0127597369033, 8203.443034443933]	[8919.341793336398, 1591.5191396053547, 8205.164551665901]
9701.103035613382	2.0	trials	1.0	2.0	75.0	biphasic	21.0	100.0	1.0	10.0	-5.0	11r_3b	11.0	3.0	bipolar		[8926.227862224265, 1641.0127597369033, 8203.443034443933]	[8919.341793336398, 1591.5191396053547, 8205.164551665901]
9703.101775530777	2.0	trials	1.0	2.0	75.0	biphasic	21.0	100.0	1.0	10.0	-5.0	11r_3b	11.0	3.0	bipolar		[8926.227862224265, 1641.0127597369033, 8203.443034443933]	[8919.341793336398, 1591.5191396053547, 8205.164551665901]
9705.10240856384	2.0	trials	1.0	2.0	75.0	biphasic	21.0	100.0	1.0	10.0	-5.0	11r_3b	11.0	3.0	bipolar		[8926.227862224265, 1641.0127597369033, 8203.443034443933]	[8919.341793336398, 1591.5191396053547, 8205.164551665901]
9707.102410515015	2.0	trials	1.0	2.0	75.0	biphasic	21.0	100.0	1.0	10.0	-5.0	11r_3b	11.0	3.0	bipolar		[8926.227862224265, 1641.0127597369033, 8203.443034443933]	[8919.341793336398, 1591.5191396053547, 8205.164551665901]
9709.101747694003	2.0	trials	1.0	2.0	75.0	biphasic	21.0	100.0	1.0	10.0	-5.0	11r_3b	11.0	3.0	bipolar		[8926.227862224265, 1641.0127597369033, 8203.443034443933]	[8919.341793336398, 1591.5191396053547, 8205.164551665901]
9711.101117912982	2.0	trials	1.0	2.0	75.0	biphasic	21.0	100.0	1.0	10.0	-5.0	11r_3b	11.0	3.0	bipolar		[8926.227862224265, 1641.0127597369033, 8203.443034443933]	[8919.341793336398, 1591.5191396053547, 8205.164551665901]
9713.10301480084	2.0	trials	1.0	2.0	75.0	biphasic	21.0	100.0	1.0	10.0	-5.0	11r_3b	11.0	3.0	bipolar		[8926.227862224265, 1641.0127597369033, 8203.443034443933]	[8919.341793336398, 1591.5191396053547, 8205.164551665901]
9715.103016882094	2.0	trials	1.0	2.0	75.0	biphasic	21.0	100.0	1.0	10.0	-5.0	11r_3b	11.0	3.0	bipolar		[8926.227862224265, 1641.0127597369033, 8203.443034443933]	[8919.341793336398, 1591.5191396053547, 8205.164551665901]
9717.101754978392	2.0	trials	1.0	2.0	75.0	biphasic	21.0	100.0	1.0	10.0	-5.0	11r_3b	11.0	3.0	bipolar		[8926.227862224265, 1641.0127597369033, 8203.443034443933]	[8919.341793336398, 1591.5191396053547, 8205.164551665901]
9719.102388922003	2.0	trials	1.0	2.0	75.0	biphasic	21.0	100.0	1.0	10.0	-5.0	11r_3b	11.0	3.0	bipolar		[8926.227862224265, 1641.0127597369033, 8203.443034443933]	[8919.341793336398, 1591.5191396053547, 8205.164551665901]
9721.101758620587	2.0	trials	1.0	2.0	75.0	biphasic	21.0	100.0	1.0	10.0	-5.0	11r_3b	11.0	3.0	bipolar		[8926.227862224265, 1641.0127597369033, 8203.443034443933]	[8919.341793336398, 1591.5191396053547, 8205.164551665901]
9723.102392824356	2.0	trials	1.0	2.0	75.0	biphasic	21.0	100.0	1.0	10.0	-5.0	11r_3b	11.0	3.0	bipolar		[8926.227862224265, 1641.0127597369033, 8203.443034443933]	[8919.341793336398, 1591.5191396053547, 8205.164551665901]
9725.102394775531	2.0	trials	1.0	2.0	75.0	biphasic	21.0	100.0	1.0	10.0	-5.0	11r_3b	11.0	3.0	bipolar		[8926.227862224265, 1641.0127597369033, 8203.443034443933]	[8919.341793336398, 1591.5191396053547, 8205.164551665901]
9727.10302936962	2.0	trials	1.0	2.0	75.0	biphasic	21.0	100.0	1.0	10.0	-5.0	11r_3b	11.0	3.0	bipolar		[8926.227862224265, 1641.0127597369033, 8203.443034443933]	[8919.341793336398, 1591.5191396053547, 8205.164551665901]
9729.103031450872	2.0	trials	1.0	2.0	75.0	biphasic	21.0	100.0	1.0	10.0	-5.0	11r_3b	11.0	3.0	bipolar		[8926.227862224265, 1641.0127597369033, 8203.443034443933]	[8919.341793336398, 1591.5191396053547, 8205.164551665901]
9889.948276542738	2.0	trials	1.0	2.0	75.0	biphasic	22.0	100.0	1.0	10.0	-25.0	11r_3b	11.0	3.0	bipolar		[8926.227862224265, 1641.0127597369033, 8203.443034443933]	[8919.341793336398, 1591.5191396053547, 8205.164551665901]
9891.947635129642	2.0	trials	1.0	2.0	75.0	biphasic	22.0	100.0	1.0	10.0	-25.0	11r_3b	11.0	3.0	bipolar		[8926.227862224265, 1641.0127597369033, 8203.443034443933]	[8919.341793336398, 1591.5191396053547, 8205.164551665901]
9893.948923939524	2.0	trials	1.0	2.0	75.0	biphasic	22.0	100.0	1.0	10.0	-25.0	11r_3b	11.0	3.0	bipolar		[8926.227862224265, 1641.0127597369033, 8203.443034443933]	[8919.341793336398, 1591.5191396053547, 8205.164551665901]
9895.948926020776	2.0	trials	1.0	2.0	75.0	biphasic	22.0	100.0	1.0	10.0	-25.0	11r_3b	11.0	3.0	bipolar		[8926.227862224265, 1641.0127597369033, 8203.443034443933]	[8919.341793336398, 1591.5191396053547, 8205.164551665901]
9897.94828434744	2.0	trials	1.0	2.0	75.0	biphasic	22.0	100.0	1.0	10.0	-25.0	11r_3b	11.0	3.0	bipolar		[8926.227862224265, 1641.0127597369033, 8203.443034443933]	[8919.341793336398, 1591.5191396053547, 8205.164551665901]
9899.948286298615	2.0	trials	1.0	2.0	75.0	biphasic	22.0	100.0	1.0	10.0	-25.0	11r_3b	11.0	3.0	bipolar		[8926.227862224265, 1641.0127597369033, 8203.443034443933]	[8919.341793336398, 1591.5191396053547, 8205.164551665901]
9901.948288249792	2.0	trials	1.0	2.0	75.0	biphasic	22.0	100.0	1.0	10.0	-25.0	11r_3b	11.0	3.0	bipolar		[8926.227862224265, 1641.0127597369033, 8203.443034443933]	[8919.341793336398, 1591.5191396053547, 8205.164551665901]
9903.948290200968	2.0	trials	1.0	2.0	75.0	biphasic	22.0	100.0	1.0	10.0	-25.0	11r_3b	11.0	3.0	bipolar		[8926.227862224265, 1641.0127597369033, 8203.443034443933]	[8919.341793336398, 1591.5191396053547, 8205.164551665901]
9905.948292152145	2.0	trials	1.0	2.0	75.0	biphasic	22.0	100.0	1.0	10.0	-25.0	11r_3b	11.0	3.0	bipolar		[8926.227862224265, 1641.0127597369033, 8203.443034443933]	[8919.341793336398, 1591.5191396053547, 8205.164551665901]
9907.94764969842	2.0	trials	1.0	2.0	75.0	biphasic	22.0	100.0	1.0	10.0	-25.0	11r_3b	11.0	3.0	bipolar		[8926.227862224265, 1641.0127597369033, 8203.443034443933]	[8919.341793336398, 1591.5191396053547, 8205.164551665901]
9909.947651519517	2.0	trials	1.0	2.0	75.0	biphasic	22.0	100.0	1.0	10.0	-25.0	11r_3b	11.0	3.0	bipolar		[8926.227862224265, 1641.0127597369033, 8203.443034443933]	[8919.341793336398, 1591.5191396053547, 8205.164551665901]
9911.948942670811	2.0	trials	1.0	2.0	75.0	biphasic	22.0	100.0	1.0	10.0	-25.0	11r_3b	11.0	3.0	bipolar		[8926.227862224265, 1641.0127597369033, 8203.443034443933]	[8919.341793336398, 1591.5191396053547, 8205.164551665901]
9913.948299956846	2.0	trials	1.0	2.0	75.0	biphasic	22.0	100.0	1.0	10.0	-25.0	11r_3b	11.0	3.0	bipolar		[8926.227862224265, 1641.0127597369033, 8203.443034443933]	[8919.341793336398, 1591.5191396053547, 8205.164551665901]
9915.948268607955	2.0	trials	1.0	2.0	75.0	biphasic	22.0	100.0	1.0	10.0	-25.0	11r_3b	11.0	3.0	bipolar		[8926.227862224265, 1641.0127597369033, 8203.443034443933]	[8919.341793336398, 1591.5191396053547, 8205.164551665901]
9917.948270559133	2.0	trials	1.0	2.0	75.0	biphasic	22.0	100.0	1.0	10.0	-25.0	11r_3b	11.0	3.0	bipolar		[8926.227862224265, 1641.0127597369033, 8203.443034443933]	[8919.341793336398, 1591.5191396053547, 8205.164551665901]
9919.94891769576	2.0	trials	1.0	2.0	75.0	biphasic	22.0	100.0	1.0	10.0	-25.0	11r_3b	11.0	3.0	bipolar		[8926.227862224265, 1641.0127597369033, 8203.443034443933]	[8919.341793336398, 1591.5191396053547, 8205.164551665901]
9921.948919777014	2.0	trials	1.0	2.0	75.0	biphasic	22.0	100.0	1.0	10.0	-25.0	11r_3b	11.0	3.0	bipolar		[8926.227862224265, 1641.0127597369033, 8203.443034443933]	[8919.341793336398, 1591.5191396053547, 8205.164551665901]
9923.94892185827	2.0	trials	1.0	2.0	75.0	biphasic	22.0	100.0	1.0	10.0	-25.0	11r_3b	11.0	3.0	bipolar		[8926.227862224265, 1641.0127597369033, 8203.443034443933]	[8919.341793336398, 1591.5191396053547, 8205.164551665901]
9925.948923939524	2.0	trials	1.0	2.0	75.0	biphasic	22.0	100.0	1.0	10.0	-25.0	11r_3b	11.0	3.0	bipolar		[8926.227862224265, 1641.0127597369033, 8203.443034443933]	[8919.341793336398, 1591.5191396053547, 8205.164551665901]
9927.948280315011	2.0	trials	1.0	2.0	75.0	biphasic	22.0	100.0	1.0	10.0	-25.0	11r_3b	11.0	3.0	bipolar		[8926.227862224265, 1641.0127597369033, 8203.443034443933]	[8919.341793336398, 1591.5191396053547, 8205.164551665901]
9929.94957393796	2.0	trials	1.0	2.0	75.0	biphasic	22.0	100.0	1.0	10.0	-25.0	11r_3b	11.0	3.0	bipolar		[8926.227862224265, 1641.0127597369033, 8203.443034443933]	[8919.341793336398, 1591.5191396053547, 8205.164551665901]
9931.949576149293	2.0	trials	1.0	2.0	75.0	biphasic	22.0	100.0	1.0	10.0	-25.0	11r_3b	11.0	3.0	bipolar		[8926.227862224265, 1641.0127597369033, 8203.443034443933]	[8919.341793336398, 1591.5191396053547, 8205.164551665901]
9933.94893226454	2.0	trials	1.0	2.0	75.0	biphasic	22.0	100.0	1.0	10.0	-25.0	11r_3b	11.0	3.0	bipolar		[8926.227862224265, 1641.0127597369033, 8203.443034443933]	[8919.341793336398, 1591.5191396053547, 8205.164551665901]
9935.948934345794	2.0	trials	1.0	2.0	75.0	biphasic	22.0	100.0	1.0	10.0	-25.0	11r_3b	11.0	3.0	bipolar		[8926.227862224265, 1641.0127597369033, 8203.443034443933]	[8919.341793336398, 1591.5191396053547, 8205.164551665901]
9937.948936427048	2.0	trials	1.0	2.0	75.0	biphasic	22.0	100.0	1.0	10.0	-25.0	11r_3b	11.0	3.0	bipolar		[8926.227862224265, 1641.0127597369033, 8203.443034443933]	[8919.341793336398, 1591.5191396053547, 8205.164551665901]
9939.948938508303	2.0	trials	1.0	2.0	75.0	biphasic	22.0	100.0	1.0	10.0	-25.0	11r_3b	11.0	3.0	bipolar		[8926.227862224265, 1641.0127597369033, 8203.443034443933]	[8919.341793336398, 1591.5191396053547, 8205.164551665901]
9941.948940589557	2.0	trials	1.0	2.0	75.0	biphasic	22.0	100.0	1.0	10.0	-25.0	11r_3b	11.0	3.0	bipolar		[8926.227862224265, 1641.0127597369033, 8203.443034443933]	[8919.341793336398, 1591.5191396053547, 8205.164551665901]
9943.948295924416	2.0	trials	1.0	2.0	75.0	biphasic	22.0	100.0	1.0	10.0	-25.0	11r_3b	11.0	3.0	bipolar		[8926.227862224265, 1641.0127597369033, 8203.443034443933]	[8919.341793336398, 1591.5191396053547, 8205.164551665901]
9945.948264575529	2.0	trials	1.0	2.0	75.0	biphasic	22.0	100.0	1.0	10.0	-25.0	11r_3b	11.0	3.0	bipolar		[8926.227862224265, 1641.0127597369033, 8203.443034443933]	[8919.341793336398, 1591.5191396053547, 8205.164551665901]
9947.949560539886	2.0	trials	1.0	2.0	75.0	biphasic	22.0	100.0	1.0	10.0	-25.0	11r_3b	11.0	3.0	bipolar		[8926.227862224265, 1641.0127597369033, 8203.443034443933]	[8919.341793336398, 1591.5191396053547, 8205.164551665901]
9949.948915614506	2.0	trials	1.0	2.0	75.0	biphasic	22.0	100.0	1.0	10.0	-25.0	11r_3b	11.0	3.0	bipolar		[8926.227862224265, 1641.0127597369033, 8203.443034443933]	[8919.341793336398, 1591.5191396053547, 8205.164551665901]
9951.94891769576	2.0	trials	1.0	2.0	75.0	biphasic	22.0	100.0	1.0	10.0	-25.0	11r_3b	11.0	3.0	bipolar		[8926.227862224265, 1641.0127597369033, 8203.443034443933]	[8919.341793336398, 1591.5191396053547, 8205.164551665901]
9953.948919777014	2.0	trials	1.0	2.0	75.0	biphasic	22.0	100.0	1.0	10.0	-25.0	11r_3b	11.0	3.0	bipolar		[8926.227862224265, 1641.0127597369033, 8203.443034443933]	[8919.341793336398, 1591.5191396053547, 8205.164551665901]
9955.94892185827	2.0	trials	1.0	2.0	75.0	biphasic	22.0	100.0	1.0	10.0	-25.0	11r_3b	11.0	3.0	bipolar		[8926.227862224265, 1641.0127597369033, 8203.443034443933]	[8919.341793336398, 1591.5191396053547, 8205.164551665901]
9957.948923939524	2.0	trials	1.0	2.0	75.0	biphasic	22.0	100.0	1.0	10.0	-25.0	11r_3b	11.0	3.0	bipolar		[8926.227862224265, 1641.0127597369033, 8203.443034443933]	[8919.341793336398, 1591.5191396053547, 8205.164551665901]
9959.948278233756	2.0	trials	1.0	2.0	75.0	biphasic	22.0	100.0	1.0	10.0	-25.0	11r_3b	11.0	3.0	bipolar		[8926.227862224265, 1641.0127597369033, 8203.443034443933]	[8919.341793336398, 1591.5191396053547, 8205.164551665901]
9961.948280184932	2.0	trials	1.0	2.0	75.0	biphasic	22.0	100.0	1.0	10.0	-25.0	11r_3b	11.0	3.0	bipolar		[8926.227862224265, 1641.0127597369033, 8203.443034443933]	[8919.341793336398, 1591.5191396053547, 8205.164551665901]
9963.948282136109	2.0	trials	1.0	2.0	75.0	biphasic	22.0	100.0	1.0	10.0	-25.0	11r_3b	11.0	3.0	bipolar		[8926.227862224265, 1641.0127597369033, 8203.443034443933]	[8919.341793336398, 1591.5191396053547, 8205.164551665901]
9965.94893226454	2.0	trials	1.0	2.0	75.0	biphasic	22.0	100.0	1.0	10.0	-25.0	11r_3b	11.0	3.0	bipolar		[8926.227862224265, 1641.0127597369033, 8203.443034443933]	[8919.341793336398, 1591.5191396053547, 8205.164551665901]
9967.948934345794	2.0	trials	1.0	2.0	75.0	biphasic	22.0	100.0	1.0	10.0	-25.0	11r_3b	11.0	3.0	bipolar		[8926.227862224265, 1641.0127597369033, 8203.443034443933]	[8919.341793336398, 1591.5191396053547, 8205.164551665901]
9969.948936427048	2.0	trials	1.0	2.0	75.0	biphasic	22.0	100.0	1.0	10.0	-25.0	11r_3b	11.0	3.0	bipolar		[8926.227862224265, 1641.0127597369033, 8203.443034443933]	[8919.341793336398, 1591.5191396053547, 8205.164551665901]
9971.948938508303	2.0	trials	1.0	2.0	75.0	biphasic	22.0	100.0	1.0	10.0	-25.0	11r_3b	11.0	3.0	bipolar		[8926.227862224265, 1641.0127597369033, 8203.443034443933]	[8919.341793336398, 1591.5191396053547, 8205.164551665901]
9973.948940589557	2.0	trials	1.0	2.0	75.0	biphasic	22.0	100.0	1.0	10.0	-25.0	11r_3b	11.0	3.0	bipolar		[8926.227862224265, 1641.0127597369033, 8203.443034443933]	[8919.341793336398, 1591.5191396053547, 8205.164551665901]
9975.948260543097	2.0	trials	1.0	2.0	75.0	biphasic	22.0	100.0	1.0	10.0	-25.0	11r_3b	11.0	3.0	bipolar		[8926.227862224265, 1641.0127597369033, 8203.443034443933]	[8919.341793336398, 1591.5191396053547, 8205.164551665901]
9977.948262494272	2.0	trials	1.0	2.0	75.0	biphasic	22.0	100.0	1.0	10.0	-25.0	11r_3b	11.0	3.0	bipolar		[8926.227862224265, 1641.0127597369033, 8203.443034443933]	[8919.341793336398, 1591.5191396053547, 8205.164551665901]
9979.948264445447	2.0	trials	1.0	2.0	75.0	biphasic	22.0	100.0	1.0	10.0	-25.0	11r_3b	11.0	3.0	bipolar		[8926.227862224265, 1641.0127597369033, 8203.443034443933]	[8919.341793336398, 1591.5191396053547, 8205.164551665901]
9981.948266396625	2.0	trials	1.0	2.0	75.0	biphasic	22.0	100.0	1.0	10.0	-25.0	11r_3b	11.0	3.0	bipolar		[8926.227862224265, 1641.0127597369033, 8203.443034443933]	[8919.341793336398, 1591.5191396053547, 8205.164551665901]
9983.94891769576	2.0	trials	1.0	2.0	75.0	biphasic	22.0	100.0	1.0	10.0	-25.0	11r_3b	11.0	3.0	bipolar		[8926.227862224265, 1641.0127597369033, 8203.443034443933]	[8919.341793336398, 1591.5191396053547, 8205.164551665901]
9985.948919777014	2.0	trials	1.0	2.0	75.0	biphasic	22.0	100.0	1.0	10.0	-25.0	11r_3b	11.0	3.0	bipolar		[8926.227862224265, 1641.0127597369033, 8203.443034443933]	[8919.341793336398, 1591.5191396053547, 8205.164551665901]
9987.94892185827	2.0	trials	1.0	2.0	75.0	biphasic	22.0	100.0	1.0	10.0	-25.0	11r_3b	11.0	3.0	bipolar		[8926.227862224265, 1641.0127597369033, 8203.443034443933]	[8919.341793336398, 1591.5191396053547, 8205.164551665901]
9989.948923939524	2.0	trials	1.0	2.0	75.0	biphasic	22.0	100.0	1.0	10.0	-25.0	11r_3b	11.0	3.0	bipolar		[8926.227862224265, 1641.0127597369033, 8203.443034443933]	[8919.341793336398, 1591.5191396053547, 8205.164551665901]
9991.948276152503	2.0	trials	1.0	2.0	75.0	biphasic	22.0	100.0	1.0	10.0	-25.0	11r_3b	11.0	3.0	bipolar		[8926.227862224265, 1641.0127597369033, 8203.443034443933]	[8919.341793336398, 1591.5191396053547, 8205.164551665901]
9993.94827810368	2.0	trials	1.0	2.0	75.0	biphasic	22.0	100.0	1.0	10.0	-25.0	11r_3b	11.0	3.0	bipolar		[8926.227862224265, 1641.0127597369033, 8203.443034443933]	[8919.341793336398, 1591.5191396053547, 8205.164551665901]
9995.948280054854	2.0	trials	1.0	2.0	75.0	biphasic	22.0	100.0	1.0	10.0	-25.0	11r_3b	11.0	3.0	bipolar		[8926.227862224265, 1641.0127597369033, 8203.443034443933]	[8919.341793336398, 1591.5191396053547, 8205.164551665901]
9997.94828200603	2.0	trials	1.0	2.0	75.0	biphasic	22.0	100.0	1.0	10.0	-25.0	11r_3b	11.0	3.0	bipolar		[8926.227862224265, 1641.0127597369033, 8203.443034443933]	[8919.341793336398, 1591.5191396053547, 8205.164551665901]
9999.9476335687	2.0	trials	1.0	2.0	75.0	biphasic	22.0	100.0	1.0	10.0	-25.0	11r_3b	11.0	3.0	bipolar		[8926.227862224265, 1641.0127597369033, 8203.443034443933]	[8919.341793336398, 1591.5191396053547, 8205.164551665901]
10001.948936427048	2.0	trials	1.0	2.0	75.0	biphasic	22.0	100.0	1.0	10.0	-25.0	11r_3b	11.0	3.0	bipolar		[8926.227862224265, 1641.0127597369033, 8203.443034443933]	[8919.341793336398, 1591.5191396053547, 8205.164551665901]
10003.948938508303	2.0	trials	1.0	2.0	75.0	biphasic	22.0	100.0	1.0	10.0	-25.0	11r_3b	11.0	3.0	bipolar		[8926.227862224265, 1641.0127597369033, 8203.443034443933]	[8919.341793336398, 1591.5191396053547, 8205.164551665901]
10005.948907289488	2.0	trials	1.0	2.0	75.0	biphasic	22.0	100.0	1.0	10.0	-25.0	11r_3b	11.0	3.0	bipolar		[8926.227862224265, 1641.0127597369033, 8203.443034443933]	[8919.341793336398, 1591.5191396053547, 8205.164551665901]
10007.948258461842	2.0	trials	1.0	2.0	75.0	biphasic	22.0	100.0	1.0	10.0	-25.0	11r_3b	11.0	3.0	bipolar		[8926.227862224265, 1641.0127597369033, 8203.443034443933]	[8919.341793336398, 1591.5191396053547, 8205.164551665901]
10009.94826041302	2.0	trials	1.0	2.0	75.0	biphasic	22.0	100.0	1.0	10.0	-25.0	11r_3b	11.0	3.0	bipolar		[8926.227862224265, 1641.0127597369033, 8203.443034443933]	[8919.341793336398, 1591.5191396053547, 8205.164551665901]
10011.948262364194	2.0	trials	1.0	2.0	75.0	biphasic	22.0	100.0	1.0	10.0	-25.0	11r_3b	11.0	3.0	bipolar		[8926.227862224265, 1641.0127597369033, 8203.443034443933]	[8919.341793336398, 1591.5191396053547, 8205.164551665901]
10013.94826431537	2.0	trials	1.0	2.0	75.0	biphasic	22.0	100.0	1.0	10.0	-25.0	11r_3b	11.0	3.0	bipolar		[8926.227862224265, 1641.0127597369033, 8203.443034443933]	[8919.341793336398, 1591.5191396053547, 8205.164551665901]
10015.947614837416	2.0	trials	1.0	2.0	75.0	biphasic	22.0	100.0	1.0	10.0	-25.0	11r_3b	11.0	3.0	bipolar		[8926.227862224265, 1641.0127597369033, 8203.443034443933]	[8919.341793336398, 1591.5191396053547, 8205.164551665901]
10017.948919777014	2.0	trials	1.0	2.0	75.0	biphasic	22.0	100.0	1.0	10.0	-25.0	11r_3b	11.0	3.0	bipolar		[8926.227862224265, 1641.0127597369033, 8203.443034443933]	[8919.341793336398, 1591.5191396053547, 8205.164551665901]
10019.94892185827	2.0	trials	1.0	2.0	75.0	biphasic	22.0	100.0	1.0	10.0	-25.0	11r_3b	11.0	3.0	bipolar		[8926.227862224265, 1641.0127597369033, 8203.443034443933]	[8919.341793336398, 1591.5191396053547, 8205.164551665901]
10021.948272120071	2.0	trials	1.0	2.0	75.0	biphasic	22.0	100.0	1.0	10.0	-25.0	11r_3b	11.0	3.0	bipolar		[8926.227862224265, 1641.0127597369033, 8203.443034443933]	[8919.341793336398, 1591.5191396053547, 8205.164551665901]
10023.948274071248	2.0	trials	1.0	2.0	75.0	biphasic	22.0	100.0	1.0	10.0	-25.0	11r_3b	11.0	3.0	bipolar		[8926.227862224265, 1641.0127597369033, 8203.443034443933]	[8919.341793336398, 1591.5191396053547, 8205.164551665901]
10025.948276022424	2.0	trials	1.0	2.0	75.0	biphasic	22.0	100.0	1.0	10.0	-25.0	11r_3b	11.0	3.0	bipolar		[8926.227862224265, 1641.0127597369033, 8203.443034443933]	[8919.341793336398, 1591.5191396053547, 8205.164551665901]
10027.9482779736	2.0	trials	1.0	2.0	75.0	biphasic	22.0	100.0	1.0	10.0	-25.0	11r_3b	11.0	3.0	bipolar		[8926.227862224265, 1641.0127597369033, 8203.443034443933]	[8919.341793336398, 1591.5191396053547, 8205.164551665901]
10029.948279924776	2.0	trials	1.0	2.0	75.0	biphasic	22.0	100.0	1.0	10.0	-25.0	11r_3b	11.0	3.0	bipolar		[8926.227862224265, 1641.0127597369033, 8203.443034443933]	[8919.341793336398, 1591.5191396053547, 8205.164551665901]
10031.947629406191	2.0	trials	1.0	2.0	75.0	biphasic	22.0	100.0	1.0	10.0	-25.0	11r_3b	11.0	3.0	bipolar		[8926.227862224265, 1641.0127597369033, 8203.443034443933]	[8919.341793336398, 1591.5191396053547, 8205.164551665901]
10033.947631227293	2.0	trials	1.0	2.0	75.0	biphasic	22.0	100.0	1.0	10.0	-25.0	11r_3b	11.0	3.0	bipolar		[8926.227862224265, 1641.0127597369033, 8203.443034443933]	[8919.341793336398, 1591.5191396053547, 8205.164551665901]
10035.948905208235	2.0	trials	1.0	2.0	75.0	biphasic	22.0	100.0	1.0	10.0	-25.0	11r_3b	11.0	3.0	bipolar		[8926.227862224265, 1641.0127597369033, 8203.443034443933]	[8919.341793336398, 1591.5191396053547, 8205.164551665901]
10037.948254429411	2.0	trials	1.0	2.0	75.0	biphasic	22.0	100.0	1.0	10.0	-25.0	11r_3b	11.0	3.0	bipolar		[8926.227862224265, 1641.0127597369033, 8203.443034443933]	[8919.341793336398, 1591.5191396053547, 8205.164551665901]
10056.819180524457	2.0	trials	1.0	2.0	75.0	biphasic	23.0	100.0	1.0	10.0	25.0	11r_3b	11.0	3.0	bipolar		[8926.227862224265, 1641.0127597369033, 8203.443034443933]	[8919.341793336398, 1591.5191396053547, 8205.164551665901]
10058.819149045492	2.0	trials	1.0	2.0	75.0	biphasic	23.0	100.0	1.0	10.0	25.0	11r_3b	11.0	3.0	bipolar		[8926.227862224265, 1641.0127597369033, 8203.443034443933]	[8919.341793336398, 1591.5191396053547, 8205.164551665901]
10060.819150866588	2.0	trials	1.0	2.0	75.0	biphasic	23.0	100.0	1.0	10.0	25.0	11r_3b	11.0	3.0	bipolar		[8926.227862224265, 1641.0127597369033, 8203.443034443933]	[8919.341793336398, 1591.5191396053547, 8205.164551665901]
10062.819807165302	2.0	trials	1.0	2.0	75.0	biphasic	23.0	100.0	1.0	10.0	25.0	11r_3b	11.0	3.0	bipolar		[8926.227862224265, 1641.0127597369033, 8203.443034443933]	[8919.341793336398, 1591.5191396053547, 8205.164551665901]
10064.819809116478	2.0	trials	1.0	2.0	75.0	biphasic	23.0	100.0	1.0	10.0	25.0	11r_3b	11.0	3.0	bipolar		[8926.227862224265, 1641.0127597369033, 8203.443034443933]	[8919.341793336398, 1591.5191396053547, 8205.164551665901]
10066.819811067657	2.0	trials	1.0	2.0	75.0	biphasic	23.0	100.0	1.0	10.0	25.0	11r_3b	11.0	3.0	bipolar		[8926.227862224265, 1641.0127597369033, 8203.443034443933]	[8919.341793336398, 1591.5191396053547, 8205.164551665901]
10068.81981301883	2.0	trials	1.0	2.0	75.0	biphasic	23.0	100.0	1.0	10.0	25.0	11r_3b	11.0	3.0	bipolar		[8926.227862224265, 1641.0127597369033, 8203.443034443933]	[8919.341793336398, 1591.5191396053547, 8205.164551665901]
10070.819159972074	2.0	trials	1.0	2.0	75.0	biphasic	23.0	100.0	1.0	10.0	25.0	11r_3b	11.0	3.0	bipolar		[8926.227862224265, 1641.0127597369033, 8203.443034443933]	[8919.341793336398, 1591.5191396053547, 8205.164551665901]
10072.819161793172	2.0	trials	1.0	2.0	75.0	biphasic	23.0	100.0	1.0	10.0	25.0	11r_3b	11.0	3.0	bipolar		[8926.227862224265, 1641.0127597369033, 8203.443034443933]	[8919.341793336398, 1591.5191396053547, 8205.164551665901]
10074.81916361427	2.0	trials	1.0	2.0	75.0	biphasic	23.0	100.0	1.0	10.0	25.0	11r_3b	11.0	3.0	bipolar		[8926.227862224265, 1641.0127597369033, 8203.443034443933]	[8919.341793336398, 1591.5191396053547, 8205.164551665901]
10076.819165435369	2.0	trials	1.0	2.0	75.0	biphasic	23.0	100.0	1.0	10.0	25.0	11r_3b	11.0	3.0	bipolar		[8926.227862224265, 1641.0127597369033, 8203.443034443933]	[8919.341793336398, 1591.5191396053547, 8205.164551665901]
10078.819167256464	2.0	trials	1.0	2.0	75.0	biphasic	23.0	100.0	1.0	10.0	25.0	11r_3b	11.0	3.0	bipolar		[8926.227862224265, 1641.0127597369033, 8203.443034443933]	[8919.341793336398, 1591.5191396053547, 8205.164551665901]
10080.819824725884	2.0	trials	1.0	2.0	75.0	biphasic	23.0	100.0	1.0	10.0	25.0	11r_3b	11.0	3.0	bipolar		[8926.227862224265, 1641.0127597369033, 8203.443034443933]	[8919.341793336398, 1591.5191396053547, 8205.164551665901]
10082.81982667706	2.0	trials	1.0	2.0	75.0	biphasic	23.0	100.0	1.0	10.0	25.0	11r_3b	11.0	3.0	bipolar		[8926.227862224265, 1641.0127597369033, 8203.443034443933]	[8919.341793336398, 1591.5191396053547, 8205.164551665901]
10084.819828628237	2.0	trials	1.0	2.0	75.0	biphasic	23.0	100.0	1.0	10.0	25.0	11r_3b	11.0	3.0	bipolar		[8926.227862224265, 1641.0127597369033, 8203.443034443933]	[8919.341793336398, 1591.5191396053547, 8205.164551665901]
10086.819174540851	2.0	trials	1.0	2.0	75.0	biphasic	23.0	100.0	1.0	10.0	25.0	11r_3b	11.0	3.0	bipolar		[8926.227862224265, 1641.0127597369033, 8203.443034443933]	[8919.341793336398, 1591.5191396053547, 8205.164551665901]
10088.819143061886	2.0	trials	1.0	2.0	75.0	biphasic	23.0	100.0	1.0	10.0	25.0	11r_3b	11.0	3.0	bipolar		[8926.227862224265, 1641.0127597369033, 8203.443034443933]	[8919.341793336398, 1591.5191396053547, 8205.164551665901]
10090.819144882984	2.0	trials	1.0	2.0	75.0	biphasic	23.0	100.0	1.0	10.0	25.0	11r_3b	11.0	3.0	bipolar		[8926.227862224265, 1641.0127597369033, 8203.443034443933]	[8919.341793336398, 1591.5191396053547, 8205.164551665901]
10092.819146704082	2.0	trials	1.0	2.0	75.0	biphasic	23.0	100.0	1.0	10.0	25.0	11r_3b	11.0	3.0	bipolar		[8926.227862224265, 1641.0127597369033, 8203.443034443933]	[8919.341793336398, 1591.5191396053547, 8205.164551665901]
10094.819148525175	2.0	trials	1.0	2.0	75.0	biphasic	23.0	100.0	1.0	10.0	25.0	11r_3b	11.0	3.0	bipolar		[8926.227862224265, 1641.0127597369033, 8203.443034443933]	[8919.341793336398, 1591.5191396053547, 8205.164551665901]
10096.819807035225	2.0	trials	1.0	2.0	75.0	biphasic	23.0	100.0	1.0	10.0	25.0	11r_3b	11.0	3.0	bipolar		[8926.227862224265, 1641.0127597369033, 8203.443034443933]	[8919.341793336398, 1591.5191396053547, 8205.164551665901]
10098.8198089864	2.0	trials	1.0	2.0	75.0	biphasic	23.0	100.0	1.0	10.0	25.0	11r_3b	11.0	3.0	bipolar		[8926.227862224265, 1641.0127597369033, 8203.443034443933]	[8919.341793336398, 1591.5191396053547, 8205.164551665901]
10100.819810937575	2.0	trials	1.0	2.0	75.0	biphasic	23.0	100.0	1.0	10.0	25.0	11r_3b	11.0	3.0	bipolar		[8926.227862224265, 1641.0127597369033, 8203.443034443933]	[8919.341793336398, 1591.5191396053547, 8205.164551665901]
10102.819155809566	2.0	trials	1.0	2.0	75.0	biphasic	23.0	100.0	1.0	10.0	25.0	11r_3b	11.0	3.0	bipolar		[8926.227862224265, 1641.0127597369033, 8203.443034443933]	[8919.341793336398, 1591.5191396053547, 8205.164551665901]
10104.819157630664	2.0	trials	1.0	2.0	75.0	biphasic	23.0	100.0	1.0	10.0	25.0	11r_3b	11.0	3.0	bipolar		[8926.227862224265, 1641.0127597369033, 8203.443034443933]	[8919.341793336398, 1591.5191396053547, 8205.164551665901]
10106.81915945176	2.0	trials	1.0	2.0	75.0	biphasic	23.0	100.0	1.0	10.0	25.0	11r_3b	11.0	3.0	bipolar		[8926.227862224265, 1641.0127597369033, 8203.443034443933]	[8919.341793336398, 1591.5191396053547, 8205.164551665901]
10108.81916127286	2.0	trials	1.0	2.0	75.0	biphasic	23.0	100.0	1.0	10.0	25.0	11r_3b	11.0	3.0	bipolar		[8926.227862224265, 1641.0127597369033, 8203.443034443933]	[8919.341793336398, 1591.5191396053547, 8205.164551665901]
10110.819163093956	2.0	trials	1.0	2.0	75.0	biphasic	23.0	100.0	1.0	10.0	25.0	11r_3b	11.0	3.0	bipolar		[8926.227862224265, 1641.0127597369033, 8203.443034443933]	[8919.341793336398, 1591.5191396053547, 8205.164551665901]
10112.81850718556	2.0	trials	1.0	2.0	75.0	biphasic	23.0	100.0	1.0	10.0	25.0	11r_3b	11.0	3.0	bipolar		[8926.227862224265, 1641.0127597369033, 8203.443034443933]	[8919.341793336398, 1591.5191396053547, 8205.164551665901]
10114.819824595806	2.0	trials	1.0	2.0	75.0	biphasic	23.0	100.0	1.0	10.0	25.0	11r_3b	11.0	3.0	bipolar		[8926.227862224265, 1641.0127597369033, 8203.443034443933]	[8919.341793336398, 1591.5191396053547, 8205.164551665901]
10116.819826546982	2.0	trials	1.0	2.0	75.0	biphasic	23.0	100.0	1.0	10.0	25.0	11r_3b	11.0	3.0	bipolar		[8926.227862224265, 1641.0127597369033, 8203.443034443933]	[8919.341793336398, 1591.5191396053547, 8205.164551665901]
10118.81913707828	2.0	trials	1.0	2.0	75.0	biphasic	23.0	100.0	1.0	10.0	25.0	11r_3b	11.0	3.0	bipolar		[8926.227862224265, 1641.0127597369033, 8203.443034443933]	[8919.341793336398, 1591.5191396053547, 8205.164551665901]
10120.819138899378	2.0	trials	1.0	2.0	75.0	biphasic	23.0	100.0	1.0	10.0	25.0	11r_3b	11.0	3.0	bipolar		[8926.227862224265, 1641.0127597369033, 8203.443034443933]	[8919.341793336398, 1591.5191396053547, 8205.164551665901]
10122.819140720476	2.0	trials	1.0	2.0	75.0	biphasic	23.0	100.0	1.0	10.0	25.0	11r_3b	11.0	3.0	bipolar		[8926.227862224265, 1641.0127597369033, 8203.443034443933]	[8919.341793336398, 1591.5191396053547, 8205.164551665901]
10124.819142541572	2.0	trials	1.0	2.0	75.0	biphasic	23.0	100.0	1.0	10.0	25.0	11r_3b	11.0	3.0	bipolar		[8926.227862224265, 1641.0127597369033, 8203.443034443933]	[8919.341793336398, 1591.5191396053547, 8205.164551665901]
10126.81914436267	2.0	trials	1.0	2.0	75.0	biphasic	23.0	100.0	1.0	10.0	25.0	11r_3b	11.0	3.0	bipolar		[8926.227862224265, 1641.0127597369033, 8203.443034443933]	[8919.341793336398, 1591.5191396053547, 8205.164551665901]
10128.81848741365	2.0	trials	1.0	2.0	75.0	biphasic	23.0	100.0	1.0	10.0	25.0	11r_3b	11.0	3.0	bipolar		[8926.227862224265, 1641.0127597369033, 8203.443034443933]	[8919.341793336398, 1591.5191396053547, 8205.164551665901]
10130.81848910467	2.0	trials	1.0	2.0	75.0	biphasic	23.0	100.0	1.0	10.0	25.0	11r_3b	11.0	3.0	bipolar		[8926.227862224265, 1641.0127597369033, 8203.443034443933]	[8919.341793336398, 1591.5191396053547, 8205.164551665901]
10132.819808856322	2.0	trials	1.0	2.0	75.0	biphasic	23.0	100.0	1.0	10.0	25.0	11r_3b	11.0	3.0	bipolar		[8926.227862224265, 1641.0127597369033, 8203.443034443933]	[8919.341793336398, 1591.5191396053547, 8205.164551665901]
10134.81915164706	2.0	trials	1.0	2.0	75.0	biphasic	23.0	100.0	1.0	10.0	25.0	11r_3b	11.0	3.0	bipolar		[8926.227862224265, 1641.0127597369033, 8203.443034443933]	[8919.341793336398, 1591.5191396053547, 8205.164551665901]
10136.819153468155	2.0	trials	1.0	2.0	75.0	biphasic	23.0	100.0	1.0	10.0	25.0	11r_3b	11.0	3.0	bipolar		[8926.227862224265, 1641.0127597369033, 8203.443034443933]	[8919.341793336398, 1591.5191396053547, 8205.164551665901]
10138.819814709848	2.0	trials	1.0	2.0	75.0	biphasic	23.0	100.0	1.0	10.0	25.0	11r_3b	11.0	3.0	bipolar		[8926.227862224265, 1641.0127597369033, 8203.443034443933]	[8919.341793336398, 1591.5191396053547, 8205.164551665901]
10140.81915711035	2.0	trials	1.0	2.0	75.0	biphasic	23.0	100.0	1.0	10.0	25.0	11r_3b	11.0	3.0	bipolar		[8926.227862224265, 1641.0127597369033, 8203.443034443933]	[8919.341793336398, 1591.5191396053547, 8205.164551665901]
10142.8198186122	2.0	trials	1.0	2.0	75.0	biphasic	23.0	100.0	1.0	10.0	25.0	11r_3b	11.0	3.0	bipolar		[8926.227862224265, 1641.0127597369033, 8203.443034443933]	[8919.341793336398, 1591.5191396053547, 8205.164551665901]
10144.819820563376	2.0	trials	1.0	2.0	75.0	biphasic	23.0	100.0	1.0	10.0	25.0	11r_3b	11.0	3.0	bipolar		[8926.227862224265, 1641.0127597369033, 8203.443034443933]	[8919.341793336398, 1591.5191396053547, 8205.164551665901]
10146.819822514552	2.0	trials	1.0	2.0	75.0	biphasic	23.0	100.0	1.0	10.0	25.0	11r_3b	11.0	3.0	bipolar		[8926.227862224265, 1641.0127597369033, 8203.443034443933]	[8919.341793336398, 1591.5191396053547, 8205.164551665901]
10148.819131094677	2.0	trials	1.0	2.0	75.0	biphasic	23.0	100.0	1.0	10.0	25.0	11r_3b	11.0	3.0	bipolar		[8926.227862224265, 1641.0127597369033, 8203.443034443933]	[8919.341793336398, 1591.5191396053547, 8205.164551665901]
10150.820453317989	2.0	trials	1.0	2.0	75.0	biphasic	23.0	100.0	1.0	10.0	25.0	11r_3b	11.0	3.0	bipolar		[8926.227862224265, 1641.0127597369033, 8203.443034443933]	[8919.341793336398, 1591.5191396053547, 8205.164551665901]
10152.820455399242	2.0	trials	1.0	2.0	75.0	biphasic	23.0	100.0	1.0	10.0	25.0	11r_3b	11.0	3.0	bipolar		[8926.227862224265, 1641.0127597369033, 8203.443034443933]	[8919.341793336398, 1591.5191396053547, 8205.164551665901]
10154.819797019189	2.0	trials	1.0	2.0	75.0	biphasic	23.0	100.0	1.0	10.0	25.0	11r_3b	11.0	3.0	bipolar		[8926.227862224265, 1641.0127597369033, 8203.443034443933]	[8919.341793336398, 1591.5191396053547, 8205.164551665901]
10156.819798970364	2.0	trials	1.0	2.0	75.0	biphasic	23.0	100.0	1.0	10.0	25.0	11r_3b	11.0	3.0	bipolar		[8926.227862224265, 1641.0127597369033, 8203.443034443933]	[8919.341793336398, 1591.5191396053547, 8205.164551665901]
10158.81980092154	2.0	trials	1.0	2.0	75.0	biphasic	23.0	100.0	1.0	10.0	25.0	11r_3b	11.0	3.0	bipolar		[8926.227862224265, 1641.0127597369033, 8203.443034443933]	[8919.341793336398, 1591.5191396053547, 8205.164551665901]
10160.819802872717	2.0	trials	1.0	2.0	75.0	biphasic	23.0	100.0	1.0	10.0	25.0	11r_3b	11.0	3.0	bipolar		[8926.227862224265, 1641.0127597369033, 8203.443034443933]	[8919.341793336398, 1591.5191396053547, 8205.164551665901]
10162.819804823892	2.0	trials	1.0	2.0	75.0	biphasic	23.0	100.0	1.0	10.0	25.0	11r_3b	11.0	3.0	bipolar		[8926.227862224265, 1641.0127597369033, 8203.443034443933]	[8919.341793336398, 1591.5191396053547, 8205.164551665901]
10164.819145663454	2.0	trials	1.0	2.0	75.0	biphasic	23.0	100.0	1.0	10.0	25.0	11r_3b	11.0	3.0	bipolar		[8926.227862224265, 1641.0127597369033, 8203.443034443933]	[8919.341793336398, 1591.5191396053547, 8205.164551665901]
10166.819147484552	2.0	trials	1.0	2.0	75.0	biphasic	23.0	100.0	1.0	10.0	25.0	11r_3b	11.0	3.0	bipolar		[8926.227862224265, 1641.0127597369033, 8203.443034443933]	[8919.341793336398, 1591.5191396053547, 8205.164551665901]
10168.820472049276	2.0	trials	1.0	2.0	75.0	biphasic	23.0	100.0	1.0	10.0	25.0	11r_3b	11.0	3.0	bipolar		[8926.227862224265, 1641.0127597369033, 8203.443034443933]	[8919.341793336398, 1591.5191396053547, 8205.164551665901]
10170.819812628595	2.0	trials	1.0	2.0	75.0	biphasic	23.0	100.0	1.0	10.0	25.0	11r_3b	11.0	3.0	bipolar		[8926.227862224265, 1641.0127597369033, 8203.443034443933]	[8919.341793336398, 1591.5191396053547, 8205.164551665901]
10172.81981457977	2.0	trials	1.0	2.0	75.0	biphasic	23.0	100.0	1.0	10.0	25.0	11r_3b	11.0	3.0	bipolar		[8926.227862224265, 1641.0127597369033, 8203.443034443933]	[8919.341793336398, 1591.5191396053547, 8205.164551665901]
10174.819816530946	2.0	trials	1.0	2.0	75.0	biphasic	23.0	100.0	1.0	10.0	25.0	11r_3b	11.0	3.0	bipolar		[8926.227862224265, 1641.0127597369033, 8203.443034443933]	[8919.341793336398, 1591.5191396053547, 8205.164551665901]
10176.81981848212	2.0	trials	1.0	2.0	75.0	biphasic	23.0	100.0	1.0	10.0	25.0	11r_3b	11.0	3.0	bipolar		[8926.227862224265, 1641.0127597369033, 8203.443034443933]	[8919.341793336398, 1591.5191396053547, 8205.164551665901]
10178.819787133232	2.0	trials	1.0	2.0	75.0	biphasic	23.0	100.0	1.0	10.0	25.0	11r_3b	11.0	3.0	bipolar		[8926.227862224265, 1641.0127597369033, 8203.443034443933]	[8919.341793336398, 1591.5191396053547, 8205.164551665901]
10180.819126932169	2.0	trials	1.0	2.0	75.0	biphasic	23.0	100.0	1.0	10.0	25.0	11r_3b	11.0	3.0	bipolar		[8926.227862224265, 1641.0127597369033, 8203.443034443933]	[8919.341793336398, 1591.5191396053547, 8205.164551665901]
10182.819128753265	2.0	trials	1.0	2.0	75.0	biphasic	23.0	100.0	1.0	10.0	25.0	11r_3b	11.0	3.0	bipolar		[8926.227862224265, 1641.0127597369033, 8203.443034443933]	[8919.341793336398, 1591.5191396053547, 8205.164551665901]
10184.819130574362	2.0	trials	1.0	2.0	75.0	biphasic	23.0	100.0	1.0	10.0	25.0	11r_3b	11.0	3.0	bipolar		[8926.227862224265, 1641.0127597369033, 8203.443034443933]	[8919.341793336398, 1591.5191396053547, 8205.164551665901]
10186.819794937936	2.0	trials	1.0	2.0	75.0	biphasic	23.0	100.0	1.0	10.0	25.0	11r_3b	11.0	3.0	bipolar		[8926.227862224265, 1641.0127597369033, 8203.443034443933]	[8919.341793336398, 1591.5191396053547, 8205.164551665901]
10188.81979688911	2.0	trials	1.0	2.0	75.0	biphasic	23.0	100.0	1.0	10.0	25.0	11r_3b	11.0	3.0	bipolar		[8926.227862224265, 1641.0127597369033, 8203.443034443933]	[8919.341793336398, 1591.5191396053547, 8205.164551665901]
10190.819798840286	2.0	trials	1.0	2.0	75.0	biphasic	23.0	100.0	1.0	10.0	25.0	11r_3b	11.0	3.0	bipolar		[8926.227862224265, 1641.0127597369033, 8203.443034443933]	[8919.341793336398, 1591.5191396053547, 8205.164551665901]
10192.819800791462	2.0	trials	1.0	2.0	75.0	biphasic	23.0	100.0	1.0	10.0	25.0	11r_3b	11.0	3.0	bipolar		[8926.227862224265, 1641.0127597369033, 8203.443034443933]	[8919.341793336398, 1591.5191396053547, 8205.164551665901]
10194.819802742635	2.0	trials	1.0	2.0	75.0	biphasic	23.0	100.0	1.0	10.0	25.0	11r_3b	11.0	3.0	bipolar		[8926.227862224265, 1641.0127597369033, 8203.443034443933]	[8919.341793336398, 1591.5191396053547, 8205.164551665901]
10196.819141500946	2.0	trials	1.0	2.0	75.0	biphasic	23.0	100.0	1.0	10.0	25.0	11r_3b	11.0	3.0	bipolar		[8926.227862224265, 1641.0127597369033, 8203.443034443933]	[8919.341793336398, 1591.5191396053547, 8205.164551665901]
10198.819143322044	2.0	trials	1.0	2.0	75.0	biphasic	23.0	100.0	1.0	10.0	25.0	11r_3b	11.0	3.0	bipolar		[8926.227862224265, 1641.0127597369033, 8203.443034443933]	[8919.341793336398, 1591.5191396053547, 8205.164551665901]
10200.81914514314	2.0	trials	1.0	2.0	75.0	biphasic	23.0	100.0	1.0	10.0	25.0	11r_3b	11.0	3.0	bipolar		[8926.227862224265, 1641.0127597369033, 8203.443034443933]	[8919.341793336398, 1591.5191396053547, 8205.164551665901]
10202.819146964235	2.0	trials	1.0	2.0	75.0	biphasic	23.0	100.0	1.0	10.0	25.0	11r_3b	11.0	3.0	bipolar		[8926.227862224265, 1641.0127597369033, 8203.443034443933]	[8919.341793336398, 1591.5191396053547, 8205.164551665901]
10204.819812498516	2.0	trials	1.0	2.0	75.0	biphasic	23.0	100.0	1.0	10.0	25.0	11r_3b	11.0	3.0	bipolar		[8926.227862224265, 1641.0127597369033, 8203.443034443933]	[8919.341793336398, 1591.5191396053547, 8205.164551665901]
10237.962302241824	2.0	trials	1.0	2.0	75.0	biphasic	24.0	100.0	1.0	10.0	-50.0	11r_3b	11.0	3.0	bipolar		[8926.227862224265, 1641.0127597369033, 8203.443034443933]	[8919.341793336398, 1591.5191396053547, 8205.164551665901]
10239.961638324214	2.0	trials	1.0	2.0	75.0	biphasic	24.0	100.0	1.0	10.0	-50.0	11r_3b	11.0	3.0	bipolar		[8926.227862224265, 1641.0127597369033, 8203.443034443933]	[8919.341793336398, 1591.5191396053547, 8205.164551665901]
10241.961640275387	2.0	trials	1.0	2.0	75.0	biphasic	24.0	100.0	1.0	10.0	-50.0	11r_3b	11.0	3.0	bipolar		[8926.227862224265, 1641.0127597369033, 8203.443034443933]	[8919.341793336398, 1591.5191396053547, 8205.164551665901]
10243.961642226564	2.0	trials	1.0	2.0	75.0	biphasic	24.0	100.0	1.0	10.0	-50.0	11r_3b	11.0	3.0	bipolar		[8926.227862224265, 1641.0127597369033, 8203.443034443933]	[8919.341793336398, 1591.5191396053547, 8205.164551665901]
10245.96164417774	2.0	trials	1.0	2.0	75.0	biphasic	24.0	100.0	1.0	10.0	-50.0	11r_3b	11.0	3.0	bipolar		[8926.227862224265, 1641.0127597369033, 8203.443034443933]	[8919.341793336398, 1591.5191396053547, 8205.164551665901]
10247.962312648096	2.0	trials	1.0	2.0	75.0	biphasic	24.0	100.0	1.0	10.0	-50.0	11r_3b	11.0	3.0	bipolar		[8926.227862224265, 1641.0127597369033, 8203.443034443933]	[8919.341793336398, 1591.5191396053547, 8205.164551665901]
10249.962314729348	2.0	trials	1.0	2.0	75.0	biphasic	24.0	100.0	1.0	10.0	-50.0	11r_3b	11.0	3.0	bipolar		[8926.227862224265, 1641.0127597369033, 8203.443034443933]	[8919.341793336398, 1591.5191396053547, 8205.164551665901]
10251.962316810605	2.0	trials	1.0	2.0	75.0	biphasic	24.0	100.0	1.0	10.0	-50.0	11r_3b	11.0	3.0	bipolar		[8926.227862224265, 1641.0127597369033, 8203.443034443933]	[8919.341793336398, 1591.5191396053547, 8205.164551665901]
10253.962318891858	2.0	trials	1.0	2.0	75.0	biphasic	24.0	100.0	1.0	10.0	-50.0	11r_3b	11.0	3.0	bipolar		[8926.227862224265, 1641.0127597369033, 8203.443034443933]	[8919.341793336398, 1591.5191396053547, 8205.164551665901]
10255.961653933618	2.0	trials	1.0	2.0	75.0	biphasic	24.0	100.0	1.0	10.0	-50.0	11r_3b	11.0	3.0	bipolar		[8926.227862224265, 1641.0127597369033, 8203.443034443933]	[8919.341793336398, 1591.5191396053547, 8205.164551665901]
10257.961655884796	2.0	trials	1.0	2.0	75.0	biphasic	24.0	100.0	1.0	10.0	-50.0	11r_3b	11.0	3.0	bipolar		[8926.227862224265, 1641.0127597369033, 8203.443034443933]	[8919.341793336398, 1591.5191396053547, 8205.164551665901]
10259.961657835973	2.0	trials	1.0	2.0	75.0	biphasic	24.0	100.0	1.0	10.0	-50.0	11r_3b	11.0	3.0	bipolar		[8926.227862224265, 1641.0127597369033, 8203.443034443933]	[8919.341793336398, 1591.5191396053547, 8205.164551665901]
10261.961659787146	2.0	trials	1.0	2.0	75.0	biphasic	24.0	100.0	1.0	10.0	-50.0	11r_3b	11.0	3.0	bipolar		[8926.227862224265, 1641.0127597369033, 8203.443034443933]	[8919.341793336398, 1591.5191396053547, 8205.164551665901]
10263.961661738322	2.0	trials	1.0	2.0	75.0	biphasic	24.0	100.0	1.0	10.0	-50.0	11r_3b	11.0	3.0	bipolar		[8926.227862224265, 1641.0127597369033, 8203.443034443933]	[8919.341793336398, 1591.5191396053547, 8205.164551665901]
10265.962298079314	2.0	trials	1.0	2.0	75.0	biphasic	24.0	100.0	1.0	10.0	-50.0	11r_3b	11.0	3.0	bipolar		[8926.227862224265, 1641.0127597369033, 8203.443034443933]	[8919.341793336398, 1591.5191396053547, 8205.164551665901]
10267.962300160569	2.0	trials	1.0	2.0	75.0	biphasic	24.0	100.0	1.0	10.0	-50.0	11r_3b	11.0	3.0	bipolar		[8926.227862224265, 1641.0127597369033, 8203.443034443933]	[8919.341793336398, 1591.5191396053547, 8205.164551665901]
10269.962302241824	2.0	trials	1.0	2.0	75.0	biphasic	24.0	100.0	1.0	10.0	-50.0	11r_3b	11.0	3.0	bipolar		[8926.227862224265, 1641.0127597369033, 8203.443034443933]	[8919.341793336398, 1591.5191396053547, 8205.164551665901]
10271.96163624296	2.0	trials	1.0	2.0	75.0	biphasic	24.0	100.0	1.0	10.0	-50.0	11r_3b	11.0	3.0	bipolar		[8926.227862224265, 1641.0127597369033, 8203.443034443933]	[8919.341793336398, 1591.5191396053547, 8205.164551665901]
10273.961638194134	2.0	trials	1.0	2.0	75.0	biphasic	24.0	100.0	1.0	10.0	-50.0	11r_3b	11.0	3.0	bipolar		[8926.227862224265, 1641.0127597369033, 8203.443034443933]	[8919.341793336398, 1591.5191396053547, 8205.164551665901]
10275.961640145311	2.0	trials	1.0	2.0	75.0	biphasic	24.0	100.0	1.0	10.0	-50.0	11r_3b	11.0	3.0	bipolar		[8926.227862224265, 1641.0127597369033, 8203.443034443933]	[8919.341793336398, 1591.5191396053547, 8205.164551665901]
10277.961642096489	2.0	trials	1.0	2.0	75.0	biphasic	24.0	100.0	1.0	10.0	-50.0	11r_3b	11.0	3.0	bipolar		[8926.227862224265, 1641.0127597369033, 8203.443034443933]	[8919.341793336398, 1591.5191396053547, 8205.164551665901]
10279.961644047662	2.0	trials	1.0	2.0	75.0	biphasic	24.0	100.0	1.0	10.0	-50.0	11r_3b	11.0	3.0	bipolar		[8926.227862224265, 1641.0127597369033, 8203.443034443933]	[8919.341793336398, 1591.5191396053547, 8205.164551665901]
10281.960977268414	2.0	trials	1.0	2.0	75.0	biphasic	24.0	100.0	1.0	10.0	-50.0	11r_3b	11.0	3.0	bipolar		[8926.227862224265, 1641.0127597369033, 8203.443034443933]	[8919.341793336398, 1591.5191396053547, 8205.164551665901]
10283.962316810605	2.0	trials	1.0	2.0	75.0	biphasic	24.0	100.0	1.0	10.0	-50.0	11r_3b	11.0	3.0	bipolar		[8926.227862224265, 1641.0127597369033, 8203.443034443933]	[8919.341793336398, 1591.5191396053547, 8205.164551665901]
10285.962318891858	2.0	trials	1.0	2.0	75.0	biphasic	24.0	100.0	1.0	10.0	-50.0	11r_3b	11.0	3.0	bipolar		[8926.227862224265, 1641.0127597369033, 8203.443034443933]	[8919.341793336398, 1591.5191396053547, 8205.164551665901]
10287.961651852364	2.0	trials	1.0	2.0	75.0	biphasic	24.0	100.0	1.0	10.0	-50.0	11r_3b	11.0	3.0	bipolar		[8926.227862224265, 1641.0127597369033, 8203.443034443933]	[8919.341793336398, 1591.5191396053547, 8205.164551665901]
10289.96165380354	2.0	trials	1.0	2.0	75.0	biphasic	24.0	100.0	1.0	10.0	-50.0	11r_3b	11.0	3.0	bipolar		[8926.227862224265, 1641.0127597369033, 8203.443034443933]	[8919.341793336398, 1591.5191396053547, 8205.164551665901]
10291.961655754716	2.0	trials	1.0	2.0	75.0	biphasic	24.0	100.0	1.0	10.0	-50.0	11r_3b	11.0	3.0	bipolar		[8926.227862224265, 1641.0127597369033, 8203.443034443933]	[8919.341793336398, 1591.5191396053547, 8205.164551665901]
10293.961657705891	2.0	trials	1.0	2.0	75.0	biphasic	24.0	100.0	1.0	10.0	-50.0	11r_3b	11.0	3.0	bipolar		[8926.227862224265, 1641.0127597369033, 8203.443034443933]	[8919.341793336398, 1591.5191396053547, 8205.164551665901]
10295.961659657069	2.0	trials	1.0	2.0	75.0	biphasic	24.0	100.0	1.0	10.0	-50.0	11r_3b	11.0	3.0	bipolar		[8926.227862224265, 1641.0127597369033, 8203.443034443933]	[8919.341793336398, 1591.5191396053547, 8205.164551665901]
10297.960958537127	2.0	trials	1.0	2.0	75.0	biphasic	24.0	100.0	1.0	10.0	-50.0	11r_3b	11.0	3.0	bipolar		[8926.227862224265, 1641.0127597369033, 8203.443034443933]	[8919.341793336398, 1591.5191396053547, 8205.164551665901]
10299.962300160569	2.0	trials	1.0	2.0	75.0	biphasic	24.0	100.0	1.0	10.0	-50.0	11r_3b	11.0	3.0	bipolar		[8926.227862224265, 1641.0127597369033, 8203.443034443933]	[8919.341793336398, 1591.5191396053547, 8205.164551665901]
10301.962302241824	2.0	trials	1.0	2.0	75.0	biphasic	24.0	100.0	1.0	10.0	-50.0	11r_3b	11.0	3.0	bipolar		[8926.227862224265, 1641.0127597369033, 8203.443034443933]	[8919.341793336398, 1591.5191396053547, 8205.164551665901]
10303.961634161706	2.0	trials	1.0	2.0	75.0	biphasic	24.0	100.0	1.0	10.0	-50.0	11r_3b	11.0	3.0	bipolar		[8926.227862224265, 1641.0127597369033, 8203.443034443933]	[8919.341793336398, 1591.5191396053547, 8205.164551665901]
10305.96163611288	2.0	trials	1.0	2.0	75.0	biphasic	24.0	100.0	1.0	10.0	-50.0	11r_3b	11.0	3.0	bipolar		[8926.227862224265, 1641.0127597369033, 8203.443034443933]	[8919.341793336398, 1591.5191396053547, 8205.164551665901]
10307.961638064056	2.0	trials	1.0	2.0	75.0	biphasic	24.0	100.0	1.0	10.0	-50.0	11r_3b	11.0	3.0	bipolar		[8926.227862224265, 1641.0127597369033, 8203.443034443933]	[8919.341793336398, 1591.5191396053547, 8205.164551665901]
10309.961640015232	2.0	trials	1.0	2.0	75.0	biphasic	24.0	100.0	1.0	10.0	-50.0	11r_3b	11.0	3.0	bipolar		[8926.227862224265, 1641.0127597369033, 8203.443034443933]	[8919.341793336398, 1591.5191396053547, 8205.164551665901]
10311.961641966407	2.0	trials	1.0	2.0	75.0	biphasic	24.0	100.0	1.0	10.0	-50.0	11r_3b	11.0	3.0	bipolar		[8926.227862224265, 1641.0127597369033, 8203.443034443933]	[8919.341793336398, 1591.5191396053547, 8205.164551665901]
10313.960973105906	2.0	trials	1.0	2.0	75.0	biphasic	24.0	100.0	1.0	10.0	-50.0	11r_3b	11.0	3.0	bipolar		[8926.227862224265, 1641.0127597369033, 8203.443034443933]	[8919.341793336398, 1591.5191396053547, 8205.164551665901]
10315.960974927004	2.0	trials	1.0	2.0	75.0	biphasic	24.0	100.0	1.0	10.0	-50.0	11r_3b	11.0	3.0	bipolar		[8926.227862224265, 1641.0127597369033, 8203.443034443933]	[8919.341793336398, 1591.5191396053547, 8205.164551665901]
10317.962318891858	2.0	trials	1.0	2.0	75.0	biphasic	24.0	100.0	1.0	10.0	-50.0	11r_3b	11.0	3.0	bipolar		[8926.227862224265, 1641.0127597369033, 8203.443034443933]	[8919.341793336398, 1591.5191396053547, 8205.164551665901]
10319.96164977111	2.0	trials	1.0	2.0	75.0	biphasic	24.0	100.0	1.0	10.0	-50.0	11r_3b	11.0	3.0	bipolar		[8926.227862224265, 1641.0127597369033, 8203.443034443933]	[8919.341793336398, 1591.5191396053547, 8205.164551665901]
10321.961651722286	2.0	trials	1.0	2.0	75.0	biphasic	24.0	100.0	1.0	10.0	-50.0	11r_3b	11.0	3.0	bipolar		[8926.227862224265, 1641.0127597369033, 8203.443034443933]	[8919.341793336398, 1591.5191396053547, 8205.164551665901]
10323.961653673465	2.0	trials	1.0	2.0	75.0	biphasic	24.0	100.0	1.0	10.0	-50.0	11r_3b	11.0	3.0	bipolar		[8926.227862224265, 1641.0127597369033, 8203.443034443933]	[8919.341793336398, 1591.5191396053547, 8205.164551665901]
10325.961655624638	2.0	trials	1.0	2.0	75.0	biphasic	24.0	100.0	1.0	10.0	-50.0	11r_3b	11.0	3.0	bipolar		[8926.227862224265, 1641.0127597369033, 8203.443034443933]	[8919.341793336398, 1591.5191396053547, 8205.164551665901]
10327.961624275747	2.0	trials	1.0	2.0	75.0	biphasic	24.0	100.0	1.0	10.0	-50.0	11r_3b	11.0	3.0	bipolar		[8926.227862224265, 1641.0127597369033, 8203.443034443933]	[8919.341793336398, 1591.5191396053547, 8205.164551665901]
10329.96095437462	2.0	trials	1.0	2.0	75.0	biphasic	24.0	100.0	1.0	10.0	-50.0	11r_3b	11.0	3.0	bipolar		[8926.227862224265, 1641.0127597369033, 8203.443034443933]	[8919.341793336398, 1591.5191396053547, 8205.164551665901]
10331.960956195717	2.0	trials	1.0	2.0	75.0	biphasic	24.0	100.0	1.0	10.0	-50.0	11r_3b	11.0	3.0	bipolar		[8926.227862224265, 1641.0127597369033, 8203.443034443933]	[8919.341793336398, 1591.5191396053547, 8205.164551665901]
10333.960958016814	2.0	trials	1.0	2.0	75.0	biphasic	24.0	100.0	1.0	10.0	-50.0	11r_3b	11.0	3.0	bipolar		[8926.227862224265, 1641.0127597369033, 8203.443034443933]	[8919.341793336398, 1591.5191396053547, 8205.164551665901]
10335.96163208045	2.0	trials	1.0	2.0	75.0	biphasic	24.0	100.0	1.0	10.0	-50.0	11r_3b	11.0	3.0	bipolar		[8926.227862224265, 1641.0127597369033, 8203.443034443933]	[8919.341793336398, 1591.5191396053547, 8205.164551665901]
10337.961634031626	2.0	trials	1.0	2.0	75.0	biphasic	24.0	100.0	1.0	10.0	-50.0	11r_3b	11.0	3.0	bipolar		[8926.227862224265, 1641.0127597369033, 8203.443034443933]	[8919.341793336398, 1591.5191396053547, 8205.164551665901]
10339.9616359828	2.0	trials	1.0	2.0	75.0	biphasic	24.0	100.0	1.0	10.0	-50.0	11r_3b	11.0	3.0	bipolar		[8926.227862224265, 1641.0127597369033, 8203.443034443933]	[8919.341793336398, 1591.5191396053547, 8205.164551665901]
10341.96163793398	2.0	trials	1.0	2.0	75.0	biphasic	24.0	100.0	1.0	10.0	-50.0	11r_3b	11.0	3.0	bipolar		[8926.227862224265, 1641.0127597369033, 8203.443034443933]	[8919.341793336398, 1591.5191396053547, 8205.164551665901]
10343.961639885154	2.0	trials	1.0	2.0	75.0	biphasic	24.0	100.0	1.0	10.0	-50.0	11r_3b	11.0	3.0	bipolar		[8926.227862224265, 1641.0127597369033, 8203.443034443933]	[8919.341793336398, 1591.5191396053547, 8205.164551665901]
10345.960968943398	2.0	trials	1.0	2.0	75.0	biphasic	24.0	100.0	1.0	10.0	-50.0	11r_3b	11.0	3.0	bipolar		[8926.227862224265, 1641.0127597369033, 8203.443034443933]	[8919.341793336398, 1591.5191396053547, 8205.164551665901]
10347.960970764496	2.0	trials	1.0	2.0	75.0	biphasic	24.0	100.0	1.0	10.0	-50.0	11r_3b	11.0	3.0	bipolar		[8926.227862224265, 1641.0127597369033, 8203.443034443933]	[8919.341793336398, 1591.5191396053547, 8205.164551665901]
10349.960972585592	2.0	trials	1.0	2.0	75.0	biphasic	24.0	100.0	1.0	10.0	-50.0	11r_3b	11.0	3.0	bipolar		[8926.227862224265, 1641.0127597369033, 8203.443034443933]	[8919.341793336398, 1591.5191396053547, 8205.164551665901]
10351.96097440669	2.0	trials	1.0	2.0	75.0	biphasic	24.0	100.0	1.0	10.0	-50.0	11r_3b	11.0	3.0	bipolar		[8926.227862224265, 1641.0127597369033, 8203.443034443933]	[8919.341793336398, 1591.5191396053547, 8205.164551665901]
10353.961649641033	2.0	trials	1.0	2.0	75.0	biphasic	24.0	100.0	1.0	10.0	-50.0	11r_3b	11.0	3.0	bipolar		[8926.227862224265, 1641.0127597369033, 8203.443034443933]	[8919.341793336398, 1591.5191396053547, 8205.164551665901]
10355.961651592208	2.0	trials	1.0	2.0	75.0	biphasic	24.0	100.0	1.0	10.0	-50.0	11r_3b	11.0	3.0	bipolar		[8926.227862224265, 1641.0127597369033, 8203.443034443933]	[8919.341793336398, 1591.5191396053547, 8205.164551665901]
10357.962327216874	2.0	trials	1.0	2.0	75.0	biphasic	24.0	100.0	1.0	10.0	-50.0	11r_3b	11.0	3.0	bipolar		[8926.227862224265, 1641.0127597369033, 8203.443034443933]	[8919.341793336398, 1591.5191396053547, 8205.164551665901]
10359.961622194494	2.0	trials	1.0	2.0	75.0	biphasic	24.0	100.0	1.0	10.0	-50.0	11r_3b	11.0	3.0	bipolar		[8926.227862224265, 1641.0127597369033, 8203.443034443933]	[8919.341793336398, 1591.5191396053547, 8205.164551665901]
10361.962298079314	2.0	trials	1.0	2.0	75.0	biphasic	24.0	100.0	1.0	10.0	-50.0	11r_3b	11.0	3.0	bipolar		[8926.227862224265, 1641.0127597369033, 8203.443034443933]	[8919.341793336398, 1591.5191396053547, 8205.164551665901]
10363.962300160569	2.0	trials	1.0	2.0	75.0	biphasic	24.0	100.0	1.0	10.0	-50.0	11r_3b	11.0	3.0	bipolar		[8926.227862224265, 1641.0127597369033, 8203.443034443933]	[8919.341793336398, 1591.5191396053547, 8205.164551665901]
10365.96162804802	2.0	trials	1.0	2.0	75.0	biphasic	24.0	100.0	1.0	10.0	-50.0	11r_3b	11.0	3.0	bipolar		[8926.227862224265, 1641.0127597369033, 8203.443034443933]	[8919.341793336398, 1591.5191396053547, 8205.164551665901]
10367.961629999198	2.0	trials	1.0	2.0	75.0	biphasic	24.0	100.0	1.0	10.0	-50.0	11r_3b	11.0	3.0	bipolar		[8926.227862224265, 1641.0127597369033, 8203.443034443933]	[8919.341793336398, 1591.5191396053547, 8205.164551665901]
10369.961631950371	2.0	trials	1.0	2.0	75.0	biphasic	24.0	100.0	1.0	10.0	-50.0	11r_3b	11.0	3.0	bipolar		[8926.227862224265, 1641.0127597369033, 8203.443034443933]	[8919.341793336398, 1591.5191396053547, 8205.164551665901]
10371.962308485588	2.0	trials	1.0	2.0	75.0	biphasic	24.0	100.0	1.0	10.0	-50.0	11r_3b	11.0	3.0	bipolar		[8926.227862224265, 1641.0127597369033, 8203.443034443933]	[8919.341793336398, 1591.5191396053547, 8205.164551665901]
10373.96231056684	2.0	trials	1.0	2.0	75.0	biphasic	24.0	100.0	1.0	10.0	-50.0	11r_3b	11.0	3.0	bipolar		[8926.227862224265, 1641.0127597369033, 8203.443034443933]	[8919.341793336398, 1591.5191396053547, 8205.164551665901]
10375.962312648096	2.0	trials	1.0	2.0	75.0	biphasic	24.0	100.0	1.0	10.0	-50.0	11r_3b	11.0	3.0	bipolar		[8926.227862224265, 1641.0127597369033, 8203.443034443933]	[8919.341793336398, 1591.5191396053547, 8205.164551665901]
10377.962314729348	2.0	trials	1.0	2.0	75.0	biphasic	24.0	100.0	1.0	10.0	-50.0	11r_3b	11.0	3.0	bipolar		[8926.227862224265, 1641.0127597369033, 8203.443034443933]	[8919.341793336398, 1591.5191396053547, 8205.164551665901]
10379.962316810605	2.0	trials	1.0	2.0	75.0	biphasic	24.0	100.0	1.0	10.0	-50.0	11r_3b	11.0	3.0	bipolar		[8926.227862224265, 1641.0127597369033, 8203.443034443933]	[8919.341793336398, 1591.5191396053547, 8205.164551665901]
10381.961643657429	2.0	trials	1.0	2.0	75.0	biphasic	24.0	100.0	1.0	10.0	-50.0	11r_3b	11.0	3.0	bipolar		[8926.227862224265, 1641.0127597369033, 8203.443034443933]	[8919.341793336398, 1591.5191396053547, 8205.164551665901]
10383.961645608602	2.0	trials	1.0	2.0	75.0	biphasic	24.0	100.0	1.0	10.0	-50.0	11r_3b	11.0	3.0	bipolar		[8926.227862224265, 1641.0127597369033, 8203.443034443933]	[8919.341793336398, 1591.5191396053547, 8205.164551665901]
10385.961647559778	2.0	trials	1.0	2.0	75.0	biphasic	24.0	100.0	1.0	10.0	-50.0	11r_3b	11.0	3.0	bipolar		[8926.227862224265, 1641.0127597369033, 8203.443034443933]	[8919.341793336398, 1591.5191396053547, 8205.164551665901]
10415.76434063756	2.0	trials	1.0	2.0	75.0	biphasic	25.0	100.0	1.0	10.0	50.0	11r_3b	11.0	3.0	bipolar		[8926.227862224265, 1641.0127597369033, 8203.443034443933]	[8919.341793336398, 1591.5191396053547, 8205.164551665901]
10417.764342588736	2.0	trials	1.0	2.0	75.0	biphasic	25.0	100.0	1.0	10.0	50.0	11r_3b	11.0	3.0	bipolar		[8926.227862224265, 1641.0127597369033, 8203.443034443933]	[8919.341793336398, 1591.5191396053547, 8205.164551665901]
10419.764344539912	2.0	trials	1.0	2.0	75.0	biphasic	25.0	100.0	1.0	10.0	50.0	11r_3b	11.0	3.0	bipolar		[8926.227862224265, 1641.0127597369033, 8203.443034443933]	[8919.341793336398, 1591.5191396053547, 8205.164551665901]
10421.763668668009	2.0	trials	1.0	2.0	75.0	biphasic	25.0	100.0	1.0	10.0	50.0	11r_3b	11.0	3.0	bipolar		[8926.227862224265, 1641.0127597369033, 8203.443034443933]	[8919.341793336398, 1591.5191396053547, 8205.164551665901]
10423.763670489108	2.0	trials	1.0	2.0	75.0	biphasic	25.0	100.0	1.0	10.0	50.0	11r_3b	11.0	3.0	bipolar		[8926.227862224265, 1641.0127597369033, 8203.443034443933]	[8919.341793336398, 1591.5191396053547, 8205.164551665901]
10425.76502847676	2.0	trials	1.0	2.0	75.0	biphasic	25.0	100.0	1.0	10.0	50.0	11r_3b	11.0	3.0	bipolar		[8926.227862224265, 1641.0127597369033, 8203.443034443933]	[8919.341793336398, 1591.5191396053547, 8205.164551665901]
10427.764352344617	2.0	trials	1.0	2.0	75.0	biphasic	25.0	100.0	1.0	10.0	50.0	11r_3b	11.0	3.0	bipolar		[8926.227862224265, 1641.0127597369033, 8203.443034443933]	[8919.341793336398, 1591.5191396053547, 8205.164551665901]
10429.76435429579	2.0	trials	1.0	2.0	75.0	biphasic	25.0	100.0	1.0	10.0	50.0	11r_3b	11.0	3.0	bipolar		[8926.227862224265, 1641.0127597369033, 8203.443034443933]	[8919.341793336398, 1591.5191396053547, 8205.164551665901]
10431.764356246966	2.0	trials	1.0	2.0	75.0	biphasic	25.0	100.0	1.0	10.0	50.0	11r_3b	11.0	3.0	bipolar		[8926.227862224265, 1641.0127597369033, 8203.443034443933]	[8919.341793336398, 1591.5191396053547, 8205.164551665901]
10433.76435819814	2.0	trials	1.0	2.0	75.0	biphasic	25.0	100.0	1.0	10.0	50.0	11r_3b	11.0	3.0	bipolar		[8926.227862224265, 1641.0127597369033, 8203.443034443933]	[8919.341793336398, 1591.5191396053547, 8205.164551665901]
10435.764360149316	2.0	trials	1.0	2.0	75.0	biphasic	25.0	100.0	1.0	10.0	50.0	11r_3b	11.0	3.0	bipolar		[8926.227862224265, 1641.0127597369033, 8203.443034443933]	[8919.341793336398, 1591.5191396053547, 8205.164551665901]
10437.763683236786	2.0	trials	1.0	2.0	75.0	biphasic	25.0	100.0	1.0	10.0	50.0	11r_3b	11.0	3.0	bipolar		[8926.227862224265, 1641.0127597369033, 8203.443034443933]	[8919.341793336398, 1591.5191396053547, 8205.164551665901]
10439.763685057884	2.0	trials	1.0	2.0	75.0	biphasic	25.0	100.0	1.0	10.0	50.0	11r_3b	11.0	3.0	bipolar		[8926.227862224265, 1641.0127597369033, 8203.443034443933]	[8919.341793336398, 1591.5191396053547, 8205.164551665901]
10441.765045126796	2.0	trials	1.0	2.0	75.0	biphasic	25.0	100.0	1.0	10.0	50.0	11r_3b	11.0	3.0	bipolar		[8926.227862224265, 1641.0127597369033, 8203.443034443933]	[8919.341793336398, 1591.5191396053547, 8205.164551665901]
10443.76436795402	2.0	trials	1.0	2.0	75.0	biphasic	25.0	100.0	1.0	10.0	50.0	11r_3b	11.0	3.0	bipolar		[8926.227862224265, 1641.0127597369033, 8203.443034443933]	[8919.341793336398, 1591.5191396053547, 8205.164551665901]
10445.76433660513	2.0	trials	1.0	2.0	75.0	biphasic	25.0	100.0	1.0	10.0	50.0	11r_3b	11.0	3.0	bipolar		[8926.227862224265, 1641.0127597369033, 8203.443034443933]	[8919.341793336398, 1591.5191396053547, 8205.164551665901]
10447.764338556306	2.0	trials	1.0	2.0	75.0	biphasic	25.0	100.0	1.0	10.0	50.0	11r_3b	11.0	3.0	bipolar		[8926.227862224265, 1641.0127597369033, 8203.443034443933]	[8919.341793336398, 1591.5191396053547, 8205.164551665901]
10449.76434050748	2.0	trials	1.0	2.0	75.0	biphasic	25.0	100.0	1.0	10.0	50.0	11r_3b	11.0	3.0	bipolar		[8926.227862224265, 1641.0127597369033, 8203.443034443933]	[8919.341793336398, 1591.5191396053547, 8205.164551665901]
10451.764342458657	2.0	trials	1.0	2.0	75.0	biphasic	25.0	100.0	1.0	10.0	50.0	11r_3b	11.0	3.0	bipolar		[8926.227862224265, 1641.0127597369033, 8203.443034443933]	[8919.341793336398, 1591.5191396053547, 8205.164551665901]
10453.7636645055	2.0	trials	1.0	2.0	75.0	biphasic	25.0	100.0	1.0	10.0	50.0	11r_3b	11.0	3.0	bipolar		[8926.227862224265, 1641.0127597369033, 8203.443034443933]	[8919.341793336398, 1591.5191396053547, 8205.164551665901]
10455.763666326598	2.0	trials	1.0	2.0	75.0	biphasic	25.0	100.0	1.0	10.0	50.0	11r_3b	11.0	3.0	bipolar		[8926.227862224265, 1641.0127597369033, 8203.443034443933]	[8919.341793336398, 1591.5191396053547, 8205.164551665901]
10457.763668147696	2.0	trials	1.0	2.0	75.0	biphasic	25.0	100.0	1.0	10.0	50.0	11r_3b	11.0	3.0	bipolar		[8926.227862224265, 1641.0127597369033, 8203.443034443933]	[8919.341793336398, 1591.5191396053547, 8205.164551665901]
10459.76435026336	2.0	trials	1.0	2.0	75.0	biphasic	25.0	100.0	1.0	10.0	50.0	11r_3b	11.0	3.0	bipolar		[8926.227862224265, 1641.0127597369033, 8203.443034443933]	[8919.341793336398, 1591.5191396053547, 8205.164551665901]
10461.764352214535	2.0	trials	1.0	2.0	75.0	biphasic	25.0	100.0	1.0	10.0	50.0	11r_3b	11.0	3.0	bipolar		[8926.227862224265, 1641.0127597369033, 8203.443034443933]	[8919.341793336398, 1591.5191396053547, 8205.164551665901]
10463.76435416571	2.0	trials	1.0	2.0	75.0	biphasic	25.0	100.0	1.0	10.0	50.0	11r_3b	11.0	3.0	bipolar		[8926.227862224265, 1641.0127597369033, 8203.443034443933]	[8919.341793336398, 1591.5191396053547, 8205.164551665901]
10465.764356116888	2.0	trials	1.0	2.0	75.0	biphasic	25.0	100.0	1.0	10.0	50.0	11r_3b	11.0	3.0	bipolar		[8926.227862224265, 1641.0127597369033, 8203.443034443933]	[8919.341793336398, 1591.5191396053547, 8205.164551665901]
10467.764358068063	2.0	trials	1.0	2.0	75.0	biphasic	25.0	100.0	1.0	10.0	50.0	11r_3b	11.0	3.0	bipolar		[8926.227862224265, 1641.0127597369033, 8203.443034443933]	[8919.341793336398, 1591.5191396053547, 8205.164551665901]
10469.76367907428	2.0	trials	1.0	2.0	75.0	biphasic	25.0	100.0	1.0	10.0	50.0	11r_3b	11.0	3.0	bipolar		[8926.227862224265, 1641.0127597369033, 8203.443034443933]	[8919.341793336398, 1591.5191396053547, 8205.164551665901]
10471.763680895376	2.0	trials	1.0	2.0	75.0	biphasic	25.0	100.0	1.0	10.0	50.0	11r_3b	11.0	3.0	bipolar		[8926.227862224265, 1641.0127597369033, 8203.443034443933]	[8919.341793336398, 1591.5191396053547, 8205.164551665901]
10473.763682716472	2.0	trials	1.0	2.0	75.0	biphasic	25.0	100.0	1.0	10.0	50.0	11r_3b	11.0	3.0	bipolar		[8926.227862224265, 1641.0127597369033, 8203.443034443933]	[8919.341793336398, 1591.5191396053547, 8205.164551665901]
10475.763684537573	2.0	trials	1.0	2.0	75.0	biphasic	25.0	100.0	1.0	10.0	50.0	11r_3b	11.0	3.0	bipolar		[8926.227862224265, 1641.0127597369033, 8203.443034443933]	[8919.341793336398, 1591.5191396053547, 8205.164551665901]
10477.764334523876	2.0	trials	1.0	2.0	75.0	biphasic	25.0	100.0	1.0	10.0	50.0	11r_3b	11.0	3.0	bipolar		[8926.227862224265, 1641.0127597369033, 8203.443034443933]	[8919.341793336398, 1591.5191396053547, 8205.164551665901]
10479.764336475051	2.0	trials	1.0	2.0	75.0	biphasic	25.0	100.0	1.0	10.0	50.0	11r_3b	11.0	3.0	bipolar		[8926.227862224265, 1641.0127597369033, 8203.443034443933]	[8919.341793336398, 1591.5191396053547, 8205.164551665901]
10481.764338426226	2.0	trials	1.0	2.0	75.0	biphasic	25.0	100.0	1.0	10.0	50.0	11r_3b	11.0	3.0	bipolar		[8926.227862224265, 1641.0127597369033, 8203.443034443933]	[8919.341793336398, 1591.5191396053547, 8205.164551665901]
10483.764340377404	2.0	trials	1.0	2.0	75.0	biphasic	25.0	100.0	1.0	10.0	50.0	11r_3b	11.0	3.0	bipolar		[8926.227862224265, 1641.0127597369033, 8203.443034443933]	[8919.341793336398, 1591.5191396053547, 8205.164551665901]
10485.763660342993	2.0	trials	1.0	2.0	75.0	biphasic	25.0	100.0	1.0	10.0	50.0	11r_3b	11.0	3.0	bipolar		[8926.227862224265, 1641.0127597369033, 8203.443034443933]	[8919.341793336398, 1591.5191396053547, 8205.164551665901]
10487.76366216409	2.0	trials	1.0	2.0	75.0	biphasic	25.0	100.0	1.0	10.0	50.0	11r_3b	11.0	3.0	bipolar		[8926.227862224265, 1641.0127597369033, 8203.443034443933]	[8919.341793336398, 1591.5191396053547, 8205.164551665901]
10489.763663985188	2.0	trials	1.0	2.0	75.0	biphasic	25.0	100.0	1.0	10.0	50.0	11r_3b	11.0	3.0	bipolar		[8926.227862224265, 1641.0127597369033, 8203.443034443933]	[8919.341793336398, 1591.5191396053547, 8205.164551665901]
10491.763665806286	2.0	trials	1.0	2.0	75.0	biphasic	25.0	100.0	1.0	10.0	50.0	11r_3b	11.0	3.0	bipolar		[8926.227862224265, 1641.0127597369033, 8203.443034443933]	[8919.341793336398, 1591.5191396053547, 8205.164551665901]
10493.76366762738	2.0	trials	1.0	2.0	75.0	biphasic	25.0	100.0	1.0	10.0	50.0	11r_3b	11.0	3.0	bipolar		[8926.227862224265, 1641.0127597369033, 8203.443034443933]	[8919.341793336398, 1591.5191396053547, 8205.164551665901]
10495.764352084458	2.0	trials	1.0	2.0	75.0	biphasic	25.0	100.0	1.0	10.0	50.0	11r_3b	11.0	3.0	bipolar		[8926.227862224265, 1641.0127597369033, 8203.443034443933]	[8919.341793336398, 1591.5191396053547, 8205.164551665901]
10497.764354035631	2.0	trials	1.0	2.0	75.0	biphasic	25.0	100.0	1.0	10.0	50.0	11r_3b	11.0	3.0	bipolar		[8926.227862224265, 1641.0127597369033, 8203.443034443933]	[8919.341793336398, 1591.5191396053547, 8205.164551665901]
10499.764355986808	2.0	trials	1.0	2.0	75.0	biphasic	25.0	100.0	1.0	10.0	50.0	11r_3b	11.0	3.0	bipolar		[8926.227862224265, 1641.0127597369033, 8203.443034443933]	[8919.341793336398, 1591.5191396053547, 8205.164551665901]
10501.763674911772	2.0	trials	1.0	2.0	75.0	biphasic	25.0	100.0	1.0	10.0	50.0	11r_3b	11.0	3.0	bipolar		[8926.227862224265, 1641.0127597369033, 8203.443034443933]	[8919.341793336398, 1591.5191396053547, 8205.164551665901]
10503.763676732868	2.0	trials	1.0	2.0	75.0	biphasic	25.0	100.0	1.0	10.0	50.0	11r_3b	11.0	3.0	bipolar		[8926.227862224265, 1641.0127597369033, 8203.443034443933]	[8919.341793336398, 1591.5191396053547, 8205.164551665901]
10505.763678553963	2.0	trials	1.0	2.0	75.0	biphasic	25.0	100.0	1.0	10.0	50.0	11r_3b	11.0	3.0	bipolar		[8926.227862224265, 1641.0127597369033, 8203.443034443933]	[8919.341793336398, 1591.5191396053547, 8205.164551665901]
10507.764330491444	2.0	trials	1.0	2.0	75.0	biphasic	25.0	100.0	1.0	10.0	50.0	11r_3b	11.0	3.0	bipolar		[8926.227862224265, 1641.0127597369033, 8203.443034443933]	[8919.341793336398, 1591.5191396053547, 8205.164551665901]
10509.76433244262	2.0	trials	1.0	2.0	75.0	biphasic	25.0	100.0	1.0	10.0	50.0	11r_3b	11.0	3.0	bipolar		[8926.227862224265, 1641.0127597369033, 8203.443034443933]	[8919.341793336398, 1591.5191396053547, 8205.164551665901]
10511.76501807049	2.0	trials	1.0	2.0	75.0	biphasic	25.0	100.0	1.0	10.0	50.0	11r_3b	11.0	3.0	bipolar		[8926.227862224265, 1641.0127597369033, 8203.443034443933]	[8919.341793336398, 1591.5191396053547, 8205.164551665901]
10513.765020151744	2.0	trials	1.0	2.0	75.0	biphasic	25.0	100.0	1.0	10.0	50.0	11r_3b	11.0	3.0	bipolar		[8926.227862224265, 1641.0127597369033, 8203.443034443933]	[8919.341793336398, 1591.5191396053547, 8205.164551665901]
10515.765022233	2.0	trials	1.0	2.0	75.0	biphasic	25.0	100.0	1.0	10.0	50.0	11r_3b	11.0	3.0	bipolar		[8926.227862224265, 1641.0127597369033, 8203.443034443933]	[8919.341793336398, 1591.5191396053547, 8205.164551665901]
10517.765024314253	2.0	trials	1.0	2.0	75.0	biphasic	25.0	100.0	1.0	10.0	50.0	11r_3b	11.0	3.0	bipolar		[8926.227862224265, 1641.0127597369033, 8203.443034443933]	[8919.341793336398, 1591.5191396053547, 8205.164551665901]
10519.765026395507	2.0	trials	1.0	2.0	75.0	biphasic	25.0	100.0	1.0	10.0	50.0	11r_3b	11.0	3.0	bipolar		[8926.227862224265, 1641.0127597369033, 8203.443034443933]	[8919.341793336398, 1591.5191396053547, 8205.164551665901]
10521.764344149677	2.0	trials	1.0	2.0	75.0	biphasic	25.0	100.0	1.0	10.0	50.0	11r_3b	11.0	3.0	bipolar		[8926.227862224265, 1641.0127597369033, 8203.443034443933]	[8919.341793336398, 1591.5191396053547, 8205.164551665901]
10523.764346100852	2.0	trials	1.0	2.0	75.0	biphasic	25.0	100.0	1.0	10.0	50.0	11r_3b	11.0	3.0	bipolar		[8926.227862224265, 1641.0127597369033, 8203.443034443933]	[8919.341793336398, 1591.5191396053547, 8205.164551665901]
10525.764348052027	2.0	trials	1.0	2.0	75.0	biphasic	25.0	100.0	1.0	10.0	50.0	11r_3b	11.0	3.0	bipolar		[8926.227862224265, 1641.0127597369033, 8203.443034443933]	[8919.341793336398, 1591.5191396053547, 8205.164551665901]
10527.764350003205	2.0	trials	1.0	2.0	75.0	biphasic	25.0	100.0	1.0	10.0	50.0	11r_3b	11.0	3.0	bipolar		[8926.227862224265, 1641.0127597369033, 8203.443034443933]	[8919.341793336398, 1591.5191396053547, 8205.164551665901]
10529.765036801778	2.0	trials	1.0	2.0	75.0	biphasic	25.0	100.0	1.0	10.0	50.0	11r_3b	11.0	3.0	bipolar		[8926.227862224265, 1641.0127597369033, 8203.443034443933]	[8919.341793336398, 1591.5191396053547, 8205.164551665901]
10531.765038883032	2.0	trials	1.0	2.0	75.0	biphasic	25.0	100.0	1.0	10.0	50.0	11r_3b	11.0	3.0	bipolar		[8926.227862224265, 1641.0127597369033, 8203.443034443933]	[8919.341793336398, 1591.5191396053547, 8205.164551665901]
10533.765040964288	2.0	trials	1.0	2.0	75.0	biphasic	25.0	100.0	1.0	10.0	50.0	11r_3b	11.0	3.0	bipolar		[8926.227862224265, 1641.0127597369033, 8203.443034443933]	[8919.341793336398, 1591.5191396053547, 8205.164551665901]
10535.76504304554	2.0	trials	1.0	2.0	75.0	biphasic	25.0	100.0	1.0	10.0	50.0	11r_3b	11.0	3.0	bipolar		[8926.227862224265, 1641.0127597369033, 8203.443034443933]	[8919.341793336398, 1591.5191396053547, 8205.164551665901]
10537.764326459015	2.0	trials	1.0	2.0	75.0	biphasic	25.0	100.0	1.0	10.0	50.0	11r_3b	11.0	3.0	bipolar		[8926.227862224265, 1641.0127597369033, 8203.443034443933]	[8919.341793336398, 1591.5191396053547, 8205.164551665901]
10539.764328410192	2.0	trials	1.0	2.0	75.0	biphasic	25.0	100.0	1.0	10.0	50.0	11r_3b	11.0	3.0	bipolar		[8926.227862224265, 1641.0127597369033, 8203.443034443933]	[8919.341793336398, 1591.5191396053547, 8205.164551665901]
10541.764330361368	2.0	trials	1.0	2.0	75.0	biphasic	25.0	100.0	1.0	10.0	50.0	11r_3b	11.0	3.0	bipolar		[8926.227862224265, 1641.0127597369033, 8203.443034443933]	[8919.341793336398, 1591.5191396053547, 8205.164551665901]
10543.764332312545	2.0	trials	1.0	2.0	75.0	biphasic	25.0	100.0	1.0	10.0	50.0	11r_3b	11.0	3.0	bipolar		[8926.227862224265, 1641.0127597369033, 8203.443034443933]	[8919.341793336398, 1591.5191396053547, 8205.164551665901]
10545.764334263718	2.0	trials	1.0	2.0	75.0	biphasic	25.0	100.0	1.0	10.0	50.0	11r_3b	11.0	3.0	bipolar		[8926.227862224265, 1641.0127597369033, 8203.443034443933]	[8919.341793336398, 1591.5191396053547, 8205.164551665901]
10547.765022233	2.0	trials	1.0	2.0	75.0	biphasic	25.0	100.0	1.0	10.0	50.0	11r_3b	11.0	3.0	bipolar		[8926.227862224265, 1641.0127597369033, 8203.443034443933]	[8919.341793336398, 1591.5191396053547, 8205.164551665901]
10549.765024314253	2.0	trials	1.0	2.0	75.0	biphasic	25.0	100.0	1.0	10.0	50.0	11r_3b	11.0	3.0	bipolar		[8926.227862224265, 1641.0127597369033, 8203.443034443933]	[8919.341793336398, 1591.5191396053547, 8205.164551665901]
10551.765026395507	2.0	trials	1.0	2.0	75.0	biphasic	25.0	100.0	1.0	10.0	50.0	11r_3b	11.0	3.0	bipolar		[8926.227862224265, 1641.0127597369033, 8203.443034443933]	[8919.341793336398, 1591.5191396053547, 8205.164551665901]
10553.764342068422	2.0	trials	1.0	2.0	75.0	biphasic	25.0	100.0	1.0	10.0	50.0	11r_3b	11.0	3.0	bipolar		[8926.227862224265, 1641.0127597369033, 8203.443034443933]	[8919.341793336398, 1591.5191396053547, 8205.164551665901]
10555.764344019595	2.0	trials	1.0	2.0	75.0	biphasic	25.0	100.0	1.0	10.0	50.0	11r_3b	11.0	3.0	bipolar		[8926.227862224265, 1641.0127597369033, 8203.443034443933]	[8919.341793336398, 1591.5191396053547, 8205.164551665901]
10557.764345970774	2.0	trials	1.0	2.0	75.0	biphasic	25.0	100.0	1.0	10.0	50.0	11r_3b	11.0	3.0	bipolar		[8926.227862224265, 1641.0127597369033, 8203.443034443933]	[8919.341793336398, 1591.5191396053547, 8205.164551665901]
10559.76434792195	2.0	trials	1.0	2.0	75.0	biphasic	25.0	100.0	1.0	10.0	50.0	11r_3b	11.0	3.0	bipolar		[8926.227862224265, 1641.0127597369033, 8203.443034443933]	[8919.341793336398, 1591.5191396053547, 8205.164551665901]
10561.764349873123	2.0	trials	1.0	2.0	75.0	biphasic	25.0	100.0	1.0	10.0	50.0	11r_3b	11.0	3.0	bipolar		[8926.227862224265, 1641.0127597369033, 8203.443034443933]	[8919.341793336398, 1591.5191396053547, 8205.164551665901]
10563.763664765658	2.0	trials	1.0	2.0	75.0	biphasic	25.0	100.0	1.0	10.0	50.0	11r_3b	11.0	3.0	bipolar		[8926.227862224265, 1641.0127597369033, 8203.443034443933]	[8919.341793336398, 1591.5191396053547, 8205.164551665901]
10580.508524003852	2.0	trials	1.0	2.0	75.0	biphasic	26.0	100.0	1.0	10.0	-100.0	11r_3b	11.0	3.0	bipolar		[8926.227862224265, 1641.0127597369033, 8203.443034443933]	[8919.341793336398, 1591.5191396053547, 8205.164551665901]
10582.507837677278	2.0	trials	1.0	2.0	75.0	biphasic	26.0	100.0	1.0	10.0	-100.0	11r_3b	11.0	3.0	bipolar		[8926.227862224265, 1641.0127597369033, 8203.443034443933]	[8919.341793336398, 1591.5191396053547, 8205.164551665901]
10584.507806198311	2.0	trials	1.0	2.0	75.0	biphasic	26.0	100.0	1.0	10.0	-100.0	11r_3b	11.0	3.0	bipolar		[8926.227862224265, 1641.0127597369033, 8203.443034443933]	[8919.341793336398, 1591.5191396053547, 8205.164551665901]
10586.507808019407	2.0	trials	1.0	2.0	75.0	biphasic	26.0	100.0	1.0	10.0	-100.0	11r_3b	11.0	3.0	bipolar		[8926.227862224265, 1641.0127597369033, 8203.443034443933]	[8919.341793336398, 1591.5191396053547, 8205.164551665901]
10588.508498508489	2.0	trials	1.0	2.0	75.0	biphasic	26.0	100.0	1.0	10.0	-100.0	11r_3b	11.0	3.0	bipolar		[8926.227862224265, 1641.0127597369033, 8203.443034443933]	[8919.341793336398, 1591.5191396053547, 8205.164551665901]
10590.508500459664	2.0	trials	1.0	2.0	75.0	biphasic	26.0	100.0	1.0	10.0	-100.0	11r_3b	11.0	3.0	bipolar		[8926.227862224265, 1641.0127597369033, 8203.443034443933]	[8919.341793336398, 1591.5191396053547, 8205.164551665901]
10592.50850241084	2.0	trials	1.0	2.0	75.0	biphasic	26.0	100.0	1.0	10.0	-100.0	11r_3b	11.0	3.0	bipolar		[8926.227862224265, 1641.0127597369033, 8203.443034443933]	[8919.341793336398, 1591.5191396053547, 8205.164551665901]
10594.508504362017	2.0	trials	1.0	2.0	75.0	biphasic	26.0	100.0	1.0	10.0	-100.0	11r_3b	11.0	3.0	bipolar		[8926.227862224265, 1641.0127597369033, 8203.443034443933]	[8919.341793336398, 1591.5191396053547, 8205.164551665901]
10596.508506313192	2.0	trials	1.0	2.0	75.0	biphasic	26.0	100.0	1.0	10.0	-100.0	11r_3b	11.0	3.0	bipolar		[8926.227862224265, 1641.0127597369033, 8203.443034443933]	[8919.341793336398, 1591.5191396053547, 8205.164551665901]
10598.507818945993	2.0	trials	1.0	2.0	75.0	biphasic	26.0	100.0	1.0	10.0	-100.0	11r_3b	11.0	3.0	bipolar		[8926.227862224265, 1641.0127597369033, 8203.443034443933]	[8919.341793336398, 1591.5191396053547, 8205.164551665901]
10600.50782076709	2.0	trials	1.0	2.0	75.0	biphasic	26.0	100.0	1.0	10.0	-100.0	11r_3b	11.0	3.0	bipolar		[8926.227862224265, 1641.0127597369033, 8203.443034443933]	[8919.341793336398, 1591.5191396053547, 8205.164551665901]
10602.507822588188	2.0	trials	1.0	2.0	75.0	biphasic	26.0	100.0	1.0	10.0	-100.0	11r_3b	11.0	3.0	bipolar		[8926.227862224265, 1641.0127597369033, 8203.443034443933]	[8919.341793336398, 1591.5191396053547, 8205.164551665901]
10604.508514117895	2.0	trials	1.0	2.0	75.0	biphasic	26.0	100.0	1.0	10.0	-100.0	11r_3b	11.0	3.0	bipolar		[8926.227862224265, 1641.0127597369033, 8203.443034443933]	[8919.341793336398, 1591.5191396053547, 8205.164551665901]
10606.50851606907	2.0	trials	1.0	2.0	75.0	biphasic	26.0	100.0	1.0	10.0	-100.0	11r_3b	11.0	3.0	bipolar		[8926.227862224265, 1641.0127597369033, 8203.443034443933]	[8919.341793336398, 1591.5191396053547, 8205.164551665901]
10608.508518020246	2.0	trials	1.0	2.0	75.0	biphasic	26.0	100.0	1.0	10.0	-100.0	11r_3b	11.0	3.0	bipolar		[8926.227862224265, 1641.0127597369033, 8203.443034443933]	[8919.341793336398, 1591.5191396053547, 8205.164551665901]
10610.50851997142	2.0	trials	1.0	2.0	75.0	biphasic	26.0	100.0	1.0	10.0	-100.0	11r_3b	11.0	3.0	bipolar		[8926.227862224265, 1641.0127597369033, 8203.443034443933]	[8919.341793336398, 1591.5191396053547, 8205.164551665901]
10612.508521922597	2.0	trials	1.0	2.0	75.0	biphasic	26.0	100.0	1.0	10.0	-100.0	11r_3b	11.0	3.0	bipolar		[8926.227862224265, 1641.0127597369033, 8203.443034443933]	[8919.341793336398, 1591.5191396053547, 8205.164551665901]
10614.507800214707	2.0	trials	1.0	2.0	75.0	biphasic	26.0	100.0	1.0	10.0	-100.0	11r_3b	11.0	3.0	bipolar		[8926.227862224265, 1641.0127597369033, 8203.443034443933]	[8919.341793336398, 1591.5191396053547, 8205.164551665901]
10616.507802035803	2.0	trials	1.0	2.0	75.0	biphasic	26.0	100.0	1.0	10.0	-100.0	11r_3b	11.0	3.0	bipolar		[8926.227862224265, 1641.0127597369033, 8203.443034443933]	[8919.341793336398, 1591.5191396053547, 8205.164551665901]
10618.507803856905	2.0	trials	1.0	2.0	75.0	biphasic	26.0	100.0	1.0	10.0	-100.0	11r_3b	11.0	3.0	bipolar		[8926.227862224265, 1641.0127597369033, 8203.443034443933]	[8919.341793336398, 1591.5191396053547, 8205.164551665901]
10620.507805677998	2.0	trials	1.0	2.0	75.0	biphasic	26.0	100.0	1.0	10.0	-100.0	11r_3b	11.0	3.0	bipolar		[8926.227862224265, 1641.0127597369033, 8203.443034443933]	[8919.341793336398, 1591.5191396053547, 8205.164551665901]
10622.50849837841	2.0	trials	1.0	2.0	75.0	biphasic	26.0	100.0	1.0	10.0	-100.0	11r_3b	11.0	3.0	bipolar		[8926.227862224265, 1641.0127597369033, 8203.443034443933]	[8919.341793336398, 1591.5191396053547, 8205.164551665901]
10624.508500329586	2.0	trials	1.0	2.0	75.0	biphasic	26.0	100.0	1.0	10.0	-100.0	11r_3b	11.0	3.0	bipolar		[8926.227862224265, 1641.0127597369033, 8203.443034443933]	[8919.341793336398, 1591.5191396053547, 8205.164551665901]
10626.508502280762	2.0	trials	1.0	2.0	75.0	biphasic	26.0	100.0	1.0	10.0	-100.0	11r_3b	11.0	3.0	bipolar		[8926.227862224265, 1641.0127597369033, 8203.443034443933]	[8919.341793336398, 1591.5191396053547, 8205.164551665901]
10628.508504231935	2.0	trials	1.0	2.0	75.0	biphasic	26.0	100.0	1.0	10.0	-100.0	11r_3b	11.0	3.0	bipolar		[8926.227862224265, 1641.0127597369033, 8203.443034443933]	[8919.341793336398, 1591.5191396053547, 8205.164551665901]
10630.507814783485	2.0	trials	1.0	2.0	75.0	biphasic	26.0	100.0	1.0	10.0	-100.0	11r_3b	11.0	3.0	bipolar		[8926.227862224265, 1641.0127597369033, 8203.443034443933]	[8919.341793336398, 1591.5191396053547, 8205.164551665901]
10632.507816604582	2.0	trials	1.0	2.0	75.0	biphasic	26.0	100.0	1.0	10.0	-100.0	11r_3b	11.0	3.0	bipolar		[8926.227862224265, 1641.0127597369033, 8203.443034443933]	[8919.341793336398, 1591.5191396053547, 8205.164551665901]
10634.50781842568	2.0	trials	1.0	2.0	75.0	biphasic	26.0	100.0	1.0	10.0	-100.0	11r_3b	11.0	3.0	bipolar		[8926.227862224265, 1641.0127597369033, 8203.443034443933]	[8919.341793336398, 1591.5191396053547, 8205.164551665901]
10636.507820246778	2.0	trials	1.0	2.0	75.0	biphasic	26.0	100.0	1.0	10.0	-100.0	11r_3b	11.0	3.0	bipolar		[8926.227862224265, 1641.0127597369033, 8203.443034443933]	[8919.341793336398, 1591.5191396053547, 8205.164551665901]
10638.507822067872	2.0	trials	1.0	2.0	75.0	biphasic	26.0	100.0	1.0	10.0	-100.0	11r_3b	11.0	3.0	bipolar		[8926.227862224265, 1641.0127597369033, 8203.443034443933]	[8919.341793336398, 1591.5191396053547, 8205.164551665901]
10640.508515938993	2.0	trials	1.0	2.0	75.0	biphasic	26.0	100.0	1.0	10.0	-100.0	11r_3b	11.0	3.0	bipolar		[8926.227862224265, 1641.0127597369033, 8203.443034443933]	[8919.341793336398, 1591.5191396053547, 8205.164551665901]
10642.508517890168	2.0	trials	1.0	2.0	75.0	biphasic	26.0	100.0	1.0	10.0	-100.0	11r_3b	11.0	3.0	bipolar		[8926.227862224265, 1641.0127597369033, 8203.443034443933]	[8919.341793336398, 1591.5191396053547, 8205.164551665901]
10644.508519841344	2.0	trials	1.0	2.0	75.0	biphasic	26.0	100.0	1.0	10.0	-100.0	11r_3b	11.0	3.0	bipolar		[8926.227862224265, 1641.0127597369033, 8203.443034443933]	[8919.341793336398, 1591.5191396053547, 8205.164551665901]
10646.5077960522	2.0	trials	1.0	2.0	75.0	biphasic	26.0	100.0	1.0	10.0	-100.0	11r_3b	11.0	3.0	bipolar		[8926.227862224265, 1641.0127597369033, 8203.443034443933]	[8919.341793336398, 1591.5191396053547, 8205.164551665901]
10648.507797873295	2.0	trials	1.0	2.0	75.0	biphasic	26.0	100.0	1.0	10.0	-100.0	11r_3b	11.0	3.0	bipolar		[8926.227862224265, 1641.0127597369033, 8203.443034443933]	[8919.341793336398, 1591.5191396053547, 8205.164551665901]
10650.507799694396	2.0	trials	1.0	2.0	75.0	biphasic	26.0	100.0	1.0	10.0	-100.0	11r_3b	11.0	3.0	bipolar		[8926.227862224265, 1641.0127597369033, 8203.443034443933]	[8919.341793336398, 1591.5191396053547, 8205.164551665901]
10652.50780151549	2.0	trials	1.0	2.0	75.0	biphasic	26.0	100.0	1.0	10.0	-100.0	11r_3b	11.0	3.0	bipolar		[8926.227862224265, 1641.0127597369033, 8203.443034443933]	[8919.341793336398, 1591.5191396053547, 8205.164551665901]
10654.507803336588	2.0	trials	1.0	2.0	75.0	biphasic	26.0	100.0	1.0	10.0	-100.0	11r_3b	11.0	3.0	bipolar		[8926.227862224265, 1641.0127597369033, 8203.443034443933]	[8919.341793336398, 1591.5191396053547, 8205.164551665901]
10656.50711206713	2.0	trials	1.0	2.0	75.0	biphasic	26.0	100.0	1.0	10.0	-100.0	11r_3b	11.0	3.0	bipolar		[8926.227862224265, 1641.0127597369033, 8203.443034443933]	[8919.341793336398, 1591.5191396053547, 8205.164551665901]
10658.508500199508	2.0	trials	1.0	2.0	75.0	biphasic	26.0	100.0	1.0	10.0	-100.0	11r_3b	11.0	3.0	bipolar		[8926.227862224265, 1641.0127597369033, 8203.443034443933]	[8919.341793336398, 1591.5191396053547, 8205.164551665901]
10660.508502150684	2.0	trials	1.0	2.0	75.0	biphasic	26.0	100.0	1.0	10.0	-100.0	11r_3b	11.0	3.0	bipolar		[8926.227862224265, 1641.0127597369033, 8203.443034443933]	[8919.341793336398, 1591.5191396053547, 8205.164551665901]
10662.507810620977	2.0	trials	1.0	2.0	75.0	biphasic	26.0	100.0	1.0	10.0	-100.0	11r_3b	11.0	3.0	bipolar		[8926.227862224265, 1641.0127597369033, 8203.443034443933]	[8919.341793336398, 1591.5191396053547, 8205.164551665901]
10664.507812442074	2.0	trials	1.0	2.0	75.0	biphasic	26.0	100.0	1.0	10.0	-100.0	11r_3b	11.0	3.0	bipolar		[8926.227862224265, 1641.0127597369033, 8203.443034443933]	[8919.341793336398, 1591.5191396053547, 8205.164551665901]
10666.507814263172	2.0	trials	1.0	2.0	75.0	biphasic	26.0	100.0	1.0	10.0	-100.0	11r_3b	11.0	3.0	bipolar		[8926.227862224265, 1641.0127597369033, 8203.443034443933]	[8919.341793336398, 1591.5191396053547, 8205.164551665901]
10668.50781608427	2.0	trials	1.0	2.0	75.0	biphasic	26.0	100.0	1.0	10.0	-100.0	11r_3b	11.0	3.0	bipolar		[8926.227862224265, 1641.0127597369033, 8203.443034443933]	[8919.341793336398, 1591.5191396053547, 8205.164551665901]
10670.507817905363	2.0	trials	1.0	2.0	75.0	biphasic	26.0	100.0	1.0	10.0	-100.0	11r_3b	11.0	3.0	bipolar		[8926.227862224265, 1641.0127597369033, 8203.443034443933]	[8919.341793336398, 1591.5191396053547, 8205.164551665901]
10672.50712559528	2.0	trials	1.0	2.0	75.0	biphasic	26.0	100.0	1.0	10.0	-100.0	11r_3b	11.0	3.0	bipolar		[8926.227862224265, 1641.0127597369033, 8203.443034443933]	[8919.341793336398, 1591.5191396053547, 8205.164551665901]
10674.5071272863	2.0	trials	1.0	2.0	75.0	biphasic	26.0	100.0	1.0	10.0	-100.0	11r_3b	11.0	3.0	bipolar		[8926.227862224265, 1641.0127597369033, 8203.443034443933]	[8919.341793336398, 1591.5191396053547, 8205.164551665901]
10676.508484460024	2.0	trials	1.0	2.0	75.0	biphasic	26.0	100.0	1.0	10.0	-100.0	11r_3b	11.0	3.0	bipolar		[8926.227862224265, 1641.0127597369033, 8203.443034443933]	[8919.341793336398, 1591.5191396053547, 8205.164551665901]
10678.507791889691	2.0	trials	1.0	2.0	75.0	biphasic	26.0	100.0	1.0	10.0	-100.0	11r_3b	11.0	3.0	bipolar		[8926.227862224265, 1641.0127597369033, 8203.443034443933]	[8919.341793336398, 1591.5191396053547, 8205.164551665901]
10680.507793710787	2.0	trials	1.0	2.0	75.0	biphasic	26.0	100.0	1.0	10.0	-100.0	11r_3b	11.0	3.0	bipolar		[8926.227862224265, 1641.0127597369033, 8203.443034443933]	[8919.341793336398, 1591.5191396053547, 8205.164551665901]
10682.507795531888	2.0	trials	1.0	2.0	75.0	biphasic	26.0	100.0	1.0	10.0	-100.0	11r_3b	11.0	3.0	bipolar		[8926.227862224265, 1641.0127597369033, 8203.443034443933]	[8919.341793336398, 1591.5191396053547, 8205.164551665901]
10684.507797352982	2.0	trials	1.0	2.0	75.0	biphasic	26.0	100.0	1.0	10.0	-100.0	11r_3b	11.0	3.0	bipolar		[8926.227862224265, 1641.0127597369033, 8203.443034443933]	[8919.341793336398, 1591.5191396053547, 8205.164551665901]
10686.50779917408	2.0	trials	1.0	2.0	75.0	biphasic	26.0	100.0	1.0	10.0	-100.0	11r_3b	11.0	3.0	bipolar		[8926.227862224265, 1641.0127597369033, 8203.443034443933]	[8919.341793336398, 1591.5191396053547, 8205.164551665901]
10688.507105823368	2.0	trials	1.0	2.0	75.0	biphasic	26.0	100.0	1.0	10.0	-100.0	11r_3b	11.0	3.0	bipolar		[8926.227862224265, 1641.0127597369033, 8203.443034443933]	[8919.341793336398, 1591.5191396053547, 8205.164551665901]
10690.507107514386	2.0	trials	1.0	2.0	75.0	biphasic	26.0	100.0	1.0	10.0	-100.0	11r_3b	11.0	3.0	bipolar		[8926.227862224265, 1641.0127597369033, 8203.443034443933]	[8919.341793336398, 1591.5191396053547, 8205.164551665901]
10692.507804637373	2.0	trials	1.0	2.0	75.0	biphasic	26.0	100.0	1.0	10.0	-100.0	11r_3b	11.0	3.0	bipolar		[8926.227862224265, 1641.0127597369033, 8203.443034443933]	[8919.341793336398, 1591.5191396053547, 8205.164551665901]
10694.507806458469	2.0	trials	1.0	2.0	75.0	biphasic	26.0	100.0	1.0	10.0	-100.0	11r_3b	11.0	3.0	bipolar		[8926.227862224265, 1641.0127597369033, 8203.443034443933]	[8919.341793336398, 1591.5191396053547, 8205.164551665901]
10696.509199664086	2.0	trials	1.0	2.0	75.0	biphasic	26.0	100.0	1.0	10.0	-100.0	11r_3b	11.0	3.0	bipolar		[8926.227862224265, 1641.0127597369033, 8203.443034443933]	[8919.341793336398, 1591.5191396053547, 8205.164551665901]
10698.508505922957	2.0	trials	1.0	2.0	75.0	biphasic	26.0	100.0	1.0	10.0	-100.0	11r_3b	11.0	3.0	bipolar		[8926.227862224265, 1641.0127597369033, 8203.443034443933]	[8919.341793336398, 1591.5191396053547, 8205.164551665901]
10700.508507874132	2.0	trials	1.0	2.0	75.0	biphasic	26.0	100.0	1.0	10.0	-100.0	11r_3b	11.0	3.0	bipolar		[8926.227862224265, 1641.0127597369033, 8203.443034443933]	[8919.341793336398, 1591.5191396053547, 8205.164551665901]
10702.508509825308	2.0	trials	1.0	2.0	75.0	biphasic	26.0	100.0	1.0	10.0	-100.0	11r_3b	11.0	3.0	bipolar		[8926.227862224265, 1641.0127597369033, 8203.443034443933]	[8919.341793336398, 1591.5191396053547, 8205.164551665901]
10704.508511776485	2.0	trials	1.0	2.0	75.0	biphasic	26.0	100.0	1.0	10.0	-100.0	11r_3b	11.0	3.0	bipolar		[8926.227862224265, 1641.0127597369033, 8203.443034443933]	[8919.341793336398, 1591.5191396053547, 8205.164551665901]
10706.508480427594	2.0	trials	1.0	2.0	75.0	biphasic	26.0	100.0	1.0	10.0	-100.0	11r_3b	11.0	3.0	bipolar		[8926.227862224265, 1641.0127597369033, 8203.443034443933]	[8919.341793336398, 1591.5191396053547, 8205.164551665901]
10708.507785906086	2.0	trials	1.0	2.0	75.0	biphasic	26.0	100.0	1.0	10.0	-100.0	11r_3b	11.0	3.0	bipolar		[8926.227862224265, 1641.0127597369033, 8203.443034443933]	[8919.341793336398, 1591.5191396053547, 8205.164551665901]
10710.507787727183	2.0	trials	1.0	2.0	75.0	biphasic	26.0	100.0	1.0	10.0	-100.0	11r_3b	11.0	3.0	bipolar		[8926.227862224265, 1641.0127597369033, 8203.443034443933]	[8919.341793336398, 1591.5191396053547, 8205.164551665901]
10712.509183014052	2.0	trials	1.0	2.0	75.0	biphasic	26.0	100.0	1.0	10.0	-100.0	11r_3b	11.0	3.0	bipolar		[8926.227862224265, 1641.0127597369033, 8203.443034443933]	[8919.341793336398, 1591.5191396053547, 8205.164551665901]
10714.508488232295	2.0	trials	1.0	2.0	75.0	biphasic	26.0	100.0	1.0	10.0	-100.0	11r_3b	11.0	3.0	bipolar		[8926.227862224265, 1641.0127597369033, 8203.443034443933]	[8919.341793336398, 1591.5191396053547, 8205.164551665901]
10716.508490183473	2.0	trials	1.0	2.0	75.0	biphasic	26.0	100.0	1.0	10.0	-100.0	11r_3b	11.0	3.0	bipolar		[8926.227862224265, 1641.0127597369033, 8203.443034443933]	[8919.341793336398, 1591.5191396053547, 8205.164551665901]
10718.508492134648	2.0	trials	1.0	2.0	75.0	biphasic	26.0	100.0	1.0	10.0	-100.0	11r_3b	11.0	3.0	bipolar		[8926.227862224265, 1641.0127597369033, 8203.443034443933]	[8919.341793336398, 1591.5191396053547, 8205.164551665901]
10720.508494085823	2.0	trials	1.0	2.0	75.0	biphasic	26.0	100.0	1.0	10.0	-100.0	11r_3b	11.0	3.0	bipolar		[8926.227862224265, 1641.0127597369033, 8203.443034443933]	[8919.341793336398, 1591.5191396053547, 8205.164551665901]
10722.508496037	2.0	trials	1.0	2.0	75.0	biphasic	26.0	100.0	1.0	10.0	-100.0	11r_3b	11.0	3.0	bipolar		[8926.227862224265, 1641.0127597369033, 8203.443034443933]	[8919.341793336398, 1591.5191396053547, 8205.164551665901]
10724.507800474865	2.0	trials	1.0	2.0	75.0	biphasic	26.0	100.0	1.0	10.0	-100.0	11r_3b	11.0	3.0	bipolar		[8926.227862224265, 1641.0127597369033, 8203.443034443933]	[8919.341793336398, 1591.5191396053547, 8205.164551665901]
10726.50780229596	2.0	trials	1.0	2.0	75.0	biphasic	26.0	100.0	1.0	10.0	-100.0	11r_3b	11.0	3.0	bipolar		[8926.227862224265, 1641.0127597369033, 8203.443034443933]	[8919.341793336398, 1591.5191396053547, 8205.164551665901]
10728.507804117058	2.0	trials	1.0	2.0	75.0	biphasic	26.0	100.0	1.0	10.0	-100.0	11r_3b	11.0	3.0	bipolar		[8926.227862224265, 1641.0127597369033, 8203.443034443933]	[8919.341793336398, 1591.5191396053547, 8205.164551665901]
10759.63983429315	2.0	trials	1.0	2.0	75.0	biphasic	27.0	100.0	1.0	10.0	100.0	11r_3b	11.0	3.0	bipolar		[8926.227862224265, 1641.0127597369033, 8203.443034443933]	[8919.341793336398, 1591.5191396053547, 8205.164551665901]
10761.639836244323	2.0	trials	1.0	2.0	75.0	biphasic	27.0	100.0	1.0	10.0	100.0	11r_3b	11.0	3.0	bipolar		[8926.227862224265, 1641.0127597369033, 8203.443034443933]	[8919.341793336398, 1591.5191396053547, 8205.164551665901]
10763.6398381955	2.0	trials	1.0	2.0	75.0	biphasic	27.0	100.0	1.0	10.0	100.0	11r_3b	11.0	3.0	bipolar		[8926.227862224265, 1641.0127597369033, 8203.443034443933]	[8919.341793336398, 1591.5191396053547, 8205.164551665901]
10765.639840146676	2.0	trials	1.0	2.0	75.0	biphasic	27.0	100.0	1.0	10.0	100.0	11r_3b	11.0	3.0	bipolar		[8926.227862224265, 1641.0127597369033, 8203.443034443933]	[8919.341793336398, 1591.5191396053547, 8205.164551665901]
10767.639141779311	2.0	trials	1.0	2.0	75.0	biphasic	27.0	100.0	1.0	10.0	100.0	11r_3b	11.0	3.0	bipolar		[8926.227862224265, 1641.0127597369033, 8203.443034443933]	[8919.341793336398, 1591.5191396053547, 8205.164551665901]
10769.63914360041	2.0	trials	1.0	2.0	75.0	biphasic	27.0	100.0	1.0	10.0	100.0	11r_3b	11.0	3.0	bipolar		[8926.227862224265, 1641.0127597369033, 8203.443034443933]	[8919.341793336398, 1591.5191396053547, 8205.164551665901]
10771.639145421508	2.0	trials	1.0	2.0	75.0	biphasic	27.0	100.0	1.0	10.0	100.0	11r_3b	11.0	3.0	bipolar		[8926.227862224265, 1641.0127597369033, 8203.443034443933]	[8919.341793336398, 1591.5191396053547, 8205.164551665901]
10773.639147242606	2.0	trials	1.0	2.0	75.0	biphasic	27.0	100.0	1.0	10.0	100.0	11r_3b	11.0	3.0	bipolar		[8926.227862224265, 1641.0127597369033, 8203.443034443933]	[8919.341793336398, 1591.5191396053547, 8205.164551665901]
10775.63911576364	2.0	trials	1.0	2.0	75.0	biphasic	27.0	100.0	1.0	10.0	100.0	11r_3b	11.0	3.0	bipolar		[8926.227862224265, 1641.0127597369033, 8203.443034443933]	[8919.341793336398, 1591.5191396053547, 8205.164551665901]
10777.639818553664	2.0	trials	1.0	2.0	75.0	biphasic	27.0	100.0	1.0	10.0	100.0	11r_3b	11.0	3.0	bipolar		[8926.227862224265, 1641.0127597369033, 8203.443034443933]	[8919.341793336398, 1591.5191396053547, 8205.164551665901]
10779.63982050484	2.0	trials	1.0	2.0	75.0	biphasic	27.0	100.0	1.0	10.0	100.0	11r_3b	11.0	3.0	bipolar		[8926.227862224265, 1641.0127597369033, 8203.443034443933]	[8919.341793336398, 1591.5191396053547, 8205.164551665901]
10781.639822456016	2.0	trials	1.0	2.0	75.0	biphasic	27.0	100.0	1.0	10.0	100.0	11r_3b	11.0	3.0	bipolar		[8926.227862224265, 1641.0127597369033, 8203.443034443933]	[8919.341793336398, 1591.5191396053547, 8205.164551665901]
10783.639123048028	2.0	trials	1.0	2.0	75.0	biphasic	27.0	100.0	1.0	10.0	100.0	11r_3b	11.0	3.0	bipolar		[8926.227862224265, 1641.0127597369033, 8203.443034443933]	[8919.341793336398, 1591.5191396053547, 8205.164551665901]
10785.639124869123	2.0	trials	1.0	2.0	75.0	biphasic	27.0	100.0	1.0	10.0	100.0	11r_3b	11.0	3.0	bipolar		[8926.227862224265, 1641.0127597369033, 8203.443034443933]	[8919.341793336398, 1591.5191396053547, 8205.164551665901]
10787.639126690225	2.0	trials	1.0	2.0	75.0	biphasic	27.0	100.0	1.0	10.0	100.0	11r_3b	11.0	3.0	bipolar		[8926.227862224265, 1641.0127597369033, 8203.443034443933]	[8919.341793336398, 1591.5191396053547, 8205.164551665901]
10789.63912851132	2.0	trials	1.0	2.0	75.0	biphasic	27.0	100.0	1.0	10.0	100.0	11r_3b	11.0	3.0	bipolar		[8926.227862224265, 1641.0127597369033, 8203.443034443933]	[8919.341793336398, 1591.5191396053547, 8205.164551665901]
10791.639130332416	2.0	trials	1.0	2.0	75.0	biphasic	27.0	100.0	1.0	10.0	100.0	11r_3b	11.0	3.0	bipolar		[8926.227862224265, 1641.0127597369033, 8203.443034443933]	[8919.341793336398, 1591.5191396053547, 8205.164551665901]
10793.638430144048	2.0	trials	1.0	2.0	75.0	biphasic	27.0	100.0	1.0	10.0	100.0	11r_3b	11.0	3.0	bipolar		[8926.227862224265, 1641.0127597369033, 8203.443034443933]	[8919.341793336398, 1591.5191396053547, 8205.164551665901]
10795.640538253974	2.0	trials	1.0	2.0	75.0	biphasic	27.0	100.0	1.0	10.0	100.0	11r_3b	11.0	3.0	bipolar		[8926.227862224265, 1641.0127597369033, 8203.443034443933]	[8919.341793336398, 1591.5191396053547, 8205.164551665901]
10797.639135795707	2.0	trials	1.0	2.0	75.0	biphasic	27.0	100.0	1.0	10.0	100.0	11r_3b	11.0	3.0	bipolar		[8926.227862224265, 1641.0127597369033, 8203.443034443933]	[8919.341793336398, 1591.5191396053547, 8205.164551665901]
10799.639840016598	2.0	trials	1.0	2.0	75.0	biphasic	27.0	100.0	1.0	10.0	100.0	11r_3b	11.0	3.0	bipolar		[8926.227862224265, 1641.0127597369033, 8203.443034443933]	[8919.341793336398, 1591.5191396053547, 8205.164551665901]
10801.640544497735	2.0	trials	1.0	2.0	75.0	biphasic	27.0	100.0	1.0	10.0	100.0	11r_3b	11.0	3.0	bipolar		[8926.227862224265, 1641.0127597369033, 8203.443034443933]	[8919.341793336398, 1591.5191396053547, 8205.164551665901]
10803.639843918949	2.0	trials	1.0	2.0	75.0	biphasic	27.0	100.0	1.0	10.0	100.0	11r_3b	11.0	3.0	bipolar		[8926.227862224265, 1641.0127597369033, 8203.443034443933]	[8919.341793336398, 1591.5191396053547, 8205.164551665901]
10805.63981257006	2.0	trials	1.0	2.0	75.0	biphasic	27.0	100.0	1.0	10.0	100.0	11r_3b	11.0	3.0	bipolar		[8926.227862224265, 1641.0127597369033, 8203.443034443933]	[8919.341793336398, 1591.5191396053547, 8205.164551665901]
10807.639814521235	2.0	trials	1.0	2.0	75.0	biphasic	27.0	100.0	1.0	10.0	100.0	11r_3b	11.0	3.0	bipolar		[8926.227862224265, 1641.0127597369033, 8203.443034443933]	[8919.341793336398, 1591.5191396053547, 8205.164551665901]
10809.63981647241	2.0	trials	1.0	2.0	75.0	biphasic	27.0	100.0	1.0	10.0	100.0	11r_3b	11.0	3.0	bipolar		[8926.227862224265, 1641.0127597369033, 8203.443034443933]	[8919.341793336398, 1591.5191396053547, 8205.164551665901]
10811.639818423586	2.0	trials	1.0	2.0	75.0	biphasic	27.0	100.0	1.0	10.0	100.0	11r_3b	11.0	3.0	bipolar		[8926.227862224265, 1641.0127597369033, 8203.443034443933]	[8919.341793336398, 1591.5191396053547, 8205.164551665901]
10813.640523685192	2.0	trials	1.0	2.0	75.0	biphasic	27.0	100.0	1.0	10.0	100.0	11r_3b	11.0	3.0	bipolar		[8926.227862224265, 1641.0127597369033, 8203.443034443933]	[8919.341793336398, 1591.5191396053547, 8205.164551665901]
10815.640525766448	2.0	trials	1.0	2.0	75.0	biphasic	27.0	100.0	1.0	10.0	100.0	11r_3b	11.0	3.0	bipolar		[8926.227862224265, 1641.0127597369033, 8203.443034443933]	[8919.341793336398, 1591.5191396053547, 8205.164551665901]
10817.639824277114	2.0	trials	1.0	2.0	75.0	biphasic	27.0	100.0	1.0	10.0	100.0	11r_3b	11.0	3.0	bipolar		[8926.227862224265, 1641.0127597369033, 8203.443034443933]	[8919.341793336398, 1591.5191396053547, 8205.164551665901]
10819.63982622829	2.0	trials	1.0	2.0	75.0	biphasic	27.0	100.0	1.0	10.0	100.0	11r_3b	11.0	3.0	bipolar		[8926.227862224265, 1641.0127597369033, 8203.443034443933]	[8919.341793336398, 1591.5191396053547, 8205.164551665901]
10821.639828179465	2.0	trials	1.0	2.0	75.0	biphasic	27.0	100.0	1.0	10.0	100.0	11r_3b	11.0	3.0	bipolar		[8926.227862224265, 1641.0127597369033, 8203.443034443933]	[8919.341793336398, 1591.5191396053547, 8205.164551665901]
10823.639830130642	2.0	trials	1.0	2.0	75.0	biphasic	27.0	100.0	1.0	10.0	100.0	11r_3b	11.0	3.0	bipolar		[8926.227862224265, 1641.0127597369033, 8203.443034443933]	[8919.341793336398, 1591.5191396053547, 8205.164551665901]
10825.639832081815	2.0	trials	1.0	2.0	75.0	biphasic	27.0	100.0	1.0	10.0	100.0	11r_3b	11.0	3.0	bipolar		[8926.227862224265, 1641.0127597369033, 8203.443034443933]	[8919.341793336398, 1591.5191396053547, 8205.164551665901]
10827.639834032992	2.0	trials	1.0	2.0	75.0	biphasic	27.0	100.0	1.0	10.0	100.0	11r_3b	11.0	3.0	bipolar		[8926.227862224265, 1641.0127597369033, 8203.443034443933]	[8919.341793336398, 1591.5191396053547, 8205.164551665901]
10829.6391316332	2.0	trials	1.0	2.0	75.0	biphasic	27.0	100.0	1.0	10.0	100.0	11r_3b	11.0	3.0	bipolar		[8926.227862224265, 1641.0127597369033, 8203.443034443933]	[8919.341793336398, 1591.5191396053547, 8205.164551665901]
10831.640542416482	2.0	trials	1.0	2.0	75.0	biphasic	27.0	100.0	1.0	10.0	100.0	11r_3b	11.0	3.0	bipolar		[8926.227862224265, 1641.0127597369033, 8203.443034443933]	[8919.341793336398, 1591.5191396053547, 8205.164551665901]
10833.63983988652	2.0	trials	1.0	2.0	75.0	biphasic	27.0	100.0	1.0	10.0	100.0	11r_3b	11.0	3.0	bipolar		[8926.227862224265, 1641.0127597369033, 8203.443034443933]	[8919.341793336398, 1591.5191396053547, 8205.164551665901]
10835.63980853763	2.0	trials	1.0	2.0	75.0	biphasic	27.0	100.0	1.0	10.0	100.0	11r_3b	11.0	3.0	bipolar		[8926.227862224265, 1641.0127597369033, 8203.443034443933]	[8919.341793336398, 1591.5191396053547, 8205.164551665901]
10837.639810488805	2.0	trials	1.0	2.0	75.0	biphasic	27.0	100.0	1.0	10.0	100.0	11r_3b	11.0	3.0	bipolar		[8926.227862224265, 1641.0127597369033, 8203.443034443933]	[8919.341793336398, 1591.5191396053547, 8205.164551665901]
10839.63981243998	2.0	trials	1.0	2.0	75.0	biphasic	27.0	100.0	1.0	10.0	100.0	11r_3b	11.0	3.0	bipolar		[8926.227862224265, 1641.0127597369033, 8203.443034443933]	[8919.341793336398, 1591.5191396053547, 8205.164551665901]
10841.639814391156	2.0	trials	1.0	2.0	75.0	biphasic	27.0	100.0	1.0	10.0	100.0	11r_3b	11.0	3.0	bipolar		[8926.227862224265, 1641.0127597369033, 8203.443034443933]	[8919.341793336398, 1591.5191396053547, 8205.164551665901]
10843.639816342333	2.0	trials	1.0	2.0	75.0	biphasic	27.0	100.0	1.0	10.0	100.0	11r_3b	11.0	3.0	bipolar		[8926.227862224265, 1641.0127597369033, 8203.443034443933]	[8919.341793336398, 1591.5191396053547, 8205.164551665901]
10845.639112901914	2.0	trials	1.0	2.0	75.0	biphasic	27.0	100.0	1.0	10.0	100.0	11r_3b	11.0	3.0	bipolar		[8926.227862224265, 1641.0127597369033, 8203.443034443933]	[8919.341793336398, 1591.5191396053547, 8205.164551665901]
10847.640525766448	2.0	trials	1.0	2.0	75.0	biphasic	27.0	100.0	1.0	10.0	100.0	11r_3b	11.0	3.0	bipolar		[8926.227862224265, 1641.0127597369033, 8203.443034443933]	[8919.341793336398, 1591.5191396053547, 8205.164551665901]
10849.63982219586	2.0	trials	1.0	2.0	75.0	biphasic	27.0	100.0	1.0	10.0	100.0	11r_3b	11.0	3.0	bipolar		[8926.227862224265, 1641.0127597369033, 8203.443034443933]	[8919.341793336398, 1591.5191396053547, 8205.164551665901]
10851.639824147036	2.0	trials	1.0	2.0	75.0	biphasic	27.0	100.0	1.0	10.0	100.0	11r_3b	11.0	3.0	bipolar		[8926.227862224265, 1641.0127597369033, 8203.443034443933]	[8919.341793336398, 1591.5191396053547, 8205.164551665901]
10853.639826098211	2.0	trials	1.0	2.0	75.0	biphasic	27.0	100.0	1.0	10.0	100.0	11r_3b	11.0	3.0	bipolar		[8926.227862224265, 1641.0127597369033, 8203.443034443933]	[8919.341793336398, 1591.5191396053547, 8205.164551665901]
10855.639828049389	2.0	trials	1.0	2.0	75.0	biphasic	27.0	100.0	1.0	10.0	100.0	11r_3b	11.0	3.0	bipolar		[8926.227862224265, 1641.0127597369033, 8203.443034443933]	[8919.341793336398, 1591.5191396053547, 8205.164551665901]
10857.639830000562	2.0	trials	1.0	2.0	75.0	biphasic	27.0	100.0	1.0	10.0	100.0	11r_3b	11.0	3.0	bipolar		[8926.227862224265, 1641.0127597369033, 8203.443034443933]	[8919.341793336398, 1591.5191396053547, 8205.164551665901]
10859.639125649595	2.0	trials	1.0	2.0	75.0	biphasic	27.0	100.0	1.0	10.0	100.0	11r_3b	11.0	3.0	bipolar		[8926.227862224265, 1641.0127597369033, 8203.443034443933]	[8919.341793336398, 1591.5191396053547, 8205.164551665901]
10861.639127470691	2.0	trials	1.0	2.0	75.0	biphasic	27.0	100.0	1.0	10.0	100.0	11r_3b	11.0	3.0	bipolar		[8926.227862224265, 1641.0127597369033, 8203.443034443933]	[8919.341793336398, 1591.5191396053547, 8205.164551665901]
10863.639129291789	2.0	trials	1.0	2.0	75.0	biphasic	27.0	100.0	1.0	10.0	100.0	11r_3b	11.0	3.0	bipolar		[8926.227862224265, 1641.0127597369033, 8203.443034443933]	[8919.341793336398, 1591.5191396053547, 8205.164551665901]
10865.6398045052	2.0	trials	1.0	2.0	75.0	biphasic	27.0	100.0	1.0	10.0	100.0	11r_3b	11.0	3.0	bipolar		[8926.227862224265, 1641.0127597369033, 8203.443034443933]	[8919.341793336398, 1591.5191396053547, 8205.164551665901]
10867.639806456376	2.0	trials	1.0	2.0	75.0	biphasic	27.0	100.0	1.0	10.0	100.0	11r_3b	11.0	3.0	bipolar		[8926.227862224265, 1641.0127597369033, 8203.443034443933]	[8919.341793336398, 1591.5191396053547, 8205.164551665901]
10869.639808407552	2.0	trials	1.0	2.0	75.0	biphasic	27.0	100.0	1.0	10.0	100.0	11r_3b	11.0	3.0	bipolar		[8926.227862224265, 1641.0127597369033, 8203.443034443933]	[8919.341793336398, 1591.5191396053547, 8205.164551665901]
10871.639810358727	2.0	trials	1.0	2.0	75.0	biphasic	27.0	100.0	1.0	10.0	100.0	11r_3b	11.0	3.0	bipolar		[8926.227862224265, 1641.0127597369033, 8203.443034443933]	[8919.341793336398, 1591.5191396053547, 8205.164551665901]
10873.639812309902	2.0	trials	1.0	2.0	75.0	biphasic	27.0	100.0	1.0	10.0	100.0	11r_3b	11.0	3.0	bipolar		[8926.227862224265, 1641.0127597369033, 8203.443034443933]	[8919.341793336398, 1591.5191396053547, 8205.164551665901]
10875.63910691831	2.0	trials	1.0	2.0	75.0	biphasic	27.0	100.0	1.0	10.0	100.0	11r_3b	11.0	3.0	bipolar		[8926.227862224265, 1641.0127597369033, 8203.443034443933]	[8919.341793336398, 1591.5191396053547, 8205.164551665901]
10877.639108739406	2.0	trials	1.0	2.0	75.0	biphasic	27.0	100.0	1.0	10.0	100.0	11r_3b	11.0	3.0	bipolar		[8926.227862224265, 1641.0127597369033, 8203.443034443933]	[8919.341793336398, 1591.5191396053547, 8205.164551665901]
10879.639110560503	2.0	trials	1.0	2.0	75.0	biphasic	27.0	100.0	1.0	10.0	100.0	11r_3b	11.0	3.0	bipolar		[8926.227862224265, 1641.0127597369033, 8203.443034443933]	[8919.341793336398, 1591.5191396053547, 8205.164551665901]
10881.6391123816	2.0	trials	1.0	2.0	75.0	biphasic	27.0	100.0	1.0	10.0	100.0	11r_3b	11.0	3.0	bipolar		[8926.227862224265, 1641.0127597369033, 8203.443034443933]	[8919.341793336398, 1591.5191396053547, 8205.164551665901]
10883.63982206578	2.0	trials	1.0	2.0	75.0	biphasic	27.0	100.0	1.0	10.0	100.0	11r_3b	11.0	3.0	bipolar		[8926.227862224265, 1641.0127597369033, 8203.443034443933]	[8919.341793336398, 1591.5191396053547, 8205.164551665901]
10885.639824016956	2.0	trials	1.0	2.0	75.0	biphasic	27.0	100.0	1.0	10.0	100.0	11r_3b	11.0	3.0	bipolar		[8926.227862224265, 1641.0127597369033, 8203.443034443933]	[8919.341793336398, 1591.5191396053547, 8205.164551665901]
10887.639825968132	2.0	trials	1.0	2.0	75.0	biphasic	27.0	100.0	1.0	10.0	100.0	11r_3b	11.0	3.0	bipolar		[8926.227862224265, 1641.0127597369033, 8203.443034443933]	[8919.341793336398, 1591.5191396053547, 8205.164551665901]
10889.63911966599	2.0	trials	1.0	2.0	75.0	biphasic	27.0	100.0	1.0	10.0	100.0	11r_3b	11.0	3.0	bipolar		[8926.227862224265, 1641.0127597369033, 8203.443034443933]	[8919.341793336398, 1591.5191396053547, 8205.164551665901]
10891.639121487087	2.0	trials	1.0	2.0	75.0	biphasic	27.0	100.0	1.0	10.0	100.0	11r_3b	11.0	3.0	bipolar		[8926.227862224265, 1641.0127597369033, 8203.443034443933]	[8919.341793336398, 1591.5191396053547, 8205.164551665901]
10893.639123308183	2.0	trials	1.0	2.0	75.0	biphasic	27.0	100.0	1.0	10.0	100.0	11r_3b	11.0	3.0	bipolar		[8926.227862224265, 1641.0127597369033, 8203.443034443933]	[8919.341793336398, 1591.5191396053547, 8205.164551665901]
10895.639125129284	2.0	trials	1.0	2.0	75.0	biphasic	27.0	100.0	1.0	10.0	100.0	11r_3b	11.0	3.0	bipolar		[8926.227862224265, 1641.0127597369033, 8203.443034443933]	[8919.341793336398, 1591.5191396053547, 8205.164551665901]
10897.639802423946	2.0	trials	1.0	2.0	75.0	biphasic	27.0	100.0	1.0	10.0	100.0	11r_3b	11.0	3.0	bipolar		[8926.227862224265, 1641.0127597369033, 8203.443034443933]	[8919.341793336398, 1591.5191396053547, 8205.164551665901]
10899.639095471412	2.0	trials	1.0	2.0	75.0	biphasic	27.0	100.0	1.0	10.0	100.0	11r_3b	11.0	3.0	bipolar		[8926.227862224265, 1641.0127597369033, 8203.443034443933]	[8919.341793336398, 1591.5191396053547, 8205.164551665901]
10901.639806326297	2.0	trials	1.0	2.0	75.0	biphasic	27.0	100.0	1.0	10.0	100.0	11r_3b	11.0	3.0	bipolar		[8926.227862224265, 1641.0127597369033, 8203.443034443933]	[8919.341793336398, 1591.5191396053547, 8205.164551665901]
10903.639808277472	2.0	trials	1.0	2.0	75.0	biphasic	27.0	100.0	1.0	10.0	100.0	11r_3b	11.0	3.0	bipolar		[8926.227862224265, 1641.0127597369033, 8203.443034443933]	[8919.341793336398, 1591.5191396053547, 8205.164551665901]
10905.639100934704	2.0	trials	1.0	2.0	75.0	biphasic	27.0	100.0	1.0	10.0	100.0	11r_3b	11.0	3.0	bipolar		[8926.227862224265, 1641.0127597369033, 8203.443034443933]	[8919.341793336398, 1591.5191396053547, 8205.164551665901]
10907.639102755802	2.0	trials	1.0	2.0	75.0	biphasic	27.0	100.0	1.0	10.0	100.0	11r_3b	11.0	3.0	bipolar		[8926.227862224265, 1641.0127597369033, 8203.443034443933]	[8919.341793336398, 1591.5191396053547, 8205.164551665901]
