onset	duration	nwb_table	train_duration	train_period	train_quantity	waveform_shape	run	pulse_duration	pulse_number	event_period	amplitude	contacts	contact_negative	contact_positive	polarity	notes	contact_negative_coord	contact_positive_coord
6049.042463575283	2386.09047547938	epochs																
6049.042463575283	2.0	trials	1.0	2.0	75.0	biphasic	0.0	100.0	1.0	10.0	-5.0	16r	16.0	0.0	monopolar		[842.8 128.8 330.3]	[0 0 0]
6051.042289365897	2.0	trials	1.0	2.0	75.0	biphasic	0.0	100.0	1.0	10.0	-5.0	16r	16.0	0.0	monopolar		[842.8 128.8 330.3]	[0 0 0]
6053.042296520227	2.0	trials	1.0	2.0	75.0	biphasic	0.0	100.0	1.0	10.0	-5.0	16r	16.0	0.0	monopolar		[842.8 128.8 330.3]	[0 0 0]
6055.042303674556	2.0	trials	1.0	2.0	75.0	biphasic	0.0	100.0	1.0	10.0	-5.0	16r	16.0	0.0	monopolar		[842.8 128.8 330.3]	[0 0 0]
6057.042310828886	2.0	trials	1.0	2.0	75.0	biphasic	0.0	100.0	1.0	10.0	-5.0	16r	16.0	0.0	monopolar		[842.8 128.8 330.3]	[0 0 0]
6059.042317983216	2.0	trials	1.0	2.0	75.0	biphasic	0.0	100.0	1.0	10.0	-5.0	16r	16.0	0.0	monopolar		[842.8 128.8 330.3]	[0 0 0]
6061.042142993378	2.0	trials	1.0	2.0	75.0	biphasic	0.0	100.0	1.0	10.0	-5.0	16r	16.0	0.0	monopolar		[842.8 128.8 330.3]	[0 0 0]
6063.042332291875	2.0	trials	1.0	2.0	75.0	biphasic	0.0	100.0	1.0	10.0	-5.0	16r	16.0	0.0	monopolar		[842.8 128.8 330.3]	[0 0 0]
6065.042339446205	2.0	trials	1.0	2.0	75.0	biphasic	0.0	100.0	1.0	10.0	-5.0	16r	16.0	0.0	monopolar		[842.8 128.8 330.3]	[0 0 0]
6067.04213076598	2.0	trials	1.0	2.0	75.0	biphasic	0.0	100.0	1.0	10.0	-5.0	16r	16.0	0.0	monopolar		[842.8 128.8 330.3]	[0 0 0]
6069.042137790229	2.0	trials	1.0	2.0	75.0	biphasic	0.0	100.0	1.0	10.0	-5.0	16r	16.0	0.0	monopolar		[842.8 128.8 330.3]	[0 0 0]
6071.042144814481	2.0	trials	1.0	2.0	75.0	biphasic	0.0	100.0	1.0	10.0	-5.0	16r	16.0	0.0	monopolar		[842.8 128.8 330.3]	[0 0 0]
6073.0423347633705	2.0	trials	1.0	2.0	75.0	biphasic	0.0	100.0	1.0	10.0	-5.0	16r	16.0	0.0	monopolar		[842.8 128.8 330.3]	[0 0 0]
6075.042524972443	2.0	trials	1.0	2.0	75.0	biphasic	0.0	100.0	1.0	10.0	-5.0	16r	16.0	0.0	monopolar		[842.8 128.8 330.3]	[0 0 0]
6077.0423490720295	2.0	trials	1.0	2.0	75.0	biphasic	0.0	100.0	1.0	10.0	-5.0	16r	16.0	0.0	monopolar		[842.8 128.8 330.3]	[0 0 0]
6079.04253954126	2.0	trials	1.0	2.0	75.0	biphasic	0.0	100.0	1.0	10.0	-5.0	16r	16.0	0.0	monopolar		[842.8 128.8 330.3]	[0 0 0]
6081.0423633806895	2.0	trials	1.0	2.0	75.0	biphasic	0.0	100.0	1.0	10.0	-5.0	16r	16.0	0.0	monopolar		[842.8 128.8 330.3]	[0 0 0]
6083.042370535019	2.0	trials	1.0	2.0	75.0	biphasic	0.0	100.0	1.0	10.0	-5.0	16r	16.0	0.0	monopolar		[842.8 128.8 330.3]	[0 0 0]
6085.0423776893485	2.0	trials	1.0	2.0	75.0	biphasic	0.0	100.0	1.0	10.0	-5.0	16r	16.0	0.0	monopolar		[842.8 128.8 330.3]	[0 0 0]
6087.042201008484	2.0	trials	1.0	2.0	75.0	biphasic	0.0	100.0	1.0	10.0	-5.0	16r	16.0	0.0	monopolar		[842.8 128.8 330.3]	[0 0 0]
6089.042391998008	2.0	trials	1.0	2.0	75.0	biphasic	0.0	100.0	1.0	10.0	-5.0	16r	16.0	0.0	monopolar		[842.8 128.8 330.3]	[0 0 0]
6091.042181756835	2.0	trials	1.0	2.0	75.0	biphasic	0.0	100.0	1.0	10.0	-5.0	16r	16.0	0.0	monopolar		[842.8 128.8 330.3]	[0 0 0]
6093.042373006514	2.0	trials	1.0	2.0	75.0	biphasic	0.0	100.0	1.0	10.0	-5.0	16r	16.0	0.0	monopolar		[842.8 128.8 330.3]	[0 0 0]
6095.042195805336	2.0	trials	1.0	2.0	75.0	biphasic	0.0	100.0	1.0	10.0	-5.0	16r	16.0	0.0	monopolar		[842.8 128.8 330.3]	[0 0 0]
6097.042202829585	2.0	trials	1.0	2.0	75.0	biphasic	0.0	100.0	1.0	10.0	-5.0	16r	16.0	0.0	monopolar		[842.8 128.8 330.3]	[0 0 0]
6099.0422098538365	2.0	trials	1.0	2.0	75.0	biphasic	0.0	100.0	1.0	10.0	-5.0	16r	16.0	0.0	monopolar		[842.8 128.8 330.3]	[0 0 0]
6101.042216878086	2.0	trials	1.0	2.0	75.0	biphasic	0.0	100.0	1.0	10.0	-5.0	16r	16.0	0.0	monopolar		[842.8 128.8 330.3]	[0 0 0]
6103.042408778163	2.0	trials	1.0	2.0	75.0	biphasic	0.0	100.0	1.0	10.0	-5.0	16r	16.0	0.0	monopolar		[842.8 128.8 330.3]	[0 0 0]
6105.042230926587	2.0	trials	1.0	2.0	75.0	biphasic	0.0	100.0	1.0	10.0	-5.0	16r	16.0	0.0	monopolar		[842.8 128.8 330.3]	[0 0 0]
6107.042423086821	2.0	trials	1.0	2.0	75.0	biphasic	0.0	100.0	1.0	10.0	-5.0	16r	16.0	0.0	monopolar		[842.8 128.8 330.3]	[0 0 0]
6109.042615507238	2.0	trials	1.0	2.0	75.0	biphasic	0.0	100.0	1.0	10.0	-5.0	16r	16.0	0.0	monopolar		[842.8 128.8 330.3]	[0 0 0]
6111.042437395481	2.0	trials	1.0	2.0	75.0	biphasic	0.0	100.0	1.0	10.0	-5.0	16r	16.0	0.0	monopolar		[842.8 128.8 330.3]	[0 0 0]
6113.042225723439	2.0	trials	1.0	2.0	75.0	biphasic	0.0	100.0	1.0	10.0	-5.0	16r	16.0	0.0	monopolar		[842.8 128.8 330.3]	[0 0 0]
6115.0424184039875	2.0	trials	1.0	2.0	75.0	biphasic	0.0	100.0	1.0	10.0	-5.0	16r	16.0	0.0	monopolar		[842.8 128.8 330.3]	[0 0 0]
6117.042239771939	2.0	trials	1.0	2.0	75.0	biphasic	0.0	100.0	1.0	10.0	-5.0	16r	16.0	0.0	monopolar		[842.8 128.8 330.3]	[0 0 0]
6119.0424327126475	2.0	trials	1.0	2.0	75.0	biphasic	0.0	100.0	1.0	10.0	-5.0	16r	16.0	0.0	monopolar		[842.8 128.8 330.3]	[0 0 0]
6121.04225382044	2.0	trials	1.0	2.0	75.0	biphasic	0.0	100.0	1.0	10.0	-5.0	16r	16.0	0.0	monopolar		[842.8 128.8 330.3]	[0 0 0]
6123.042447021306	2.0	trials	1.0	2.0	75.0	biphasic	0.0	100.0	1.0	10.0	-5.0	16r	16.0	0.0	monopolar		[842.8 128.8 330.3]	[0 0 0]
6125.042267868941	2.0	trials	1.0	2.0	75.0	biphasic	0.0	100.0	1.0	10.0	-5.0	16r	16.0	0.0	monopolar		[842.8 128.8 330.3]	[0 0 0]
6127.042834203585	2.0	trials	1.0	2.0	75.0	biphasic	0.0	100.0	1.0	10.0	-5.0	16r	16.0	0.0	monopolar		[842.8 128.8 330.3]	[0 0 0]
6129.042655051172	2.0	trials	1.0	2.0	75.0	biphasic	0.0	100.0	1.0	10.0	-5.0	16r	16.0	0.0	monopolar		[842.8 128.8 330.3]	[0 0 0]
6131.042662335582	2.0	trials	1.0	2.0	75.0	biphasic	0.0	100.0	1.0	10.0	-5.0	16r	16.0	0.0	monopolar		[842.8 128.8 330.3]	[0 0 0]
6133.04266961999	2.0	trials	1.0	2.0	75.0	biphasic	0.0	100.0	1.0	10.0	-5.0	16r	16.0	0.0	monopolar		[842.8 128.8 330.3]	[0 0 0]
6135.042676904399	2.0	trials	1.0	2.0	75.0	biphasic	0.0	100.0	1.0	10.0	-5.0	16r	16.0	0.0	monopolar		[842.8 128.8 330.3]	[0 0 0]
6137.042650888652	2.0	trials	1.0	2.0	75.0	biphasic	0.0	100.0	1.0	10.0	-5.0	16r	16.0	0.0	monopolar		[842.8 128.8 330.3]	[0 0 0]
6139.042470955791	2.0	trials	1.0	2.0	75.0	biphasic	0.0	100.0	1.0	10.0	-5.0	16r	16.0	0.0	monopolar		[842.8 128.8 330.3]	[0 0 0]
6141.04266545747	2.0	trials	1.0	2.0	75.0	biphasic	0.0	100.0	1.0	10.0	-5.0	16r	16.0	0.0	monopolar		[842.8 128.8 330.3]	[0 0 0]
6143.04248526445	2.0	trials	1.0	2.0	75.0	biphasic	0.0	100.0	1.0	10.0	-5.0	16r	16.0	0.0	monopolar		[842.8 128.8 330.3]	[0 0 0]
6145.0426800262885	2.0	trials	1.0	2.0	75.0	biphasic	0.0	100.0	1.0	10.0	-5.0	16r	16.0	0.0	monopolar		[842.8 128.8 330.3]	[0 0 0]
6147.042499573109	2.0	trials	1.0	2.0	75.0	biphasic	0.0	100.0	1.0	10.0	-5.0	16r	16.0	0.0	monopolar		[842.8 128.8 330.3]	[0 0 0]
6149.042694595106	2.0	trials	1.0	2.0	75.0	biphasic	0.0	100.0	1.0	10.0	-5.0	16r	16.0	0.0	monopolar		[842.8 128.8 330.3]	[0 0 0]
6151.042513881768	2.0	trials	1.0	2.0	75.0	biphasic	0.0	100.0	1.0	10.0	-5.0	16r	16.0	0.0	monopolar		[842.8 128.8 330.3]	[0 0 0]
6153.042709163923	2.0	trials	1.0	2.0	75.0	biphasic	0.0	100.0	1.0	10.0	-5.0	16r	16.0	0.0	monopolar		[842.8 128.8 330.3]	[0 0 0]
6155.042528190428	2.0	trials	1.0	2.0	75.0	biphasic	0.0	100.0	1.0	10.0	-5.0	16r	16.0	0.0	monopolar		[842.8 128.8 330.3]	[0 0 0]
6157.04272373274	2.0	trials	1.0	2.0	75.0	biphasic	0.0	100.0	1.0	10.0	-5.0	16r	16.0	0.0	monopolar		[842.8 128.8 330.3]	[0 0 0]
6159.0426977169955	2.0	trials	1.0	2.0	75.0	biphasic	0.0	100.0	1.0	10.0	-5.0	16r	16.0	0.0	monopolar		[842.8 128.8 330.3]	[0 0 0]
6161.042705001404	2.0	trials	1.0	2.0	75.0	biphasic	0.0	100.0	1.0	10.0	-5.0	16r	16.0	0.0	monopolar		[842.8 128.8 330.3]	[0 0 0]
6163.042712285813	2.0	trials	1.0	2.0	75.0	biphasic	0.0	100.0	1.0	10.0	-5.0	16r	16.0	0.0	monopolar		[842.8 128.8 330.3]	[0 0 0]
6165.042719570221	2.0	trials	1.0	2.0	75.0	biphasic	0.0	100.0	1.0	10.0	-5.0	16r	16.0	0.0	monopolar		[842.8 128.8 330.3]	[0 0 0]
6167.04272685463	2.0	trials	1.0	2.0	75.0	biphasic	0.0	100.0	1.0	10.0	-5.0	16r	16.0	0.0	monopolar		[842.8 128.8 330.3]	[0 0 0]
6169.042544970583	2.0	trials	1.0	2.0	75.0	biphasic	0.0	100.0	1.0	10.0	-5.0	16r	16.0	0.0	monopolar		[842.8 128.8 330.3]	[0 0 0]
6171.042741423448	2.0	trials	1.0	2.0	75.0	biphasic	0.0	100.0	1.0	10.0	-5.0	16r	16.0	0.0	monopolar		[842.8 128.8 330.3]	[0 0 0]
6173.042559279242	2.0	trials	1.0	2.0	75.0	biphasic	0.0	100.0	1.0	10.0	-5.0	16r	16.0	0.0	monopolar		[842.8 128.8 330.3]	[0 0 0]
6175.042566433572	2.0	trials	1.0	2.0	75.0	biphasic	0.0	100.0	1.0	10.0	-5.0	16r	16.0	0.0	monopolar		[842.8 128.8 330.3]	[0 0 0]
6177.042573587902	2.0	trials	1.0	2.0	75.0	biphasic	0.0	100.0	1.0	10.0	-5.0	16r	16.0	0.0	monopolar		[842.8 128.8 330.3]	[0 0 0]
6179.042580742231	2.0	trials	1.0	2.0	75.0	biphasic	0.0	100.0	1.0	10.0	-5.0	16r	16.0	0.0	monopolar		[842.8 128.8 330.3]	[0 0 0]
6181.0429677944485	2.0	trials	1.0	2.0	75.0	biphasic	0.0	100.0	1.0	10.0	-5.0	16r	16.0	0.0	monopolar		[842.8 128.8 330.3]	[0 0 0]
6183.0427518297465	2.0	trials	1.0	2.0	75.0	biphasic	0.0	100.0	1.0	10.0	-5.0	16r	16.0	0.0	monopolar		[842.8 128.8 330.3]	[0 0 0]
6185.042759114155	2.0	trials	1.0	2.0	75.0	biphasic	0.0	100.0	1.0	10.0	-5.0	16r	16.0	0.0	monopolar		[842.8 128.8 330.3]	[0 0 0]
6187.042766398564	2.0	trials	1.0	2.0	75.0	biphasic	0.0	100.0	1.0	10.0	-5.0	16r	16.0	0.0	monopolar		[842.8 128.8 330.3]	[0 0 0]
6189.042773682973	2.0	trials	1.0	2.0	75.0	biphasic	0.0	100.0	1.0	10.0	-5.0	16r	16.0	0.0	monopolar		[842.8 128.8 330.3]	[0 0 0]
6191.042780967382	2.0	trials	1.0	2.0	75.0	biphasic	0.0	100.0	1.0	10.0	-5.0	16r	16.0	0.0	monopolar		[842.8 128.8 330.3]	[0 0 0]
6193.042788251791	2.0	trials	1.0	2.0	75.0	biphasic	0.0	100.0	1.0	10.0	-5.0	16r	16.0	0.0	monopolar		[842.8 128.8 330.3]	[0 0 0]
6195.042795536199	2.0	trials	1.0	2.0	75.0	biphasic	0.0	100.0	1.0	10.0	-5.0	16r	16.0	0.0	monopolar		[842.8 128.8 330.3]	[0 0 0]
6197.042802820608	2.0	trials	1.0	2.0	75.0	biphasic	0.0	100.0	1.0	10.0	-5.0	16r	16.0	0.0	monopolar		[842.8 128.8 330.3]	[0 0 0]
6233.087562614135	2.0	trials	1.0	2.0	75.0	biphasic	1.0	100.0	1.0	10.0	-25.0	16r	16.0	0.0	monopolar		[842.8 128.8 330.3]	[0 0 0]
6235.087569768464	2.0	trials	1.0	2.0	75.0	biphasic	1.0	100.0	1.0	10.0	-25.0	16r	16.0	0.0	monopolar		[842.8 128.8 330.3]	[0 0 0]
6237.087964110944	2.0	trials	1.0	2.0	75.0	biphasic	1.0	100.0	1.0	10.0	-25.0	16r	16.0	0.0	monopolar		[842.8 128.8 330.3]	[0 0 0]
6239.0877778012655	2.0	trials	1.0	2.0	75.0	biphasic	1.0	100.0	1.0	10.0	-25.0	16r	16.0	0.0	monopolar		[842.8 128.8 330.3]	[0 0 0]
6241.0879789399205	2.0	trials	1.0	2.0	75.0	biphasic	1.0	100.0	1.0	10.0	-25.0	16r	16.0	0.0	monopolar		[842.8 128.8 330.3]	[0 0 0]
6243.087792370083	2.0	trials	1.0	2.0	75.0	biphasic	1.0	100.0	1.0	10.0	-25.0	16r	16.0	0.0	monopolar		[842.8 128.8 330.3]	[0 0 0]
6245.087605540113	2.0	trials	1.0	2.0	75.0	biphasic	1.0	100.0	1.0	10.0	-25.0	16r	16.0	0.0	monopolar		[842.8 128.8 330.3]	[0 0 0]
6247.0877736387465	2.0	trials	1.0	2.0	75.0	biphasic	1.0	100.0	1.0	10.0	-25.0	16r	16.0	0.0	monopolar		[842.8 128.8 330.3]	[0 0 0]
6249.08758654862	2.0	trials	1.0	2.0	75.0	biphasic	1.0	100.0	1.0	10.0	-25.0	16r	16.0	0.0	monopolar		[842.8 128.8 330.3]	[0 0 0]
6251.087788207564	2.0	trials	1.0	2.0	75.0	biphasic	1.0	100.0	1.0	10.0	-25.0	16r	16.0	0.0	monopolar		[842.8 128.8 330.3]	[0 0 0]
6253.0876008572795	2.0	trials	1.0	2.0	75.0	biphasic	1.0	100.0	1.0	10.0	-25.0	16r	16.0	0.0	monopolar		[842.8 128.8 330.3]	[0 0 0]
6255.087802776381	2.0	trials	1.0	2.0	75.0	biphasic	1.0	100.0	1.0	10.0	-25.0	16r	16.0	0.0	monopolar		[842.8 128.8 330.3]	[0 0 0]
6257.087615165938	2.0	trials	1.0	2.0	75.0	biphasic	1.0	100.0	1.0	10.0	-25.0	16r	16.0	0.0	monopolar		[842.8 128.8 330.3]	[0 0 0]
6259.087817345198	2.0	trials	1.0	2.0	75.0	biphasic	1.0	100.0	1.0	10.0	-25.0	16r	16.0	0.0	monopolar		[842.8 128.8 330.3]	[0 0 0]
6261.087629474598	2.0	trials	1.0	2.0	75.0	biphasic	1.0	100.0	1.0	10.0	-25.0	16r	16.0	0.0	monopolar		[842.8 128.8 330.3]	[0 0 0]
6263.087441343863	2.0	trials	1.0	2.0	75.0	biphasic	1.0	100.0	1.0	10.0	-25.0	16r	16.0	0.0	monopolar		[842.8 128.8 330.3]	[0 0 0]
6265.087839198425	2.0	trials	1.0	2.0	75.0	biphasic	1.0	100.0	1.0	10.0	-25.0	16r	16.0	0.0	monopolar		[842.8 128.8 330.3]	[0 0 0]
6267.087650937587	2.0	trials	1.0	2.0	75.0	biphasic	1.0	100.0	1.0	10.0	-25.0	16r	16.0	0.0	monopolar		[842.8 128.8 330.3]	[0 0 0]
6269.087853767243	2.0	trials	1.0	2.0	75.0	biphasic	1.0	100.0	1.0	10.0	-25.0	16r	16.0	0.0	monopolar		[842.8 128.8 330.3]	[0 0 0]
6271.087631946093	2.0	trials	1.0	2.0	75.0	biphasic	1.0	100.0	1.0	10.0	-25.0	16r	16.0	0.0	monopolar		[842.8 128.8 330.3]	[0 0 0]
6273.087835035906	2.0	trials	1.0	2.0	75.0	biphasic	1.0	100.0	1.0	10.0	-25.0	16r	16.0	0.0	monopolar		[842.8 128.8 330.3]	[0 0 0]
6275.087646254753	2.0	trials	1.0	2.0	75.0	biphasic	1.0	100.0	1.0	10.0	-25.0	16r	16.0	0.0	monopolar		[842.8 128.8 330.3]	[0 0 0]
6277.0878496047235	2.0	trials	1.0	2.0	75.0	biphasic	1.0	100.0	1.0	10.0	-25.0	16r	16.0	0.0	monopolar		[842.8 128.8 330.3]	[0 0 0]
6279.087660563411	2.0	trials	1.0	2.0	75.0	biphasic	1.0	100.0	1.0	10.0	-25.0	16r	16.0	0.0	monopolar		[842.8 128.8 330.3]	[0 0 0]
6281.087864173542	2.0	trials	1.0	2.0	75.0	biphasic	1.0	100.0	1.0	10.0	-25.0	16r	16.0	0.0	monopolar		[842.8 128.8 330.3]	[0 0 0]
6283.087674872071	2.0	trials	1.0	2.0	75.0	biphasic	1.0	100.0	1.0	10.0	-25.0	16r	16.0	0.0	monopolar		[842.8 128.8 330.3]	[0 0 0]
6285.0876820264	2.0	trials	1.0	2.0	75.0	biphasic	1.0	100.0	1.0	10.0	-25.0	16r	16.0	0.0	monopolar		[842.8 128.8 330.3]	[0 0 0]
6287.08768918073	2.0	trials	1.0	2.0	75.0	biphasic	1.0	100.0	1.0	10.0	-25.0	16r	16.0	0.0	monopolar		[842.8 128.8 330.3]	[0 0 0]
6289.087499358969	2.0	trials	1.0	2.0	75.0	biphasic	1.0	100.0	1.0	10.0	-25.0	16r	16.0	0.0	monopolar		[842.8 128.8 330.3]	[0 0 0]
6291.087900595585	2.0	trials	1.0	2.0	75.0	biphasic	1.0	100.0	1.0	10.0	-25.0	16r	16.0	0.0	monopolar		[842.8 128.8 330.3]	[0 0 0]
6293.087710643718	2.0	trials	1.0	2.0	75.0	biphasic	1.0	100.0	1.0	10.0	-25.0	16r	16.0	0.0	monopolar		[842.8 128.8 330.3]	[0 0 0]
6295.087881864249	2.0	trials	1.0	2.0	75.0	biphasic	1.0	100.0	1.0	10.0	-25.0	16r	16.0	0.0	monopolar		[842.8 128.8 330.3]	[0 0 0]
6297.087691652226	2.0	trials	1.0	2.0	75.0	biphasic	1.0	100.0	1.0	10.0	-25.0	16r	16.0	0.0	monopolar		[842.8 128.8 330.3]	[0 0 0]
6299.087896433066	2.0	trials	1.0	2.0	75.0	biphasic	1.0	100.0	1.0	10.0	-25.0	16r	16.0	0.0	monopolar		[842.8 128.8 330.3]	[0 0 0]
6301.087705960885	2.0	trials	1.0	2.0	75.0	biphasic	1.0	100.0	1.0	10.0	-25.0	16r	16.0	0.0	monopolar		[842.8 128.8 330.3]	[0 0 0]
6303.087911001883	2.0	trials	1.0	2.0	75.0	biphasic	1.0	100.0	1.0	10.0	-25.0	16r	16.0	0.0	monopolar		[842.8 128.8 330.3]	[0 0 0]
6305.087720269545	2.0	trials	1.0	2.0	75.0	biphasic	1.0	100.0	1.0	10.0	-25.0	16r	16.0	0.0	monopolar		[842.8 128.8 330.3]	[0 0 0]
6307.0875292770725	2.0	trials	1.0	2.0	75.0	biphasic	1.0	100.0	1.0	10.0	-25.0	16r	16.0	0.0	monopolar		[842.8 128.8 330.3]	[0 0 0]
6309.087734578204	2.0	trials	1.0	2.0	75.0	biphasic	1.0	100.0	1.0	10.0	-25.0	16r	16.0	0.0	monopolar		[842.8 128.8 330.3]	[0 0 0]
6311.087543325573	2.0	trials	1.0	2.0	75.0	biphasic	1.0	100.0	1.0	10.0	-25.0	16r	16.0	0.0	monopolar		[842.8 128.8 330.3]	[0 0 0]
6313.087748886863	2.0	trials	1.0	2.0	75.0	biphasic	1.0	100.0	1.0	10.0	-25.0	16r	16.0	0.0	monopolar		[842.8 128.8 330.3]	[0 0 0]
6315.087756041192	2.0	trials	1.0	2.0	75.0	biphasic	1.0	100.0	1.0	10.0	-25.0	16r	16.0	0.0	monopolar		[842.8 128.8 330.3]	[0 0 0]
6317.08792869259	2.0	trials	1.0	2.0	75.0	biphasic	1.0	100.0	1.0	10.0	-25.0	16r	16.0	0.0	monopolar		[842.8 128.8 330.3]	[0 0 0]
6319.087538122425	2.0	trials	1.0	2.0	75.0	biphasic	1.0	100.0	1.0	10.0	-25.0	16r	16.0	0.0	monopolar		[842.8 128.8 330.3]	[0 0 0]
6321.087744204029	2.0	trials	1.0	2.0	75.0	biphasic	1.0	100.0	1.0	10.0	-25.0	16r	16.0	0.0	monopolar		[842.8 128.8 330.3]	[0 0 0]
6323.087751358358	2.0	trials	1.0	2.0	75.0	biphasic	1.0	100.0	1.0	10.0	-25.0	16r	16.0	0.0	monopolar		[842.8 128.8 330.3]	[0 0 0]
6325.0879578302265	2.0	trials	1.0	2.0	75.0	biphasic	1.0	100.0	1.0	10.0	-25.0	16r	16.0	0.0	monopolar		[842.8 128.8 330.3]	[0 0 0]
6327.087765667018	2.0	trials	1.0	2.0	75.0	biphasic	1.0	100.0	1.0	10.0	-25.0	16r	16.0	0.0	monopolar		[842.8 128.8 330.3]	[0 0 0]
6329.087972399044	2.0	trials	1.0	2.0	75.0	biphasic	1.0	100.0	1.0	10.0	-25.0	16r	16.0	0.0	monopolar		[842.8 128.8 330.3]	[0 0 0]
6331.087779975676	2.0	trials	1.0	2.0	75.0	biphasic	1.0	100.0	1.0	10.0	-25.0	16r	16.0	0.0	monopolar		[842.8 128.8 330.3]	[0 0 0]
6333.087787130007	2.0	trials	1.0	2.0	75.0	biphasic	1.0	100.0	1.0	10.0	-25.0	16r	16.0	0.0	monopolar		[842.8 128.8 330.3]	[0 0 0]
6335.087794284336	2.0	trials	1.0	2.0	75.0	biphasic	1.0	100.0	1.0	10.0	-25.0	16r	16.0	0.0	monopolar		[842.8 128.8 330.3]	[0 0 0]
6337.087601340679	2.0	trials	1.0	2.0	75.0	biphasic	1.0	100.0	1.0	10.0	-25.0	16r	16.0	0.0	monopolar		[842.8 128.8 330.3]	[0 0 0]
6339.087808592995	2.0	trials	1.0	2.0	75.0	biphasic	1.0	100.0	1.0	10.0	-25.0	16r	16.0	0.0	monopolar		[842.8 128.8 330.3]	[0 0 0]
6341.087582089029	2.0	trials	1.0	2.0	75.0	biphasic	1.0	100.0	1.0	10.0	-25.0	16r	16.0	0.0	monopolar		[842.8 128.8 330.3]	[0 0 0]
6343.087789601503	2.0	trials	1.0	2.0	75.0	biphasic	1.0	100.0	1.0	10.0	-25.0	16r	16.0	0.0	monopolar		[842.8 128.8 330.3]	[0 0 0]
6345.0875961375295	2.0	trials	1.0	2.0	75.0	biphasic	1.0	100.0	1.0	10.0	-25.0	16r	16.0	0.0	monopolar		[842.8 128.8 330.3]	[0 0 0]
6347.088004658568	2.0	trials	1.0	2.0	75.0	biphasic	1.0	100.0	1.0	10.0	-25.0	16r	16.0	0.0	monopolar		[842.8 128.8 330.3]	[0 0 0]
6349.087811064492	2.0	trials	1.0	2.0	75.0	biphasic	1.0	100.0	1.0	10.0	-25.0	16r	16.0	0.0	monopolar		[842.8 128.8 330.3]	[0 0 0]
6351.088019227386	2.0	trials	1.0	2.0	75.0	biphasic	1.0	100.0	1.0	10.0	-25.0	16r	16.0	0.0	monopolar		[842.8 128.8 330.3]	[0 0 0]
6353.08782537315	2.0	trials	1.0	2.0	75.0	biphasic	1.0	100.0	1.0	10.0	-25.0	16r	16.0	0.0	monopolar		[842.8 128.8 330.3]	[0 0 0]
6355.08783252748	2.0	trials	1.0	2.0	75.0	biphasic	1.0	100.0	1.0	10.0	-25.0	16r	16.0	0.0	monopolar		[842.8 128.8 330.3]	[0 0 0]
6357.08783968181	2.0	trials	1.0	2.0	75.0	biphasic	1.0	100.0	1.0	10.0	-25.0	16r	16.0	0.0	monopolar		[842.8 128.8 330.3]	[0 0 0]
6359.087846836139	2.0	trials	1.0	2.0	75.0	biphasic	1.0	100.0	1.0	10.0	-25.0	16r	16.0	0.0	monopolar		[842.8 128.8 330.3]	[0 0 0]
6361.087853990469	2.0	trials	1.0	2.0	75.0	biphasic	1.0	100.0	1.0	10.0	-25.0	16r	16.0	0.0	monopolar		[842.8 128.8 330.3]	[0 0 0]
6363.087861144799	2.0	trials	1.0	2.0	75.0	biphasic	1.0	100.0	1.0	10.0	-25.0	16r	16.0	0.0	monopolar		[842.8 128.8 330.3]	[0 0 0]
6365.087834998976	2.0	trials	1.0	2.0	75.0	biphasic	1.0	100.0	1.0	10.0	-25.0	16r	16.0	0.0	monopolar		[842.8 128.8 330.3]	[0 0 0]
6367.087640104135	2.0	trials	1.0	2.0	75.0	biphasic	1.0	100.0	1.0	10.0	-25.0	16r	16.0	0.0	monopolar		[842.8 128.8 330.3]	[0 0 0]
6369.087849307634	2.0	trials	1.0	2.0	75.0	biphasic	1.0	100.0	1.0	10.0	-25.0	16r	16.0	0.0	monopolar		[842.8 128.8 330.3]	[0 0 0]
6371.087654152636	2.0	trials	1.0	2.0	75.0	biphasic	1.0	100.0	1.0	10.0	-25.0	16r	16.0	0.0	monopolar		[842.8 128.8 330.3]	[0 0 0]
6373.087863616294	2.0	trials	1.0	2.0	75.0	biphasic	1.0	100.0	1.0	10.0	-25.0	16r	16.0	0.0	monopolar		[842.8 128.8 330.3]	[0 0 0]
6375.087668201137	2.0	trials	1.0	2.0	75.0	biphasic	1.0	100.0	1.0	10.0	-25.0	16r	16.0	0.0	monopolar		[842.8 128.8 330.3]	[0 0 0]
6377.087877924953	2.0	trials	1.0	2.0	75.0	biphasic	1.0	100.0	1.0	10.0	-25.0	16r	16.0	0.0	monopolar		[842.8 128.8 330.3]	[0 0 0]
6379.087885079283	2.0	trials	1.0	2.0	75.0	biphasic	1.0	100.0	1.0	10.0	-25.0	16r	16.0	0.0	monopolar		[842.8 128.8 330.3]	[0 0 0]
6381.087892233612	2.0	trials	1.0	2.0	75.0	biphasic	1.0	100.0	1.0	10.0	-25.0	16r	16.0	0.0	monopolar		[842.8 128.8 330.3]	[0 0 0]
6435.0474725512	2.0	trials	1.0	2.0	75.0	biphasic	2.0	100.0	1.0	10.0	-50.0	16r	16.0	0.0	monopolar		[842.8 128.8 330.3]	[0 0 0]
6437.047273366361	2.0	trials	1.0	2.0	75.0	biphasic	2.0	100.0	1.0	10.0	-50.0	16r	16.0	0.0	monopolar		[842.8 128.8 330.3]	[0 0 0]
6439.047073921391	2.0	trials	1.0	2.0	75.0	biphasic	2.0	100.0	1.0	10.0	-50.0	16r	16.0	0.0	monopolar		[842.8 128.8 330.3]	[0 0 0]
6441.047287935178	2.0	trials	1.0	2.0	75.0	biphasic	2.0	100.0	1.0	10.0	-50.0	16r	16.0	0.0	monopolar		[842.8 128.8 330.3]	[0 0 0]
6443.04708823005	2.0	trials	1.0	2.0	75.0	biphasic	2.0	100.0	1.0	10.0	-50.0	16r	16.0	0.0	monopolar		[842.8 128.8 330.3]	[0 0 0]
6445.047302503996	2.0	trials	1.0	2.0	75.0	biphasic	2.0	100.0	1.0	10.0	-50.0	16r	16.0	0.0	monopolar		[842.8 128.8 330.3]	[0 0 0]
6447.047102538709	2.0	trials	1.0	2.0	75.0	biphasic	2.0	100.0	1.0	10.0	-50.0	16r	16.0	0.0	monopolar		[842.8 128.8 330.3]	[0 0 0]
6449.047317072815	2.0	trials	1.0	2.0	75.0	biphasic	2.0	100.0	1.0	10.0	-50.0	16r	16.0	0.0	monopolar		[842.8 128.8 330.3]	[0 0 0]
6451.047116847369	2.0	trials	1.0	2.0	75.0	biphasic	2.0	100.0	1.0	10.0	-50.0	16r	16.0	0.0	monopolar		[842.8 128.8 330.3]	[0 0 0]
6453.047298341477	2.0	trials	1.0	2.0	75.0	biphasic	2.0	100.0	1.0	10.0	-50.0	16r	16.0	0.0	monopolar		[842.8 128.8 330.3]	[0 0 0]
6455.047097855875	2.0	trials	1.0	2.0	75.0	biphasic	2.0	100.0	1.0	10.0	-50.0	16r	16.0	0.0	monopolar		[842.8 128.8 330.3]	[0 0 0]
6457.047520810412	2.0	trials	1.0	2.0	75.0	biphasic	2.0	100.0	1.0	10.0	-50.0	16r	16.0	0.0	monopolar		[842.8 128.8 330.3]	[0 0 0]
6459.047320194703	2.0	trials	1.0	2.0	75.0	biphasic	2.0	100.0	1.0	10.0	-50.0	16r	16.0	0.0	monopolar		[842.8 128.8 330.3]	[0 0 0]
6461.047535639387	2.0	trials	1.0	2.0	75.0	biphasic	2.0	100.0	1.0	10.0	-50.0	16r	16.0	0.0	monopolar		[842.8 128.8 330.3]	[0 0 0]
6463.047334763522	2.0	trials	1.0	2.0	75.0	biphasic	2.0	100.0	1.0	10.0	-50.0	16r	16.0	0.0	monopolar		[842.8 128.8 330.3]	[0 0 0]
6465.047133627523	2.0	trials	1.0	2.0	75.0	biphasic	2.0	100.0	1.0	10.0	-50.0	16r	16.0	0.0	monopolar		[842.8 128.8 330.3]	[0 0 0]
6467.047349332339	2.0	trials	1.0	2.0	75.0	biphasic	2.0	100.0	1.0	10.0	-50.0	16r	16.0	0.0	monopolar		[842.8 128.8 330.3]	[0 0 0]
6469.047147936182	2.0	trials	1.0	2.0	75.0	biphasic	2.0	100.0	1.0	10.0	-50.0	16r	16.0	0.0	monopolar		[842.8 128.8 330.3]	[0 0 0]
6471.047363901156	2.0	trials	1.0	2.0	75.0	biphasic	2.0	100.0	1.0	10.0	-50.0	16r	16.0	0.0	monopolar		[842.8 128.8 330.3]	[0 0 0]
6473.047162244842	2.0	trials	1.0	2.0	75.0	biphasic	2.0	100.0	1.0	10.0	-50.0	16r	16.0	0.0	monopolar		[842.8 128.8 330.3]	[0 0 0]
6475.047378469973	2.0	trials	1.0	2.0	75.0	biphasic	2.0	100.0	1.0	10.0	-50.0	16r	16.0	0.0	monopolar		[842.8 128.8 330.3]	[0 0 0]
6477.047143253349	2.0	trials	1.0	2.0	75.0	biphasic	2.0	100.0	1.0	10.0	-50.0	16r	16.0	0.0	monopolar		[842.8 128.8 330.3]	[0 0 0]
6479.047359738637	2.0	trials	1.0	2.0	75.0	biphasic	2.0	100.0	1.0	10.0	-50.0	16r	16.0	0.0	monopolar		[842.8 128.8 330.3]	[0 0 0]
6481.047157562008	2.0	trials	1.0	2.0	75.0	biphasic	2.0	100.0	1.0	10.0	-50.0	16r	16.0	0.0	monopolar		[842.8 128.8 330.3]	[0 0 0]
6483.047164716338	2.0	trials	1.0	2.0	75.0	biphasic	2.0	100.0	1.0	10.0	-50.0	16r	16.0	0.0	monopolar		[842.8 128.8 330.3]	[0 0 0]
6485.047171870667	2.0	trials	1.0	2.0	75.0	biphasic	2.0	100.0	1.0	10.0	-50.0	16r	16.0	0.0	monopolar		[842.8 128.8 330.3]	[0 0 0]
6487.047598727575	2.0	trials	1.0	2.0	75.0	biphasic	2.0	100.0	1.0	10.0	-50.0	16r	16.0	0.0	monopolar		[842.8 128.8 330.3]	[0 0 0]
6489.047396160681	2.0	trials	1.0	2.0	75.0	biphasic	2.0	100.0	1.0	10.0	-50.0	16r	16.0	0.0	monopolar		[842.8 128.8 330.3]	[0 0 0]
6491.04740344509	2.0	trials	1.0	2.0	75.0	biphasic	2.0	100.0	1.0	10.0	-50.0	16r	16.0	0.0	monopolar		[842.8 128.8 330.3]	[0 0 0]
6493.0474107294995	2.0	trials	1.0	2.0	75.0	biphasic	2.0	100.0	1.0	10.0	-50.0	16r	16.0	0.0	monopolar		[842.8 128.8 330.3]	[0 0 0]
6495.047207642316	2.0	trials	1.0	2.0	75.0	biphasic	2.0	100.0	1.0	10.0	-50.0	16r	16.0	0.0	monopolar		[842.8 128.8 330.3]	[0 0 0]
6497.047425298317	2.0	trials	1.0	2.0	75.0	biphasic	2.0	100.0	1.0	10.0	-50.0	16r	16.0	0.0	monopolar		[842.8 128.8 330.3]	[0 0 0]
6499.047221950974	2.0	trials	1.0	2.0	75.0	biphasic	2.0	100.0	1.0	10.0	-50.0	16r	16.0	0.0	monopolar		[842.8 128.8 330.3]	[0 0 0]
6501.04740656698	2.0	trials	1.0	2.0	75.0	biphasic	2.0	100.0	1.0	10.0	-50.0	16r	16.0	0.0	monopolar		[842.8 128.8 330.3]	[0 0 0]
6503.047202959481	2.0	trials	1.0	2.0	75.0	biphasic	2.0	100.0	1.0	10.0	-50.0	16r	16.0	0.0	monopolar		[842.8 128.8 330.3]	[0 0 0]
6505.047421135798	2.0	trials	1.0	2.0	75.0	biphasic	2.0	100.0	1.0	10.0	-50.0	16r	16.0	0.0	monopolar		[842.8 128.8 330.3]	[0 0 0]
6507.04721726814	2.0	trials	1.0	2.0	75.0	biphasic	2.0	100.0	1.0	10.0	-50.0	16r	16.0	0.0	monopolar		[842.8 128.8 330.3]	[0 0 0]
6509.04722442247	2.0	trials	1.0	2.0	75.0	biphasic	2.0	100.0	1.0	10.0	-50.0	16r	16.0	0.0	monopolar		[842.8 128.8 330.3]	[0 0 0]
6511.047442989024	2.0	trials	1.0	2.0	75.0	biphasic	2.0	100.0	1.0	10.0	-50.0	16r	16.0	0.0	monopolar		[842.8 128.8 330.3]	[0 0 0]
6513.047450273432	2.0	trials	1.0	2.0	75.0	biphasic	2.0	100.0	1.0	10.0	-50.0	16r	16.0	0.0	monopolar		[842.8 128.8 330.3]	[0 0 0]
6515.047457557841	2.0	trials	1.0	2.0	75.0	biphasic	2.0	100.0	1.0	10.0	-50.0	16r	16.0	0.0	monopolar		[842.8 128.8 330.3]	[0 0 0]
6517.04746484225	2.0	trials	1.0	2.0	75.0	biphasic	2.0	100.0	1.0	10.0	-50.0	16r	16.0	0.0	monopolar		[842.8 128.8 330.3]	[0 0 0]
6519.047472126658	2.0	trials	1.0	2.0	75.0	biphasic	2.0	100.0	1.0	10.0	-50.0	16r	16.0	0.0	monopolar		[842.8 128.8 330.3]	[0 0 0]
6521.047479411068	2.0	trials	1.0	2.0	75.0	biphasic	2.0	100.0	1.0	10.0	-50.0	16r	16.0	0.0	monopolar		[842.8 128.8 330.3]	[0 0 0]
6523.047486695476	2.0	trials	1.0	2.0	75.0	biphasic	2.0	100.0	1.0	10.0	-50.0	16r	16.0	0.0	monopolar		[842.8 128.8 330.3]	[0 0 0]
6525.047248356955	2.0	trials	1.0	2.0	75.0	biphasic	2.0	100.0	1.0	10.0	-50.0	16r	16.0	0.0	monopolar		[842.8 128.8 330.3]	[0 0 0]
6527.047255511285	2.0	trials	1.0	2.0	75.0	biphasic	2.0	100.0	1.0	10.0	-50.0	16r	16.0	0.0	monopolar		[842.8 128.8 330.3]	[0 0 0]
6529.047262665614	2.0	trials	1.0	2.0	75.0	biphasic	2.0	100.0	1.0	10.0	-50.0	16r	16.0	0.0	monopolar		[842.8 128.8 330.3]	[0 0 0]
6531.047482532957	2.0	trials	1.0	2.0	75.0	biphasic	2.0	100.0	1.0	10.0	-50.0	16r	16.0	0.0	monopolar		[842.8 128.8 330.3]	[0 0 0]
6533.047276974274	2.0	trials	1.0	2.0	75.0	biphasic	2.0	100.0	1.0	10.0	-50.0	16r	16.0	0.0	monopolar		[842.8 128.8 330.3]	[0 0 0]
6535.047284128603	2.0	trials	1.0	2.0	75.0	biphasic	2.0	100.0	1.0	10.0	-50.0	16r	16.0	0.0	monopolar		[842.8 128.8 330.3]	[0 0 0]
6537.047291282932	2.0	trials	1.0	2.0	75.0	biphasic	2.0	100.0	1.0	10.0	-50.0	16r	16.0	0.0	monopolar		[842.8 128.8 330.3]	[0 0 0]
6539.047298437262	2.0	trials	1.0	2.0	75.0	biphasic	2.0	100.0	1.0	10.0	-50.0	16r	16.0	0.0	monopolar		[842.8 128.8 330.3]	[0 0 0]
6541.047305591592	2.0	trials	1.0	2.0	75.0	biphasic	2.0	100.0	1.0	10.0	-50.0	16r	16.0	0.0	monopolar		[842.8 128.8 330.3]	[0 0 0]
6543.04752623941	2.0	trials	1.0	2.0	75.0	biphasic	2.0	100.0	1.0	10.0	-50.0	16r	16.0	0.0	monopolar		[842.8 128.8 330.3]	[0 0 0]
6545.047533523819	2.0	trials	1.0	2.0	75.0	biphasic	2.0	100.0	1.0	10.0	-50.0	16r	16.0	0.0	monopolar		[842.8 128.8 330.3]	[0 0 0]
6547.0475408082275	2.0	trials	1.0	2.0	75.0	biphasic	2.0	100.0	1.0	10.0	-50.0	16r	16.0	0.0	monopolar		[842.8 128.8 330.3]	[0 0 0]
6549.047514792482	2.0	trials	1.0	2.0	75.0	biphasic	2.0	100.0	1.0	10.0	-50.0	16r	16.0	0.0	monopolar		[842.8 128.8 330.3]	[0 0 0]
6551.047522076891	2.0	trials	1.0	2.0	75.0	biphasic	2.0	100.0	1.0	10.0	-50.0	16r	16.0	0.0	monopolar		[842.8 128.8 330.3]	[0 0 0]
6553.047315217416	2.0	trials	1.0	2.0	75.0	biphasic	2.0	100.0	1.0	10.0	-50.0	16r	16.0	0.0	monopolar		[842.8 128.8 330.3]	[0 0 0]
6555.0475366457085	2.0	trials	1.0	2.0	75.0	biphasic	2.0	100.0	1.0	10.0	-50.0	16r	16.0	0.0	monopolar		[842.8 128.8 330.3]	[0 0 0]
6557.047329526076	2.0	trials	1.0	2.0	75.0	biphasic	2.0	100.0	1.0	10.0	-50.0	16r	16.0	0.0	monopolar		[842.8 128.8 330.3]	[0 0 0]
6559.047336680405	2.0	trials	1.0	2.0	75.0	biphasic	2.0	100.0	1.0	10.0	-50.0	16r	16.0	0.0	monopolar		[842.8 128.8 330.3]	[0 0 0]
6561.047343834735	2.0	trials	1.0	2.0	75.0	biphasic	2.0	100.0	1.0	10.0	-50.0	16r	16.0	0.0	monopolar		[842.8 128.8 330.3]	[0 0 0]
6563.047350989065	2.0	trials	1.0	2.0	75.0	biphasic	2.0	100.0	1.0	10.0	-50.0	16r	16.0	0.0	monopolar		[842.8 128.8 330.3]	[0 0 0]
6565.047358143394	2.0	trials	1.0	2.0	75.0	biphasic	2.0	100.0	1.0	10.0	-50.0	16r	16.0	0.0	monopolar		[842.8 128.8 330.3]	[0 0 0]
6567.047580352161	2.0	trials	1.0	2.0	75.0	biphasic	2.0	100.0	1.0	10.0	-50.0	16r	16.0	0.0	monopolar		[842.8 128.8 330.3]	[0 0 0]
6569.04758763657	2.0	trials	1.0	2.0	75.0	biphasic	2.0	100.0	1.0	10.0	-50.0	16r	16.0	0.0	monopolar		[842.8 128.8 330.3]	[0 0 0]
6571.047379606383	2.0	trials	1.0	2.0	75.0	biphasic	2.0	100.0	1.0	10.0	-50.0	16r	16.0	0.0	monopolar		[842.8 128.8 330.3]	[0 0 0]
6573.047568905233	2.0	trials	1.0	2.0	75.0	biphasic	2.0	100.0	1.0	10.0	-50.0	16r	16.0	0.0	monopolar		[842.8 128.8 330.3]	[0 0 0]
6575.047576189641	2.0	trials	1.0	2.0	75.0	biphasic	2.0	100.0	1.0	10.0	-50.0	16r	16.0	0.0	monopolar		[842.8 128.8 330.3]	[0 0 0]
6577.047583474051	2.0	trials	1.0	2.0	75.0	biphasic	2.0	100.0	1.0	10.0	-50.0	16r	16.0	0.0	monopolar		[842.8 128.8 330.3]	[0 0 0]
6579.04737492355	2.0	trials	1.0	2.0	75.0	biphasic	2.0	100.0	1.0	10.0	-50.0	16r	16.0	0.0	monopolar		[842.8 128.8 330.3]	[0 0 0]
6581.047598042868	2.0	trials	1.0	2.0	75.0	biphasic	2.0	100.0	1.0	10.0	-50.0	16r	16.0	0.0	monopolar		[842.8 128.8 330.3]	[0 0 0]
6583.047389232209	2.0	trials	1.0	2.0	75.0	biphasic	2.0	100.0	1.0	10.0	-50.0	16r	16.0	0.0	monopolar		[842.8 128.8 330.3]	[0 0 0]
6613.059451301871	2.0	trials	1.0	2.0	75.0	biphasic	3.0	100.0	1.0	10.0	50.0	16r	16.0	0.0	monopolar		[842.8 128.8 330.3]	[0 0 0]
6615.059240279117	2.0	trials	1.0	2.0	75.0	biphasic	3.0	100.0	1.0	10.0	50.0	16r	16.0	0.0	monopolar		[842.8 128.8 330.3]	[0 0 0]
6617.059432310379	2.0	trials	1.0	2.0	75.0	biphasic	3.0	100.0	1.0	10.0	50.0	16r	16.0	0.0	monopolar		[842.8 128.8 330.3]	[0 0 0]
6619.059439464709	2.0	trials	1.0	2.0	75.0	biphasic	3.0	100.0	1.0	10.0	50.0	16r	16.0	0.0	monopolar		[842.8 128.8 330.3]	[0 0 0]
6621.059665186386	2.0	trials	1.0	2.0	75.0	biphasic	3.0	100.0	1.0	10.0	50.0	16r	16.0	0.0	monopolar		[842.8 128.8 330.3]	[0 0 0]
6623.059453773367	2.0	trials	1.0	2.0	75.0	biphasic	3.0	100.0	1.0	10.0	50.0	16r	16.0	0.0	monopolar		[842.8 128.8 330.3]	[0 0 0]
6625.059679755204	2.0	trials	1.0	2.0	75.0	biphasic	3.0	100.0	1.0	10.0	50.0	16r	16.0	0.0	monopolar		[842.8 128.8 330.3]	[0 0 0]
6627.059468082027	2.0	trials	1.0	2.0	75.0	biphasic	3.0	100.0	1.0	10.0	50.0	16r	16.0	0.0	monopolar		[842.8 128.8 330.3]	[0 0 0]
6629.059694324022	2.0	trials	1.0	2.0	75.0	biphasic	3.0	100.0	1.0	10.0	50.0	16r	16.0	0.0	monopolar		[842.8 128.8 330.3]	[0 0 0]
6631.059482390686	2.0	trials	1.0	2.0	75.0	biphasic	3.0	100.0	1.0	10.0	50.0	16r	16.0	0.0	monopolar		[842.8 128.8 330.3]	[0 0 0]
6633.059708892839	2.0	trials	1.0	2.0	75.0	biphasic	3.0	100.0	1.0	10.0	50.0	16r	16.0	0.0	monopolar		[842.8 128.8 330.3]	[0 0 0]
6635.059496699345	2.0	trials	1.0	2.0	75.0	biphasic	3.0	100.0	1.0	10.0	50.0	16r	16.0	0.0	monopolar		[842.8 128.8 330.3]	[0 0 0]
6637.059723461656	2.0	trials	1.0	2.0	75.0	biphasic	3.0	100.0	1.0	10.0	50.0	16r	16.0	0.0	monopolar		[842.8 128.8 330.3]	[0 0 0]
6639.059511008005	2.0	trials	1.0	2.0	75.0	biphasic	3.0	100.0	1.0	10.0	50.0	16r	16.0	0.0	monopolar		[842.8 128.8 330.3]	[0 0 0]
6641.059264994072	2.0	trials	1.0	2.0	75.0	biphasic	3.0	100.0	1.0	10.0	50.0	16r	16.0	0.0	monopolar		[842.8 128.8 330.3]	[0 0 0]
6643.059492016511	2.0	trials	1.0	2.0	75.0	biphasic	3.0	100.0	1.0	10.0	50.0	16r	16.0	0.0	monopolar		[842.8 128.8 330.3]	[0 0 0]
6645.059279042573	2.0	trials	1.0	2.0	75.0	biphasic	3.0	100.0	1.0	10.0	50.0	16r	16.0	0.0	monopolar		[842.8 128.8 330.3]	[0 0 0]
6647.05950632517	2.0	trials	1.0	2.0	75.0	biphasic	3.0	100.0	1.0	10.0	50.0	16r	16.0	0.0	monopolar		[842.8 128.8 330.3]	[0 0 0]
6649.059293091073	2.0	trials	1.0	2.0	75.0	biphasic	3.0	100.0	1.0	10.0	50.0	16r	16.0	0.0	monopolar		[842.8 128.8 330.3]	[0 0 0]
6651.059741152364	2.0	trials	1.0	2.0	75.0	biphasic	3.0	100.0	1.0	10.0	50.0	16r	16.0	0.0	monopolar		[842.8 128.8 330.3]	[0 0 0]
6653.059527788159	2.0	trials	1.0	2.0	75.0	biphasic	3.0	100.0	1.0	10.0	50.0	16r	16.0	0.0	monopolar		[842.8 128.8 330.3]	[0 0 0]
6655.059755721182	2.0	trials	1.0	2.0	75.0	biphasic	3.0	100.0	1.0	10.0	50.0	16r	16.0	0.0	monopolar		[842.8 128.8 330.3]	[0 0 0]
6657.059542096818	2.0	trials	1.0	2.0	75.0	biphasic	3.0	100.0	1.0	10.0	50.0	16r	16.0	0.0	monopolar		[842.8 128.8 330.3]	[0 0 0]
6659.0597702899995	2.0	trials	1.0	2.0	75.0	biphasic	3.0	100.0	1.0	10.0	50.0	16r	16.0	0.0	monopolar		[842.8 128.8 330.3]	[0 0 0]
6661.059556405478	2.0	trials	1.0	2.0	75.0	biphasic	3.0	100.0	1.0	10.0	50.0	16r	16.0	0.0	monopolar		[842.8 128.8 330.3]	[0 0 0]
6663.059784858817	2.0	trials	1.0	2.0	75.0	biphasic	3.0	100.0	1.0	10.0	50.0	16r	16.0	0.0	monopolar		[842.8 128.8 330.3]	[0 0 0]
6665.059537413985	2.0	trials	1.0	2.0	75.0	biphasic	3.0	100.0	1.0	10.0	50.0	16r	16.0	0.0	monopolar		[842.8 128.8 330.3]	[0 0 0]
6667.059323009178	2.0	trials	1.0	2.0	75.0	biphasic	3.0	100.0	1.0	10.0	50.0	16r	16.0	0.0	monopolar		[842.8 128.8 330.3]	[0 0 0]
6669.059551722644	2.0	trials	1.0	2.0	75.0	biphasic	3.0	100.0	1.0	10.0	50.0	16r	16.0	0.0	monopolar		[842.8 128.8 330.3]	[0 0 0]
6671.059337057679	2.0	trials	1.0	2.0	75.0	biphasic	3.0	100.0	1.0	10.0	50.0	16r	16.0	0.0	monopolar		[842.8 128.8 330.3]	[0 0 0]
6673.059566031303	2.0	trials	1.0	2.0	75.0	biphasic	3.0	100.0	1.0	10.0	50.0	16r	16.0	0.0	monopolar		[842.8 128.8 330.3]	[0 0 0]
6675.059573185633	2.0	trials	1.0	2.0	75.0	biphasic	3.0	100.0	1.0	10.0	50.0	16r	16.0	0.0	monopolar		[842.8 128.8 330.3]	[0 0 0]
6677.059802549524	2.0	trials	1.0	2.0	75.0	biphasic	3.0	100.0	1.0	10.0	50.0	16r	16.0	0.0	monopolar		[842.8 128.8 330.3]	[0 0 0]
6679.059587494292	2.0	trials	1.0	2.0	75.0	biphasic	3.0	100.0	1.0	10.0	50.0	16r	16.0	0.0	monopolar		[842.8 128.8 330.3]	[0 0 0]
6681.059817118341	2.0	trials	1.0	2.0	75.0	biphasic	3.0	100.0	1.0	10.0	50.0	16r	16.0	0.0	monopolar		[842.8 128.8 330.3]	[0 0 0]
6683.059601802952	2.0	trials	1.0	2.0	75.0	biphasic	3.0	100.0	1.0	10.0	50.0	16r	16.0	0.0	monopolar		[842.8 128.8 330.3]	[0 0 0]
6685.059608957281	2.0	trials	1.0	2.0	75.0	biphasic	3.0	100.0	1.0	10.0	50.0	16r	16.0	0.0	monopolar		[842.8 128.8 330.3]	[0 0 0]
6687.05961611161	2.0	trials	1.0	2.0	75.0	biphasic	3.0	100.0	1.0	10.0	50.0	16r	16.0	0.0	monopolar		[842.8 128.8 330.3]	[0 0 0]
6689.059589965787	2.0	trials	1.0	2.0	75.0	biphasic	3.0	100.0	1.0	10.0	50.0	16r	16.0	0.0	monopolar		[842.8 128.8 330.3]	[0 0 0]
6691.059597120117	2.0	trials	1.0	2.0	75.0	biphasic	3.0	100.0	1.0	10.0	50.0	16r	16.0	0.0	monopolar		[842.8 128.8 330.3]	[0 0 0]
6693.059604274447	2.0	trials	1.0	2.0	75.0	biphasic	3.0	100.0	1.0	10.0	50.0	16r	16.0	0.0	monopolar		[842.8 128.8 330.3]	[0 0 0]
6695.059611428776	2.0	trials	1.0	2.0	75.0	biphasic	3.0	100.0	1.0	10.0	50.0	16r	16.0	0.0	monopolar		[842.8 128.8 330.3]	[0 0 0]
6697.059618583106	2.0	trials	1.0	2.0	75.0	biphasic	3.0	100.0	1.0	10.0	50.0	16r	16.0	0.0	monopolar		[842.8 128.8 330.3]	[0 0 0]
6699.059625737436	2.0	trials	1.0	2.0	75.0	biphasic	3.0	100.0	1.0	10.0	50.0	16r	16.0	0.0	monopolar		[842.8 128.8 330.3]	[0 0 0]
6701.059409121284	2.0	trials	1.0	2.0	75.0	biphasic	3.0	100.0	1.0	10.0	50.0	16r	16.0	0.0	monopolar		[842.8 128.8 330.3]	[0 0 0]
6703.0596400460945	2.0	trials	1.0	2.0	75.0	biphasic	3.0	100.0	1.0	10.0	50.0	16r	16.0	0.0	monopolar		[842.8 128.8 330.3]	[0 0 0]
6705.059423169785	2.0	trials	1.0	2.0	75.0	biphasic	3.0	100.0	1.0	10.0	50.0	16r	16.0	0.0	monopolar		[842.8 128.8 330.3]	[0 0 0]
6707.059878515502	2.0	trials	1.0	2.0	75.0	biphasic	3.0	100.0	1.0	10.0	50.0	16r	16.0	0.0	monopolar		[842.8 128.8 330.3]	[0 0 0]
6709.0596615090835	2.0	trials	1.0	2.0	75.0	biphasic	3.0	100.0	1.0	10.0	50.0	16r	16.0	0.0	monopolar		[842.8 128.8 330.3]	[0 0 0]
6711.0596686634135	2.0	trials	1.0	2.0	75.0	biphasic	3.0	100.0	1.0	10.0	50.0	16r	16.0	0.0	monopolar		[842.8 128.8 330.3]	[0 0 0]
6713.059642517591	2.0	trials	1.0	2.0	75.0	biphasic	3.0	100.0	1.0	10.0	50.0	16r	16.0	0.0	monopolar		[842.8 128.8 330.3]	[0 0 0]
6715.059649671921	2.0	trials	1.0	2.0	75.0	biphasic	3.0	100.0	1.0	10.0	50.0	16r	16.0	0.0	monopolar		[842.8 128.8 330.3]	[0 0 0]
6717.05965682625	2.0	trials	1.0	2.0	75.0	biphasic	3.0	100.0	1.0	10.0	50.0	16r	16.0	0.0	monopolar		[842.8 128.8 330.3]	[0 0 0]
6719.059663980579	2.0	trials	1.0	2.0	75.0	biphasic	3.0	100.0	1.0	10.0	50.0	16r	16.0	0.0	monopolar		[842.8 128.8 330.3]	[0 0 0]
6721.05967113491	2.0	trials	1.0	2.0	75.0	biphasic	3.0	100.0	1.0	10.0	50.0	16r	16.0	0.0	monopolar		[842.8 128.8 330.3]	[0 0 0]
6723.059678289239	2.0	trials	1.0	2.0	75.0	biphasic	3.0	100.0	1.0	10.0	50.0	16r	16.0	0.0	monopolar		[842.8 128.8 330.3]	[0 0 0]
6725.059685443568	2.0	trials	1.0	2.0	75.0	biphasic	3.0	100.0	1.0	10.0	50.0	16r	16.0	0.0	monopolar		[842.8 128.8 330.3]	[0 0 0]
6727.059692597898	2.0	trials	1.0	2.0	75.0	biphasic	3.0	100.0	1.0	10.0	50.0	16r	16.0	0.0	monopolar		[842.8 128.8 330.3]	[0 0 0]
6729.059474160641	2.0	trials	1.0	2.0	75.0	biphasic	3.0	100.0	1.0	10.0	50.0	16r	16.0	0.0	monopolar		[842.8 128.8 330.3]	[0 0 0]
6731.060158349977	2.0	trials	1.0	2.0	75.0	biphasic	3.0	100.0	1.0	10.0	50.0	16r	16.0	0.0	monopolar		[842.8 128.8 330.3]	[0 0 0]
6733.059939912662	2.0	trials	1.0	2.0	75.0	biphasic	3.0	100.0	1.0	10.0	50.0	16r	16.0	0.0	monopolar		[842.8 128.8 330.3]	[0 0 0]
6735.060173178954	2.0	trials	1.0	2.0	75.0	biphasic	3.0	100.0	1.0	10.0	50.0	16r	16.0	0.0	monopolar		[842.8 128.8 330.3]	[0 0 0]
6737.059921181324	2.0	trials	1.0	2.0	75.0	biphasic	3.0	100.0	1.0	10.0	50.0	16r	16.0	0.0	monopolar		[842.8 128.8 330.3]	[0 0 0]
6739.059928465734	2.0	trials	1.0	2.0	75.0	biphasic	3.0	100.0	1.0	10.0	50.0	16r	16.0	0.0	monopolar		[842.8 128.8 330.3]	[0 0 0]
6741.059935750142	2.0	trials	1.0	2.0	75.0	biphasic	3.0	100.0	1.0	10.0	50.0	16r	16.0	0.0	monopolar		[842.8 128.8 330.3]	[0 0 0]
6743.059943034551	2.0	trials	1.0	2.0	75.0	biphasic	3.0	100.0	1.0	10.0	50.0	16r	16.0	0.0	monopolar		[842.8 128.8 330.3]	[0 0 0]
6745.059950318961	2.0	trials	1.0	2.0	75.0	biphasic	3.0	100.0	1.0	10.0	50.0	16r	16.0	0.0	monopolar		[842.8 128.8 330.3]	[0 0 0]
6747.059957603369	2.0	trials	1.0	2.0	75.0	biphasic	3.0	100.0	1.0	10.0	50.0	16r	16.0	0.0	monopolar		[842.8 128.8 330.3]	[0 0 0]
6749.059964887778	2.0	trials	1.0	2.0	75.0	biphasic	3.0	100.0	1.0	10.0	50.0	16r	16.0	0.0	monopolar		[842.8 128.8 330.3]	[0 0 0]
6751.0599721721865	2.0	trials	1.0	2.0	75.0	biphasic	3.0	100.0	1.0	10.0	50.0	16r	16.0	0.0	monopolar		[842.8 128.8 330.3]	[0 0 0]
6753.059979456595	2.0	trials	1.0	2.0	75.0	biphasic	3.0	100.0	1.0	10.0	50.0	16r	16.0	0.0	monopolar		[842.8 128.8 330.3]	[0 0 0]
6755.0597594583605	2.0	trials	1.0	2.0	75.0	biphasic	3.0	100.0	1.0	10.0	50.0	16r	16.0	0.0	monopolar		[842.8 128.8 330.3]	[0 0 0]
6757.059994025412	2.0	trials	1.0	2.0	75.0	biphasic	3.0	100.0	1.0	10.0	50.0	16r	16.0	0.0	monopolar		[842.8 128.8 330.3]	[0 0 0]
6759.05977376702	2.0	trials	1.0	2.0	75.0	biphasic	3.0	100.0	1.0	10.0	50.0	16r	16.0	0.0	monopolar		[842.8 128.8 330.3]	[0 0 0]
6761.060202966984	2.0	trials	1.0	2.0	75.0	biphasic	3.0	100.0	1.0	10.0	50.0	16r	16.0	0.0	monopolar		[842.8 128.8 330.3]	[0 0 0]
6829.046271205607	2.0	trials	1.0	2.0	75.0	biphasic	4.0	100.0	1.0	10.0	5.0	16r	16.0	0.0	monopolar		[842.8 128.8 330.3]	[0 0 0]
6831.046477284541	2.0	trials	1.0	2.0	75.0	biphasic	4.0	100.0	1.0	10.0	5.0	16r	16.0	0.0	monopolar		[842.8 128.8 330.3]	[0 0 0]
6833.046252214113	2.0	trials	1.0	2.0	75.0	biphasic	4.0	100.0	1.0	10.0	5.0	16r	16.0	0.0	monopolar		[842.8 128.8 330.3]	[0 0 0]
6835.046491853358	2.0	trials	1.0	2.0	75.0	biphasic	4.0	100.0	1.0	10.0	5.0	16r	16.0	0.0	monopolar		[842.8 128.8 330.3]	[0 0 0]
6837.046266522773	2.0	trials	1.0	2.0	75.0	biphasic	4.0	100.0	1.0	10.0	5.0	16r	16.0	0.0	monopolar		[842.8 128.8 330.3]	[0 0 0]
6839.046506422175	2.0	trials	1.0	2.0	75.0	biphasic	4.0	100.0	1.0	10.0	5.0	16r	16.0	0.0	monopolar		[842.8 128.8 330.3]	[0 0 0]
6841.046513706585	2.0	trials	1.0	2.0	75.0	biphasic	4.0	100.0	1.0	10.0	5.0	16r	16.0	0.0	monopolar		[842.8 128.8 330.3]	[0 0 0]
6843.0465209909935	2.0	trials	1.0	2.0	75.0	biphasic	4.0	100.0	1.0	10.0	5.0	16r	16.0	0.0	monopolar		[842.8 128.8 330.3]	[0 0 0]
6845.046528275402	2.0	trials	1.0	2.0	75.0	biphasic	4.0	100.0	1.0	10.0	5.0	16r	16.0	0.0	monopolar		[842.8 128.8 330.3]	[0 0 0]
6847.046535559812	2.0	trials	1.0	2.0	75.0	biphasic	4.0	100.0	1.0	10.0	5.0	16r	16.0	0.0	monopolar		[842.8 128.8 330.3]	[0 0 0]
6849.04654284422	2.0	trials	1.0	2.0	75.0	biphasic	4.0	100.0	1.0	10.0	5.0	16r	16.0	0.0	monopolar		[842.8 128.8 330.3]	[0 0 0]
6851.04631660308	2.0	trials	1.0	2.0	75.0	biphasic	4.0	100.0	1.0	10.0	5.0	16r	16.0	0.0	monopolar		[842.8 128.8 330.3]	[0 0 0]
6853.046557413038	2.0	trials	1.0	2.0	75.0	biphasic	4.0	100.0	1.0	10.0	5.0	16r	16.0	0.0	monopolar		[842.8 128.8 330.3]	[0 0 0]
6855.046297611587	2.0	trials	1.0	2.0	75.0	biphasic	4.0	100.0	1.0	10.0	5.0	16r	16.0	0.0	monopolar		[842.8 128.8 330.3]	[0 0 0]
6857.0465386817	2.0	trials	1.0	2.0	75.0	biphasic	4.0	100.0	1.0	10.0	5.0	16r	16.0	0.0	monopolar		[842.8 128.8 330.3]	[0 0 0]
6859.046311920247	2.0	trials	1.0	2.0	75.0	biphasic	4.0	100.0	1.0	10.0	5.0	16r	16.0	0.0	monopolar		[842.8 128.8 330.3]	[0 0 0]
6861.046319074576	2.0	trials	1.0	2.0	75.0	biphasic	4.0	100.0	1.0	10.0	5.0	16r	16.0	0.0	monopolar		[842.8 128.8 330.3]	[0 0 0]
6863.046326228906	2.0	trials	1.0	2.0	75.0	biphasic	4.0	100.0	1.0	10.0	5.0	16r	16.0	0.0	monopolar		[842.8 128.8 330.3]	[0 0 0]
6865.046333383236	2.0	trials	1.0	2.0	75.0	biphasic	4.0	100.0	1.0	10.0	5.0	16r	16.0	0.0	monopolar		[842.8 128.8 330.3]	[0 0 0]
6867.046340537565	2.0	trials	1.0	2.0	75.0	biphasic	4.0	100.0	1.0	10.0	5.0	16r	16.0	0.0	monopolar		[842.8 128.8 330.3]	[0 0 0]
6869.046347691894	2.0	trials	1.0	2.0	75.0	biphasic	4.0	100.0	1.0	10.0	5.0	16r	16.0	0.0	monopolar		[842.8 128.8 330.3]	[0 0 0]
6871.046589672562	2.0	trials	1.0	2.0	75.0	biphasic	4.0	100.0	1.0	10.0	5.0	16r	16.0	0.0	monopolar		[842.8 128.8 330.3]	[0 0 0]
6873.046596956971	2.0	trials	1.0	2.0	75.0	biphasic	4.0	100.0	1.0	10.0	5.0	16r	16.0	0.0	monopolar		[842.8 128.8 330.3]	[0 0 0]
6875.04660424138	2.0	trials	1.0	2.0	75.0	biphasic	4.0	100.0	1.0	10.0	5.0	16r	16.0	0.0	monopolar		[842.8 128.8 330.3]	[0 0 0]
6877.046611525789	2.0	trials	1.0	2.0	75.0	biphasic	4.0	100.0	1.0	10.0	5.0	16r	16.0	0.0	monopolar		[842.8 128.8 330.3]	[0 0 0]
6879.046585510043	2.0	trials	1.0	2.0	75.0	biphasic	4.0	100.0	1.0	10.0	5.0	16r	16.0	0.0	monopolar		[842.8 128.8 330.3]	[0 0 0]
6881.0465927944515	2.0	trials	1.0	2.0	75.0	biphasic	4.0	100.0	1.0	10.0	5.0	16r	16.0	0.0	monopolar		[842.8 128.8 330.3]	[0 0 0]
6883.04660007886	2.0	trials	1.0	2.0	75.0	biphasic	4.0	100.0	1.0	10.0	5.0	16r	16.0	0.0	monopolar		[842.8 128.8 330.3]	[0 0 0]
6885.046371626379	2.0	trials	1.0	2.0	75.0	biphasic	4.0	100.0	1.0	10.0	5.0	16r	16.0	0.0	monopolar		[842.8 128.8 330.3]	[0 0 0]
6887.046378780709	2.0	trials	1.0	2.0	75.0	biphasic	4.0	100.0	1.0	10.0	5.0	16r	16.0	0.0	monopolar		[842.8 128.8 330.3]	[0 0 0]
6889.046385935038	2.0	trials	1.0	2.0	75.0	biphasic	4.0	100.0	1.0	10.0	5.0	16r	16.0	0.0	monopolar		[842.8 128.8 330.3]	[0 0 0]
6891.0463930893675	2.0	trials	1.0	2.0	75.0	biphasic	4.0	100.0	1.0	10.0	5.0	16r	16.0	0.0	monopolar		[842.8 128.8 330.3]	[0 0 0]
6893.0464002436975	2.0	trials	1.0	2.0	75.0	biphasic	4.0	100.0	1.0	10.0	5.0	16r	16.0	0.0	monopolar		[842.8 128.8 330.3]	[0 0 0]
6895.046643785314	2.0	trials	1.0	2.0	75.0	biphasic	4.0	100.0	1.0	10.0	5.0	16r	16.0	0.0	monopolar		[842.8 128.8 330.3]	[0 0 0]
6897.046651069722	2.0	trials	1.0	2.0	75.0	biphasic	4.0	100.0	1.0	10.0	5.0	16r	16.0	0.0	monopolar		[842.8 128.8 330.3]	[0 0 0]
6899.046658354131	2.0	trials	1.0	2.0	75.0	biphasic	4.0	100.0	1.0	10.0	5.0	16r	16.0	0.0	monopolar		[842.8 128.8 330.3]	[0 0 0]
6901.04666563854	2.0	trials	1.0	2.0	75.0	biphasic	4.0	100.0	1.0	10.0	5.0	16r	16.0	0.0	monopolar		[842.8 128.8 330.3]	[0 0 0]
6903.046639622795	2.0	trials	1.0	2.0	75.0	biphasic	4.0	100.0	1.0	10.0	5.0	16r	16.0	0.0	monopolar		[842.8 128.8 330.3]	[0 0 0]
6905.046409869523	2.0	trials	1.0	2.0	75.0	biphasic	4.0	100.0	1.0	10.0	5.0	16r	16.0	0.0	monopolar		[842.8 128.8 330.3]	[0 0 0]
6907.046654191612	2.0	trials	1.0	2.0	75.0	biphasic	4.0	100.0	1.0	10.0	5.0	16r	16.0	0.0	monopolar		[842.8 128.8 330.3]	[0 0 0]
6909.046424178183	2.0	trials	1.0	2.0	75.0	biphasic	4.0	100.0	1.0	10.0	5.0	16r	16.0	0.0	monopolar		[842.8 128.8 330.3]	[0 0 0]
6911.046668760429	2.0	trials	1.0	2.0	75.0	biphasic	4.0	100.0	1.0	10.0	5.0	16r	16.0	0.0	monopolar		[842.8 128.8 330.3]	[0 0 0]
6913.046438486841	2.0	trials	1.0	2.0	75.0	biphasic	4.0	100.0	1.0	10.0	5.0	16r	16.0	0.0	monopolar		[842.8 128.8 330.3]	[0 0 0]
6915.046445641171	2.0	trials	1.0	2.0	75.0	biphasic	4.0	100.0	1.0	10.0	5.0	16r	16.0	0.0	monopolar		[842.8 128.8 330.3]	[0 0 0]
6917.046452795501	2.0	trials	1.0	2.0	75.0	biphasic	4.0	100.0	1.0	10.0	5.0	16r	16.0	0.0	monopolar		[842.8 128.8 330.3]	[0 0 0]
6919.04645994983	2.0	trials	1.0	2.0	75.0	biphasic	4.0	100.0	1.0	10.0	5.0	16r	16.0	0.0	monopolar		[842.8 128.8 330.3]	[0 0 0]
6921.04646710416	2.0	trials	1.0	2.0	75.0	biphasic	4.0	100.0	1.0	10.0	5.0	16r	16.0	0.0	monopolar		[842.8 128.8 330.3]	[0 0 0]
6923.04647425849	2.0	trials	1.0	2.0	75.0	biphasic	4.0	100.0	1.0	10.0	5.0	16r	16.0	0.0	monopolar		[842.8 128.8 330.3]	[0 0 0]
6925.046481412819	2.0	trials	1.0	2.0	75.0	biphasic	4.0	100.0	1.0	10.0	5.0	16r	16.0	0.0	monopolar		[842.8 128.8 330.3]	[0 0 0]
6927.046693735545	2.0	trials	1.0	2.0	75.0	biphasic	4.0	100.0	1.0	10.0	5.0	16r	16.0	0.0	monopolar		[842.8 128.8 330.3]	[0 0 0]
6929.046701019954	2.0	trials	1.0	2.0	75.0	biphasic	4.0	100.0	1.0	10.0	5.0	16r	16.0	0.0	monopolar		[842.8 128.8 330.3]	[0 0 0]
6931.0464695756555	2.0	trials	1.0	2.0	75.0	biphasic	4.0	100.0	1.0	10.0	5.0	16r	16.0	0.0	monopolar		[842.8 128.8 330.3]	[0 0 0]
6933.046715588772	2.0	trials	1.0	2.0	75.0	biphasic	4.0	100.0	1.0	10.0	5.0	16r	16.0	0.0	monopolar		[842.8 128.8 330.3]	[0 0 0]
6935.0464838843145	2.0	trials	1.0	2.0	75.0	biphasic	4.0	100.0	1.0	10.0	5.0	16r	16.0	0.0	monopolar		[842.8 128.8 330.3]	[0 0 0]
6937.04673015759	2.0	trials	1.0	2.0	75.0	biphasic	4.0	100.0	1.0	10.0	5.0	16r	16.0	0.0	monopolar		[842.8 128.8 330.3]	[0 0 0]
6939.0464981929745	2.0	trials	1.0	2.0	75.0	biphasic	4.0	100.0	1.0	10.0	5.0	16r	16.0	0.0	monopolar		[842.8 128.8 330.3]	[0 0 0]
6941.046744726407	2.0	trials	1.0	2.0	75.0	biphasic	4.0	100.0	1.0	10.0	5.0	16r	16.0	0.0	monopolar		[842.8 128.8 330.3]	[0 0 0]
6943.0465125016335	2.0	trials	1.0	2.0	75.0	biphasic	4.0	100.0	1.0	10.0	5.0	16r	16.0	0.0	monopolar		[842.8 128.8 330.3]	[0 0 0]
6945.0465196559635	2.0	trials	1.0	2.0	75.0	biphasic	4.0	100.0	1.0	10.0	5.0	16r	16.0	0.0	monopolar		[842.8 128.8 330.3]	[0 0 0]
6947.046526810293	2.0	trials	1.0	2.0	75.0	biphasic	4.0	100.0	1.0	10.0	5.0	16r	16.0	0.0	monopolar		[842.8 128.8 330.3]	[0 0 0]
6949.046294065233	2.0	trials	1.0	2.0	75.0	biphasic	4.0	100.0	1.0	10.0	5.0	16r	16.0	0.0	monopolar		[842.8 128.8 330.3]	[0 0 0]
6951.046747848297	2.0	trials	1.0	2.0	75.0	biphasic	4.0	100.0	1.0	10.0	5.0	16r	16.0	0.0	monopolar		[842.8 128.8 330.3]	[0 0 0]
6953.046755132706	2.0	trials	1.0	2.0	75.0	biphasic	4.0	100.0	1.0	10.0	5.0	16r	16.0	0.0	monopolar		[842.8 128.8 330.3]	[0 0 0]
6955.046762417114	2.0	trials	1.0	2.0	75.0	biphasic	4.0	100.0	1.0	10.0	5.0	16r	16.0	0.0	monopolar		[842.8 128.8 330.3]	[0 0 0]
6957.046529281788	2.0	trials	1.0	2.0	75.0	biphasic	4.0	100.0	1.0	10.0	5.0	16r	16.0	0.0	monopolar		[842.8 128.8 330.3]	[0 0 0]
6959.0467769859315	2.0	trials	1.0	2.0	75.0	biphasic	4.0	100.0	1.0	10.0	5.0	16r	16.0	0.0	monopolar		[842.8 128.8 330.3]	[0 0 0]
6961.046543590448	2.0	trials	1.0	2.0	75.0	biphasic	4.0	100.0	1.0	10.0	5.0	16r	16.0	0.0	monopolar		[842.8 128.8 330.3]	[0 0 0]
6963.04679155475	2.0	trials	1.0	2.0	75.0	biphasic	4.0	100.0	1.0	10.0	5.0	16r	16.0	0.0	monopolar		[842.8 128.8 330.3]	[0 0 0]
6965.046557899106	2.0	trials	1.0	2.0	75.0	biphasic	4.0	100.0	1.0	10.0	5.0	16r	16.0	0.0	monopolar		[842.8 128.8 330.3]	[0 0 0]
6967.046806123567	2.0	trials	1.0	2.0	75.0	biphasic	4.0	100.0	1.0	10.0	5.0	16r	16.0	0.0	monopolar		[842.8 128.8 330.3]	[0 0 0]
6969.046572207766	2.0	trials	1.0	2.0	75.0	biphasic	4.0	100.0	1.0	10.0	5.0	16r	16.0	0.0	monopolar		[842.8 128.8 330.3]	[0 0 0]
6971.046820692385	2.0	trials	1.0	2.0	75.0	biphasic	4.0	100.0	1.0	10.0	5.0	16r	16.0	0.0	monopolar		[842.8 128.8 330.3]	[0 0 0]
6973.046586516425	2.0	trials	1.0	2.0	75.0	biphasic	4.0	100.0	1.0	10.0	5.0	16r	16.0	0.0	monopolar		[842.8 128.8 330.3]	[0 0 0]
6975.046318780189	2.0	trials	1.0	2.0	75.0	biphasic	4.0	100.0	1.0	10.0	5.0	16r	16.0	0.0	monopolar		[842.8 128.8 330.3]	[0 0 0]
6977.0465675249325	2.0	trials	1.0	2.0	75.0	biphasic	4.0	100.0	1.0	10.0	5.0	16r	16.0	0.0	monopolar		[842.8 128.8 330.3]	[0 0 0]
7277.325363945556	2.0	trials	1.0	2.0	75.0	biphasic	5.0	100.0	1.0	10.0	25.0	 wire states		0.0	monopolar		[0. 0. 0.]	[0 0 0]
7279.3256324804315	2.0	trials	1.0	2.0	75.0	biphasic	5.0	100.0	1.0	10.0	25.0	 wire states		0.0	monopolar		[0. 0. 0.]	[0 0 0]
7281.32563976484	2.0	trials	1.0	2.0	75.0	biphasic	5.0	100.0	1.0	10.0	25.0	 wire states		0.0	monopolar		[0. 0. 0.]	[0 0 0]
7283.325647049249	2.0	trials	1.0	2.0	75.0	biphasic	5.0	100.0	1.0	10.0	25.0	 wire states		0.0	monopolar		[0. 0. 0.]	[0 0 0]
7285.325621033503	2.0	trials	1.0	2.0	75.0	biphasic	5.0	100.0	1.0	10.0	25.0	 wire states		0.0	monopolar		[0. 0. 0.]	[0 0 0]
7287.325366417052	2.0	trials	1.0	2.0	75.0	biphasic	5.0	100.0	1.0	10.0	25.0	 wire states		0.0	monopolar		[0. 0. 0.]	[0 0 0]
7289.325635602321	2.0	trials	1.0	2.0	75.0	biphasic	5.0	100.0	1.0	10.0	25.0	 wire states		0.0	monopolar		[0. 0. 0.]	[0 0 0]
7291.3253807257115	2.0	trials	1.0	2.0	75.0	biphasic	5.0	100.0	1.0	10.0	25.0	 wire states		0.0	monopolar		[0. 0. 0.]	[0 0 0]
7293.325387880041	2.0	trials	1.0	2.0	75.0	biphasic	5.0	100.0	1.0	10.0	25.0	 wire states		0.0	monopolar		[0. 0. 0.]	[0 0 0]
7295.32539503437	2.0	trials	1.0	2.0	75.0	biphasic	5.0	100.0	1.0	10.0	25.0	 wire states		0.0	monopolar		[0. 0. 0.]	[0 0 0]
7297.3254021887	2.0	trials	1.0	2.0	75.0	biphasic	5.0	100.0	1.0	10.0	25.0	 wire states		0.0	monopolar		[0. 0. 0.]	[0 0 0]
7299.32540934303	2.0	trials	1.0	2.0	75.0	biphasic	5.0	100.0	1.0	10.0	25.0	 wire states		0.0	monopolar		[0. 0. 0.]	[0 0 0]
7301.325416497359	2.0	trials	1.0	2.0	75.0	biphasic	5.0	100.0	1.0	10.0	25.0	 wire states		0.0	monopolar		[0. 0. 0.]	[0 0 0]
7303.325686593183	2.0	trials	1.0	2.0	75.0	biphasic	5.0	100.0	1.0	10.0	25.0	 wire states		0.0	monopolar		[0. 0. 0.]	[0 0 0]
7305.325693877591	2.0	trials	1.0	2.0	75.0	biphasic	5.0	100.0	1.0	10.0	25.0	 wire states		0.0	monopolar		[0. 0. 0.]	[0 0 0]
7307.325701162001	2.0	trials	1.0	2.0	75.0	biphasic	5.0	100.0	1.0	10.0	25.0	 wire states		0.0	monopolar		[0. 0. 0.]	[0 0 0]
7309.325675146254	2.0	trials	1.0	2.0	75.0	biphasic	5.0	100.0	1.0	10.0	25.0	 wire states		0.0	monopolar		[0. 0. 0.]	[0 0 0]
7311.325682430663	2.0	trials	1.0	2.0	75.0	biphasic	5.0	100.0	1.0	10.0	25.0	 wire states		0.0	monopolar		[0. 0. 0.]	[0 0 0]
7313.325426123184	2.0	trials	1.0	2.0	75.0	biphasic	5.0	100.0	1.0	10.0	25.0	 wire states		0.0	monopolar		[0. 0. 0.]	[0 0 0]
7315.325696999481	2.0	trials	1.0	2.0	75.0	biphasic	5.0	100.0	1.0	10.0	25.0	 wire states		0.0	monopolar		[0. 0. 0.]	[0 0 0]
7317.325440431843	2.0	trials	1.0	2.0	75.0	biphasic	5.0	100.0	1.0	10.0	25.0	 wire states		0.0	monopolar		[0. 0. 0.]	[0 0 0]
7319.325711568299	2.0	trials	1.0	2.0	75.0	biphasic	5.0	100.0	1.0	10.0	25.0	 wire states		0.0	monopolar		[0. 0. 0.]	[0 0 0]
7321.325454740503	2.0	trials	1.0	2.0	75.0	biphasic	5.0	100.0	1.0	10.0	25.0	 wire states		0.0	monopolar		[0. 0. 0.]	[0 0 0]
7323.325461894832	2.0	trials	1.0	2.0	75.0	biphasic	5.0	100.0	1.0	10.0	25.0	 wire states		0.0	monopolar		[0. 0. 0.]	[0 0 0]
7325.325469049162	2.0	trials	1.0	2.0	75.0	biphasic	5.0	100.0	1.0	10.0	25.0	 wire states		0.0	monopolar		[0. 0. 0.]	[0 0 0]
7327.325476203492	2.0	trials	1.0	2.0	75.0	biphasic	5.0	100.0	1.0	10.0	25.0	 wire states		0.0	monopolar		[0. 0. 0.]	[0 0 0]
7329.325483357821	2.0	trials	1.0	2.0	75.0	biphasic	5.0	100.0	1.0	10.0	25.0	 wire states		0.0	monopolar		[0. 0. 0.]	[0 0 0]
7331.325225749584	2.0	trials	1.0	2.0	75.0	biphasic	5.0	100.0	1.0	10.0	25.0	 wire states		0.0	monopolar		[0. 0. 0.]	[0 0 0]
7333.325994151717	2.0	trials	1.0	2.0	75.0	biphasic	5.0	100.0	1.0	10.0	25.0	 wire states		0.0	monopolar		[0. 0. 0.]	[0 0 0]
7335.326001566205	2.0	trials	1.0	2.0	75.0	biphasic	5.0	100.0	1.0	10.0	25.0	 wire states		0.0	monopolar		[0. 0. 0.]	[0 0 0]
7337.326008980694	2.0	trials	1.0	2.0	75.0	biphasic	5.0	100.0	1.0	10.0	25.0	 wire states		0.0	monopolar		[0. 0. 0.]	[0 0 0]
7339.325751112232	2.0	trials	1.0	2.0	75.0	biphasic	5.0	100.0	1.0	10.0	25.0	 wire states		0.0	monopolar		[0. 0. 0.]	[0 0 0]
7341.32602380967	2.0	trials	1.0	2.0	75.0	biphasic	5.0	100.0	1.0	10.0	25.0	 wire states		0.0	monopolar		[0. 0. 0.]	[0 0 0]
7343.325765681049	2.0	trials	1.0	2.0	75.0	biphasic	5.0	100.0	1.0	10.0	25.0	 wire states		0.0	monopolar		[0. 0. 0.]	[0 0 0]
7345.325772965458	2.0	trials	1.0	2.0	75.0	biphasic	5.0	100.0	1.0	10.0	25.0	 wire states		0.0	monopolar		[0. 0. 0.]	[0 0 0]
7347.325780249867	2.0	trials	1.0	2.0	75.0	biphasic	5.0	100.0	1.0	10.0	25.0	 wire states		0.0	monopolar		[0. 0. 0.]	[0 0 0]
7349.325787534276	2.0	trials	1.0	2.0	75.0	biphasic	5.0	100.0	1.0	10.0	25.0	 wire states		0.0	monopolar		[0. 0. 0.]	[0 0 0]
7351.325794818686	2.0	trials	1.0	2.0	75.0	biphasic	5.0	100.0	1.0	10.0	25.0	 wire states		0.0	monopolar		[0. 0. 0.]	[0 0 0]
7353.325802103094	2.0	trials	1.0	2.0	75.0	biphasic	5.0	100.0	1.0	10.0	25.0	 wire states		0.0	monopolar		[0. 0. 0.]	[0 0 0]
7355.325809387503	2.0	trials	1.0	2.0	75.0	biphasic	5.0	100.0	1.0	10.0	25.0	 wire states		0.0	monopolar		[0. 0. 0.]	[0 0 0]
7357.326083125574	2.0	trials	1.0	2.0	75.0	biphasic	5.0	100.0	1.0	10.0	25.0	 wire states		0.0	monopolar		[0. 0. 0.]	[0 0 0]
7359.32632382368	2.0	trials	1.0	2.0	75.0	biphasic	5.0	100.0	1.0	10.0	25.0	 wire states		0.0	monopolar		[0. 0. 0.]	[0 0 0]
7361.326064654393	2.0	trials	1.0	2.0	75.0	biphasic	5.0	100.0	1.0	10.0	25.0	 wire states		0.0	monopolar		[0. 0. 0.]	[0 0 0]
7363.326338912814	2.0	trials	1.0	2.0	75.0	biphasic	5.0	100.0	1.0	10.0	25.0	 wire states		0.0	monopolar		[0. 0. 0.]	[0 0 0]
7365.3260794833695	2.0	trials	1.0	2.0	75.0	biphasic	5.0	100.0	1.0	10.0	25.0	 wire states		0.0	monopolar		[0. 0. 0.]	[0 0 0]
7367.326354001949	2.0	trials	1.0	2.0	75.0	biphasic	5.0	100.0	1.0	10.0	25.0	 wire states		0.0	monopolar		[0. 0. 0.]	[0 0 0]
7369.326094312345	2.0	trials	1.0	2.0	75.0	biphasic	5.0	100.0	1.0	10.0	25.0	 wire states		0.0	monopolar		[0. 0. 0.]	[0 0 0]
7371.326101726833	2.0	trials	1.0	2.0	75.0	biphasic	5.0	100.0	1.0	10.0	25.0	 wire states		0.0	monopolar		[0. 0. 0.]	[0 0 0]
7373.3261091413215	2.0	trials	1.0	2.0	75.0	biphasic	5.0	100.0	1.0	10.0	25.0	 wire states		0.0	monopolar		[0. 0. 0.]	[0 0 0]
7375.325848931436	2.0	trials	1.0	2.0	75.0	biphasic	5.0	100.0	1.0	10.0	25.0	 wire states		0.0	monopolar		[0. 0. 0.]	[0 0 0]
7377.326123970298	2.0	trials	1.0	2.0	75.0	biphasic	5.0	100.0	1.0	10.0	25.0	 wire states		0.0	monopolar		[0. 0. 0.]	[0 0 0]
7379.326131384785	2.0	trials	1.0	2.0	75.0	biphasic	5.0	100.0	1.0	10.0	25.0	 wire states		0.0	monopolar		[0. 0. 0.]	[0 0 0]
7381.326138799273	2.0	trials	1.0	2.0	75.0	biphasic	5.0	100.0	1.0	10.0	25.0	 wire states		0.0	monopolar		[0. 0. 0.]	[0 0 0]
7383.325844768917	2.0	trials	1.0	2.0	75.0	biphasic	5.0	100.0	1.0	10.0	25.0	 wire states		0.0	monopolar		[0. 0. 0.]	[0 0 0]
7385.326120328093	2.0	trials	1.0	2.0	75.0	biphasic	5.0	100.0	1.0	10.0	25.0	 wire states		0.0	monopolar		[0. 0. 0.]	[0 0 0]
7387.325859337734	2.0	trials	1.0	2.0	75.0	biphasic	5.0	100.0	1.0	10.0	25.0	 wire states		0.0	monopolar		[0. 0. 0.]	[0 0 0]
7389.326135157069	2.0	trials	1.0	2.0	75.0	biphasic	5.0	100.0	1.0	10.0	25.0	 wire states		0.0	monopolar		[0. 0. 0.]	[0 0 0]
7391.325873906552	2.0	trials	1.0	2.0	75.0	biphasic	5.0	100.0	1.0	10.0	25.0	 wire states		0.0	monopolar		[0. 0. 0.]	[0 0 0]
7393.326149986045	2.0	trials	1.0	2.0	75.0	biphasic	5.0	100.0	1.0	10.0	25.0	 wire states		0.0	monopolar		[0. 0. 0.]	[0 0 0]
7395.3258884753695	2.0	trials	1.0	2.0	75.0	biphasic	5.0	100.0	1.0	10.0	25.0	 wire states		0.0	monopolar		[0. 0. 0.]	[0 0 0]
7397.326164815021	2.0	trials	1.0	2.0	75.0	biphasic	5.0	100.0	1.0	10.0	25.0	 wire states		0.0	monopolar		[0. 0. 0.]	[0 0 0]
7399.325903044188	2.0	trials	1.0	2.0	75.0	biphasic	5.0	100.0	1.0	10.0	25.0	 wire states		0.0	monopolar		[0. 0. 0.]	[0 0 0]
7401.325910328596	2.0	trials	1.0	2.0	75.0	biphasic	5.0	100.0	1.0	10.0	25.0	 wire states		0.0	monopolar		[0. 0. 0.]	[0 0 0]
7403.325917613005	2.0	trials	1.0	2.0	75.0	biphasic	5.0	100.0	1.0	10.0	25.0	 wire states		0.0	monopolar		[0. 0. 0.]	[0 0 0]
7405.325924897414	2.0	trials	1.0	2.0	75.0	biphasic	5.0	100.0	1.0	10.0	25.0	 wire states		0.0	monopolar		[0. 0. 0.]	[0 0 0]
7407.325898881668	2.0	trials	1.0	2.0	75.0	biphasic	5.0	100.0	1.0	10.0	25.0	 wire states		0.0	monopolar		[0. 0. 0.]	[0 0 0]
7409.325636330396	2.0	trials	1.0	2.0	75.0	biphasic	5.0	100.0	1.0	10.0	25.0	 wire states		0.0	monopolar		[0. 0. 0.]	[0 0 0]
7411.325913450486	2.0	trials	1.0	2.0	75.0	biphasic	5.0	100.0	1.0	10.0	25.0	 wire states		0.0	monopolar		[0. 0. 0.]	[0 0 0]
7413.325650639055	2.0	trials	1.0	2.0	75.0	biphasic	5.0	100.0	1.0	10.0	25.0	 wire states		0.0	monopolar		[0. 0. 0.]	[0 0 0]
7415.325928019303	2.0	trials	1.0	2.0	75.0	biphasic	5.0	100.0	1.0	10.0	25.0	 wire states		0.0	monopolar		[0. 0. 0.]	[0 0 0]
7417.325664947715	2.0	trials	1.0	2.0	75.0	biphasic	5.0	100.0	1.0	10.0	25.0	 wire states		0.0	monopolar		[0. 0. 0.]	[0 0 0]
7419.325672102044	2.0	trials	1.0	2.0	75.0	biphasic	5.0	100.0	1.0	10.0	25.0	 wire states		0.0	monopolar		[0. 0. 0.]	[0 0 0]
7421.325679256374	2.0	trials	1.0	2.0	75.0	biphasic	5.0	100.0	1.0	10.0	25.0	 wire states		0.0	monopolar		[0. 0. 0.]	[0 0 0]
7423.325957156939	2.0	trials	1.0	2.0	75.0	biphasic	5.0	100.0	1.0	10.0	25.0	 wire states		0.0	monopolar		[0. 0. 0.]	[0 0 0]
7425.325693565033	2.0	trials	1.0	2.0	75.0	biphasic	5.0	100.0	1.0	10.0	25.0	 wire states		0.0	monopolar		[0. 0. 0.]	[0 0 0]
7453.0862054095915	2.0	trials	1.0	2.0	75.0	biphasic	6.0	100.0	1.0	10.0	-100.0	 wire states		0.0	monopolar		[0. 0. 0.]	[0 0 0]
7455.086212694	2.0	trials	1.0	2.0	75.0	biphasic	6.0	100.0	1.0	10.0	-100.0	 wire states		0.0	monopolar		[0. 0. 0.]	[0 0 0]
7457.086219978409	2.0	trials	1.0	2.0	75.0	biphasic	6.0	100.0	1.0	10.0	-100.0	 wire states		0.0	monopolar		[0. 0. 0.]	[0 0 0]
7459.085954190758	2.0	trials	1.0	2.0	75.0	biphasic	6.0	100.0	1.0	10.0	-100.0	 wire states		0.0	monopolar		[0. 0. 0.]	[0 0 0]
7461.086201247072	2.0	trials	1.0	2.0	75.0	biphasic	6.0	100.0	1.0	10.0	-100.0	 wire states		0.0	monopolar		[0. 0. 0.]	[0 0 0]
7463.08620853148	2.0	trials	1.0	2.0	75.0	biphasic	6.0	100.0	1.0	10.0	-100.0	 wire states		0.0	monopolar		[0. 0. 0.]	[0 0 0]
7465.086215815889	2.0	trials	1.0	2.0	75.0	biphasic	6.0	100.0	1.0	10.0	-100.0	 wire states		0.0	monopolar		[0. 0. 0.]	[0 0 0]
7467.085949507924	2.0	trials	1.0	2.0	75.0	biphasic	6.0	100.0	1.0	10.0	-100.0	 wire states		0.0	monopolar		[0. 0. 0.]	[0 0 0]
7469.086230384707	2.0	trials	1.0	2.0	75.0	biphasic	6.0	100.0	1.0	10.0	-100.0	 wire states		0.0	monopolar		[0. 0. 0.]	[0 0 0]
7471.085963816583	2.0	trials	1.0	2.0	75.0	biphasic	6.0	100.0	1.0	10.0	-100.0	 wire states		0.0	monopolar		[0. 0. 0.]	[0 0 0]
7473.086244953524	2.0	trials	1.0	2.0	75.0	biphasic	6.0	100.0	1.0	10.0	-100.0	 wire states		0.0	monopolar		[0. 0. 0.]	[0 0 0]
7475.08652635066	2.0	trials	1.0	2.0	75.0	biphasic	6.0	100.0	1.0	10.0	-100.0	 wire states		0.0	monopolar		[0. 0. 0.]	[0 0 0]
7477.0865337651485	2.0	trials	1.0	2.0	75.0	biphasic	6.0	100.0	1.0	10.0	-100.0	 wire states		0.0	monopolar		[0. 0. 0.]	[0 0 0]
7479.086541179637	2.0	trials	1.0	2.0	75.0	biphasic	6.0	100.0	1.0	10.0	-100.0	 wire states		0.0	monopolar		[0. 0. 0.]	[0 0 0]
7481.086548594124	2.0	trials	1.0	2.0	75.0	biphasic	6.0	100.0	1.0	10.0	-100.0	 wire states		0.0	monopolar		[0. 0. 0.]	[0 0 0]
7483.086556008612	2.0	trials	1.0	2.0	75.0	biphasic	6.0	100.0	1.0	10.0	-100.0	 wire states		0.0	monopolar		[0. 0. 0.]	[0 0 0]
7485.086255359823	2.0	trials	1.0	2.0	75.0	biphasic	6.0	100.0	1.0	10.0	-100.0	 wire states		0.0	monopolar		[0. 0. 0.]	[0 0 0]
7487.0865375374315	2.0	trials	1.0	2.0	75.0	biphasic	6.0	100.0	1.0	10.0	-100.0	 wire states		0.0	monopolar		[0. 0. 0.]	[0 0 0]
7489.086269928641	2.0	trials	1.0	2.0	75.0	biphasic	6.0	100.0	1.0	10.0	-100.0	 wire states		0.0	monopolar		[0. 0. 0.]	[0 0 0]
7491.086552366408	2.0	trials	1.0	2.0	75.0	biphasic	6.0	100.0	1.0	10.0	-100.0	 wire states		0.0	monopolar		[0. 0. 0.]	[0 0 0]
7493.086284497458	2.0	trials	1.0	2.0	75.0	biphasic	6.0	100.0	1.0	10.0	-100.0	 wire states		0.0	monopolar		[0. 0. 0.]	[0 0 0]
7495.086567195383	2.0	trials	1.0	2.0	75.0	biphasic	6.0	100.0	1.0	10.0	-100.0	 wire states		0.0	monopolar		[0. 0. 0.]	[0 0 0]
7497.086299066275	2.0	trials	1.0	2.0	75.0	biphasic	6.0	100.0	1.0	10.0	-100.0	 wire states		0.0	monopolar		[0. 0. 0.]	[0 0 0]
7499.08658202436	2.0	trials	1.0	2.0	75.0	biphasic	6.0	100.0	1.0	10.0	-100.0	 wire states		0.0	monopolar		[0. 0. 0.]	[0 0 0]
7501.086313635094	2.0	trials	1.0	2.0	75.0	biphasic	6.0	100.0	1.0	10.0	-100.0	 wire states		0.0	monopolar		[0. 0. 0.]	[0 0 0]
7503.086044985705	2.0	trials	1.0	2.0	75.0	biphasic	6.0	100.0	1.0	10.0	-100.0	 wire states		0.0	monopolar		[0. 0. 0.]	[0 0 0]
7505.086328203911	2.0	trials	1.0	2.0	75.0	biphasic	6.0	100.0	1.0	10.0	-100.0	 wire states		0.0	monopolar		[0. 0. 0.]	[0 0 0]
7507.0863354883195	2.0	trials	1.0	2.0	75.0	biphasic	6.0	100.0	1.0	10.0	-100.0	 wire states		0.0	monopolar		[0. 0. 0.]	[0 0 0]
7509.086309472574	2.0	trials	1.0	2.0	75.0	biphasic	6.0	100.0	1.0	10.0	-100.0	 wire states		0.0	monopolar		[0. 0. 0.]	[0 0 0]
7511.08604030287	2.0	trials	1.0	2.0	75.0	biphasic	6.0	100.0	1.0	10.0	-100.0	 wire states		0.0	monopolar		[0. 0. 0.]	[0 0 0]
7513.086324041392	2.0	trials	1.0	2.0	75.0	biphasic	6.0	100.0	1.0	10.0	-100.0	 wire states		0.0	monopolar		[0. 0. 0.]	[0 0 0]
7515.08605461153	2.0	trials	1.0	2.0	75.0	biphasic	6.0	100.0	1.0	10.0	-100.0	 wire states		0.0	monopolar		[0. 0. 0.]	[0 0 0]
7517.086338610209	2.0	trials	1.0	2.0	75.0	biphasic	6.0	100.0	1.0	10.0	-100.0	 wire states		0.0	monopolar		[0. 0. 0.]	[0 0 0]
7519.086068920189	2.0	trials	1.0	2.0	75.0	biphasic	6.0	100.0	1.0	10.0	-100.0	 wire states		0.0	monopolar		[0. 0. 0.]	[0 0 0]
7521.086353179027	2.0	trials	1.0	2.0	75.0	biphasic	6.0	100.0	1.0	10.0	-100.0	 wire states		0.0	monopolar		[0. 0. 0.]	[0 0 0]
7523.086083228848	2.0	trials	1.0	2.0	75.0	biphasic	6.0	100.0	1.0	10.0	-100.0	 wire states		0.0	monopolar		[0. 0. 0.]	[0 0 0]
7525.086367747845	2.0	trials	1.0	2.0	75.0	biphasic	6.0	100.0	1.0	10.0	-100.0	 wire states		0.0	monopolar		[0. 0. 0.]	[0 0 0]
7527.086097537507	2.0	trials	1.0	2.0	75.0	biphasic	6.0	100.0	1.0	10.0	-100.0	 wire states		0.0	monopolar		[0. 0. 0.]	[0 0 0]
7529.086104691837	2.0	trials	1.0	2.0	75.0	biphasic	6.0	100.0	1.0	10.0	-100.0	 wire states		0.0	monopolar		[0. 0. 0.]	[0 0 0]
7531.086111846167	2.0	trials	1.0	2.0	75.0	biphasic	6.0	100.0	1.0	10.0	-100.0	 wire states		0.0	monopolar		[0. 0. 0.]	[0 0 0]
7533.086119000496	2.0	trials	1.0	2.0	75.0	biphasic	6.0	100.0	1.0	10.0	-100.0	 wire states		0.0	monopolar		[0. 0. 0.]	[0 0 0]
7535.086092854674	2.0	trials	1.0	2.0	75.0	biphasic	6.0	100.0	1.0	10.0	-100.0	 wire states		0.0	monopolar		[0. 0. 0.]	[0 0 0]
7537.0861000090035	2.0	trials	1.0	2.0	75.0	biphasic	6.0	100.0	1.0	10.0	-100.0	 wire states		0.0	monopolar		[0. 0. 0.]	[0 0 0]
7539.086107163333	2.0	trials	1.0	2.0	75.0	biphasic	6.0	100.0	1.0	10.0	-100.0	 wire states		0.0	monopolar		[0. 0. 0.]	[0 0 0]
7541.086114317663	2.0	trials	1.0	2.0	75.0	biphasic	6.0	100.0	1.0	10.0	-100.0	 wire states		0.0	monopolar		[0. 0. 0.]	[0 0 0]
7543.086121471992	2.0	trials	1.0	2.0	75.0	biphasic	6.0	100.0	1.0	10.0	-100.0	 wire states		0.0	monopolar		[0. 0. 0.]	[0 0 0]
7545.085849960901	2.0	trials	1.0	2.0	75.0	biphasic	6.0	100.0	1.0	10.0	-100.0	 wire states		0.0	monopolar		[0. 0. 0.]	[0 0 0]
7547.085856985152	2.0	trials	1.0	2.0	75.0	biphasic	6.0	100.0	1.0	10.0	-100.0	 wire states		0.0	monopolar		[0. 0. 0.]	[0 0 0]
7549.085864009402	2.0	trials	1.0	2.0	75.0	biphasic	6.0	100.0	1.0	10.0	-100.0	 wire states		0.0	monopolar		[0. 0. 0.]	[0 0 0]
7551.086150089311	2.0	trials	1.0	2.0	75.0	biphasic	6.0	100.0	1.0	10.0	-100.0	 wire states		0.0	monopolar		[0. 0. 0.]	[0 0 0]
7553.085878057903	2.0	trials	1.0	2.0	75.0	biphasic	6.0	100.0	1.0	10.0	-100.0	 wire states		0.0	monopolar		[0. 0. 0.]	[0 0 0]
7555.085885082153	2.0	trials	1.0	2.0	75.0	biphasic	6.0	100.0	1.0	10.0	-100.0	 wire states		0.0	monopolar		[0. 0. 0.]	[0 0 0]
7557.085892106404	2.0	trials	1.0	2.0	75.0	biphasic	6.0	100.0	1.0	10.0	-100.0	 wire states		0.0	monopolar		[0. 0. 0.]	[0 0 0]
7559.085865830504	2.0	trials	1.0	2.0	75.0	biphasic	6.0	100.0	1.0	10.0	-100.0	 wire states		0.0	monopolar		[0. 0. 0.]	[0 0 0]
7561.085872854755	2.0	trials	1.0	2.0	75.0	biphasic	6.0	100.0	1.0	10.0	-100.0	 wire states		0.0	monopolar		[0. 0. 0.]	[0 0 0]
7563.085879879005	2.0	trials	1.0	2.0	75.0	biphasic	6.0	100.0	1.0	10.0	-100.0	 wire states		0.0	monopolar		[0. 0. 0.]	[0 0 0]
7565.085886903255	2.0	trials	1.0	2.0	75.0	biphasic	6.0	100.0	1.0	10.0	-100.0	 wire states		0.0	monopolar		[0. 0. 0.]	[0 0 0]
7567.085893927506	2.0	trials	1.0	2.0	75.0	biphasic	6.0	100.0	1.0	10.0	-100.0	 wire states		0.0	monopolar		[0. 0. 0.]	[0 0 0]
7569.085900951756	2.0	trials	1.0	2.0	75.0	biphasic	6.0	100.0	1.0	10.0	-100.0	 wire states		0.0	monopolar		[0. 0. 0.]	[0 0 0]
7571.085907976007	2.0	trials	1.0	2.0	75.0	biphasic	6.0	100.0	1.0	10.0	-100.0	 wire states		0.0	monopolar		[0. 0. 0.]	[0 0 0]
7573.085634513767	2.0	trials	1.0	2.0	75.0	biphasic	6.0	100.0	1.0	10.0	-100.0	 wire states		0.0	monopolar		[0. 0. 0.]	[0 0 0]
7575.085922024507	2.0	trials	1.0	2.0	75.0	biphasic	6.0	100.0	1.0	10.0	-100.0	 wire states		0.0	monopolar		[0. 0. 0.]	[0 0 0]
7577.08564830211	2.0	trials	1.0	2.0	75.0	biphasic	6.0	100.0	1.0	10.0	-100.0	 wire states		0.0	monopolar		[0. 0. 0.]	[0 0 0]
7579.085936073008	2.0	trials	1.0	2.0	75.0	biphasic	6.0	100.0	1.0	10.0	-100.0	 wire states		0.0	monopolar		[0. 0. 0.]	[0 0 0]
7581.085662090452	2.0	trials	1.0	2.0	75.0	biphasic	6.0	100.0	1.0	10.0	-100.0	 wire states		0.0	monopolar		[0. 0. 0.]	[0 0 0]
7583.085916821359	2.0	trials	1.0	2.0	75.0	biphasic	6.0	100.0	1.0	10.0	-100.0	 wire states		0.0	monopolar		[0. 0. 0.]	[0 0 0]
7585.085642578647	2.0	trials	1.0	2.0	75.0	biphasic	6.0	100.0	1.0	10.0	-100.0	 wire states		0.0	monopolar		[0. 0. 0.]	[0 0 0]
7587.086212266939	2.0	trials	1.0	2.0	75.0	biphasic	6.0	100.0	1.0	10.0	-100.0	 wire states		0.0	monopolar		[0. 0. 0.]	[0 0 0]
7589.086219421269	2.0	trials	1.0	2.0	75.0	biphasic	6.0	100.0	1.0	10.0	-100.0	 wire states		0.0	monopolar		[0. 0. 0.]	[0 0 0]
7591.086226575598	2.0	trials	1.0	2.0	75.0	biphasic	6.0	100.0	1.0	10.0	-100.0	 wire states		0.0	monopolar		[0. 0. 0.]	[0 0 0]
7593.086233729928	2.0	trials	1.0	2.0	75.0	biphasic	6.0	100.0	1.0	10.0	-100.0	 wire states		0.0	monopolar		[0. 0. 0.]	[0 0 0]
7595.086240884258	2.0	trials	1.0	2.0	75.0	biphasic	6.0	100.0	1.0	10.0	-100.0	 wire states		0.0	monopolar		[0. 0. 0.]	[0 0 0]
7597.086248038587	2.0	trials	1.0	2.0	75.0	biphasic	6.0	100.0	1.0	10.0	-100.0	 wire states		0.0	monopolar		[0. 0. 0.]	[0 0 0]
7599.0859730153625	2.0	trials	1.0	2.0	75.0	biphasic	6.0	100.0	1.0	10.0	-100.0	 wire states		0.0	monopolar		[0. 0. 0.]	[0 0 0]
7601.086262347246	2.0	trials	1.0	2.0	75.0	biphasic	6.0	100.0	1.0	10.0	-100.0	 wire states		0.0	monopolar		[0. 0. 0.]	[0 0 0]
7710.621442436449	2.0	trials	1.0	2.0	75.0	biphasic	7.0	100.0	1.0	10.0	100.0	 wire states		0.0	monopolar		[0. 0. 0.]	[0 0 0]
7712.6214497208575	2.0	trials	1.0	2.0	75.0	biphasic	7.0	100.0	1.0	10.0	100.0	 wire states		0.0	monopolar		[0. 0. 0.]	[0 0 0]
7714.621457005267	2.0	trials	1.0	2.0	75.0	biphasic	7.0	100.0	1.0	10.0	100.0	 wire states		0.0	monopolar		[0. 0. 0.]	[0 0 0]
7716.621174467688	2.0	trials	1.0	2.0	75.0	biphasic	7.0	100.0	1.0	10.0	100.0	 wire states		0.0	monopolar		[0. 0. 0.]	[0 0 0]
7718.621471574084	2.0	trials	1.0	2.0	75.0	biphasic	7.0	100.0	1.0	10.0	100.0	 wire states		0.0	monopolar		[0. 0. 0.]	[0 0 0]
7720.621155476196	2.0	trials	1.0	2.0	75.0	biphasic	7.0	100.0	1.0	10.0	100.0	 wire states		0.0	monopolar		[0. 0. 0.]	[0 0 0]
7722.621452842747	2.0	trials	1.0	2.0	75.0	biphasic	7.0	100.0	1.0	10.0	100.0	 wire states		0.0	monopolar		[0. 0. 0.]	[0 0 0]
7724.621169784855	2.0	trials	1.0	2.0	75.0	biphasic	7.0	100.0	1.0	10.0	100.0	 wire states		0.0	monopolar		[0. 0. 0.]	[0 0 0]
7726.621467411565	2.0	trials	1.0	2.0	75.0	biphasic	7.0	100.0	1.0	10.0	100.0	 wire states		0.0	monopolar		[0. 0. 0.]	[0 0 0]
7728.621184093514	2.0	trials	1.0	2.0	75.0	biphasic	7.0	100.0	1.0	10.0	100.0	 wire states		0.0	monopolar		[0. 0. 0.]	[0 0 0]
7730.621191247844	2.0	trials	1.0	2.0	75.0	biphasic	7.0	100.0	1.0	10.0	100.0	 wire states		0.0	monopolar		[0. 0. 0.]	[0 0 0]
7732.620907539593	2.0	trials	1.0	2.0	75.0	biphasic	7.0	100.0	1.0	10.0	100.0	 wire states		0.0	monopolar		[0. 0. 0.]	[0 0 0]
7734.6214965492	2.0	trials	1.0	2.0	75.0	biphasic	7.0	100.0	1.0	10.0	100.0	 wire states		0.0	monopolar		[0. 0. 0.]	[0 0 0]
7736.621212710833	2.0	trials	1.0	2.0	75.0	biphasic	7.0	100.0	1.0	10.0	100.0	 wire states		0.0	monopolar		[0. 0. 0.]	[0 0 0]
7738.621219865162	2.0	trials	1.0	2.0	75.0	biphasic	7.0	100.0	1.0	10.0	100.0	 wire states		0.0	monopolar		[0. 0. 0.]	[0 0 0]
7740.620935636594	2.0	trials	1.0	2.0	75.0	biphasic	7.0	100.0	1.0	10.0	100.0	 wire states		0.0	monopolar		[0. 0. 0.]	[0 0 0]
7742.621525686835	2.0	trials	1.0	2.0	75.0	biphasic	7.0	100.0	1.0	10.0	100.0	 wire states		0.0	monopolar		[0. 0. 0.]	[0 0 0]
7744.621241328151	2.0	trials	1.0	2.0	75.0	biphasic	7.0	100.0	1.0	10.0	100.0	 wire states		0.0	monopolar		[0. 0. 0.]	[0 0 0]
7746.620923409196	2.0	trials	1.0	2.0	75.0	biphasic	7.0	100.0	1.0	10.0	100.0	 wire states		0.0	monopolar		[0. 0. 0.]	[0 0 0]
7748.620930433446	2.0	trials	1.0	2.0	75.0	biphasic	7.0	100.0	1.0	10.0	100.0	 wire states		0.0	monopolar		[0. 0. 0.]	[0 0 0]
7750.6209374576965	2.0	trials	1.0	2.0	75.0	biphasic	7.0	100.0	1.0	10.0	100.0	 wire states		0.0	monopolar		[0. 0. 0.]	[0 0 0]
7752.620944481947	2.0	trials	1.0	2.0	75.0	biphasic	7.0	100.0	1.0	10.0	100.0	 wire states		0.0	monopolar		[0. 0. 0.]	[0 0 0]
7754.620951506197	2.0	trials	1.0	2.0	75.0	biphasic	7.0	100.0	1.0	10.0	100.0	 wire states		0.0	monopolar		[0. 0. 0.]	[0 0 0]
7756.620958530448	2.0	trials	1.0	2.0	75.0	biphasic	7.0	100.0	1.0	10.0	100.0	 wire states		0.0	monopolar		[0. 0. 0.]	[0 0 0]
7758.620965554698	2.0	trials	1.0	2.0	75.0	biphasic	7.0	100.0	1.0	10.0	100.0	 wire states		0.0	monopolar		[0. 0. 0.]	[0 0 0]
7760.6212652626355	2.0	trials	1.0	2.0	75.0	biphasic	7.0	100.0	1.0	10.0	100.0	 wire states		0.0	monopolar		[0. 0. 0.]	[0 0 0]
7762.620979603199	2.0	trials	1.0	2.0	75.0	biphasic	7.0	100.0	1.0	10.0	100.0	 wire states		0.0	monopolar		[0. 0. 0.]	[0 0 0]
7764.6206936836425	2.0	trials	1.0	2.0	75.0	biphasic	7.0	100.0	1.0	10.0	100.0	 wire states		0.0	monopolar		[0. 0. 0.]	[0 0 0]
7766.6209936517	2.0	trials	1.0	2.0	75.0	biphasic	7.0	100.0	1.0	10.0	100.0	 wire states		0.0	monopolar		[0. 0. 0.]	[0 0 0]
7768.620707471985	2.0	trials	1.0	2.0	75.0	biphasic	7.0	100.0	1.0	10.0	100.0	 wire states		0.0	monopolar		[0. 0. 0.]	[0 0 0]
7770.620974400051	2.0	trials	1.0	2.0	75.0	biphasic	7.0	100.0	1.0	10.0	100.0	 wire states		0.0	monopolar		[0. 0. 0.]	[0 0 0]
7772.620981424301	2.0	trials	1.0	2.0	75.0	biphasic	7.0	100.0	1.0	10.0	100.0	 wire states		0.0	monopolar		[0. 0. 0.]	[0 0 0]
7774.620694854351	2.0	trials	1.0	2.0	75.0	biphasic	7.0	100.0	1.0	10.0	100.0	 wire states		0.0	monopolar		[0. 0. 0.]	[0 0 0]
7776.620701748522	2.0	trials	1.0	2.0	75.0	biphasic	7.0	100.0	1.0	10.0	100.0	 wire states		0.0	monopolar		[0. 0. 0.]	[0 0 0]
7778.620708642693	2.0	trials	1.0	2.0	75.0	biphasic	7.0	100.0	1.0	10.0	100.0	 wire states		0.0	monopolar		[0. 0. 0.]	[0 0 0]
7780.621303505779	2.0	trials	1.0	2.0	75.0	biphasic	7.0	100.0	1.0	10.0	100.0	 wire states		0.0	monopolar		[0. 0. 0.]	[0 0 0]
7782.621604774703	2.0	trials	1.0	2.0	75.0	biphasic	7.0	100.0	1.0	10.0	100.0	 wire states		0.0	monopolar		[0. 0. 0.]	[0 0 0]
7784.621023569804	2.0	trials	1.0	2.0	75.0	biphasic	7.0	100.0	1.0	10.0	100.0	 wire states		0.0	monopolar		[0. 0. 0.]	[0 0 0]
7786.62161934352	2.0	trials	1.0	2.0	75.0	biphasic	7.0	100.0	1.0	10.0	100.0	 wire states		0.0	monopolar		[0. 0. 0.]	[0 0 0]
7788.621332123098	2.0	trials	1.0	2.0	75.0	biphasic	7.0	100.0	1.0	10.0	100.0	 wire states		0.0	monopolar		[0. 0. 0.]	[0 0 0]
7790.621339277427	2.0	trials	1.0	2.0	75.0	biphasic	7.0	100.0	1.0	10.0	100.0	 wire states		0.0	monopolar		[0. 0. 0.]	[0 0 0]
7792.621051666805	2.0	trials	1.0	2.0	75.0	biphasic	7.0	100.0	1.0	10.0	100.0	 wire states		0.0	monopolar		[0. 0. 0.]	[0 0 0]
7794.621320285934	2.0	trials	1.0	2.0	75.0	biphasic	7.0	100.0	1.0	10.0	100.0	 wire states		0.0	monopolar		[0. 0. 0.]	[0 0 0]
7796.62162246541	2.0	trials	1.0	2.0	75.0	biphasic	7.0	100.0	1.0	10.0	100.0	 wire states		0.0	monopolar		[0. 0. 0.]	[0 0 0]
7798.621629749819	2.0	trials	1.0	2.0	75.0	biphasic	7.0	100.0	1.0	10.0	100.0	 wire states		0.0	monopolar		[0. 0. 0.]	[0 0 0]
7800.621637034227	2.0	trials	1.0	2.0	75.0	biphasic	7.0	100.0	1.0	10.0	100.0	 wire states		0.0	monopolar		[0. 0. 0.]	[0 0 0]
7802.621644318637	2.0	trials	1.0	2.0	75.0	biphasic	7.0	100.0	1.0	10.0	100.0	 wire states		0.0	monopolar		[0. 0. 0.]	[0 0 0]
7804.6219471485465	2.0	trials	1.0	2.0	75.0	biphasic	7.0	100.0	1.0	10.0	100.0	 wire states		0.0	monopolar		[0. 0. 0.]	[0 0 0]
7806.621658887454	2.0	trials	1.0	2.0	75.0	biphasic	7.0	100.0	1.0	10.0	100.0	 wire states		0.0	monopolar		[0. 0. 0.]	[0 0 0]
7808.621666171863	2.0	trials	1.0	2.0	75.0	biphasic	7.0	100.0	1.0	10.0	100.0	 wire states		0.0	monopolar		[0. 0. 0.]	[0 0 0]
7810.6213775205715	2.0	trials	1.0	2.0	75.0	biphasic	7.0	100.0	1.0	10.0	100.0	 wire states		0.0	monopolar		[0. 0. 0.]	[0 0 0]
7812.62168074068	2.0	trials	1.0	2.0	75.0	biphasic	7.0	100.0	1.0	10.0	100.0	 wire states		0.0	monopolar		[0. 0. 0.]	[0 0 0]
7814.6216880250895	2.0	trials	1.0	2.0	75.0	biphasic	7.0	100.0	1.0	10.0	100.0	 wire states		0.0	monopolar		[0. 0. 0.]	[0 0 0]
7816.62139898356	2.0	trials	1.0	2.0	75.0	biphasic	7.0	100.0	1.0	10.0	100.0	 wire states		0.0	monopolar		[0. 0. 0.]	[0 0 0]
7818.621669293752	2.0	trials	1.0	2.0	75.0	biphasic	7.0	100.0	1.0	10.0	100.0	 wire states		0.0	monopolar		[0. 0. 0.]	[0 0 0]
7820.621676578161	2.0	trials	1.0	2.0	75.0	biphasic	7.0	100.0	1.0	10.0	100.0	 wire states		0.0	monopolar		[0. 0. 0.]	[0 0 0]
7822.62168386257	2.0	trials	1.0	2.0	75.0	biphasic	7.0	100.0	1.0	10.0	100.0	 wire states		0.0	monopolar		[0. 0. 0.]	[0 0 0]
7824.621691146978	2.0	trials	1.0	2.0	75.0	biphasic	7.0	100.0	1.0	10.0	100.0	 wire states		0.0	monopolar		[0. 0. 0.]	[0 0 0]
7826.621401455056	2.0	trials	1.0	2.0	75.0	biphasic	7.0	100.0	1.0	10.0	100.0	 wire states		0.0	monopolar		[0. 0. 0.]	[0 0 0]
7828.621408609385	2.0	trials	1.0	2.0	75.0	biphasic	7.0	100.0	1.0	10.0	100.0	 wire states		0.0	monopolar		[0. 0. 0.]	[0 0 0]
7830.621713000205	2.0	trials	1.0	2.0	75.0	biphasic	7.0	100.0	1.0	10.0	100.0	 wire states		0.0	monopolar		[0. 0. 0.]	[0 0 0]
7832.621422918045	2.0	trials	1.0	2.0	75.0	biphasic	7.0	100.0	1.0	10.0	100.0	 wire states		0.0	monopolar		[0. 0. 0.]	[0 0 0]
7834.621132575764	2.0	trials	1.0	2.0	75.0	biphasic	7.0	100.0	1.0	10.0	100.0	 wire states		0.0	monopolar		[0. 0. 0.]	[0 0 0]
7836.621437226704	2.0	trials	1.0	2.0	75.0	biphasic	7.0	100.0	1.0	10.0	100.0	 wire states		0.0	monopolar		[0. 0. 0.]	[0 0 0]
7838.621146624265	2.0	trials	1.0	2.0	75.0	biphasic	7.0	100.0	1.0	10.0	100.0	 wire states		0.0	monopolar		[0. 0. 0.]	[0 0 0]
7840.621451535363	2.0	trials	1.0	2.0	75.0	biphasic	7.0	100.0	1.0	10.0	100.0	 wire states		0.0	monopolar		[0. 0. 0.]	[0 0 0]
7842.6214253895405	2.0	trials	1.0	2.0	75.0	biphasic	7.0	100.0	1.0	10.0	100.0	 wire states		0.0	monopolar		[0. 0. 0.]	[0 0 0]
7844.62143254387	2.0	trials	1.0	2.0	75.0	biphasic	7.0	100.0	1.0	10.0	100.0	 wire states		0.0	monopolar		[0. 0. 0.]	[0 0 0]
7846.621141421117	2.0	trials	1.0	2.0	75.0	biphasic	7.0	100.0	1.0	10.0	100.0	 wire states		0.0	monopolar		[0. 0. 0.]	[0 0 0]
7848.6214468525295	2.0	trials	1.0	2.0	75.0	biphasic	7.0	100.0	1.0	10.0	100.0	 wire states		0.0	monopolar		[0. 0. 0.]	[0 0 0]
7850.621155469617	2.0	trials	1.0	2.0	75.0	biphasic	7.0	100.0	1.0	10.0	100.0	 wire states		0.0	monopolar		[0. 0. 0.]	[0 0 0]
7852.621162493868	2.0	trials	1.0	2.0	75.0	biphasic	7.0	100.0	1.0	10.0	100.0	 wire states		0.0	monopolar		[0. 0. 0.]	[0 0 0]
7854.621169518118	2.0	trials	1.0	2.0	75.0	biphasic	7.0	100.0	1.0	10.0	100.0	 wire states		0.0	monopolar		[0. 0. 0.]	[0 0 0]
7856.621475469848	2.0	trials	1.0	2.0	75.0	biphasic	7.0	100.0	1.0	10.0	100.0	 wire states		0.0	monopolar		[0. 0. 0.]	[0 0 0]
7858.621482624178	2.0	trials	1.0	2.0	75.0	biphasic	7.0	100.0	1.0	10.0	100.0	 wire states		0.0	monopolar		[0. 0. 0.]	[0 0 0]
7880.35439496864	2.0	trials	1.0	2.0	75.0	biphasic	8.0	50.0	1.0	10.0	-25.0	16r	16.0	0.0	monopolar		[842.8 128.8 330.3]	[0 0 0]
7882.3541016518975	2.0	trials	1.0	2.0	75.0	biphasic	8.0	50.0	1.0	10.0	-25.0	16r	16.0	0.0	monopolar		[842.8 128.8 330.3]	[0 0 0]
7884.354108806227	2.0	trials	1.0	2.0	75.0	biphasic	8.0	50.0	1.0	10.0	-25.0	16r	16.0	0.0	monopolar		[842.8 128.8 330.3]	[0 0 0]
7886.353815099286	2.0	trials	1.0	2.0	75.0	biphasic	8.0	50.0	1.0	10.0	-25.0	16r	16.0	0.0	monopolar		[842.8 128.8 330.3]	[0 0 0]
7888.354424106275	2.0	trials	1.0	2.0	75.0	biphasic	8.0	50.0	1.0	10.0	-25.0	16r	16.0	0.0	monopolar		[842.8 128.8 330.3]	[0 0 0]
7890.354130269216	2.0	trials	1.0	2.0	75.0	biphasic	8.0	50.0	1.0	10.0	-25.0	16r	16.0	0.0	monopolar		[842.8 128.8 330.3]	[0 0 0]
7892.354104123393	2.0	trials	1.0	2.0	75.0	biphasic	8.0	50.0	1.0	10.0	-25.0	16r	16.0	0.0	monopolar		[842.8 128.8 330.3]	[0 0 0]
7894.353809896138	2.0	trials	1.0	2.0	75.0	biphasic	8.0	50.0	1.0	10.0	-25.0	16r	16.0	0.0	monopolar		[842.8 128.8 330.3]	[0 0 0]
7896.354419943756	2.0	trials	1.0	2.0	75.0	biphasic	8.0	50.0	1.0	10.0	-25.0	16r	16.0	0.0	monopolar		[842.8 128.8 330.3]	[0 0 0]
7898.354125586382	2.0	trials	1.0	2.0	75.0	biphasic	8.0	50.0	1.0	10.0	-25.0	16r	16.0	0.0	monopolar		[842.8 128.8 330.3]	[0 0 0]
7900.354132740712	2.0	trials	1.0	2.0	75.0	biphasic	8.0	50.0	1.0	10.0	-25.0	16r	16.0	0.0	monopolar		[842.8 128.8 330.3]	[0 0 0]
7902.35383799314	2.0	trials	1.0	2.0	75.0	biphasic	8.0	50.0	1.0	10.0	-25.0	16r	16.0	0.0	monopolar		[842.8 128.8 330.3]	[0 0 0]
7904.35384501739	2.0	trials	1.0	2.0	75.0	biphasic	8.0	50.0	1.0	10.0	-25.0	16r	16.0	0.0	monopolar		[842.8 128.8 330.3]	[0 0 0]
7906.354758527938	2.0	trials	1.0	2.0	75.0	biphasic	8.0	50.0	1.0	10.0	-25.0	16r	16.0	0.0	monopolar		[842.8 128.8 330.3]	[0 0 0]
7908.354463650208	2.0	trials	1.0	2.0	75.0	biphasic	8.0	50.0	1.0	10.0	-25.0	16r	16.0	0.0	monopolar		[842.8 128.8 330.3]	[0 0 0]
7910.354470934617	2.0	trials	1.0	2.0	75.0	biphasic	8.0	50.0	1.0	10.0	-25.0	16r	16.0	0.0	monopolar		[842.8 128.8 330.3]	[0 0 0]
7912.354175666689	2.0	trials	1.0	2.0	75.0	biphasic	8.0	50.0	1.0	10.0	-25.0	16r	16.0	0.0	monopolar		[842.8 128.8 330.3]	[0 0 0]
7914.35478818589	2.0	trials	1.0	2.0	75.0	biphasic	8.0	50.0	1.0	10.0	-25.0	16r	16.0	0.0	monopolar		[842.8 128.8 330.3]	[0 0 0]
7916.354459487689	2.0	trials	1.0	2.0	75.0	biphasic	8.0	50.0	1.0	10.0	-25.0	16r	16.0	0.0	monopolar		[842.8 128.8 330.3]	[0 0 0]
7918.354466772098	2.0	trials	1.0	2.0	75.0	biphasic	8.0	50.0	1.0	10.0	-25.0	16r	16.0	0.0	monopolar		[842.8 128.8 330.3]	[0 0 0]
7920.3541709838555	2.0	trials	1.0	2.0	75.0	biphasic	8.0	50.0	1.0	10.0	-25.0	16r	16.0	0.0	monopolar		[842.8 128.8 330.3]	[0 0 0]
7922.354178138185	2.0	trials	1.0	2.0	75.0	biphasic	8.0	50.0	1.0	10.0	-25.0	16r	16.0	0.0	monopolar		[842.8 128.8 330.3]	[0 0 0]
7924.354488625325	2.0	trials	1.0	2.0	75.0	biphasic	8.0	50.0	1.0	10.0	-25.0	16r	16.0	0.0	monopolar		[842.8 128.8 330.3]	[0 0 0]
7926.3544959097335	2.0	trials	1.0	2.0	75.0	biphasic	8.0	50.0	1.0	10.0	-25.0	16r	16.0	0.0	monopolar		[842.8 128.8 330.3]	[0 0 0]
7928.354199601174	2.0	trials	1.0	2.0	75.0	biphasic	8.0	50.0	1.0	10.0	-25.0	16r	16.0	0.0	monopolar		[842.8 128.8 330.3]	[0 0 0]
7930.354206755504	2.0	trials	1.0	2.0	75.0	biphasic	8.0	50.0	1.0	10.0	-25.0	16r	16.0	0.0	monopolar		[842.8 128.8 330.3]	[0 0 0]
7932.354517762959	2.0	trials	1.0	2.0	75.0	biphasic	8.0	50.0	1.0	10.0	-25.0	16r	16.0	0.0	monopolar		[842.8 128.8 330.3]	[0 0 0]
7934.354221064163	2.0	trials	1.0	2.0	75.0	biphasic	8.0	50.0	1.0	10.0	-25.0	16r	16.0	0.0	monopolar		[842.8 128.8 330.3]	[0 0 0]
7936.354228218493	2.0	trials	1.0	2.0	75.0	biphasic	8.0	50.0	1.0	10.0	-25.0	16r	16.0	0.0	monopolar		[842.8 128.8 330.3]	[0 0 0]
7938.354235372822	2.0	trials	1.0	2.0	75.0	biphasic	8.0	50.0	1.0	10.0	-25.0	16r	16.0	0.0	monopolar		[842.8 128.8 330.3]	[0 0 0]
7940.353904853598	2.0	trials	1.0	2.0	75.0	biphasic	8.0	50.0	1.0	10.0	-25.0	16r	16.0	0.0	monopolar		[842.8 128.8 330.3]	[0 0 0]
7942.354216381329	2.0	trials	1.0	2.0	75.0	biphasic	8.0	50.0	1.0	10.0	-25.0	16r	16.0	0.0	monopolar		[842.8 128.8 330.3]	[0 0 0]
7944.354223535658	2.0	trials	1.0	2.0	75.0	biphasic	8.0	50.0	1.0	10.0	-25.0	16r	16.0	0.0	monopolar		[842.8 128.8 330.3]	[0 0 0]
7946.353925926349	2.0	trials	1.0	2.0	75.0	biphasic	8.0	50.0	1.0	10.0	-25.0	16r	16.0	0.0	monopolar		[842.8 128.8 330.3]	[0 0 0]
7948.353932950599	2.0	trials	1.0	2.0	75.0	biphasic	8.0	50.0	1.0	10.0	-25.0	16r	16.0	0.0	monopolar		[842.8 128.8 330.3]	[0 0 0]
7950.354244998647	2.0	trials	1.0	2.0	75.0	biphasic	8.0	50.0	1.0	10.0	-25.0	16r	16.0	0.0	monopolar		[842.8 128.8 330.3]	[0 0 0]
7952.354252152977	2.0	trials	1.0	2.0	75.0	biphasic	8.0	50.0	1.0	10.0	-25.0	16r	16.0	0.0	monopolar		[842.8 128.8 330.3]	[0 0 0]
7954.3539540233505	2.0	trials	1.0	2.0	75.0	biphasic	8.0	50.0	1.0	10.0	-25.0	16r	16.0	0.0	monopolar		[842.8 128.8 330.3]	[0 0 0]
7956.353961047601	2.0	trials	1.0	2.0	75.0	biphasic	8.0	50.0	1.0	10.0	-25.0	16r	16.0	0.0	monopolar		[842.8 128.8 330.3]	[0 0 0]
7958.354273615966	2.0	trials	1.0	2.0	75.0	biphasic	8.0	50.0	1.0	10.0	-25.0	16r	16.0	0.0	monopolar		[842.8 128.8 330.3]	[0 0 0]
7960.354280770295	2.0	trials	1.0	2.0	75.0	biphasic	8.0	50.0	1.0	10.0	-25.0	16r	16.0	0.0	monopolar		[842.8 128.8 330.3]	[0 0 0]
7962.353982120352	2.0	trials	1.0	2.0	75.0	biphasic	8.0	50.0	1.0	10.0	-25.0	16r	16.0	0.0	monopolar		[842.8 128.8 330.3]	[0 0 0]
7964.353955844453	2.0	trials	1.0	2.0	75.0	biphasic	8.0	50.0	1.0	10.0	-25.0	16r	16.0	0.0	monopolar		[842.8 128.8 330.3]	[0 0 0]
7966.354268933132	2.0	trials	1.0	2.0	75.0	biphasic	8.0	50.0	1.0	10.0	-25.0	16r	16.0	0.0	monopolar		[842.8 128.8 330.3]	[0 0 0]
7968.354276087462	2.0	trials	1.0	2.0	75.0	biphasic	8.0	50.0	1.0	10.0	-25.0	16r	16.0	0.0	monopolar		[842.8 128.8 330.3]	[0 0 0]
7970.354589566418	2.0	trials	1.0	2.0	75.0	biphasic	8.0	50.0	1.0	10.0	-25.0	16r	16.0	0.0	monopolar		[842.8 128.8 330.3]	[0 0 0]
7972.354290396121	2.0	trials	1.0	2.0	75.0	biphasic	8.0	50.0	1.0	10.0	-25.0	16r	16.0	0.0	monopolar		[842.8 128.8 330.3]	[0 0 0]
7974.354297550451	2.0	trials	1.0	2.0	75.0	biphasic	8.0	50.0	1.0	10.0	-25.0	16r	16.0	0.0	monopolar		[842.8 128.8 330.3]	[0 0 0]
7976.354611419644	2.0	trials	1.0	2.0	75.0	biphasic	8.0	50.0	1.0	10.0	-25.0	16r	16.0	0.0	monopolar		[842.8 128.8 330.3]	[0 0 0]
7978.354618704054	2.0	trials	1.0	2.0	75.0	biphasic	8.0	50.0	1.0	10.0	-25.0	16r	16.0	0.0	monopolar		[842.8 128.8 330.3]	[0 0 0]
7980.354319013439	2.0	trials	1.0	2.0	75.0	biphasic	8.0	50.0	1.0	10.0	-25.0	16r	16.0	0.0	monopolar		[842.8 128.8 330.3]	[0 0 0]
7982.354326167769	2.0	trials	1.0	2.0	75.0	biphasic	8.0	50.0	1.0	10.0	-25.0	16r	16.0	0.0	monopolar		[842.8 128.8 330.3]	[0 0 0]
7984.35464055728	2.0	trials	1.0	2.0	75.0	biphasic	8.0	50.0	1.0	10.0	-25.0	16r	16.0	0.0	monopolar		[842.8 128.8 330.3]	[0 0 0]
7986.354647841688	2.0	trials	1.0	2.0	75.0	biphasic	8.0	50.0	1.0	10.0	-25.0	16r	16.0	0.0	monopolar		[842.8 128.8 330.3]	[0 0 0]
7988.354314330605	2.0	trials	1.0	2.0	75.0	biphasic	8.0	50.0	1.0	10.0	-25.0	16r	16.0	0.0	monopolar		[842.8 128.8 330.3]	[0 0 0]
7990.354629110352	2.0	trials	1.0	2.0	75.0	biphasic	8.0	50.0	1.0	10.0	-25.0	16r	16.0	0.0	monopolar		[842.8 128.8 330.3]	[0 0 0]
7992.3540208838085	2.0	trials	1.0	2.0	75.0	biphasic	8.0	50.0	1.0	10.0	-25.0	16r	16.0	0.0	monopolar		[842.8 128.8 330.3]	[0 0 0]
7994.354335793594	2.0	trials	1.0	2.0	75.0	biphasic	8.0	50.0	1.0	10.0	-25.0	16r	16.0	0.0	monopolar		[842.8 128.8 330.3]	[0 0 0]
7996.354342947924	2.0	trials	1.0	2.0	75.0	biphasic	8.0	50.0	1.0	10.0	-25.0	16r	16.0	0.0	monopolar		[842.8 128.8 330.3]	[0 0 0]
7998.354350102253	2.0	trials	1.0	2.0	75.0	biphasic	8.0	50.0	1.0	10.0	-25.0	16r	16.0	0.0	monopolar		[842.8 128.8 330.3]	[0 0 0]
8000.35404898081	2.0	trials	1.0	2.0	75.0	biphasic	8.0	50.0	1.0	10.0	-25.0	16r	16.0	0.0	monopolar		[842.8 128.8 330.3]	[0 0 0]
8002.354364410912	2.0	trials	1.0	2.0	75.0	biphasic	8.0	50.0	1.0	10.0	-25.0	16r	16.0	0.0	monopolar		[842.8 128.8 330.3]	[0 0 0]
8004.354371565242	2.0	trials	1.0	2.0	75.0	biphasic	8.0	50.0	1.0	10.0	-25.0	16r	16.0	0.0	monopolar		[842.8 128.8 330.3]	[0 0 0]
8006.354070053561	2.0	trials	1.0	2.0	75.0	biphasic	8.0	50.0	1.0	10.0	-25.0	16r	16.0	0.0	monopolar		[842.8 128.8 330.3]	[0 0 0]
8008.354077077812	2.0	trials	1.0	2.0	75.0	biphasic	8.0	50.0	1.0	10.0	-25.0	16r	16.0	0.0	monopolar		[842.8 128.8 330.3]	[0 0 0]
8010.354084102062	2.0	trials	1.0	2.0	75.0	biphasic	8.0	50.0	1.0	10.0	-25.0	16r	16.0	0.0	monopolar		[842.8 128.8 330.3]	[0 0 0]
8012.35440018256	2.0	trials	1.0	2.0	75.0	biphasic	8.0	50.0	1.0	10.0	-25.0	16r	16.0	0.0	monopolar		[842.8 128.8 330.3]	[0 0 0]
8014.354683223103	2.0	trials	1.0	2.0	75.0	biphasic	8.0	50.0	1.0	10.0	-25.0	16r	16.0	0.0	monopolar		[842.8 128.8 330.3]	[0 0 0]
8016.354381191068	2.0	trials	1.0	2.0	75.0	biphasic	8.0	50.0	1.0	10.0	-25.0	16r	16.0	0.0	monopolar		[842.8 128.8 330.3]	[0 0 0]
8018.354388345397	2.0	trials	1.0	2.0	75.0	biphasic	8.0	50.0	1.0	10.0	-25.0	16r	16.0	0.0	monopolar		[842.8 128.8 330.3]	[0 0 0]
8020.354705076329	2.0	trials	1.0	2.0	75.0	biphasic	8.0	50.0	1.0	10.0	-25.0	16r	16.0	0.0	monopolar		[842.8 128.8 330.3]	[0 0 0]
8022.354712360738	2.0	trials	1.0	2.0	75.0	biphasic	8.0	50.0	1.0	10.0	-25.0	16r	16.0	0.0	monopolar		[842.8 128.8 330.3]	[0 0 0]
8024.354409808386	2.0	trials	1.0	2.0	75.0	biphasic	8.0	50.0	1.0	10.0	-25.0	16r	16.0	0.0	monopolar		[842.8 128.8 330.3]	[0 0 0]
8026.354416962716	2.0	trials	1.0	2.0	75.0	biphasic	8.0	50.0	1.0	10.0	-25.0	16r	16.0	0.0	monopolar		[842.8 128.8 330.3]	[0 0 0]
8028.354734213965	2.0	trials	1.0	2.0	75.0	biphasic	8.0	50.0	1.0	10.0	-25.0	16r	16.0	0.0	monopolar		[842.8 128.8 330.3]	[0 0 0]
8054.633539100455	2.0	trials	1.0	2.0	75.0	biphasic	9.0	50.0	1.0	10.0	-50.0	16r	16.0	0.0	monopolar		[842.8 128.8 330.3]	[0 0 0]
8056.63323431865	2.0	trials	1.0	2.0	75.0	biphasic	9.0	50.0	1.0	10.0	-50.0	16r	16.0	0.0	monopolar		[842.8 128.8 330.3]	[0 0 0]
8058.633520108962	2.0	trials	1.0	2.0	75.0	biphasic	9.0	50.0	1.0	10.0	-50.0	16r	16.0	0.0	monopolar		[842.8 128.8 330.3]	[0 0 0]
8060.633527263291	2.0	trials	1.0	2.0	75.0	biphasic	9.0	50.0	1.0	10.0	-50.0	16r	16.0	0.0	monopolar		[842.8 128.8 330.3]	[0 0 0]
8062.633222091251	2.0	trials	1.0	2.0	75.0	biphasic	9.0	50.0	1.0	10.0	-50.0	16r	16.0	0.0	monopolar		[842.8 128.8 330.3]	[0 0 0]
8064.633229115501	2.0	trials	1.0	2.0	75.0	biphasic	9.0	50.0	1.0	10.0	-50.0	16r	16.0	0.0	monopolar		[842.8 128.8 330.3]	[0 0 0]
8066.633236139752	2.0	trials	1.0	2.0	75.0	biphasic	9.0	50.0	1.0	10.0	-50.0	16r	16.0	0.0	monopolar		[842.8 128.8 330.3]	[0 0 0]
8068.63355588061	2.0	trials	1.0	2.0	75.0	biphasic	9.0	50.0	1.0	10.0	-50.0	16r	16.0	0.0	monopolar		[842.8 128.8 330.3]	[0 0 0]
8070.6335630349395	2.0	trials	1.0	2.0	75.0	biphasic	9.0	50.0	1.0	10.0	-50.0	16r	16.0	0.0	monopolar		[842.8 128.8 330.3]	[0 0 0]
8072.633570189269	2.0	trials	1.0	2.0	75.0	biphasic	9.0	50.0	1.0	10.0	-50.0	16r	16.0	0.0	monopolar		[842.8 128.8 330.3]	[0 0 0]
8074.633577343599	2.0	trials	1.0	2.0	75.0	biphasic	9.0	50.0	1.0	10.0	-50.0	16r	16.0	0.0	monopolar		[842.8 128.8 330.3]	[0 0 0]
8076.633897734894	2.0	trials	1.0	2.0	75.0	biphasic	9.0	50.0	1.0	10.0	-50.0	16r	16.0	0.0	monopolar		[842.8 128.8 330.3]	[0 0 0]
8078.633905019303	2.0	trials	1.0	2.0	75.0	biphasic	9.0	50.0	1.0	10.0	-50.0	16r	16.0	0.0	monopolar		[842.8 128.8 330.3]	[0 0 0]
8080.6335988065875	2.0	trials	1.0	2.0	75.0	biphasic	9.0	50.0	1.0	10.0	-50.0	16r	16.0	0.0	monopolar		[842.8 128.8 330.3]	[0 0 0]
8082.633572660765	2.0	trials	1.0	2.0	75.0	biphasic	9.0	50.0	1.0	10.0	-50.0	16r	16.0	0.0	monopolar		[842.8 128.8 330.3]	[0 0 0]
8084.6332660578555	2.0	trials	1.0	2.0	75.0	biphasic	9.0	50.0	1.0	10.0	-50.0	16r	16.0	0.0	monopolar		[842.8 128.8 330.3]	[0 0 0]
8086.633900856784	2.0	trials	1.0	2.0	75.0	biphasic	9.0	50.0	1.0	10.0	-50.0	16r	16.0	0.0	monopolar		[842.8 128.8 330.3]	[0 0 0]
8088.633594123754	2.0	trials	1.0	2.0	75.0	biphasic	9.0	50.0	1.0	10.0	-50.0	16r	16.0	0.0	monopolar		[842.8 128.8 330.3]	[0 0 0]
8090.633601278084	2.0	trials	1.0	2.0	75.0	biphasic	9.0	50.0	1.0	10.0	-50.0	16r	16.0	0.0	monopolar		[842.8 128.8 330.3]	[0 0 0]
8092.633294154857	2.0	trials	1.0	2.0	75.0	biphasic	9.0	50.0	1.0	10.0	-50.0	16r	16.0	0.0	monopolar		[842.8 128.8 330.3]	[0 0 0]
8094.633929994418	2.0	trials	1.0	2.0	75.0	biphasic	9.0	50.0	1.0	10.0	-50.0	16r	16.0	0.0	monopolar		[842.8 128.8 330.3]	[0 0 0]
8096.633622741073	2.0	trials	1.0	2.0	75.0	biphasic	9.0	50.0	1.0	10.0	-50.0	16r	16.0	0.0	monopolar		[842.8 128.8 330.3]	[0 0 0]
8098.633629895402	2.0	trials	1.0	2.0	75.0	biphasic	9.0	50.0	1.0	10.0	-50.0	16r	16.0	0.0	monopolar		[842.8 128.8 330.3]	[0 0 0]
8100.63332225186	2.0	trials	1.0	2.0	75.0	biphasic	9.0	50.0	1.0	10.0	-50.0	16r	16.0	0.0	monopolar		[842.8 128.8 330.3]	[0 0 0]
8102.63332927611	2.0	trials	1.0	2.0	75.0	biphasic	9.0	50.0	1.0	10.0	-50.0	16r	16.0	0.0	monopolar		[842.8 128.8 330.3]	[0 0 0]
8104.633651358391	2.0	trials	1.0	2.0	75.0	biphasic	9.0	50.0	1.0	10.0	-50.0	16r	16.0	0.0	monopolar		[842.8 128.8 330.3]	[0 0 0]
8106.633625212568	2.0	trials	1.0	2.0	75.0	biphasic	9.0	50.0	1.0	10.0	-50.0	16r	16.0	0.0	monopolar		[842.8 128.8 330.3]	[0 0 0]
8108.633947685126	2.0	trials	1.0	2.0	75.0	biphasic	9.0	50.0	1.0	10.0	-50.0	16r	16.0	0.0	monopolar		[842.8 128.8 330.3]	[0 0 0]
8110.633639521227	2.0	trials	1.0	2.0	75.0	biphasic	9.0	50.0	1.0	10.0	-50.0	16r	16.0	0.0	monopolar		[842.8 128.8 330.3]	[0 0 0]
8112.634277832371	2.0	trials	1.0	2.0	75.0	biphasic	9.0	50.0	1.0	10.0	-50.0	16r	16.0	0.0	monopolar		[842.8 128.8 330.3]	[0 0 0]
8114.633969538352	2.0	trials	1.0	2.0	75.0	biphasic	9.0	50.0	1.0	10.0	-50.0	16r	16.0	0.0	monopolar		[842.8 128.8 330.3]	[0 0 0]
8116.633976822761	2.0	trials	1.0	2.0	75.0	biphasic	9.0	50.0	1.0	10.0	-50.0	16r	16.0	0.0	monopolar		[842.8 128.8 330.3]	[0 0 0]
8118.6336681385455	2.0	trials	1.0	2.0	75.0	biphasic	9.0	50.0	1.0	10.0	-50.0	16r	16.0	0.0	monopolar		[842.8 128.8 330.3]	[0 0 0]
8120.633991391579	2.0	trials	1.0	2.0	75.0	biphasic	9.0	50.0	1.0	10.0	-50.0	16r	16.0	0.0	monopolar		[842.8 128.8 330.3]	[0 0 0]
8122.633998675988	2.0	trials	1.0	2.0	75.0	biphasic	9.0	50.0	1.0	10.0	-50.0	16r	16.0	0.0	monopolar		[842.8 128.8 330.3]	[0 0 0]
8124.634005960396	2.0	trials	1.0	2.0	75.0	biphasic	9.0	50.0	1.0	10.0	-50.0	16r	16.0	0.0	monopolar		[842.8 128.8 330.3]	[0 0 0]
8126.633696755865	2.0	trials	1.0	2.0	75.0	biphasic	9.0	50.0	1.0	10.0	-50.0	16r	16.0	0.0	monopolar		[842.8 128.8 330.3]	[0 0 0]
8128.633703910194	2.0	trials	1.0	2.0	75.0	biphasic	9.0	50.0	1.0	10.0	-50.0	16r	16.0	0.0	monopolar		[842.8 128.8 330.3]	[0 0 0]
8130.633994513469	2.0	trials	1.0	2.0	75.0	biphasic	9.0	50.0	1.0	10.0	-50.0	16r	16.0	0.0	monopolar		[842.8 128.8 330.3]	[0 0 0]
8132.633684918701	2.0	trials	1.0	2.0	75.0	biphasic	9.0	50.0	1.0	10.0	-50.0	16r	16.0	0.0	monopolar		[842.8 128.8 330.3]	[0 0 0]
8134.63369207303	2.0	trials	1.0	2.0	75.0	biphasic	9.0	50.0	1.0	10.0	-50.0	16r	16.0	0.0	monopolar		[842.8 128.8 330.3]	[0 0 0]
8136.634016366695	2.0	trials	1.0	2.0	75.0	biphasic	9.0	50.0	1.0	10.0	-50.0	16r	16.0	0.0	monopolar		[842.8 128.8 330.3]	[0 0 0]
8138.634023651103	2.0	trials	1.0	2.0	75.0	biphasic	9.0	50.0	1.0	10.0	-50.0	16r	16.0	0.0	monopolar		[842.8 128.8 330.3]	[0 0 0]
8140.633713536019	2.0	trials	1.0	2.0	75.0	biphasic	9.0	50.0	1.0	10.0	-50.0	16r	16.0	0.0	monopolar		[842.8 128.8 330.3]	[0 0 0]
8142.633720690349	2.0	trials	1.0	2.0	75.0	biphasic	9.0	50.0	1.0	10.0	-50.0	16r	16.0	0.0	monopolar		[842.8 128.8 330.3]	[0 0 0]
8144.633410185069	2.0	trials	1.0	2.0	75.0	biphasic	9.0	50.0	1.0	10.0	-50.0	16r	16.0	0.0	monopolar		[842.8 128.8 330.3]	[0 0 0]
8146.634052788739	2.0	trials	1.0	2.0	75.0	biphasic	9.0	50.0	1.0	10.0	-50.0	16r	16.0	0.0	monopolar		[842.8 128.8 330.3]	[0 0 0]
8148.633742153338	2.0	trials	1.0	2.0	75.0	biphasic	9.0	50.0	1.0	10.0	-50.0	16r	16.0	0.0	monopolar		[842.8 128.8 330.3]	[0 0 0]
8150.633749307667	2.0	trials	1.0	2.0	75.0	biphasic	9.0	50.0	1.0	10.0	-50.0	16r	16.0	0.0	monopolar		[842.8 128.8 330.3]	[0 0 0]
8152.633756461997	2.0	trials	1.0	2.0	75.0	biphasic	9.0	50.0	1.0	10.0	-50.0	16r	16.0	0.0	monopolar		[842.8 128.8 330.3]	[0 0 0]
8154.63341200617	2.0	trials	1.0	2.0	75.0	biphasic	9.0	50.0	1.0	10.0	-50.0	16r	16.0	0.0	monopolar		[842.8 128.8 330.3]	[0 0 0]
8156.633737470504	2.0	trials	1.0	2.0	75.0	biphasic	9.0	50.0	1.0	10.0	-50.0	16r	16.0	0.0	monopolar		[842.8 128.8 330.3]	[0 0 0]
8158.6337446248335	2.0	trials	1.0	2.0	75.0	biphasic	9.0	50.0	1.0	10.0	-50.0	16r	16.0	0.0	monopolar		[842.8 128.8 330.3]	[0 0 0]
8160.633433078922	2.0	trials	1.0	2.0	75.0	biphasic	9.0	50.0	1.0	10.0	-50.0	16r	16.0	0.0	monopolar		[842.8 128.8 330.3]	[0 0 0]
8162.633758933493	2.0	trials	1.0	2.0	75.0	biphasic	9.0	50.0	1.0	10.0	-50.0	16r	16.0	0.0	monopolar		[842.8 128.8 330.3]	[0 0 0]
8164.634404008746	2.0	trials	1.0	2.0	75.0	biphasic	9.0	50.0	1.0	10.0	-50.0	16r	16.0	0.0	monopolar		[842.8 128.8 330.3]	[0 0 0]
8166.6340923326725	2.0	trials	1.0	2.0	75.0	biphasic	9.0	50.0	1.0	10.0	-50.0	16r	16.0	0.0	monopolar		[842.8 128.8 330.3]	[0 0 0]
8168.634099617081	2.0	trials	1.0	2.0	75.0	biphasic	9.0	50.0	1.0	10.0	-50.0	16r	16.0	0.0	monopolar		[842.8 128.8 330.3]	[0 0 0]
8170.633787550812	2.0	trials	1.0	2.0	75.0	biphasic	9.0	50.0	1.0	10.0	-50.0	16r	16.0	0.0	monopolar		[842.8 128.8 330.3]	[0 0 0]
8172.633794705141	2.0	trials	1.0	2.0	75.0	biphasic	9.0	50.0	1.0	10.0	-50.0	16r	16.0	0.0	monopolar		[842.8 128.8 330.3]	[0 0 0]
8174.634121470308	2.0	trials	1.0	2.0	75.0	biphasic	9.0	50.0	1.0	10.0	-50.0	16r	16.0	0.0	monopolar		[842.8 128.8 330.3]	[0 0 0]
8176.634128754717	2.0	trials	1.0	2.0	75.0	biphasic	9.0	50.0	1.0	10.0	-50.0	16r	16.0	0.0	monopolar		[842.8 128.8 330.3]	[0 0 0]
8178.633782867977	2.0	trials	1.0	2.0	75.0	biphasic	9.0	50.0	1.0	10.0	-50.0	16r	16.0	0.0	monopolar		[842.8 128.8 330.3]	[0 0 0]
8180.633790022307	2.0	trials	1.0	2.0	75.0	biphasic	9.0	50.0	1.0	10.0	-50.0	16r	16.0	0.0	monopolar		[842.8 128.8 330.3]	[0 0 0]
8182.634117307788	2.0	trials	1.0	2.0	75.0	biphasic	9.0	50.0	1.0	10.0	-50.0	16r	16.0	0.0	monopolar		[842.8 128.8 330.3]	[0 0 0]
8184.634124592197	2.0	trials	1.0	2.0	75.0	biphasic	9.0	50.0	1.0	10.0	-50.0	16r	16.0	0.0	monopolar		[842.8 128.8 330.3]	[0 0 0]
8186.633811485296	2.0	trials	1.0	2.0	75.0	biphasic	9.0	50.0	1.0	10.0	-50.0	16r	16.0	0.0	monopolar		[842.8 128.8 330.3]	[0 0 0]
8188.633818639625	2.0	trials	1.0	2.0	75.0	biphasic	9.0	50.0	1.0	10.0	-50.0	16r	16.0	0.0	monopolar		[842.8 128.8 330.3]	[0 0 0]
8190.6335051425285	2.0	trials	1.0	2.0	75.0	biphasic	9.0	50.0	1.0	10.0	-50.0	16r	16.0	0.0	monopolar		[842.8 128.8 330.3]	[0 0 0]
8192.633832948286	2.0	trials	1.0	2.0	75.0	biphasic	9.0	50.0	1.0	10.0	-50.0	16r	16.0	0.0	monopolar		[842.8 128.8 330.3]	[0 0 0]
8194.633840102615	2.0	trials	1.0	2.0	75.0	biphasic	9.0	50.0	1.0	10.0	-50.0	16r	16.0	0.0	monopolar		[842.8 128.8 330.3]	[0 0 0]
8196.633847256944	2.0	trials	1.0	2.0	75.0	biphasic	9.0	50.0	1.0	10.0	-50.0	16r	16.0	0.0	monopolar		[842.8 128.8 330.3]	[0 0 0]
8198.63353323953	2.0	trials	1.0	2.0	75.0	biphasic	9.0	50.0	1.0	10.0	-50.0	16r	16.0	0.0	monopolar		[842.8 128.8 330.3]	[0 0 0]
8200.633861565602	2.0	trials	1.0	2.0	75.0	biphasic	9.0	50.0	1.0	10.0	-50.0	16r	16.0	0.0	monopolar		[842.8 128.8 330.3]	[0 0 0]
8202.63383541978	2.0	trials	1.0	2.0	75.0	biphasic	9.0	50.0	1.0	10.0	-50.0	16r	16.0	0.0	monopolar		[842.8 128.8 330.3]	[0 0 0]
8287.132306181824	2.0	trials	1.0	2.0	75.0	biphasic	10.0	200.0	1.0	10.0	-50.0	16r	16.0	0.0	monopolar		[842.8 128.8 330.3]	[0 0 0]
8289.132313336153	2.0	trials	1.0	2.0	75.0	biphasic	10.0	200.0	1.0	10.0	-50.0	16r	16.0	0.0	monopolar		[842.8 128.8 330.3]	[0 0 0]
8291.131960002549	2.0	trials	1.0	2.0	75.0	biphasic	10.0	200.0	1.0	10.0	-50.0	16r	16.0	0.0	monopolar		[842.8 128.8 330.3]	[0 0 0]
8293.132621662564	2.0	trials	1.0	2.0	75.0	biphasic	10.0	200.0	1.0	10.0	-50.0	16r	16.0	0.0	monopolar		[842.8 128.8 330.3]	[0 0 0]
8295.13230149899	2.0	trials	1.0	2.0	75.0	biphasic	10.0	200.0	1.0	10.0	-50.0	16r	16.0	0.0	monopolar		[842.8 128.8 330.3]	[0 0 0]
8297.13230865332	2.0	trials	1.0	2.0	75.0	biphasic	10.0	200.0	1.0	10.0	-50.0	16r	16.0	0.0	monopolar		[842.8 128.8 330.3]	[0 0 0]
8299.13198809955	2.0	trials	1.0	2.0	75.0	biphasic	10.0	200.0	1.0	10.0	-50.0	16r	16.0	0.0	monopolar		[842.8 128.8 330.3]	[0 0 0]
8301.132650800198	2.0	trials	1.0	2.0	75.0	biphasic	10.0	200.0	1.0	10.0	-50.0	16r	16.0	0.0	monopolar		[842.8 128.8 330.3]	[0 0 0]
8303.132330116308	2.0	trials	1.0	2.0	75.0	biphasic	10.0	200.0	1.0	10.0	-50.0	16r	16.0	0.0	monopolar		[842.8 128.8 330.3]	[0 0 0]
8305.13233727064	2.0	trials	1.0	2.0	75.0	biphasic	10.0	200.0	1.0	10.0	-50.0	16r	16.0	0.0	monopolar		[842.8 128.8 330.3]	[0 0 0]
8307.132016196552	2.0	trials	1.0	2.0	75.0	biphasic	10.0	200.0	1.0	10.0	-50.0	16r	16.0	0.0	monopolar		[842.8 128.8 330.3]	[0 0 0]
8309.132351579297	2.0	trials	1.0	2.0	75.0	biphasic	10.0	200.0	1.0	10.0	-50.0	16r	16.0	0.0	monopolar		[842.8 128.8 330.3]	[0 0 0]
8311.132030245053	2.0	trials	1.0	2.0	75.0	biphasic	10.0	200.0	1.0	10.0	-50.0	16r	16.0	0.0	monopolar		[842.8 128.8 330.3]	[0 0 0]
8313.132694506652	2.0	trials	1.0	2.0	75.0	biphasic	10.0	200.0	1.0	10.0	-50.0	16r	16.0	0.0	monopolar		[842.8 128.8 330.3]	[0 0 0]
8315.132668490907	2.0	trials	1.0	2.0	75.0	biphasic	10.0	200.0	1.0	10.0	-50.0	16r	16.0	0.0	monopolar		[842.8 128.8 330.3]	[0 0 0]
8317.132346896462	2.0	trials	1.0	2.0	75.0	biphasic	10.0	200.0	1.0	10.0	-50.0	16r	16.0	0.0	monopolar		[842.8 128.8 330.3]	[0 0 0]
8319.132683059725	2.0	trials	1.0	2.0	75.0	biphasic	10.0	200.0	1.0	10.0	-50.0	16r	16.0	0.0	monopolar		[842.8 128.8 330.3]	[0 0 0]
8321.132690344133	2.0	trials	1.0	2.0	75.0	biphasic	10.0	200.0	1.0	10.0	-50.0	16r	16.0	0.0	monopolar		[842.8 128.8 330.3]	[0 0 0]
8323.132697628542	2.0	trials	1.0	2.0	75.0	biphasic	10.0	200.0	1.0	10.0	-50.0	16r	16.0	0.0	monopolar		[842.8 128.8 330.3]	[0 0 0]
8325.132375513782	2.0	trials	1.0	2.0	75.0	biphasic	10.0	200.0	1.0	10.0	-50.0	16r	16.0	0.0	monopolar		[842.8 128.8 330.3]	[0 0 0]
8327.132712197359	2.0	trials	1.0	2.0	75.0	biphasic	10.0	200.0	1.0	10.0	-50.0	16r	16.0	0.0	monopolar		[842.8 128.8 330.3]	[0 0 0]
8329.132719481768	2.0	trials	1.0	2.0	75.0	biphasic	10.0	200.0	1.0	10.0	-50.0	16r	16.0	0.0	monopolar		[842.8 128.8 330.3]	[0 0 0]
8331.13239697677	2.0	trials	1.0	2.0	75.0	biphasic	10.0	200.0	1.0	10.0	-50.0	16r	16.0	0.0	monopolar		[842.8 128.8 330.3]	[0 0 0]
8333.1324041311	2.0	trials	1.0	2.0	75.0	biphasic	10.0	200.0	1.0	10.0	-50.0	16r	16.0	0.0	monopolar		[842.8 128.8 330.3]	[0 0 0]
8335.13241128543	2.0	trials	1.0	2.0	75.0	biphasic	10.0	200.0	1.0	10.0	-50.0	16r	16.0	0.0	monopolar		[842.8 128.8 330.3]	[0 0 0]
8337.132748619402	2.0	trials	1.0	2.0	75.0	biphasic	10.0	200.0	1.0	10.0	-50.0	16r	16.0	0.0	monopolar		[842.8 128.8 330.3]	[0 0 0]
8339.132392293937	2.0	trials	1.0	2.0	75.0	biphasic	10.0	200.0	1.0	10.0	-50.0	16r	16.0	0.0	monopolar		[842.8 128.8 330.3]	[0 0 0]
8341.132729888066	2.0	trials	1.0	2.0	75.0	biphasic	10.0	200.0	1.0	10.0	-50.0	16r	16.0	0.0	monopolar		[842.8 128.8 330.3]	[0 0 0]
8343.132406602595	2.0	trials	1.0	2.0	75.0	biphasic	10.0	200.0	1.0	10.0	-50.0	16r	16.0	0.0	monopolar		[842.8 128.8 330.3]	[0 0 0]
8345.132744456885	2.0	trials	1.0	2.0	75.0	biphasic	10.0	200.0	1.0	10.0	-50.0	16r	16.0	0.0	monopolar		[842.8 128.8 330.3]	[0 0 0]
8347.132420911255	2.0	trials	1.0	2.0	75.0	biphasic	10.0	200.0	1.0	10.0	-50.0	16r	16.0	0.0	monopolar		[842.8 128.8 330.3]	[0 0 0]
8349.132428065584	2.0	trials	1.0	2.0	75.0	biphasic	10.0	200.0	1.0	10.0	-50.0	16r	16.0	0.0	monopolar		[842.8 128.8 330.3]	[0 0 0]
8351.132104129762	2.0	trials	1.0	2.0	75.0	biphasic	10.0	200.0	1.0	10.0	-50.0	16r	16.0	0.0	monopolar		[842.8 128.8 330.3]	[0 0 0]
8353.132111154013	2.0	trials	1.0	2.0	75.0	biphasic	10.0	200.0	1.0	10.0	-50.0	16r	16.0	0.0	monopolar		[842.8 128.8 330.3]	[0 0 0]
8355.132449528573	2.0	trials	1.0	2.0	75.0	biphasic	10.0	200.0	1.0	10.0	-50.0	16r	16.0	0.0	monopolar		[842.8 128.8 330.3]	[0 0 0]
8357.132456682903	2.0	trials	1.0	2.0	75.0	biphasic	10.0	200.0	1.0	10.0	-50.0	16r	16.0	0.0	monopolar		[842.8 128.8 330.3]	[0 0 0]
8359.132132226763	2.0	trials	1.0	2.0	75.0	biphasic	10.0	200.0	1.0	10.0	-50.0	16r	16.0	0.0	monopolar		[842.8 128.8 330.3]	[0 0 0]
8361.132139251014	2.0	trials	1.0	2.0	75.0	biphasic	10.0	200.0	1.0	10.0	-50.0	16r	16.0	0.0	monopolar		[842.8 128.8 330.3]	[0 0 0]
8363.13244484574	2.0	trials	1.0	2.0	75.0	biphasic	10.0	200.0	1.0	10.0	-50.0	16r	16.0	0.0	monopolar		[842.8 128.8 330.3]	[0 0 0]
8365.132452000069	2.0	trials	1.0	2.0	75.0	biphasic	10.0	200.0	1.0	10.0	-50.0	16r	16.0	0.0	monopolar		[842.8 128.8 330.3]	[0 0 0]
8367.132791285227	2.0	trials	1.0	2.0	75.0	biphasic	10.0	200.0	1.0	10.0	-50.0	16r	16.0	0.0	monopolar		[842.8 128.8 330.3]	[0 0 0]
8369.132466308729	2.0	trials	1.0	2.0	75.0	biphasic	10.0	200.0	1.0	10.0	-50.0	16r	16.0	0.0	monopolar		[842.8 128.8 330.3]	[0 0 0]
8371.132473463058	2.0	trials	1.0	2.0	75.0	biphasic	10.0	200.0	1.0	10.0	-50.0	16r	16.0	0.0	monopolar		[842.8 128.8 330.3]	[0 0 0]
8373.132813138453	2.0	trials	1.0	2.0	75.0	biphasic	10.0	200.0	1.0	10.0	-50.0	16r	16.0	0.0	monopolar		[842.8 128.8 330.3]	[0 0 0]
8375.132487771716	2.0	trials	1.0	2.0	75.0	biphasic	10.0	200.0	1.0	10.0	-50.0	16r	16.0	0.0	monopolar		[842.8 128.8 330.3]	[0 0 0]
8377.132494926047	2.0	trials	1.0	2.0	75.0	biphasic	10.0	200.0	1.0	10.0	-50.0	16r	16.0	0.0	monopolar		[842.8 128.8 330.3]	[0 0 0]
8379.132502080378	2.0	trials	1.0	2.0	75.0	biphasic	10.0	200.0	1.0	10.0	-50.0	16r	16.0	0.0	monopolar		[842.8 128.8 330.3]	[0 0 0]
8381.132842276089	2.0	trials	1.0	2.0	75.0	biphasic	10.0	200.0	1.0	10.0	-50.0	16r	16.0	0.0	monopolar		[842.8 128.8 330.3]	[0 0 0]
8383.132849560498	2.0	trials	1.0	2.0	75.0	biphasic	10.0	200.0	1.0	10.0	-50.0	16r	16.0	0.0	monopolar		[842.8 128.8 330.3]	[0 0 0]
8385.132490243213	2.0	trials	1.0	2.0	75.0	biphasic	10.0	200.0	1.0	10.0	-50.0	16r	16.0	0.0	monopolar		[842.8 128.8 330.3]	[0 0 0]
8387.132497397542	2.0	trials	1.0	2.0	75.0	biphasic	10.0	200.0	1.0	10.0	-50.0	16r	16.0	0.0	monopolar		[842.8 128.8 330.3]	[0 0 0]
8389.132838113568	2.0	trials	1.0	2.0	75.0	biphasic	10.0	200.0	1.0	10.0	-50.0	16r	16.0	0.0	monopolar		[842.8 128.8 330.3]	[0 0 0]
8391.132511706202	2.0	trials	1.0	2.0	75.0	biphasic	10.0	200.0	1.0	10.0	-50.0	16r	16.0	0.0	monopolar		[842.8 128.8 330.3]	[0 0 0]
8393.132518860531	2.0	trials	1.0	2.0	75.0	biphasic	10.0	200.0	1.0	10.0	-50.0	16r	16.0	0.0	monopolar		[842.8 128.8 330.3]	[0 0 0]
8395.132526014862	2.0	trials	1.0	2.0	75.0	biphasic	10.0	200.0	1.0	10.0	-50.0	16r	16.0	0.0	monopolar		[842.8 128.8 330.3]	[0 0 0]
8397.132867251203	2.0	trials	1.0	2.0	75.0	biphasic	10.0	200.0	1.0	10.0	-50.0	16r	16.0	0.0	monopolar		[842.8 128.8 330.3]	[0 0 0]
8399.13254032352	2.0	trials	1.0	2.0	75.0	biphasic	10.0	200.0	1.0	10.0	-50.0	16r	16.0	0.0	monopolar		[842.8 128.8 330.3]	[0 0 0]
8401.13254747785	2.0	trials	1.0	2.0	75.0	biphasic	10.0	200.0	1.0	10.0	-50.0	16r	16.0	0.0	monopolar		[842.8 128.8 330.3]	[0 0 0]
8403.13288910443	2.0	trials	1.0	2.0	75.0	biphasic	10.0	200.0	1.0	10.0	-50.0	16r	16.0	0.0	monopolar		[842.8 128.8 330.3]	[0 0 0]
8405.132896388839	2.0	trials	1.0	2.0	75.0	biphasic	10.0	200.0	1.0	10.0	-50.0	16r	16.0	0.0	monopolar		[842.8 128.8 330.3]	[0 0 0]
8407.1332384057	2.0	trials	1.0	2.0	75.0	biphasic	10.0	200.0	1.0	10.0	-50.0	16r	16.0	0.0	monopolar		[842.8 128.8 330.3]	[0 0 0]
8409.132877657503	2.0	trials	1.0	2.0	75.0	biphasic	10.0	200.0	1.0	10.0	-50.0	16r	16.0	0.0	monopolar		[842.8 128.8 330.3]	[0 0 0]
8411.132884941911	2.0	trials	1.0	2.0	75.0	biphasic	10.0	200.0	1.0	10.0	-50.0	16r	16.0	0.0	monopolar		[842.8 128.8 330.3]	[0 0 0]
8413.13289222632	2.0	trials	1.0	2.0	75.0	biphasic	10.0	200.0	1.0	10.0	-50.0	16r	16.0	0.0	monopolar		[842.8 128.8 330.3]	[0 0 0]
8415.133234763496	2.0	trials	1.0	2.0	75.0	biphasic	10.0	200.0	1.0	10.0	-50.0	16r	16.0	0.0	monopolar		[842.8 128.8 330.3]	[0 0 0]
8417.132906795137	2.0	trials	1.0	2.0	75.0	biphasic	10.0	200.0	1.0	10.0	-50.0	16r	16.0	0.0	monopolar		[842.8 128.8 330.3]	[0 0 0]
8419.132914079546	2.0	trials	1.0	2.0	75.0	biphasic	10.0	200.0	1.0	10.0	-50.0	16r	16.0	0.0	monopolar		[842.8 128.8 330.3]	[0 0 0]
8421.132585720994	2.0	trials	1.0	2.0	75.0	biphasic	10.0	200.0	1.0	10.0	-50.0	16r	16.0	0.0	monopolar		[842.8 128.8 330.3]	[0 0 0]
8423.132592875323	2.0	trials	1.0	2.0	75.0	biphasic	10.0	200.0	1.0	10.0	-50.0	16r	16.0	0.0	monopolar		[842.8 128.8 330.3]	[0 0 0]
8425.132935932772	2.0	trials	1.0	2.0	75.0	biphasic	10.0	200.0	1.0	10.0	-50.0	16r	16.0	0.0	monopolar		[842.8 128.8 330.3]	[0 0 0]
8427.132607183983	2.0	trials	1.0	2.0	75.0	biphasic	10.0	200.0	1.0	10.0	-50.0	16r	16.0	0.0	monopolar		[842.8 128.8 330.3]	[0 0 0]
8429.132614338312	2.0	trials	1.0	2.0	75.0	biphasic	10.0	200.0	1.0	10.0	-50.0	16r	16.0	0.0	monopolar		[842.8 128.8 330.3]	[0 0 0]
8431.132621492641	2.0	trials	1.0	2.0	75.0	biphasic	10.0	200.0	1.0	10.0	-50.0	16r	16.0	0.0	monopolar		[842.8 128.8 330.3]	[0 0 0]
8433.132931770255	2.0	trials	1.0	2.0	75.0	biphasic	10.0	200.0	1.0	10.0	-50.0	16r	16.0	0.0	monopolar		[842.8 128.8 330.3]	[0 0 0]
8435.132939054663	2.0	trials	1.0	2.0	75.0	biphasic	10.0	200.0	1.0	10.0	-50.0	16r	16.0	0.0	monopolar		[842.8 128.8 330.3]	[0 0 0]
